Source Well,Destination Plate Name,Destination Well,Transfer Volume
C3,1,B2,100
A19,1,B2,100
P16,1,B3,100
F16,1,B3,100
N24,1,B4,100
P11,1,B4,100
K3,1,B5,100
L11,1,B5,100
N3,1,B6,100
N15,1,B6,100
B7,1,B7,100
L19,1,B7,100
B4,1,B8,100
C19,1,B8,100
H20,1,B9,100
E14,1,B9,100
O17,1,B10,100
N13,1,B10,100
O17,1,B11,100
D13,1,B11,100
N14,1,B12,100
E24,1,B12,100
C15,1,B13,100
A6,1,B13,100
B24,1,B14,100
C15,1,B14,100
N23,1,B15,100
O17,1,B15,100
G17,1,B16,100
P13,1,B16,100
P23,1,B17,100
D1,1,B17,100
N10,1,B18,100
M14,1,B18,100
P1,1,B19,100
D6,1,B19,100
J18,1,B20,100
G5,1,B20,100
F16,1,B21,100
G8,1,B21,100
P1,1,B22,100
J2,1,B22,100
D7,1,B23,100
O18,1,B23,100
K8,1,C2,100
F13,1,C2,100
K8,1,C3,100
O18,1,C3,100
K17,1,C4,100
H20,1,C4,100
P1,1,C5,100
M14,1,C5,100
D11,1,C6,100
M14,1,C6,100
F19,1,C7,100
E14,1,C7,100
P13,1,C8,100
O18,1,C8,100
K15,1,C9,100
B12,1,C9,100
L23,1,C10,100
K2,1,C10,100
M14,1,C11,100
L11,1,C11,100
N3,1,C12,100
P16,1,C12,100
O18,1,C13,100
K2,1,C13,100
M23,1,C14,100
B15,1,C14,100
A6,1,C15,100
O10,1,C15,100
N19,1,C16,100
N23,1,C16,100
A6,1,C17,100
K2,1,C17,100
O18,1,C18,100
K2,1,C18,100
P8,1,C19,100
J2,1,C19,100
J18,1,C20,100
D1,1,C20,100
O10,1,C21,100
P14,1,C21,100
D6,1,C22,100
J2,1,C22,100
D11,1,C23,100
C14,1,C23,100
F13,1,D2,100
K2,1,D2,100
L23,1,D3,100
O10,1,D3,100
P8,1,D4,100
O17,1,D4,100
P13,1,D5,100
C12,1,D5,100
K6,1,D6,100
G8,1,D6,100
F17,1,D7,100
K2,1,D7,100
O24,1,D8,100
M14,1,D8,100
J24,1,D9,100
D1,1,D9,100
K6,1,D10,100
M15,1,D10,100
B7,1,D11,100
N15,1,D11,100
A5,1,D12,100
O7,1,D12,100
P16,1,D13,100
F7,1,D13,100
J24,1,D14,100
A11,1,D14,100
K17,1,D15,100
C20,1,D15,100
H20,1,D16,100
F16,1,D16,100
N24,1,D17,100
B24,1,D17,100
N10,1,D18,100
A6,1,D18,100
P1,1,D19,100
L6,1,D19,100
E14,1,D20,100
O10,1,D20,100
K15,1,D21,100
M23,1,D21,100
C19,1,D22,100
K8,1,D22,100
O5,1,D23,100
E14,1,D23,100
P1,1,E2,100
E14,1,E2,100
K11,1,E3,100
P17,1,E3,100
K10,1,E4,100
P16,1,E4,100
O7,1,E5,100
N13,1,E5,100
L23,1,E6,100
C15,1,E6,100
A6,1,E7,100
O10,1,E7,100
N15,1,E8,100
E14,1,E8,100
L24,1,E9,100
E24,1,E9,100
I19,1,E10,100
D20,1,E10,100
L6,1,E11,100
P11,1,E11,100
N23,1,E12,100
O17,1,E12,100
F19,1,E13,100
M12,1,E13,100
P11,1,E14,100
K2,1,E14,100
F17,1,E15,100
P16,1,E15,100
C11,1,E16,100
P17,1,E16,100
K11,1,E17,100
L11,1,E17,100
P13,1,E18,100
J2,1,E18,100
I19,1,E19,100
D3,1,E19,100
C8,1,E20,100
F19,1,E20,100
K15,1,E21,100
K17,1,E21,100
A19,1,E22,100
A11,1,E22,100
F17,1,E23,100
G5,1,E23,100
K11,1,F2,100
A11,1,F2,100
D1,1,F3,100
L19,1,F3,100
O24,1,F4,100
D7,1,F4,100
L6,1,F5,100
C14,1,F5,100
L6,1,F6,100
J22,1,F6,100
C3,1,F7,100
M15,1,F7,100
B12,1,F8,100
M14,1,F8,100
L23,1,F9,100
P23,1,F9,100
O5,1,F10,100
F16,1,F10,100
K11,1,F11,100
H20,1,F11,100
I19,1,F12,100
L19,1,F12,100
G5,1,F13,100
O18,1,F13,100
L6,1,F14,100
K17,1,F14,100
J18,1,F15,100
G8,1,F15,100
P16,1,F16,100
D3,1,F16,100
J18,1,F17,100
A6,1,F17,100
D6,1,F18,100
N10,1,F18,100
C15,1,F19,100
P17,1,F19,100
K11,1,F20,100
O7,1,F20,100
O7,1,F21,100
P23,1,F21,100
D7,1,F22,100
J5,1,F22,100
L23,1,F23,100
E3,1,F23,100
N19,1,G2,100
L6,1,G2,100
F17,1,G3,100
F19,1,G3,100
D20,1,G4,100
E3,1,G4,100
K11,1,G5,100
H20,1,G5,100
C8,1,G6,100
P17,1,G6,100
P11,1,G7,100
C19,1,G7,100
J18,1,G8,100
D13,1,G8,100
K10,1,G9,100
M12,1,G9,100
P1,1,G10,100
P17,1,G10,100
A6,1,G11,100
C14,1,G11,100
A5,1,G12,100
C14,1,G12,100
A20,1,G13,100
F19,1,G13,100
B24,1,G14,100
F13,1,G14,100
N3,1,G15,100
J2,1,G15,100
P1,1,G16,100
G8,1,G16,100
M23,1,G17,100
B15,1,G17,100
P13,1,G18,100
A20,1,G18,100
C11,1,G19,100
J22,1,G19,100
L23,1,G20,100
M15,1,G20,100
L6,1,G21,100
D13,1,G21,100
K11,1,G22,100
O18,1,G22,100
J24,1,G23,100
A5,1,G23,100
M12,1,H2,100
P16,1,H2,100
O17,1,H3,100
P14,1,H3,100
N24,1,H4,100
B15,1,H4,100
K10,1,H5,100
F2,1,H5,100
H20,1,H6,100
P20,1,H6,100
D6,1,H7,100
L6,1,H7,100
P8,1,H8,100
H20,1,H8,100
C12,1,H9,100
O18,1,H9,100
O17,1,H10,100
K17,1,H10,100
P20,1,H11,100
O10,1,H11,100
J24,1,H12,100
K3,1,H12,100
P11,1,H13,100
L19,1,H13,100
P8,1,H14,100
P20,1,H14,100
N24,1,H15,100
C19,1,H15,100
F2,1,H16,100
A11,1,H16,100
C3,1,H17,100
D15,1,H17,100
N24,1,H18,100
C15,1,H18,100
D1,1,H19,100
A19,1,H19,100
G5,1,H20,100
M14,1,H20,100
J24,1,H21,100
F7,1,H21,100
B24,1,H22,100
M12,1,H22,100
M23,1,H23,100
E3,1,H23,100
L23,1,I2,100
N3,1,I2,100
H20,1,I3,100
F7,1,I3,100
P1,1,I4,100
K10,1,I4,100
M12,1,I5,100
N13,1,I5,100
P8,1,I6,100
B12,1,I6,100
O5,1,I7,100
C11,1,I7,100
P23,1,I8,100
P16,1,I8,100
D1,1,I9,100
A20,1,I9,100
F16,1,I10,100
J22,1,I10,100
F19,1,I11,100
P17,1,I11,100
N23,1,I12,100
C11,1,I12,100
P8,1,I13,100
B15,1,I13,100
K17,1,I14,100
F19,1,I14,100
A20,1,I15,100
C15,1,I15,100
D1,1,I16,100
F7,1,I16,100
E24,1,I17,100
F16,1,I17,100
N24,1,I18,100
N15,1,I18,100
K6,1,I19,100
K8,1,I19,100
B7,1,I20,100
N10,1,I20,100
K6,1,I21,100
B15,1,I21,100
P13,1,I22,100
D7,1,I22,100
N21,1,I23,100
J2,1,I23,100
D7,1,J2,100
A6,1,J2,100
E3,1,J3,100
B15,1,J3,100
P23,1,J4,100
C15,1,J4,100
F17,1,J5,100
N3,1,J5,100
I19,1,J6,100
B7,1,J6,100
M12,1,J7,100
L24,1,J7,100
K15,1,J8,100
D11,1,J8,100
N15,1,J9,100
F16,1,J9,100
P23,1,J10,100
O21,1,J10,100
O7,1,J11,100
C19,1,J11,100
I19,1,J12,100
C3,1,J12,100
P8,1,J13,100
F7,1,J13,100
L23,1,J14,100
K8,1,J14,100
K10,1,J15,100
O10,1,J15,100
N21,1,J16,100
C11,1,J16,100
B24,1,J17,100
F17,1,J17,100
K10,1,J18,100
D7,1,J18,100
O7,1,J19,100
N10,1,J19,100
A5,1,J20,100
I19,1,J20,100
N10,1,J21,100
C19,1,J21,100
I19,1,J22,100
N14,1,J22,100
P13,1,J23,100
C19,1,J23,100
B12,1,K2,100
A11,1,K2,100
D7,1,K3,100
O10,1,K3,100
O24,1,K4,100
C11,1,K4,100
N19,1,K5,100
L23,1,K5,100
N3,1,K6,100
N14,1,K6,100
F17,1,K7,100
D15,1,K7,100
K15,1,K8,100
J24,1,K8,100
O24,1,K9,100
O21,1,K9,100
J24,1,K10,100
N19,1,K10,100
L23,1,K11,100
N10,1,K11,100
K6,1,K12,100
P11,1,K12,100
B15,1,K13,100
N10,1,K13,100
F17,1,K14,100
O21,1,K14,100
N15,1,K15,100
D3,1,K15,100
J24,1,K16,100
P16,1,K16,100
P1,1,K17,100
L19,1,K17,100
J18,1,K18,100
A19,1,K18,100
C3,1,K19,100
F13,1,K19,100
N24,1,K20,100
D6,1,K20,100
I19,1,K21,100
F19,1,K21,100
L6,1,K22,100
D11,1,K22,100
K11,1,K23,100
K6,1,K23,100
M15,1,L2,100
N13,1,L2,100
K6,1,L3,100
H20,1,L3,100
N15,1,L4,100
F7,1,L4,100
D7,1,L5,100
C20,1,L5,100
G5,1,L6,100
E24,1,L6,100
C20,1,L7,100
P14,1,L7,100
K11,1,L8,100
L24,1,L8,100
A5,1,L9,100
J2,1,L9,100
O18,1,L10,100
N13,1,L10,100
J24,1,L11,100
G17,1,L11,100
C8,1,L12,100
P11,1,L12,100
A19,1,L13,100
M12,1,L13,100
N23,1,L14,100
P11,1,L14,100
N23,1,L15,100
M15,1,L15,100
A20,1,L16,100
J5,1,L16,100
O17,1,L17,100
P11,1,L17,100
C11,1,L18,100
L24,1,L18,100
C3,1,L19,100
A20,1,L19,100
F13,1,L20,100
N13,1,L20,100
L6,1,L21,100
P16,1,L21,100
N19,1,L22,100
L6,1,L22,100
O17,1,L23,100
N14,1,L23,100
L6,1,M2,100
A19,1,M2,100
J24,1,M3,100
A19,1,M3,100
K17,1,M4,100
A19,1,M4,100
M23,1,M5,100
C3,1,M5,100
O24,1,M6,100
E14,1,M6,100
M23,1,M7,100
G5,1,M7,100
O24,1,M8,100
O17,1,M8,100
B7,1,M9,100
L23,1,M9,100
K17,1,M10,100
D3,1,M10,100
F7,1,M11,100
J5,1,M11,100
N24,1,M12,100
M23,1,M12,100
M15,1,M13,100
D15,1,M13,100
G17,1,M14,100
N15,1,M14,100
N19,1,M15,100
A6,1,M15,100
N24,1,M16,100
P13,1,M16,100
K10,1,M17,100
D6,1,M17,100
A5,1,M18,100
D7,1,M18,100
P13,1,M19,100
F7,1,M19,100
A6,1,M20,100
L11,1,M20,100
L23,1,M21,100
L19,1,M21,100
J5,1,M22,100
N13,1,M22,100
A5,1,M23,100
K3,1,M23,100
M12,1,N2,100
M14,1,N2,100
N23,1,N3,100
F17,1,N3,100
K15,1,N4,100
L19,1,N4,100
M23,1,N5,100
D7,1,N5,100
B12,1,N6,100
F7,1,N6,100
C3,1,N7,100
E3,1,N7,100
O10,1,N8,100
A11,1,N8,100
P11,1,N9,100
P20,1,N9,100
P16,1,N10,100
E14,1,N10,100
K17,1,N11,100
E24,1,N11,100
B24,1,N12,100
L19,1,N12,100
A5,1,N13,100
O18,1,N13,100
M15,1,N14,100
N15,1,N14,100
E3,1,N15,100
L11,1,N15,100
K11,1,N16,100
J18,1,N16,100
N14,1,N17,100
F13,1,N17,100
F7,1,N18,100
F16,1,N18,100
O24,1,N19,100
O5,1,N19,100
F17,1,N20,100
N14,1,N20,100
O24,1,N21,100
A20,1,N21,100
I19,1,N22,100
B15,1,N22,100
C14,1,N23,100
O10,1,N23,100
L23,1,O2,100
D7,1,O2,100
O7,1,O3,100
N23,1,O3,100
M23,1,O4,100
F7,1,O4,100
G17,1,O5,100
H20,1,O5,100
N19,1,O6,100
J5,1,O6,100
D15,1,O7,100
G5,1,O7,100
O7,1,O8,100
N15,1,O8,100
G17,1,O9,100
G5,1,O9,100
A5,1,O10,100
G17,1,O10,100
P16,1,O11,100
D15,1,O11,100
P11,1,O12,100
P11,1,O12,100
D20,1,O13,100
D7,1,O13,100
P13,1,O14,100
K17,1,O14,100
B12,1,O15,100
A6,1,O15,100
D1,1,O16,100
F13,1,O16,100
J24,1,O17,100
L6,1,O17,100
O5,1,O18,100
P14,1,O18,100
D1,1,O19,100
K3,1,O19,100
L11,1,O20,100
O18,1,O20,100
D15,1,O21,100
N15,1,O21,100
L23,1,O22,100
M15,1,O22,100
K11,1,O23,100
P23,1,O23,100
N23,2,B2,100
C19,2,B2,100
L24,2,B3,100
J2,2,B3,100
N21,2,B4,100
J22,2,B4,100
F17,2,B5,100
K8,2,B5,100
N23,2,B6,100
N23,2,B6,100
E3,2,B7,100
A11,2,B7,100
C15,2,B8,100
C14,2,B8,100
C8,2,B9,100
E3,2,B9,100
C3,2,B10,100
F7,2,B10,100
F7,2,B11,100
D13,2,B11,100
K10,2,B12,100
F2,2,B12,100
L24,2,B13,100
K2,2,B13,100
J18,2,B14,100
O17,2,B14,100
C19,2,B15,100
D13,2,B15,100
I19,2,B16,100
N13,2,B16,100
J22,2,B17,100
J5,2,B17,100
C15,2,B18,100
N13,2,B18,100
B4,2,B19,100
N21,2,B19,100
B24,2,B20,100
F7,2,B20,100
K3,2,B21,100
K8,2,B21,100
B12,2,B22,100
E24,2,B22,100
O17,2,B23,100
B12,2,B23,100
K10,2,C2,100
P11,2,C2,100
L23,2,C3,100
P13,2,C3,100
P8,2,C4,100
N10,2,C4,100
B7,2,C5,100
P8,2,C5,100
N24,2,C6,100
C11,2,C6,100
C8,2,C7,100
P14,2,C7,100
E24,2,C8,100
K2,2,C8,100
B7,2,C9,100
O10,2,C9,100
K3,2,C10,100
P20,2,C10,100
N24,2,C11,100
A11,2,C11,100
P23,2,C12,100
G5,2,C12,100
A5,2,C13,100
N14,2,C13,100
J24,2,C14,100
P13,2,C14,100
F17,2,C15,100
K3,2,C15,100
D6,2,C16,100
K8,2,C16,100
I19,2,C17,100
C15,2,C17,100
N19,2,C18,100
O24,2,C18,100
P8,2,C19,100
C14,2,C19,100
J18,2,C20,100
F17,2,C20,100
N24,2,C21,100
P1,2,C21,100
B15,2,C22,100
C14,2,C22,100
I19,2,C23,100
P17,2,C23,100
P20,2,D2,100
P16,2,D2,100
M23,2,D3,100
P16,2,D3,100
D3,2,D4,100
G8,2,D4,100
F19,2,D5,100
A11,2,D5,100
J24,2,D6,100
K11,2,D6,100
N23,2,D7,100
A11,2,D7,100
N24,2,D8,100
M15,2,D8,100
P13,2,D9,100
L24,2,D9,100
K6,2,D10,100
D11,2,D10,100
J18,2,D11,100
G8,2,D11,100
A20,2,D12,100
A6,2,D12,100
P11,2,D13,100
G8,2,D13,100
P11,2,D14,100
F19,2,D14,100
N15,2,D15,100
N13,2,D15,100
O17,2,D16,100
K17,2,D16,100
L6,2,D17,100
N21,2,D17,100
P23,2,D18,100
J5,2,D18,100
B7,2,D19,100
L23,2,D19,100
K6,2,D20,100
L19,2,D20,100
O5,2,D21,100
K3,2,D21,100
G17,2,D22,100
C20,2,D22,100
C8,2,D23,100
E14,2,D23,100
H20,2,E2,100
E24,2,E2,100
C12,2,E3,100
F16,2,E3,100
M15,2,E4,100
C20,2,E4,100
K8,2,E5,100
K2,2,E5,100
P8,2,E6,100
C11,2,E6,100
P1,2,E7,100
K2,2,E7,100
J24,2,E8,100
F16,2,E8,100
P20,2,E9,100
N14,2,E9,100
O10,2,E10,100
A11,2,E10,100
L23,2,E11,100
D11,2,E11,100
J18,2,E12,100
P14,2,E12,100
K6,2,E13,100
N10,2,E13,100
C3,2,E14,100
K17,2,E14,100
N19,2,E15,100
C15,2,E15,100
K11,2,E16,100
P11,2,E16,100
P23,2,E17,100
O18,2,E17,100
N23,2,E18,100
D11,2,E18,100
G8,2,E19,100
N13,2,E19,100
O7,2,E20,100
O18,2,E20,100
G17,2,E21,100
O5,2,E21,100
C8,2,E22,100
K6,2,E22,100
G17,2,E23,100
D7,2,E23,100
E24,2,F2,100
A6,2,F2,100
M15,2,F3,100
L24,2,F3,100
A5,2,F4,100
E3,2,F4,100
K6,2,F5,100
A6,2,F5,100
O5,2,F6,100
M12,2,F6,100
F17,2,F7,100
C14,2,F7,100
D1,2,F8,100
L24,2,F8,100
D3,2,F9,100
J22,2,F9,100
N24,2,F10,100
L24,2,F10,100
B24,2,F11,100
G8,2,F11,100
K15,2,F12,100
B12,2,F12,100
P1,2,F13,100
C19,2,F13,100
K17,2,F14,100
O10,2,F14,100
C8,2,F15,100
C8,2,F15,100
G17,2,F16,100
F16,2,F16,100
B7,2,F17,100
P14,2,F17,100
D20,2,F18,100
B12,2,F18,100
K6,2,F19,100
J5,2,F19,100
P20,2,F20,100
M14,2,F20,100
K11,2,F21,100
F2,2,F21,100
L6,2,F22,100
C3,2,F22,100
B12,2,F23,100
D3,2,F23,100
P8,2,G2,100
D15,2,G2,100
N14,2,G3,100
L11,2,G3,100
B7,2,G4,100
P13,2,G4,100
J18,2,G5,100
F2,2,G5,100
P23,2,G6,100
C11,2,G6,100
A19,2,G7,100
B12,2,G7,100
F19,2,G8,100
G8,2,G8,100
H20,2,G9,100
C15,2,G9,100
D6,2,G10,100
E24,2,G10,100
K10,2,G11,100
J2,2,G11,100
K3,2,G12,100
G5,2,G12,100
K10,2,G13,100
M14,2,G13,100
N21,2,G14,100
A19,2,G14,100
N23,2,G15,100
A6,2,G15,100
F16,2,G16,100
K2,2,G16,100
A5,2,G17,100
N23,2,G17,100
C3,2,G18,100
J22,2,G18,100
O5,2,G19,100
E3,2,G19,100
N19,2,G20,100
P23,2,G20,100
K11,2,G21,100
P23,2,G21,100
B7,2,G22,100
C12,2,G22,100
B24,2,G23,100
P13,2,G23,100
I19,2,H2,100
J18,2,H2,100
M23,2,H3,100
A20,2,H3,100
D11,2,H4,100
G5,2,H4,100
K17,2,H5,100
N14,2,H5,100
D20,2,H6,100
K8,2,H6,100
L19,2,H7,100
M12,2,H7,100
A19,2,H8,100
D7,2,H8,100
N10,2,H9,100
E14,2,H9,100
B24,2,H10,100
D15,2,H10,100
M15,2,H11,100
N10,2,H11,100
B15,2,H12,100
F19,2,H12,100
M12,2,H13,100
P17,2,H13,100
P1,2,H14,100
E14,2,H14,100
C11,2,H15,100
P14,2,H15,100
J24,2,H16,100
N14,2,H16,100
L6,2,H17,100
C19,2,H17,100
P1,2,H18,100
H20,2,H18,100
O10,2,H19,100
P17,2,H19,100
B24,2,H20,100
G17,2,H20,100
P8,2,H21,100
K8,2,H21,100
L6,2,H22,100
B12,2,H22,100
P13,2,H23,100
B15,2,H23,100
E14,2,I2,100
J22,2,I2,100
L23,2,I3,100
H20,2,I3,100
P8,2,I4,100
B4,2,I4,100
N23,2,I5,100
D3,2,I5,100
L19,2,I6,100
D13,2,I6,100
K15,2,I7,100
D11,2,I7,100
N23,2,I8,100
K6,2,I8,100
K3,2,I9,100
N15,2,I9,100
K15,2,I10,100
M14,2,I10,100
K11,2,I11,100
O24,2,I11,100
O24,2,I12,100
F16,2,I12,100
F2,2,I13,100
A6,2,I13,100
D11,2,I14,100
L11,2,I14,100
A5,2,I15,100
D11,2,I15,100
E24,2,I16,100
C15,2,I16,100
J18,2,I17,100
P13,2,I17,100
J24,2,I18,100
C20,2,I18,100
O7,2,I19,100
B15,2,I19,100
M15,2,I20,100
O18,2,I20,100
O24,2,I21,100
O17,2,I21,100
N23,2,I22,100
F2,2,I22,100
B15,2,I23,100
E24,2,I23,100
K11,2,J2,100
N3,2,J2,100
O17,2,J3,100
B15,2,J3,100
M23,2,J4,100
N13,2,J4,100
P8,2,J5,100
L11,2,J5,100
N21,2,J6,100
N14,2,J6,100
D6,2,J7,100
J5,2,J7,100
L6,2,J8,100
D1,2,J8,100
C11,2,J9,100
A19,2,J9,100
A19,2,J10,100
F7,2,J10,100
F2,2,J11,100
E24,2,J11,100
J18,2,J12,100
F16,2,J12,100
I19,2,J13,100
A19,2,J13,100
K17,2,J14,100
C12,2,J14,100
B7,2,J15,100
E3,2,J15,100
F2,2,J16,100
C8,2,J16,100
C12,2,J17,100
L11,2,J17,100
G17,2,J18,100
D11,2,J18,100
N21,2,J19,100
B15,2,J19,100
L23,2,J20,100
F7,2,J20,100
P14,2,J21,100
O18,2,J21,100
D13,2,J22,100
D3,2,J22,100
C19,2,J23,100
M14,2,J23,100
K3,2,K2,100
B15,2,K2,100
A19,2,K3,100
G8,2,K3,100
F7,2,K4,100
O10,2,K4,100
P23,2,K5,100
P16,2,K5,100
K15,2,K6,100
O7,2,K6,100
N24,2,K7,100
D15,2,K7,100
J5,2,K8,100
J2,2,K8,100
P14,2,K9,100
N13,2,K9,100
P16,2,K10,100
O18,2,K10,100
K11,2,K11,100
K10,2,K11,100
C11,2,K12,100
L24,2,K12,100
K17,2,K13,100
G5,2,K13,100
P8,2,K14,100
C12,2,K14,100
K17,2,K15,100
C19,2,K15,100
N3,2,K16,100
C15,2,K16,100
B7,2,K17,100
K2,2,K17,100
K15,2,K18,100
A20,2,K18,100
D6,2,K19,100
H20,2,K19,100
P23,2,K20,100
G8,2,K20,100
A20,2,K21,100
J5,2,K21,100
K10,2,K22,100
K8,2,K22,100
B24,2,K23,100
P8,2,K23,100
J18,2,L2,100
D3,2,L2,100
M23,2,L3,100
O18,2,L3,100
D1,2,L4,100
M14,2,L4,100
A6,2,L5,100
M14,2,L5,100
N24,2,L6,100
K11,2,L6,100
K8,2,L7,100
C15,2,L7,100
A5,2,L8,100
D20,2,L8,100
B4,2,L9,100
D15,2,L9,100
N24,2,L10,100
N13,2,L10,100
N19,2,L11,100
K6,2,L11,100
L23,2,L12,100
K3,2,L12,100
M14,2,L13,100
D3,2,L13,100
N24,2,L14,100
F16,2,L14,100
A19,2,L15,100
E14,2,L15,100
K15,2,L16,100
D13,2,L16,100
B7,2,L17,100
N10,2,L17,100
L6,2,L18,100
A6,2,L18,100
C8,2,L19,100
L11,2,L19,100
O24,2,L20,100
H20,2,L20,100
J24,2,L21,100
N15,2,L21,100
C20,2,L22,100
G5,2,L22,100
K6,2,L23,100
O21,2,L23,100
A5,2,M2,100
P20,2,M2,100
F19,2,M3,100
C14,2,M3,100
C20,2,M4,100
L11,2,M4,100
D20,2,M5,100
J5,2,M5,100
I19,2,M6,100
C14,2,M6,100
P23,2,M7,100
D3,2,M7,100
O24,2,M8,100
D13,2,M8,100
D1,2,M9,100
F7,2,M9,100
O17,2,M10,100
K2,2,M10,100
C12,2,M11,100
J2,2,M11,100
I19,2,M12,100
F16,2,M12,100
B12,2,M13,100
O10,2,M13,100
D20,2,M14,100
J2,2,M14,100
A5,2,M15,100
A11,2,M15,100
P20,2,M16,100
F13,2,M16,100
K11,2,M17,100
O24,2,M17,100
D6,2,M18,100
A20,2,M18,100
O10,2,M19,100
J22,2,M19,100
D7,2,M20,100
C14,2,M20,100
L19,2,M21,100
F16,2,M21,100
P11,2,M22,100
L24,2,M22,100
I19,2,M23,100
C19,2,M23,100
J24,2,N2,100
D6,2,N2,100
A5,2,N3,100
G8,2,N3,100
C11,2,N4,100
K8,2,N4,100
B4,2,N5,100
A11,2,N5,100
B7,2,N6,100
F17,2,N6,100
F19,2,N7,100
E14,2,N7,100
N21,2,N8,100
C19,2,N8,100
P23,2,N9,100
E14,2,N9,100
M15,2,N10,100
C19,2,N10,100
D20,2,N11,100
D15,2,N11,100
G17,2,N12,100
K17,2,N12,100
A20,2,N13,100
D3,2,N13,100
O7,2,N14,100
C8,2,N14,100
L24,2,N15,100
N13,2,N15,100
K10,2,N16,100
B7,2,N16,100
E3,2,N17,100
A6,2,N17,100
A11,2,N18,100
L11,2,N18,100
F19,2,N19,100
E24,2,N19,100
O24,2,N20,100
N13,2,N20,100
P1,2,N21,100
C15,2,N21,100
N14,2,N22,100
D13,2,N22,100
H20,2,N23,100
P11,2,N23,100
N24,2,O2,100
J22,2,O2,100
B4,2,O3,100
K17,2,O3,100
K11,2,O4,100
A5,2,O4,100
N10,2,O5,100
G5,2,O5,100
K3,2,O6,100
A19,2,O6,100
N3,2,O7,100
E14,2,O7,100
D15,2,O8,100
M14,2,O8,100
K11,2,O9,100
A20,2,O9,100
C20,2,O10,100
N14,2,O10,100
F2,2,O11,100
P13,2,O11,100
F2,2,O12,100
O21,2,O12,100
K3,2,O13,100
M15,2,O13,100
J24,2,O14,100
G5,2,O14,100
P1,2,O15,100
D1,2,O15,100
P23,2,O16,100
C20,2,O16,100
J24,2,O17,100
F13,2,O17,100
L23,2,O18,100
D15,2,O18,100
N19,2,O19,100
F17,2,O19,100
F19,2,O20,100
D11,2,O20,100
K3,2,O21,100
C12,2,O21,100
A5,2,O22,100
P17,2,O22,100
I19,2,O23,100
B24,2,O23,100
N10,3,B2,100
D13,3,B2,100
P8,3,B3,100
E3,3,B3,100
L6,3,B4,100
P17,3,B4,100
N24,3,B5,100
E24,3,B5,100
E14,3,B6,100
M14,3,B6,100
B12,3,B7,100
F13,3,B7,100
P23,3,B8,100
M15,3,B8,100
M12,3,B9,100
D3,3,B9,100
N3,3,B10,100
N21,3,B10,100
O17,3,B11,100
O21,3,B11,100
E3,3,B12,100
P16,3,B12,100
K8,3,B13,100
A11,3,B13,100
M23,3,B14,100
H20,3,B14,100
F17,3,B15,100
G8,3,B15,100
F16,3,B16,100
J2,3,B16,100
D13,3,B17,100
D13,3,B17,100
C8,3,B18,100
D13,3,B18,100
O5,3,B19,100
C3,3,B19,100
G17,3,B20,100
C14,3,B20,100
F2,3,B21,100
B12,3,B21,100
L19,3,B22,100
E14,3,B22,100
P20,3,B23,100
D7,3,B23,100
F2,3,C2,100
L24,3,C2,100
P23,3,C3,100
P23,3,C3,100
J18,3,C4,100
A20,3,C4,100
C8,3,C5,100
C15,3,C5,100
H20,3,C6,100
O10,3,C6,100
O5,3,C7,100
P13,3,C7,100
G5,3,C8,100
N15,3,C8,100
P23,3,C9,100
J2,3,C9,100
K17,3,C10,100
O18,3,C10,100
L6,3,C11,100
N21,3,C11,100
B24,3,C12,100
L6,3,C12,100
D11,3,C13,100
G8,3,C13,100
L19,3,C14,100
P17,3,C14,100
M23,3,C15,100
A20,3,C15,100
O24,3,C16,100
K6,3,C16,100
O24,3,C17,100
O18,3,C17,100
G17,3,C18,100
C12,3,C18,100
D6,3,C19,100
D20,3,C19,100
K11,3,C20,100
G5,3,C20,100
K11,3,C21,100
F7,3,C21,100
D6,3,C22,100
N21,3,C22,100
L23,3,C23,100
A19,3,C23,100
L19,3,D2,100
B12,3,D2,100
E24,3,D3,100
J5,3,D3,100
D15,3,D4,100
J2,3,D4,100
N19,3,D5,100
D15,3,D5,100
C8,3,D6,100
G5,3,D6,100
K3,3,D7,100
D11,3,D7,100
O7,3,D8,100
O17,3,D8,100
O17,3,D9,100
F19,3,D9,100
D6,3,D10,100
C19,3,D10,100
B12,3,D11,100
P16,3,D11,100
N19,3,D12,100
O10,3,D12,100
A20,3,D13,100
M15,3,D13,100
B7,3,D14,100
J2,3,D14,100
B7,3,D15,100
E14,3,D15,100
A5,3,D16,100
D1,3,D16,100
P1,3,D17,100
N10,3,D17,100
L24,3,D18,100
O21,3,D18,100
M15,3,D19,100
L19,3,D19,100
D20,3,D20,100
F2,3,D20,100
B4,3,D21,100
C15,3,D21,100
O7,3,D22,100
K6,3,D22,100
B24,3,D23,100
N13,3,D23,100
N3,3,E2,100
M15,3,E2,100
N3,3,E3,100
K2,3,E3,100
I19,3,E4,100
J5,3,E4,100
E3,3,E5,100
F13,3,E5,100
K11,3,E6,100
C15,3,E6,100
O5,3,E7,100
O10,3,E7,100
P16,3,E8,100
J2,3,E8,100
B4,3,E9,100
N14,3,E9,100
K10,3,E10,100
O18,3,E10,100
H20,3,E11,100
P17,3,E11,100
B7,3,E12,100
N15,3,E12,100
F17,3,E13,100
N21,3,E13,100
G5,3,E14,100
J5,3,E14,100
I19,3,E15,100
M15,3,E15,100
N3,3,E16,100
K17,3,E16,100
J24,3,E17,100
K10,3,E17,100
J18,3,E18,100
F19,3,E18,100
F17,3,E19,100
N14,3,E19,100
J24,3,E20,100
K3,3,E20,100
F13,3,E21,100
D3,3,E21,100
K11,3,E22,100
A6,3,E22,100
P8,3,E23,100
L6,3,E23,100
K8,3,F2,100
F16,3,F2,100
N23,3,F3,100
E14,3,F3,100
J24,3,F4,100
M12,3,F4,100
O5,3,F5,100
N15,3,F5,100
C11,3,F6,100
C19,3,F6,100
P16,3,F7,100
C14,3,F7,100
N14,3,F8,100
N15,3,F8,100
P23,3,F9,100
K6,3,F9,100
P20,3,F10,100
L11,3,F10,100
K10,3,F11,100
F13,3,F11,100
O7,3,F12,100
K6,3,F12,100
L23,3,F13,100
K6,3,F13,100
C3,3,F14,100
D3,3,F14,100
B4,3,F15,100
H20,3,F15,100
F2,3,F16,100
N10,3,F16,100
A5,3,F17,100
C15,3,F17,100
C15,3,F18,100
J2,3,F18,100
P8,3,F19,100
N21,3,F19,100
G5,3,F20,100
F7,3,F20,100
C3,3,F21,100
J2,3,F21,100
P1,3,F22,100
F13,3,F22,100
P23,3,F23,100
B12,3,F23,100
G17,3,G2,100
C11,3,G2,100
C12,3,G3,100
D11,3,G3,100
O5,3,G4,100
K2,3,G4,100
P23,3,G5,100
L24,3,G5,100
A20,3,G6,100
K8,3,G6,100
D15,3,G7,100
L24,3,G7,100
E24,3,G8,100
E14,3,G8,100
P11,3,G9,100
F19,3,G9,100
D1,3,G10,100
C14,3,G10,100
C3,3,G11,100
F19,3,G11,100
L6,3,G12,100
M15,3,G12,100
N14,3,G13,100
A6,3,G13,100
M23,3,G14,100
C11,3,G14,100
P1,3,G15,100
P16,3,G15,100
K3,3,G16,100
P14,3,G16,100
K8,3,G17,100
L11,3,G17,100
P13,3,G18,100
C14,3,G18,100
B24,3,G19,100
L6,3,G19,100
P13,3,G20,100
K2,3,G20,100
J24,3,G21,100
C20,3,G21,100
B24,3,G22,100
P8,3,G22,100
N3,3,G23,100
D13,3,G23,100
O24,3,H2,100
C12,3,H2,100
A5,3,H3,100
H20,3,H3,100
L24,3,H4,100
J22,3,H4,100
F2,3,H5,100
C12,3,H5,100
D7,3,H6,100
L24,3,H6,100
P16,3,H7,100
C12,3,H7,100
B4,3,H8,100
P11,3,H8,100
N19,3,H9,100
P20,3,H9,100
N24,3,H10,100
K3,3,H10,100
D1,3,H11,100
C11,3,H11,100
H20,3,H12,100
M15,3,H12,100
C8,3,H13,100
D11,3,H13,100
L23,3,H14,100
E24,3,H14,100
O24,3,H15,100
C14,3,H15,100
D1,3,H16,100
J2,3,H16,100
O7,3,H17,100
O10,3,H17,100
J24,3,H18,100
G8,3,H18,100
O24,3,H19,100
B7,3,H19,100
D20,3,H20,100
O10,3,H20,100
L6,3,H21,100
B12,3,H21,100
D7,3,H22,100
J22,3,H22,100
D6,3,H23,100
A19,3,H23,100
K15,3,I2,100
F16,3,I2,100
J24,3,I3,100
N15,3,I3,100
A19,3,I4,100
C12,3,I4,100
N24,3,I5,100
N14,3,I5,100
P16,3,I6,100
L11,3,I6,100
K6,3,I7,100
K2,3,I7,100
C8,3,I8,100
D11,3,I8,100
N24,3,I9,100
N10,3,I9,100
F2,3,I10,100
L6,3,I10,100
D20,3,I11,100
N13,3,I11,100
P20,3,I12,100
N15,3,I12,100
N19,3,I13,100
O5,3,I13,100
N15,3,I14,100
O18,3,I14,100
P13,3,I15,100
F17,3,I15,100
E3,3,I16,100
J2,3,I16,100
N23,3,I17,100
D7,3,I17,100
D20,3,I18,100
K17,3,I18,100
O7,3,I19,100
L23,3,I19,100
L19,3,I20,100
D15,3,I20,100
B15,3,I21,100
J5,3,I21,100
A5,3,I22,100
N21,3,I22,100
B4,3,I23,100
D11,3,I23,100
O24,3,J2,100
M12,3,J2,100
N19,3,J3,100
C20,3,J3,100
N21,3,J4,100
E3,3,J4,100
P8,3,J5,100
B15,3,J5,100
B4,3,J6,100
D3,3,J6,100
P16,3,J7,100
C20,3,J7,100
C11,3,J8,100
D11,3,J8,100
B12,3,J9,100
C20,3,J9,100
P20,3,J10,100
D15,3,J10,100
C14,3,J11,100
D3,3,J11,100
K8,3,J12,100
O10,3,J12,100
I19,3,J13,100
C8,3,J13,100
A6,3,J14,100
D3,3,J14,100
L23,3,J15,100
M14,3,J15,100
K17,3,J16,100
C20,3,J16,100
L24,3,J17,100
E24,3,J17,100
O17,3,J18,100
F13,3,J18,100
K6,3,J19,100
F19,3,J19,100
P16,3,J20,100
F7,3,J20,100
B15,3,J21,100
A11,3,J21,100
K8,3,J22,100
J5,3,J22,100
D20,3,J23,100
C8,3,J23,100
B15,3,K2,100
N15,3,K2,100
N10,3,K3,100
P14,3,K3,100
N3,3,K4,100
N10,3,K4,100
D1,3,K5,100
M23,3,K5,100
L19,3,K6,100
C15,3,K6,100
O5,3,K7,100
J22,3,K7,100
O5,3,K8,100
D7,3,K8,100
P16,3,K9,100
J22,3,K9,100
K15,3,K10,100
C20,3,K10,100
A5,3,K11,100
F19,3,K11,100
P13,3,K12,100
E14,3,K12,100
K10,3,K13,100
O5,3,K13,100
L23,3,K14,100
N13,3,K14,100
M12,3,K15,100
N10,3,K15,100
C3,3,K16,100
M15,3,K16,100
K15,3,K17,100
O5,3,K17,100
N21,3,K18,100
L11,3,K18,100
L6,3,K19,100
A11,3,K19,100
P1,3,K20,100
C14,3,K20,100
E3,3,K21,100
L19,3,K21,100
K3,3,K22,100
G8,3,K22,100
N21,3,K23,100
J22,3,K23,100
D20,3,L2,100
B7,3,L2,100
D20,3,L3,100
N14,3,L3,100
M12,3,L4,100
D13,3,L4,100
L6,3,L5,100
P13,3,L5,100
J18,3,L6,100
P8,3,L6,100
C20,3,L7,100
K8,3,L7,100
D11,3,L8,100
O10,3,L8,100
D11,3,L9,100
K8,3,L9,100
O7,3,L10,100
F7,3,L10,100
O7,3,L11,100
F16,3,L11,100
D1,3,L12,100
G8,3,L12,100
I19,3,L13,100
N15,3,L13,100
C3,3,L14,100
B12,3,L14,100
E14,3,L15,100
A11,3,L15,100
K15,3,L16,100
B24,3,L16,100
N23,3,L17,100
F13,3,L17,100
M14,3,L18,100
M14,3,L18,100
C11,3,L19,100
E3,3,L19,100
C11,3,L20,100
D15,3,L20,100
O24,3,L21,100
C3,3,L21,100
O17,3,L22,100
A6,3,L22,100
P1,3,L23,100
K3,3,L23,100
F7,3,M2,100
F13,3,M2,100
B12,3,M3,100
N15,3,M3,100
D6,3,M4,100
P16,3,M4,100
C15,3,M5,100
E14,3,M5,100
A20,3,M6,100
A19,3,M6,100
D6,3,M7,100
B7,3,M7,100
K15,3,M8,100
B4,3,M8,100
D6,3,M9,100
P11,3,M9,100
F2,3,M10,100
D7,3,M10,100
B15,3,M11,100
L24,3,M11,100
N14,3,M12,100
K8,3,M12,100
F2,3,M13,100
C15,3,M13,100
P8,3,M14,100
D3,3,M14,100
O17,3,M15,100
P13,3,M15,100
K11,3,M16,100
C14,3,M16,100
F2,3,M17,100
P11,3,M17,100
D15,3,M18,100
N14,3,M18,100
A6,3,M19,100
C14,3,M19,100
F19,3,M20,100
O21,3,M20,100
M23,3,M21,100
P20,3,M21,100
F2,3,M22,100
D1,3,M22,100
P11,3,M23,100
L11,3,M23,100
G17,3,N2,100
E14,3,N2,100
P13,3,N3,100
N15,3,N3,100
C15,3,N4,100
J22,3,N4,100
K6,3,N5,100
J5,3,N5,100
D6,3,N6,100
I19,3,N6,100
I19,3,N7,100
P11,3,N7,100
J18,3,N8,100
C15,3,N8,100
A5,3,N9,100
C15,3,N9,100
O10,3,N10,100
L11,3,N10,100
L6,3,N11,100
N13,3,N11,100
P8,3,N12,100
A6,3,N12,100
N19,3,N13,100
K8,3,N13,100
P14,3,N14,100
P17,3,N14,100
F2,3,N15,100
O5,3,N15,100
N3,3,N16,100
K8,3,N16,100
M15,3,N17,100
F7,3,N17,100
O24,3,N18,100
D11,3,N18,100
O21,3,N19,100
J2,3,N19,100
P8,3,N20,100
N14,3,N20,100
I19,3,N21,100
J2,3,N21,100
F17,3,N22,100
N3,3,N22,100
G17,3,N23,100
D3,3,N23,100
P13,3,O2,100
N13,3,O2,100
A11,3,O3,100
N13,3,O3,100
C3,3,O4,100
H20,3,O4,100
B15,3,O5,100
O21,3,O5,100
F17,3,O6,100
P20,3,O6,100
A5,3,O7,100
L24,3,O7,100
K11,3,O8,100
M12,3,O8,100
L6,3,O9,100
A11,3,O9,100
M15,3,O10,100
A6,3,O10,100
F13,3,O11,100
G8,3,O11,100
M23,3,O12,100
N14,3,O12,100
C15,3,O13,100
C14,3,O13,100
I19,3,O14,100
P11,3,O14,100
F17,3,O15,100
C11,3,O15,100
N3,3,O16,100
F7,3,O16,100
O7,3,O17,100
O5,3,O17,100
L6,3,O18,100
O10,3,O18,100
D20,3,O19,100
D3,3,O19,100
A5,3,O20,100
L6,3,O20,100
B7,3,O21,100
O21,3,O21,100
M12,3,O22,100
O21,3,O22,100
O21,3,O23,100
K8,3,O23,100
G17,4,B2,100
E3,4,B2,100
C20,4,B3,100
C14,4,B3,100
I19,4,B4,100
F17,4,B4,100
C3,4,B5,100
A11,4,B5,100
N10,4,B6,100
P14,4,B6,100
O24,4,B7,100
L6,4,B7,100
F19,4,B8,100
J2,4,B8,100
P13,4,B9,100
N21,4,B9,100
G8,4,B10,100
J5,4,B10,100
L6,4,B11,100
C11,4,B11,100
N19,4,B12,100
C8,4,B12,100
D1,4,B13,100
B15,4,B13,100
C11,4,B14,100
F7,4,B14,100
K6,4,B15,100
D3,4,B15,100
F2,4,B16,100
D13,4,B16,100
M14,4,B17,100
A11,4,B17,100
M14,4,B18,100
P14,4,B18,100
K3,4,B19,100
K3,4,B19,100
K6,4,B20,100
P14,4,B20,100
O17,4,B21,100
L24,4,B21,100
C11,4,B22,100
D15,4,B22,100
A20,4,B23,100
N14,4,B23,100
B15,4,C2,100
J2,4,C2,100
C3,4,C3,100
O21,4,C3,100
N23,4,C4,100
N15,4,C4,100
N3,4,C5,100
C12,4,C5,100
G17,4,C6,100
O21,4,C6,100
K11,4,C7,100
M23,4,C7,100
P1,4,C8,100
N21,4,C8,100
M15,4,C9,100
N10,4,C9,100
F19,4,C10,100
M14,4,C10,100
O17,4,C11,100
B15,4,C11,100
P13,4,C12,100
L19,4,C12,100
N14,4,C13,100
F16,4,C13,100
A20,4,C14,100
D13,4,C14,100
K10,4,C15,100
P23,4,C15,100
N23,4,C16,100
B7,4,C16,100
A11,4,C17,100
K2,4,C17,100
N23,4,C18,100
N21,4,C18,100
P1,4,C19,100
A20,4,C19,100
F16,4,C20,100
P17,4,C20,100
C11,4,C21,100
C11,4,C21,100
O5,4,C22,100
D15,4,C22,100
B15,4,C23,100
N14,4,C23,100
O5,4,D2,100
O18,4,D2,100
F2,4,D3,100
N15,4,D3,100
K10,4,D4,100
N21,4,D4,100
P11,4,D5,100
F7,4,D5,100
K17,4,D6,100
J2,4,D6,100
D1,4,D7,100
O10,4,D7,100
F17,4,D8,100
K8,4,D8,100
D6,4,D9,100
F2,4,D9,100
N19,4,D10,100
L11,4,D10,100
N24,4,D11,100
P1,4,D11,100
C20,4,D12,100
C15,4,D12,100
P1,4,D13,100
B24,4,D13,100
L24,4,D14,100
D11,4,D14,100
O24,4,D15,100
F2,4,D15,100
J18,4,D16,100
D11,4,D16,100
L6,4,D17,100
C8,4,D17,100
A5,4,D18,100
C11,4,D18,100
P23,4,D19,100
D7,4,D19,100
C11,4,D20,100
D3,4,D20,100
N21,4,D21,100
O21,4,D21,100
N19,4,D22,100
B24,4,D22,100
B12,4,D23,100
L24,4,D23,100
O5,4,E2,100
D13,4,E2,100
D1,4,E3,100
O5,4,E3,100
K15,4,E4,100
G17,4,E4,100
D1,4,E5,100
B12,4,E5,100
P1,4,E6,100
C8,4,E6,100
J24,4,E7,100
D3,4,E7,100
J18,4,E8,100
P16,4,E8,100
F19,4,E9,100
N10,4,E9,100
J18,4,E10,100
F7,4,E10,100
A5,4,E11,100
K3,4,E11,100
G8,4,E12,100
K2,4,E12,100
I19,4,E13,100
L23,4,E13,100
B24,4,E14,100
C19,4,E14,100
K11,4,E15,100
D1,4,E15,100
N15,4,E16,100
J2,4,E16,100
N23,4,E17,100
P20,4,E17,100
A11,4,E18,100
G8,4,E18,100
D6,4,E19,100
B4,4,E19,100
P23,4,E20,100
F7,4,E20,100
J18,4,E21,100
P17,4,E21,100
P23,4,E22,100
C3,4,E22,100
D7,4,E23,100
F16,4,E23,100
D11,4,F2,100
N14,4,F2,100
F7,4,F3,100
C14,4,F3,100
A20,4,F4,100
O18,4,F4,100
D11,4,F5,100
J22,4,F5,100
K17,4,F6,100
C11,4,F6,100
K10,4,F7,100
O17,4,F7,100
C14,4,F8,100
P17,4,F8,100
J24,4,F9,100
M12,4,F9,100
P1,4,F10,100
F7,4,F10,100
A20,4,F11,100
J2,4,F11,100
K17,4,F12,100
J22,4,F12,100
A19,4,F13,100
C14,4,F13,100
K17,4,F14,100
P16,4,F14,100
D6,4,F15,100
L6,4,F15,100
I19,4,F16,100
E3,4,F16,100
P13,4,F17,100
B15,4,F17,100
F17,4,F18,100
O10,4,F18,100
N3,4,F19,100
N10,4,F19,100
L23,4,F20,100
D1,4,F20,100
N21,4,F21,100
E24,4,F21,100
K3,4,F22,100
O21,4,F22,100
O21,4,F23,100
P17,4,F23,100
K3,4,G2,100
M14,4,G2,100
K6,4,G3,100
O10,4,G3,100
N19,4,G4,100
O17,4,G4,100
B24,4,G5,100
D3,4,G5,100
D11,4,G6,100
J22,4,G6,100
B24,4,G7,100
A20,4,G7,100
A19,4,G8,100
B15,4,G8,100
L19,4,G9,100
A11,4,G9,100
K11,4,G10,100
N10,4,G10,100
N24,4,G11,100
K10,4,G11,100
N14,4,G12,100
M14,4,G12,100
K15,4,G13,100
E24,4,G13,100
B7,4,G14,100
K17,4,G14,100
B7,4,G15,100
G5,4,G15,100
M12,4,G16,100
J22,4,G16,100
C19,4,G17,100
F16,4,G17,100
F17,4,G18,100
A11,4,G18,100
J24,4,G19,100
D15,4,G19,100
N19,4,G20,100
N21,4,G20,100
L23,4,G21,100
O17,4,G21,100
B15,4,G22,100
P17,4,G22,100
F17,4,G23,100
F13,4,G23,100
D11,4,H2,100
P14,4,H2,100
E3,4,H3,100
G8,4,H3,100
M23,4,H4,100
E14,4,H4,100
B24,4,H5,100
C19,4,H5,100
P16,4,H6,100
L11,4,H6,100
K6,4,H7,100
B12,4,H7,100
K15,4,H8,100
N21,4,H8,100
A5,4,H9,100
O17,4,H9,100
N19,4,H10,100
B15,4,H10,100
D15,4,H11,100
O10,4,H11,100
J24,4,H12,100
B12,4,H12,100
J18,4,H13,100
O21,4,H13,100
M23,4,H14,100
B12,4,H14,100
O7,4,H15,100
B4,4,H15,100
J18,4,H16,100
O18,4,H16,100
L6,4,H17,100
L24,4,H17,100
P13,4,H18,100
D13,4,H18,100
N10,4,H19,100
C15,4,H19,100
M15,4,H20,100
F16,4,H20,100
M15,4,H21,100
J5,4,H21,100
M15,4,H22,100
K2,4,H22,100
G17,4,H23,100
L11,4,H23,100
M15,4,I2,100
M12,4,I2,100
F19,4,I3,100
C20,4,I3,100
E24,4,I4,100
D3,4,I4,100
B15,4,I5,100
E14,4,I5,100
M23,4,I6,100
K8,4,I6,100
B7,4,I7,100
H20,4,I7,100
D20,4,I8,100
O17,4,I8,100
N24,4,I9,100
P23,4,I9,100
K6,4,I10,100
E14,4,I10,100
D6,4,I11,100
E14,4,I11,100
G17,4,I12,100
N21,4,I12,100
N3,4,I13,100
J22,4,I13,100
P8,4,I14,100
A20,4,I14,100
P20,4,I15,100
E24,4,I15,100
O17,4,I16,100
C14,4,I16,100
F2,4,I17,100
K17,4,I17,100
O17,4,I18,100
C3,4,I18,100
C20,4,I19,100
O10,4,I19,100
K10,4,I20,100
K2,4,I20,100
O21,4,I21,100
J2,4,I21,100
K11,4,I22,100
P20,4,I22,100
C19,4,I23,100
E14,4,I23,100
N24,4,J2,100
G17,4,J2,100
M15,4,J3,100
F13,4,J3,100
C14,4,J4,100
O18,4,J4,100
O17,4,J5,100
L11,4,J5,100
K3,4,J6,100
D13,4,J6,100
N10,4,J7,100
E24,4,J7,100
M23,4,J8,100
J22,4,J8,100
I19,4,J9,100
A20,4,J9,100
J24,4,J10,100
C8,4,J10,100
P8,4,J11,100
J22,4,J11,100
A20,4,J12,100
M14,4,J12,100
N3,4,J13,100
P11,4,J13,100
B24,4,J14,100
D1,4,J14,100
C3,4,J15,100
C11,4,J15,100
D13,4,J16,100
J2,4,J16,100
E14,4,J17,100
P14,4,J17,100
E3,4,J18,100
A6,4,J18,100
F13,4,J19,100
A6,4,J19,100
M23,4,J20,100
F19,4,J20,100
M23,4,J21,100
N15,4,J21,100
A20,4,J22,100
P14,4,J22,100
N19,4,J23,100
D11,4,J23,100
P13,4,K2,100
A11,4,K2,100
D13,4,K3,100
L11,4,K3,100
G17,4,K4,100
M15,4,K4,100
N23,4,K5,100
M15,4,K5,100
J24,4,K6,100
B7,4,K6,100
J24,4,K7,100
L24,4,K7,100
K10,4,K8,100
C12,4,K8,100
B15,4,K9,100
G8,4,K9,100
P23,4,K10,100
H20,4,K10,100
N23,4,K11,100
F7,4,K11,100
L11,4,K12,100
O18,4,K12,100
L23,4,K13,100
N21,4,K13,100
M23,4,K14,100
E3,4,K14,100
B4,4,K15,100
M14,4,K15,100
B4,4,K16,100
M15,4,K16,100
M23,4,K17,100
N10,4,K17,100
O24,4,K18,100
G8,4,K18,100
M15,4,K19,100
P14,4,K19,100
D7,4,K20,100
A11,4,K20,100
G5,4,K21,100
F13,4,K21,100
K3,4,K22,100
C14,4,K22,100
F16,4,K23,100
J5,4,K23,100
B24,4,L2,100
K17,4,L2,100
P8,4,L3,100
M12,4,L3,100
N21,4,L4,100
F13,4,L4,100
C8,4,L5,100
B12,4,L5,100
N21,4,L6,100
A19,4,L6,100
I19,4,L7,100
M15,4,L7,100
A5,4,L8,100
D3,4,L8,100
H20,4,L9,100
J22,4,L9,100
F17,4,L10,100
N13,4,L10,100
J24,4,L11,100
G5,4,L11,100
K11,4,L12,100
O10,4,L12,100
O5,4,L13,100
B15,4,L13,100
B4,4,L14,100
O17,4,L14,100
K15,4,L15,100
N15,4,L15,100
K11,4,L16,100
B4,4,L16,100
C8,4,L17,100
L19,4,L17,100
K11,4,L18,100
K3,4,L18,100
B4,4,L19,100
C20,4,L19,100
J22,4,L20,100
N13,4,L20,100
N24,4,L21,100
A5,4,L21,100
K10,4,L22,100
P17,4,L22,100
I19,4,L23,100
P17,4,L23,100
P14,4,M2,100
J2,4,M2,100
D11,4,M3,100
O21,4,M3,100
P23,4,M4,100
D3,4,M4,100
B15,4,M5,100
J2,4,M5,100
D1,4,M6,100
O10,4,M6,100
C12,4,M7,100
C14,4,M7,100
O21,4,M8,100
N13,4,M8,100
O24,4,M9,100
D20,4,M9,100
K10,4,M10,100
L11,4,M10,100
N21,4,M11,100
P11,4,M11,100
N23,4,M12,100
J2,4,M12,100
J18,4,M13,100
D13,4,M13,100
F16,4,M14,100
N13,4,M14,100
O10,4,M15,100
N13,4,M15,100
N23,4,M16,100
J18,4,M16,100
C12,4,M17,100
P14,4,M17,100
F19,4,M18,100
J5,4,M18,100
N19,4,M19,100
M14,4,M19,100
D20,4,M20,100
K3,4,M20,100
H20,4,M21,100
F19,4,M21,100
C20,4,M22,100
G5,4,M22,100
N10,4,M23,100
F13,4,M23,100
K17,4,N2,100
B12,4,N2,100
O7,4,N3,100
P14,4,N3,100
K10,4,N4,100
G8,4,N4,100
C15,4,N5,100
O10,4,N5,100
P11,4,N6,100
O21,4,N6,100
K11,4,N7,100
D3,4,N7,100
N19,4,N8,100
K3,4,N8,100
D6,4,N9,100
M12,4,N9,100
N24,4,N10,100
J2,4,N10,100
O7,4,N11,100
L24,4,N11,100
I19,4,N12,100
O21,4,N12,100
K17,4,N13,100
P16,4,N13,100
K15,4,N14,100
K10,4,N14,100
L6,4,N15,100
C12,4,N15,100
A11,4,N16,100
L11,4,N16,100
K10,4,N17,100
G5,4,N17,100
D6,4,N18,100
A19,4,N18,100
O24,4,N19,100
I19,4,N19,100
N15,4,N20,100
P17,4,N20,100
P1,4,N21,100
C3,4,N21,100
D6,4,N22,100
P8,4,N22,100
C3,4,N23,100
N14,4,N23,100
D15,4,O2,100
A11,4,O2,100
K11,4,O3,100
L6,4,O3,100
C20,4,O4,100
C12,4,O4,100
A5,4,O5,100
M23,4,O5,100
F16,4,O6,100
J22,4,O6,100
F17,4,O7,100
A6,4,O7,100
P1,4,O8,100
M12,4,O8,100
M12,4,O9,100
F16,4,O9,100
O17,4,O10,100
G5,4,O10,100
P20,4,O11,100
L24,4,O11,100
K6,4,O12,100
J22,4,O12,100
P13,4,O13,100
J22,4,O13,100
K17,4,O14,100
N10,4,O14,100
P13,4,O15,100
B12,4,O15,100
C12,4,O16,100
F13,4,O16,100
N23,4,O17,100
D1,4,O17,100
L19,4,O18,100
J5,4,O18,100
F2,4,O19,100
D15,4,O19,100
L11,4,O20,100
K2,4,O20,100
L19,4,O21,100
K2,4,O21,100
E3,4,O22,100
E3,4,O22,100
F16,4,O23,100
P14,4,O23,100
M12,5,B2,100
C20,5,B2,100
K6,5,B3,100
C20,5,B3,100
O5,5,B4,100
N13,5,B4,100
J24,5,B5,100
D7,5,B5,100
B7,5,B6,100
N13,5,B6,100
A19,5,B7,100
O10,5,B7,100
K3,5,B8,100
D15,5,B8,100
P8,5,B9,100
O10,5,B9,100
D1,5,B10,100
P13,5,B10,100
N14,5,B11,100
C14,5,B11,100
D6,5,B12,100
P20,5,B12,100
P11,5,B13,100
F13,5,B13,100
N3,5,B14,100
G5,5,B14,100
J18,5,B15,100
C14,5,B15,100
D1,5,B16,100
J22,5,B16,100
K6,5,B17,100
N10,5,B17,100
P8,5,B18,100
D1,5,B18,100
O5,5,B19,100
D7,5,B19,100
I19,5,B20,100
P23,5,B20,100
C19,5,B21,100
G8,5,B21,100
P13,5,B22,100
N10,5,B22,100
H20,5,B23,100
B12,5,B23,100
C12,5,C2,100
A11,5,C2,100
J24,5,C3,100
L11,5,C3,100
D6,5,C4,100
M14,5,C4,100
D15,5,C5,100
K8,5,C5,100
K6,5,C6,100
A11,5,C6,100
N21,5,C7,100
O21,5,C7,100
N21,5,C8,100
D7,5,C8,100
D11,5,C9,100
C15,5,C9,100
C8,5,C10,100
P17,5,C10,100
G17,5,C11,100
K6,5,C11,100
D15,5,C12,100
D3,5,C12,100
D6,5,C13,100
O5,5,C13,100
P23,5,C14,100
D15,5,C14,100
A5,5,C15,100
D1,5,C15,100
L6,5,C16,100
E24,5,C16,100
N23,5,C17,100
M14,5,C17,100
O24,5,C18,100
I19,5,C18,100
K10,5,C19,100
D11,5,C19,100
L23,5,C20,100
M12,5,C20,100
K15,5,C21,100
O17,5,C21,100
F2,5,C22,100
P11,5,C22,100
O24,5,C23,100
N3,5,C23,100
A19,5,D2,100
E14,5,D2,100
N23,5,D3,100
A19,5,D3,100
N3,5,D4,100
C19,5,D4,100
K3,5,D5,100
C11,5,D5,100
D1,5,D6,100
K6,5,D6,100
L11,5,D7,100
G8,5,D7,100
N23,5,D8,100
N15,5,D8,100
P1,5,D9,100
A11,5,D9,100
L24,5,D10,100
F16,5,D10,100
J24,5,D11,100
B7,5,D11,100
N19,5,D12,100
F13,5,D12,100
H20,5,D13,100
C19,5,D13,100
E14,5,D14,100
G8,5,D14,100
P20,5,D15,100
F19,5,D15,100
D6,5,D16,100
C14,5,D16,100
E24,5,D17,100
O18,5,D17,100
N24,5,D18,100
L6,5,D18,100
E3,5,D19,100
M14,5,D19,100
M23,5,D20,100
K17,5,D20,100
P8,5,D21,100
L24,5,D21,100
D7,5,D22,100
L24,5,D22,100
D6,5,D23,100
P13,5,D23,100
C20,5,E2,100
C19,5,E2,100
O7,5,E3,100
C19,5,E3,100
D6,5,E4,100
O18,5,E4,100
D1,5,E5,100
H20,5,E5,100
B7,5,E6,100
C8,5,E6,100
B4,5,E7,100
D1,5,E7,100
G5,5,E8,100
A11,5,E8,100
H20,5,E9,100
C12,5,E9,100
A5,5,E10,100
P23,5,E10,100
N14,5,E11,100
D3,5,E11,100
P8,5,E12,100
P17,5,E12,100
O5,5,E13,100
L19,5,E13,100
P20,5,E14,100
B12,5,E14,100
P13,5,E15,100
D15,5,E15,100
P16,5,E16,100
D13,5,E16,100
L6,5,E17,100
L11,5,E17,100
P8,5,E18,100
L19,5,E18,100
F19,5,E19,100
N14,5,E19,100
D6,5,E20,100
K2,5,E20,100
D6,5,E21,100
N10,5,E21,100
C8,5,E22,100
P16,5,E22,100
C15,5,E23,100
G8,5,E23,100
N3,5,F2,100
C14,5,F2,100
D13,5,F3,100
J5,5,F3,100
F19,5,F4,100
L24,5,F4,100
A19,5,F5,100
O18,5,F5,100
B15,5,F6,100
B12,5,F6,100
K11,5,F7,100
P16,5,F7,100
J18,5,F8,100
M23,5,F8,100
B24,5,F9,100
C3,5,F9,100
I19,5,F10,100
P16,5,F10,100
L6,5,F11,100
P20,5,F11,100
H20,5,F12,100
N13,5,F12,100
N21,5,F13,100
M15,5,F13,100
N3,5,F14,100
G8,5,F14,100
N10,5,F15,100
E24,5,F15,100
J18,5,F16,100
P23,5,F16,100
N3,5,F17,100
P17,5,F17,100
P20,5,F18,100
J22,5,F18,100
L6,5,F19,100
L24,5,F19,100
N21,5,F20,100
E24,5,F20,100
B24,5,F21,100
C20,5,F21,100
F17,5,F22,100
B12,5,F22,100
J24,5,F23,100
J24,5,F23,100
C11,5,G2,100
G8,5,G2,100
F19,5,G3,100
P14,5,G3,100
D1,5,G4,100
K2,5,G4,100
D7,5,G5,100
E24,5,G5,100
A19,5,G6,100
C12,5,G6,100
I19,5,G7,100
C3,5,G7,100
O24,5,G8,100
D1,5,G8,100
P11,5,G9,100
M12,5,G9,100
C20,5,G10,100
L24,5,G10,100
O17,5,G11,100
E24,5,G11,100
F17,5,G12,100
L11,5,G12,100
K17,5,G13,100
P14,5,G13,100
P1,5,G14,100
C11,5,G14,100
O17,5,G15,100
A20,5,G15,100
F7,5,G16,100
E14,5,G16,100
D20,5,G17,100
A19,5,G17,100
N23,5,G18,100
P14,5,G18,100
K15,5,G19,100
K2,5,G19,100
P23,5,G20,100
B4,5,G20,100
J24,5,G21,100
L23,5,G21,100
C19,5,G22,100
N14,5,G22,100
G17,5,G23,100
B15,5,G23,100
L19,5,H2,100
E24,5,H2,100
C3,5,H3,100
M12,5,H3,100
D20,5,H4,100
L23,5,H4,100
P16,5,H5,100
C14,5,H5,100
C3,5,H6,100
L24,5,H6,100
K6,5,H7,100
F16,5,H7,100
C8,5,H8,100
K8,5,H8,100
J18,5,H9,100
L19,5,H9,100
P14,5,H10,100
K2,5,H10,100
J18,5,H11,100
O5,5,H11,100
O10,5,H12,100
G8,5,H12,100
P20,5,H13,100
B12,5,H13,100
K15,5,H14,100
B24,5,H14,100
N24,5,H15,100
K8,5,H15,100
H20,5,H16,100
D13,5,H16,100
F19,5,H17,100
O10,5,H17,100
C8,5,H18,100
F16,5,H18,100
C19,5,H19,100
F7,5,H19,100
N23,5,H20,100
J2,5,H20,100
C12,5,H21,100
P17,5,H21,100
P1,5,H22,100
O7,5,H22,100
O7,5,H23,100
F16,5,H23,100
P20,5,I2,100
N13,5,I2,100
N24,5,I3,100
P8,5,I3,100
K15,5,I4,100
J18,5,I4,100
D20,5,I5,100
P14,5,I5,100
N15,5,I6,100
C15,5,I6,100
P13,5,I7,100
M14,5,I7,100
A5,5,I8,100
D20,5,I8,100
A5,5,I9,100
C20,5,I9,100
A19,5,I10,100
D3,5,I10,100
B4,5,I11,100
K17,5,I11,100
E3,5,I12,100
G5,5,I12,100
O24,5,I13,100
G5,5,I13,100
C14,5,I14,100
D13,5,I14,100
L24,5,I15,100
K8,5,I15,100
K15,5,I16,100
C20,5,I16,100
P13,5,I17,100
D15,5,I17,100
A5,5,I18,100
L19,5,I18,100
H20,5,I19,100
D15,5,I19,100
D1,5,I20,100
C12,5,I20,100
B7,5,I21,100
E14,5,I21,100
N3,5,I22,100
N13,5,I22,100
D6,5,I23,100
B7,5,I23,100
L24,5,J2,100
J5,5,J2,100
N23,5,J3,100
O21,5,J3,100
B24,5,J4,100
D3,5,J4,100
P1,5,J5,100
M15,5,J5,100
O17,5,J6,100
C19,5,J6,100
I19,5,J7,100
A11,5,J7,100
G17,5,J8,100
O10,5,J8,100
N23,5,J9,100
N3,5,J9,100
B12,5,J10,100
D13,5,J10,100
I19,5,J11,100
L24,5,J11,100
N21,5,J12,100
G8,5,J12,100
O17,5,J13,100
O18,5,J13,100
P8,5,J14,100
N13,5,J14,100
F2,5,J15,100
O10,5,J15,100
D15,5,J16,100
J5,5,J16,100
C15,5,J17,100
M14,5,J17,100
K10,5,J18,100
I19,5,J18,100
B12,5,J19,100
G5,5,J19,100
A5,5,J20,100
C8,5,J20,100
O24,5,J21,100
O24,5,J21,100
B4,5,J22,100
M12,5,J22,100
C8,5,J23,100
O18,5,J23,100
P1,5,K2,100
A19,5,K2,100
K15,5,K3,100
G8,5,K3,100
H20,5,K4,100
D7,5,K4,100
B7,5,K5,100
N14,5,K5,100
O24,5,K6,100
F7,5,K6,100
A19,5,K7,100
N15,5,K7,100
I19,5,K8,100
F19,5,K8,100
N19,5,K9,100
B15,5,K9,100
K10,5,K10,100
N23,5,K10,100
A19,5,K11,100
J22,5,K11,100
B4,5,K12,100
C8,5,K12,100
P14,5,K13,100
J5,5,K13,100
F19,5,K14,100
J22,5,K14,100
J24,5,K15,100
N3,5,K15,100
A19,5,K16,100
N13,5,K16,100
D1,5,K17,100
C12,5,K17,100
K11,5,K18,100
D11,5,K18,100
N23,5,K19,100
C14,5,K19,100
C11,5,K20,100
O21,5,K20,100
O17,5,K21,100
F17,5,K21,100
O24,5,K22,100
J5,5,K22,100
F2,5,K23,100
P8,5,K23,100
J24,5,L2,100
L19,5,L2,100
N23,5,L3,100
D15,5,L3,100
M15,5,L4,100
N13,5,L4,100
B7,5,L5,100
C15,5,L5,100
C8,5,L6,100
K3,5,L6,100
P20,5,L7,100
C20,5,L7,100
B24,5,L8,100
M15,5,L8,100
N19,5,L9,100
E14,5,L9,100
K8,5,L10,100
D13,5,L10,100
A5,5,L11,100
D6,5,L11,100
L23,5,L12,100
G8,5,L12,100
O5,5,L13,100
F19,5,L13,100
P8,5,L14,100
P16,5,L14,100
G17,5,L15,100
D13,5,L15,100
O7,5,L16,100
D13,5,L16,100
N3,5,L17,100
P20,5,L17,100
F19,5,L18,100
C14,5,L18,100
J24,5,L19,100
A11,5,L19,100
A20,5,L20,100
L11,5,L20,100
O24,5,L21,100
E3,5,L21,100
N21,5,L22,100
C14,5,L22,100
M12,5,L23,100
P16,5,L23,100
K17,5,M2,100
A6,5,M2,100
A5,5,M3,100
O21,5,M3,100
C19,5,M4,100
C15,5,M4,100
P8,5,M5,100
B12,5,M5,100
K10,5,M6,100
P13,5,M6,100
B12,5,M7,100
D15,5,M7,100
M23,5,M8,100
J5,5,M8,100
P1,5,M9,100
O18,5,M9,100
J24,5,M10,100
O7,5,M10,100
C3,5,M11,100
M14,5,M11,100
P1,5,M12,100
N13,5,M12,100
F7,5,M13,100
E24,5,M13,100
A20,5,M14,100
E3,5,M14,100
O17,5,M15,100
D15,5,M15,100
D7,5,M16,100
D13,5,M16,100
F13,5,M17,100
D13,5,M17,100
E3,5,M18,100
K2,5,M18,100
K17,5,M19,100
N13,5,M19,100
F17,5,M20,100
A19,5,M20,100
D3,5,M21,100
K2,5,M21,100
G17,5,M22,100
M12,5,M22,100
K11,5,M23,100
L19,5,M23,100
B24,5,N2,100
N15,5,N2,100
L19,5,N3,100
L11,5,N3,100
F17,5,N4,100
C14,5,N4,100
A20,5,N5,100
G8,5,N5,100
E3,5,N6,100
C19,5,N6,100
N24,5,N7,100
M12,5,N7,100
K15,5,N8,100
N3,5,N8,100
K10,5,N9,100
B24,5,N9,100
K10,5,N10,100
F16,5,N10,100
G5,5,N11,100
O10,5,N11,100
K11,5,N12,100
P17,5,N12,100
A20,5,N13,100
P11,5,N13,100
H20,5,N14,100
M14,5,N14,100
J18,5,N15,100
N3,5,N15,100
C8,5,N16,100
F13,5,N16,100
C12,5,N17,100
P14,5,N17,100
D3,5,N18,100
J5,5,N18,100
C8,5,N19,100
M14,5,N19,100
F7,5,N20,100
J22,5,N20,100
B7,5,N21,100
O17,5,N21,100
B24,5,N22,100
H20,5,N22,100
D20,5,N23,100
G8,5,N23,100
P11,5,O2,100
D3,5,O2,100
J24,5,O3,100
P11,5,O3,100
K10,5,O4,100
C15,5,O4,100
N21,5,O5,100
O18,5,O5,100
P20,5,O6,100
E24,5,O6,100
O7,5,O7,100
G5,5,O7,100
E3,5,O8,100
C15,5,O8,100
N23,5,O9,100
A20,5,O9,100
P8,5,O10,100
G5,5,O10,100
O17,5,O11,100
C8,5,O11,100
H20,5,O12,100
E14,5,O12,100
N19,5,O13,100
L19,5,O13,100
J5,5,O14,100
N13,5,O14,100
P13,5,O15,100
P11,5,O15,100
P23,5,O16,100
L19,5,O16,100
D3,5,O17,100
P17,5,O17,100
K11,5,O18,100
K6,5,O18,100
N3,5,O19,100
D3,5,O19,100
M23,5,O20,100
C19,5,O20,100
O17,5,O21,100
K3,5,O21,100
C11,5,O22,100
C19,5,O22,100
L19,5,O23,100
C19,5,O23,100
N24,6,B2,100
P23,6,B2,100
B15,6,B3,100
O10,6,B3,100
L19,6,B4,100
F7,6,B4,100
P11,6,B5,100
O18,6,B5,100
O24,6,B6,100
B4,6,B6,100
D3,6,B7,100
O18,6,B7,100
L6,6,B8,100
G8,6,B8,100
K15,6,B9,100
P11,6,B9,100
P1,6,B10,100
B4,6,B10,100
B4,6,B11,100
F17,6,B11,100
F17,6,B12,100
M12,6,B12,100
N19,6,B13,100
O18,6,B13,100
M23,6,B14,100
O21,6,B14,100
D13,6,B15,100
P17,6,B15,100
K17,6,B16,100
N13,6,B16,100
D1,6,B17,100
L24,6,B17,100
A20,6,B18,100
J22,6,B18,100
L19,6,B19,100
N10,6,B19,100
N19,6,B20,100
O21,6,B20,100
I19,6,B21,100
E24,6,B21,100
K15,6,B22,100
N24,6,B22,100
A11,6,B23,100
J22,6,B23,100
B24,6,C2,100
K6,6,C2,100
L19,6,C3,100
A11,6,C3,100
C11,6,C4,100
H20,6,C4,100
B7,6,C5,100
K6,6,C5,100
K15,6,C6,100
K11,6,C6,100
N24,6,C7,100
D20,6,C7,100
A5,6,C8,100
K17,6,C8,100
F13,6,C9,100
G8,6,C9,100
J24,6,C10,100
A5,6,C10,100
N3,6,C11,100
J5,6,C11,100
F17,6,C12,100
K17,6,C12,100
N15,6,C13,100
P14,6,C13,100
F19,6,C14,100
F13,6,C14,100
O5,6,C15,100
G5,6,C15,100
N24,6,C16,100
C19,6,C16,100
C8,6,C17,100
N15,6,C17,100
N3,6,C18,100
M12,6,C18,100
K11,6,C19,100
B24,6,C19,100
M14,6,C20,100
J2,6,C20,100
G5,6,C21,100
D3,6,C21,100
K15,6,C22,100
P14,6,C22,100
H20,6,C23,100
C20,6,C23,100
K15,6,D2,100
A19,6,D2,100
P13,6,D3,100
N3,6,D3,100
F2,6,D4,100
O10,6,D4,100
H20,6,D5,100
J22,6,D5,100
K10,6,D6,100
A6,6,D6,100
G5,6,D7,100
G5,6,D7,100
N23,6,D8,100
D7,6,D8,100
F17,6,D9,100
D7,6,D9,100
B7,6,D10,100
N21,6,D10,100
N15,6,D11,100
E24,6,D11,100
B7,6,D12,100
P16,6,D12,100
B15,6,D13,100
C19,6,D13,100
P23,6,D14,100
C20,6,D14,100
C14,6,D15,100
N13,6,D15,100
C12,6,D16,100
D3,6,D16,100
I19,6,D17,100
K3,6,D17,100
P16,6,D18,100
C19,6,D18,100
K10,6,D19,100
B15,6,D19,100
D15,6,D20,100
F13,6,D20,100
P1,6,D21,100
P23,6,D21,100
D13,6,D22,100
A11,6,D22,100
J18,6,D23,100
A11,6,D23,100
A5,6,E2,100
G8,6,E2,100
B24,6,E3,100
L11,6,E3,100
P13,6,E4,100
O18,6,E4,100
B7,6,E5,100
B7,6,E5,100
N24,6,E6,100
B15,6,E6,100
L24,6,E7,100
O21,6,E7,100
D11,6,E8,100
N15,6,E8,100
P8,6,E9,100
M23,6,E9,100
N21,6,E10,100
K8,6,E10,100
G5,6,E11,100
C14,6,E11,100
M15,6,E12,100
B12,6,E12,100
C8,6,E13,100
L19,6,E13,100
D1,6,E14,100
P13,6,E14,100
D11,6,E15,100
P17,6,E15,100
A20,6,E16,100
C20,6,E16,100
L24,6,E17,100
C19,6,E17,100
I19,6,E18,100
A19,6,E18,100
K6,6,E19,100
F7,6,E19,100
P11,6,E20,100
P16,6,E20,100
G17,6,E21,100
J22,6,E21,100
K15,6,E22,100
C8,6,E22,100
F7,6,E23,100
A11,6,E23,100
F17,6,F2,100
E3,6,F2,100
K17,6,F3,100
J22,6,F3,100
D11,6,F4,100
O18,6,F4,100
C11,6,F5,100
P20,6,F5,100
D7,6,F6,100
J2,6,F6,100
N10,6,F7,100
P16,6,F7,100
N19,6,F8,100
D20,6,F8,100
J24,6,F9,100
F17,6,F9,100
B15,6,F10,100
L19,6,F10,100
J24,6,F11,100
D20,6,F11,100
P23,6,F12,100
A11,6,F12,100
C12,6,F13,100
E14,6,F13,100
K15,6,F14,100
D1,6,F14,100
K15,6,F15,100
P20,6,F15,100
K17,6,F16,100
N15,6,F16,100
P1,6,F17,100
M23,6,F17,100
N24,6,F18,100
A20,6,F18,100
D1,6,F19,100
C14,6,F19,100
P23,6,F20,100
E24,6,F20,100
N3,6,F21,100
C11,6,F21,100
C12,6,F22,100
F7,6,F22,100
D6,6,F23,100
L11,6,F23,100
N23,6,G2,100
L23,6,G2,100
M15,6,G3,100
C12,6,G3,100
B15,6,G4,100
K2,6,G4,100
P20,6,G5,100
P20,6,G5,100
J18,6,G6,100
J22,6,G6,100
C3,6,G7,100
D11,6,G7,100
C11,6,G8,100
A19,6,G8,100
O5,6,G9,100
K6,6,G9,100
P20,6,G10,100
F13,6,G10,100
M12,6,G11,100
N15,6,G11,100
F17,6,G12,100
C20,6,G12,100
E14,6,G13,100
J2,6,G13,100
O24,6,G14,100
N23,6,G14,100
N24,6,G15,100
P14,6,G15,100
K15,6,G16,100
N15,6,G16,100
C15,6,G17,100
O18,6,G17,100
D11,6,G18,100
N13,6,G18,100
L19,6,G19,100
G8,6,G19,100
K8,6,G20,100
J22,6,G20,100
K11,6,G21,100
B12,6,G21,100
F17,6,G22,100
J5,6,G22,100
D20,6,G23,100
P13,6,G23,100
L23,6,H2,100
L23,6,H2,100
B24,6,H3,100
A6,6,H3,100
N3,6,H4,100
P14,6,H4,100
D1,6,H5,100
K8,6,H5,100
K15,6,H6,100
L6,6,H6,100
N19,6,H7,100
O24,6,H7,100
K6,6,H8,100
L24,6,H8,100
F19,6,H9,100
L19,6,H9,100
P20,6,H10,100
D11,6,H10,100
E14,6,H11,100
D13,6,H11,100
F19,6,H12,100
D13,6,H12,100
P1,6,H13,100
O21,6,H13,100
E3,6,H14,100
O21,6,H14,100
N13,6,H15,100
J2,6,H15,100
D15,6,H16,100
L11,6,H16,100
M23,6,H17,100
G8,6,H17,100
L6,6,H18,100
D3,6,H18,100
N19,6,H19,100
G5,6,H19,100
B12,6,H20,100
D3,6,H20,100
C11,6,H21,100
K8,6,H21,100
N24,6,H22,100
C20,6,H22,100
K10,6,H23,100
O21,6,H23,100
G5,6,I2,100
O21,6,I2,100
A19,6,I3,100
M15,6,I3,100
O5,6,I4,100
F17,6,I4,100
L23,6,I5,100
B4,6,I5,100
D1,6,I6,100
M12,6,I6,100
D15,6,I7,100
K2,6,I7,100
B24,6,I8,100
F19,6,I8,100
F17,6,I9,100
O10,6,I9,100
D1,6,I10,100
E3,6,I10,100
M23,6,I11,100
M14,6,I11,100
D20,6,I12,100
B4,6,I12,100
K8,6,I13,100
F16,6,I13,100
K3,6,I14,100
M12,6,I14,100
D7,6,I15,100
O21,6,I15,100
P1,6,I16,100
H20,6,I16,100
H20,6,I17,100
P11,6,I17,100
E3,6,I18,100
E14,6,I18,100
K15,6,I19,100
P8,6,I19,100
M23,6,I20,100
E24,6,I20,100
B12,6,I21,100
K8,6,I21,100
K3,6,I22,100
G8,6,I22,100
J18,6,I23,100
O5,6,I23,100
D20,6,J2,100
N3,6,J2,100
N23,6,J3,100
K8,6,J3,100
K3,6,J4,100
J5,6,J4,100
N23,6,J5,100
C8,6,J5,100
C3,6,J6,100
P11,6,J6,100
F19,6,J7,100
D13,6,J7,100
G17,6,J8,100
D15,6,J8,100
B4,6,J9,100
N14,6,J9,100
C11,6,J10,100
M15,6,J10,100
C8,6,J11,100
O21,6,J11,100
G17,6,J12,100
J5,6,J12,100
N21,6,J13,100
M12,6,J13,100
P20,6,J14,100
L11,6,J14,100
C19,6,J15,100
A6,6,J15,100
P13,6,J16,100
M15,6,J16,100
M15,6,J17,100
E14,6,J17,100
L24,6,J18,100
C12,6,J18,100
P16,6,J19,100
C12,6,J19,100
O24,6,J20,100
C15,6,J20,100
F7,6,J21,100
G8,6,J21,100
N23,6,J22,100
L23,6,J22,100
L23,6,J23,100
G8,6,J23,100
K17,6,K2,100
D7,6,K2,100
D11,6,K3,100
F7,6,K3,100
K6,6,K4,100
G8,6,K4,100
K10,6,K5,100
O21,6,K5,100
F13,6,K6,100
F16,6,K6,100
F17,6,K7,100
C15,6,K7,100
F17,6,K8,100
L19,6,K8,100
B4,6,K9,100
O10,6,K9,100
P11,6,K10,100
P16,6,K10,100
M23,6,K11,100
N10,6,K11,100
K11,6,K12,100
D7,6,K12,100
N23,6,K13,100
G5,6,K13,100
C3,6,K14,100
C14,6,K14,100
B4,6,K15,100
C15,6,K15,100
A20,6,K16,100
N14,6,K16,100
N24,6,K17,100
K2,6,K17,100
K15,6,K18,100
F13,6,K18,100
M12,6,K19,100
M14,6,K19,100
P1,6,K20,100
C8,6,K20,100
K8,6,K21,100
N13,6,K21,100
N21,6,K22,100
G5,6,K22,100
K11,6,K23,100
D20,6,K23,100
G17,6,L2,100
D1,6,L2,100
J24,6,L3,100
F16,6,L3,100
I19,6,L4,100
F2,6,L4,100
K15,6,L5,100
H20,6,L5,100
O7,6,L6,100
F13,6,L6,100
F2,6,L7,100
C19,6,L7,100
J18,6,L8,100
F13,6,L8,100
B24,6,L9,100
P23,6,L9,100
L6,6,L10,100
F19,6,L10,100
N21,6,L11,100
C12,6,L11,100
K3,6,L12,100
P16,6,L12,100
M12,6,L13,100
N14,6,L13,100
D7,6,L14,100
N13,6,L14,100
D6,6,L15,100
F17,6,L15,100
K3,6,L16,100
K6,6,L16,100
F2,6,L17,100
K6,6,L17,100
I19,6,L18,100
P23,6,L18,100
J24,6,L19,100
C19,6,L19,100
K6,6,L20,100
P14,6,L20,100
K11,6,L21,100
N3,6,L21,100
B15,6,L22,100
G5,6,L22,100
L19,6,L23,100
L11,6,L23,100
O7,6,M2,100
M12,6,M2,100
B15,6,M3,100
F13,6,M3,100
P23,6,M4,100
H20,6,M4,100
N3,6,M5,100
C15,6,M5,100
F17,6,M6,100
F16,6,M6,100
N23,6,M7,100
K3,6,M7,100
P20,6,M8,100
K2,6,M8,100
D6,6,M9,100
J18,6,M9,100
O24,6,M10,100
L24,6,M10,100
B7,6,M11,100
A6,6,M11,100
C15,6,M12,100
K2,6,M12,100
B15,6,M13,100
P16,6,M13,100
J24,6,M14,100
I19,6,M14,100
N23,6,M15,100
P8,6,M15,100
N24,6,M16,100
D11,6,M16,100
J24,6,M17,100
A6,6,M17,100
C12,6,M18,100
M14,6,M18,100
O7,6,M19,100
E3,6,M19,100
K15,6,M20,100
G5,6,M20,100
N23,6,M21,100
P23,6,M21,100
H20,6,M22,100
M12,6,M22,100
A19,6,M23,100
D13,6,M23,100
F2,6,N2,100
M23,6,N2,100
O18,6,N3,100
J2,6,N3,100
N24,6,N4,100
B7,6,N4,100
P11,6,N5,100
D15,6,N5,100
P13,6,N6,100
N21,6,N6,100
B12,6,N7,100
D11,6,N7,100
K10,6,N8,100
E3,6,N8,100
N19,6,N9,100
A11,6,N9,100
C12,6,N10,100
K2,6,N10,100
N19,6,N11,100
B7,6,N11,100
B12,6,N12,100
N14,6,N12,100
K15,6,N13,100
A11,6,N13,100
C12,6,N14,100
K2,6,N14,100
B24,6,N15,100
K6,6,N15,100
C12,6,N16,100
N14,6,N16,100
N23,6,N17,100
C14,6,N17,100
P13,6,N18,100
F19,6,N18,100
D1,6,N19,100
M15,6,N19,100
D1,6,N20,100
C19,6,N20,100
C12,6,N21,100
N14,6,N21,100
D7,6,N22,100
F7,6,N22,100
G17,6,N23,100
E24,6,N23,100
A5,6,O2,100
F13,6,O2,100
P16,6,O3,100
C19,6,O3,100
P13,6,O4,100
E14,6,O4,100
N24,6,O5,100
F17,6,O5,100
N24,6,O6,100
K11,6,O6,100
N14,6,O7,100
E14,6,O7,100
B4,6,O8,100
E14,6,O8,100
N24,6,O9,100
P20,6,O9,100
O5,6,O10,100
N21,6,O10,100
B15,6,O11,100
P14,6,O11,100
C8,6,O12,100
K2,6,O12,100
P23,6,O13,100
C19,6,O13,100
P13,6,O14,100
C14,6,O14,100
D20,6,O15,100
D11,6,O15,100
J22,6,O16,100
J22,6,O16,100
K17,6,O17,100
P17,6,O17,100
N19,6,O18,100
B12,6,O18,100
J18,6,O19,100
L24,6,O19,100
B24,6,O20,100
C12,6,O20,100
K15,6,O21,100
B4,6,O21,100
I19,6,O22,100
L11,6,O22,100
D1,6,O23,100
O21,6,O23,100
A20,7,B2,100
D11,7,B2,100
L19,7,B3,100
M14,7,B3,100
K15,7,B4,100
A6,7,B4,100
D15,7,B5,100
N15,7,B5,100
K11,7,B6,100
E3,7,B6,100
G17,7,B7,100
G5,7,B7,100
B4,7,B8,100
F7,7,B8,100
O5,7,B9,100
A11,7,B9,100
C20,7,B10,100
O21,7,B10,100
D6,7,B11,100
O17,7,B11,100
O21,7,B12,100
O10,7,B12,100
P1,7,B13,100
F17,7,B13,100
N3,7,B14,100
D15,7,B14,100
G5,7,B15,100
D13,7,B15,100
C3,7,B16,100
L19,7,B16,100
D20,7,B17,100
L24,7,B17,100
P1,7,B18,100
F13,7,B18,100
P23,7,B19,100
M14,7,B19,100
F17,7,B20,100
H20,7,B20,100
N23,7,B21,100
L6,7,B21,100
I19,7,B22,100
N15,7,B22,100
B7,7,B23,100
P20,7,B23,100
E3,7,C2,100
N14,7,C2,100
E3,7,C3,100
E14,7,C3,100
B4,7,C4,100
D15,7,C4,100
D20,7,C5,100
L24,7,C5,100
M23,7,C6,100
O21,7,C6,100
C8,7,C7,100
J22,7,C7,100
J24,7,C8,100
L19,7,C8,100
E14,7,C9,100
P17,7,C9,100
F16,7,C10,100
P17,7,C10,100
N19,7,C11,100
M23,7,C11,100
L19,7,C12,100
O18,7,C12,100
O7,7,C13,100
C20,7,C13,100
C12,7,C14,100
F13,7,C14,100
L19,7,C15,100
N15,7,C15,100
N24,7,C16,100
N15,7,C16,100
J22,7,C17,100
P17,7,C17,100
P8,7,C18,100
K3,7,C18,100
D7,7,C19,100
L11,7,C19,100
K10,7,C20,100
A19,7,C20,100
K6,7,C21,100
B12,7,C21,100
N23,7,C22,100
C3,7,C22,100
D13,7,C23,100
G8,7,C23,100
A5,7,D2,100
N13,7,D2,100
B12,7,D3,100
P16,7,D3,100
C3,7,D4,100
O10,7,D4,100
K10,7,D5,100
F16,7,D5,100
L6,7,D6,100
O18,7,D6,100
G17,7,D7,100
M15,7,D7,100
B24,7,D8,100
B12,7,D8,100
K10,7,D9,100
L19,7,D9,100
D6,7,D10,100
L11,7,D10,100
D15,7,D11,100
G8,7,D11,100
K17,7,D12,100
D11,7,D12,100
F2,7,D13,100
P16,7,D13,100
L23,7,D14,100
N15,7,D14,100
K6,7,D15,100
C11,7,D15,100
M23,7,D16,100
A19,7,D16,100
O7,7,D17,100
C3,7,D17,100
B24,7,D18,100
M14,7,D18,100
D11,7,D19,100
K2,7,D19,100
F17,7,D20,100
K3,7,D20,100
M12,7,D21,100
D15,7,D21,100
D1,7,D22,100
N14,7,D22,100
B24,7,D23,100
A19,7,D23,100
K15,7,E2,100
N14,7,E2,100
L6,7,E3,100
D1,7,E3,100
N24,7,E4,100
C14,7,E4,100
N13,7,E5,100
N13,7,E5,100
N21,7,E6,100
B15,7,E6,100
P11,7,E7,100
D15,7,E7,100
N24,7,E8,100
K10,7,E8,100
F16,7,E9,100
D13,7,E9,100
O24,7,E10,100
L24,7,E10,100
D1,7,E11,100
D13,7,E11,100
K15,7,E12,100
D7,7,E12,100
L23,7,E13,100
H20,7,E13,100
L24,7,E14,100
O10,7,E14,100
M12,7,E15,100
D7,7,E15,100
C3,7,E16,100
O18,7,E16,100
P13,7,E17,100
N14,7,E17,100
N19,7,E18,100
F17,7,E18,100
K10,7,E19,100
L24,7,E19,100
P14,7,E20,100
J22,7,E20,100
K11,7,E21,100
A19,7,E21,100
C14,7,E22,100
J2,7,E22,100
F19,7,E23,100
C19,7,E23,100
B7,7,F2,100
J2,7,F2,100
B15,7,F3,100
F16,7,F3,100
C3,7,F4,100
F13,7,F4,100
D20,7,F5,100
N14,7,F5,100
O17,7,F6,100
F16,7,F6,100
O7,7,F7,100
L11,7,F7,100
P13,7,F8,100
A11,7,F8,100
L6,7,F9,100
F13,7,F9,100
C14,7,F10,100
A11,7,F10,100
L23,7,F11,100
P14,7,F11,100
C12,7,F12,100
N13,7,F12,100
J22,7,F13,100
J2,7,F13,100
D13,7,F14,100
A11,7,F14,100
K11,7,F15,100
G17,7,F15,100
C14,7,F16,100
K2,7,F16,100
K10,7,F17,100
C3,7,F17,100
C19,7,F18,100
N13,7,F18,100
O5,7,F19,100
C15,7,F19,100
P16,7,F20,100
G8,7,F20,100
L24,7,F21,100
D13,7,F21,100
G17,7,F22,100
N10,7,F22,100
N19,7,F23,100
A5,7,F23,100
N24,7,G2,100
K6,7,G2,100
C8,7,G3,100
F7,7,G3,100
G8,7,G4,100
P17,7,G4,100
F2,7,G5,100
J22,7,G5,100
J24,7,G6,100
B15,7,G6,100
K15,7,G7,100
N24,7,G7,100
N14,7,G8,100
P17,7,G8,100
C8,7,G9,100
J2,7,G9,100
H20,7,G10,100
D11,7,G10,100
C8,7,G11,100
M14,7,G11,100
M14,7,G12,100
J5,7,G12,100
B24,7,G13,100
N13,7,G13,100
C3,7,G14,100
P20,7,G14,100
A20,7,G15,100
N15,7,G15,100
M23,7,G16,100
F17,7,G16,100
O18,7,G17,100
J5,7,G17,100
F2,7,G18,100
F13,7,G18,100
L23,7,G19,100
C12,7,G19,100
N10,7,G20,100
C20,7,G20,100
B24,7,G21,100
A20,7,G21,100
O17,7,G22,100
A11,7,G22,100
N3,7,G23,100
A6,7,G23,100
D20,7,H2,100
P20,7,H2,100
C11,7,H3,100
K2,7,H3,100
M23,7,H4,100
M15,7,H4,100
G17,7,H5,100
K8,7,H5,100
C11,7,H6,100
P17,7,H6,100
P11,7,H7,100
O10,7,H7,100
A5,7,H8,100
N15,7,H8,100
P14,7,H9,100
O18,7,H9,100
D6,7,H10,100
J22,7,H10,100
F19,7,H11,100
F7,7,H11,100
O24,7,H12,100
P20,7,H12,100
P11,7,H13,100
P17,7,H13,100
L24,7,H14,100
C15,7,H14,100
D6,7,H15,100
F2,7,H15,100
P16,7,H16,100
M14,7,H16,100
B7,7,H17,100
N21,7,H17,100
A5,7,H18,100
M12,7,H18,100
K3,7,H19,100
L24,7,H19,100
J24,7,H20,100
O24,7,H20,100
K6,7,H21,100
D13,7,H21,100
C19,7,H22,100
N13,7,H22,100
N10,7,H23,100
O10,7,H23,100
K3,7,I2,100
C19,7,I2,100
O24,7,I3,100
D7,7,I3,100
J24,7,I4,100
K8,7,I4,100
P20,7,I5,100
C19,7,I5,100
B12,7,I6,100
N14,7,I6,100
F2,7,I7,100
C3,7,I7,100
O5,7,I8,100
A6,7,I8,100
C20,7,I9,100
L11,7,I9,100
O5,7,I10,100
P16,7,I10,100
D11,7,I11,100
F13,7,I11,100
J24,7,I12,100
G17,7,I12,100
N15,7,I13,100
C14,7,I13,100
L23,7,I14,100
A20,7,I14,100
L24,7,I15,100
F7,7,I15,100
P20,7,I16,100
P17,7,I16,100
B4,7,I17,100
L24,7,I17,100
L19,7,I18,100
G5,7,I18,100
P13,7,I19,100
P16,7,I19,100
B7,7,I20,100
F13,7,I20,100
M23,7,I21,100
N21,7,I21,100
E3,7,I22,100
A11,7,I22,100
N21,7,I23,100
F7,7,I23,100
P17,7,J2,100
J2,7,J2,100
O17,7,J3,100
G8,7,J3,100
B7,7,J4,100
O18,7,J4,100
E3,7,J5,100
B15,7,J5,100
I19,7,J6,100
D15,7,J6,100
B4,7,J7,100
P14,7,J7,100
B4,7,J8,100
A20,7,J8,100
K17,7,J9,100
L11,7,J9,100
N23,7,J10,100
L19,7,J10,100
K11,7,J11,100
P11,7,J11,100
K10,7,J12,100
D20,7,J12,100
F17,7,J13,100
D13,7,J13,100
D11,7,J14,100
N13,7,J14,100
D1,7,J15,100
M23,7,J15,100
A5,7,J16,100
K8,7,J16,100
N19,7,J17,100
P20,7,J17,100
N24,7,J18,100
D3,7,J18,100
C8,7,J19,100
B15,7,J19,100
D20,7,J20,100
C20,7,J20,100
P8,7,J21,100
P17,7,J21,100
A5,7,J22,100
P8,7,J22,100
K15,7,J23,100
K6,7,J23,100
B24,7,K2,100
O10,7,K2,100
F2,7,K3,100
P8,7,K3,100
M15,7,K4,100
D11,7,K4,100
O5,7,K5,100
P14,7,K5,100
N19,7,K6,100
G8,7,K6,100
N19,7,K7,100
K6,7,K7,100
C19,7,K8,100
A6,7,K8,100
K3,7,K9,100
F16,7,K9,100
L24,7,K10,100
G8,7,K10,100
D1,7,K11,100
D11,7,K11,100
L19,7,K12,100
M12,7,K12,100
G5,7,K13,100
M14,7,K13,100
K15,7,K14,100
A6,7,K14,100
O24,7,K15,100
C3,7,K15,100
N21,7,K16,100
N15,7,K16,100
G17,7,K17,100
E24,7,K17,100
K15,7,K18,100
C15,7,K18,100
D1,7,K19,100
D15,7,K19,100
B24,7,K20,100
N21,7,K20,100
M12,7,K21,100
J22,7,K21,100
F2,7,K22,100
B4,7,K22,100
D20,7,K23,100
M15,7,K23,100
P20,7,L2,100
L24,7,L2,100
B7,7,L3,100
F7,7,L3,100
P11,7,L4,100
C19,7,L4,100
C8,7,L5,100
P13,7,L5,100
L24,7,L6,100
D3,7,L6,100
P1,7,L7,100
C12,7,L7,100
N15,7,L8,100
F13,7,L8,100
K15,7,L9,100
O24,7,L9,100
K6,7,L10,100
C11,7,L10,100
C3,7,L11,100
A19,7,L11,100
D6,7,L12,100
L19,7,L12,100
N21,7,L13,100
N10,7,L13,100
N14,7,L14,100
P14,7,L14,100
C8,7,L15,100
D3,7,L15,100
N14,7,L16,100
N13,7,L16,100
N23,7,L17,100
K2,7,L17,100
H20,7,L18,100
F13,7,L18,100
L19,7,L19,100
C12,7,L19,100
N23,7,L20,100
M23,7,L20,100
D1,7,L21,100
O18,7,L21,100
K15,7,L22,100
O17,7,L22,100
K10,7,L23,100
M23,7,L23,100
A19,7,M2,100
J2,7,M2,100
L19,7,M3,100
C14,7,M3,100
C20,7,M4,100
E14,7,M4,100
P8,7,M5,100
N14,7,M5,100
J24,7,M6,100
A20,7,M6,100
P13,7,M7,100
F16,7,M7,100
B15,7,M8,100
M14,7,M8,100
A19,7,M9,100
K2,7,M9,100
N10,7,M10,100
G8,7,M10,100
O5,7,M11,100
L19,7,M11,100
B24,7,M12,100
B24,7,M12,100
B24,7,M13,100
C15,7,M13,100
J18,7,M14,100
C8,7,M14,100
D20,7,M15,100
D7,7,M15,100
K17,7,M16,100
N21,7,M16,100
L23,7,M17,100
F17,7,M17,100
O24,7,M18,100
F17,7,M18,100
A19,7,M19,100
F16,7,M19,100
L19,7,M20,100
P16,7,M20,100
F19,7,M21,100
M12,7,M21,100
O24,7,M22,100
N21,7,M22,100
N14,7,M23,100
O21,7,M23,100
P20,7,N2,100
P14,7,N2,100
O5,7,N3,100
C8,7,N3,100
K6,7,N4,100
C19,7,N4,100
J24,7,N5,100
B24,7,N5,100
F13,7,N6,100
C14,7,N6,100
K15,7,N7,100
N10,7,N7,100
N24,7,N8,100
G8,7,N8,100
C3,7,N9,100
N13,7,N9,100
D3,7,N10,100
L11,7,N10,100
B24,7,N11,100
L23,7,N11,100
M15,7,N12,100
O10,7,N12,100
P16,7,N13,100
C15,7,N13,100
D20,7,N14,100
C14,7,N14,100
B7,7,N15,100
D15,7,N15,100
L23,7,N16,100
B12,7,N16,100
A5,7,N17,100
D15,7,N17,100
D7,7,N18,100
E24,7,N18,100
B24,7,N19,100
O7,7,N19,100
P8,7,N20,100
A11,7,N20,100
J22,7,N21,100
K2,7,N21,100
P13,7,N22,100
M14,7,N22,100
P13,7,N23,100
G8,7,N23,100
P11,7,O2,100
C14,7,O2,100
D7,7,O3,100
F16,7,O3,100
K10,7,O4,100
P20,7,O4,100
E3,7,O5,100
L24,7,O5,100
C20,7,O6,100
F7,7,O6,100
K17,7,O7,100
D3,7,O7,100
O7,7,O8,100
J5,7,O8,100
M14,7,O9,100
K2,7,O9,100
C19,7,O10,100
K2,7,O10,100
J18,7,O11,100
D1,7,O11,100
C3,7,O12,100
N15,7,O12,100
O24,7,O13,100
J22,7,O13,100
L24,7,O14,100
M14,7,O14,100
C3,7,O15,100
H20,7,O15,100
P20,7,O16,100
A11,7,O16,100
P14,7,O17,100
K2,7,O17,100
B24,7,O18,100
F13,7,O18,100
L23,7,O19,100
M12,7,O19,100
B4,7,O20,100
P20,7,O20,100
O7,7,O21,100
K3,7,O21,100
A5,7,O22,100
O10,7,O22,100
O17,7,O23,100
G8,7,O23,100
A19,8,B2,100
G5,8,B2,100
K11,8,B3,100
N14,8,B3,100
C3,8,B4,100
L11,8,B4,100
D7,8,B5,100
C15,8,B5,100
M23,8,B6,100
D3,8,B6,100
B7,8,B7,100
L11,8,B7,100
B4,8,B8,100
M15,8,B8,100
K15,8,B9,100
L6,8,B9,100
O7,8,B10,100
A20,8,B10,100
O21,8,B11,100
J22,8,B11,100
H20,8,B12,100
L19,8,B12,100
A6,8,B13,100
A11,8,B13,100
D6,8,B14,100
G8,8,B14,100
L23,8,B15,100
J22,8,B15,100
O17,8,B16,100
N3,8,B16,100
N15,8,B17,100
E14,8,B17,100
D11,8,B18,100
O21,8,B18,100
L6,8,B19,100
O18,8,B19,100
B7,8,B20,100
D11,8,B20,100
N15,8,B21,100
J5,8,B21,100
K10,8,B22,100
C20,8,B22,100
O17,8,B23,100
J2,8,B23,100
O7,8,C2,100
C12,8,C2,100
D13,8,C3,100
M14,8,C3,100
D20,8,C4,100
P8,8,C4,100
G17,8,C5,100
J2,8,C5,100
L23,8,C6,100
C3,8,C6,100
K11,8,C7,100
K8,8,C7,100
M23,8,C8,100
C15,8,C8,100
P23,8,C9,100
G17,8,C9,100
D6,8,C10,100
D15,8,C10,100
G17,8,C11,100
D15,8,C11,100
K17,8,C12,100
J5,8,C12,100
B24,8,C13,100
D11,8,C13,100
O7,8,C14,100
M14,8,C14,100
B24,8,C15,100
B7,8,C15,100
G17,8,C16,100
L24,8,C16,100
A5,8,C17,100
N10,8,C17,100
E3,8,C18,100
J22,8,C18,100
K15,8,C19,100
L24,8,C19,100
B4,8,C20,100
P13,8,C20,100
K10,8,C21,100
K6,8,C21,100
E3,8,C22,100
P17,8,C22,100
O5,8,C23,100
C14,8,C23,100
P8,8,D2,100
N15,8,D2,100
O24,8,D3,100
P11,8,D3,100
M12,8,D4,100
G5,8,D4,100
B4,8,D5,100
G5,8,D5,100
I19,8,D6,100
F17,8,D6,100
O10,8,D7,100
J5,8,D7,100
P20,8,D8,100
D15,8,D8,100
C8,8,D9,100
P13,8,D9,100
F2,8,D10,100
H20,8,D10,100
M23,8,D11,100
O18,8,D11,100
I19,8,D12,100
C12,8,D12,100
K6,8,D13,100
C12,8,D13,100
J18,8,D14,100
H20,8,D14,100
K17,8,D15,100
D7,8,D15,100
O7,8,D16,100
M12,8,D16,100
N19,8,D17,100
F7,8,D17,100
N24,8,D18,100
N24,8,D18,100
F16,8,D19,100
D13,8,D19,100
D1,8,D20,100
P11,8,D20,100
I19,8,D21,100
L6,8,D21,100
P1,8,D22,100
D15,8,D22,100
K17,8,D23,100
F13,8,D23,100
B4,8,E2,100
C12,8,E2,100
D1,8,E3,100
P11,8,E3,100
P23,8,E4,100
P8,8,E4,100
D1,8,E5,100
E24,8,E5,100
K6,8,E6,100
E24,8,E6,100
P23,8,E7,100
A20,8,E7,100
K11,8,E8,100
C8,8,E8,100
F7,8,E9,100
P14,8,E9,100
N19,8,E10,100
K11,8,E10,100
C20,8,E11,100
J22,8,E11,100
F16,8,E12,100
O10,8,E12,100
G17,8,E13,100
C3,8,E13,100
L6,8,E14,100
D15,8,E14,100
O5,8,E15,100
D11,8,E15,100
H20,8,E16,100
L11,8,E16,100
J24,8,E17,100
E3,8,E17,100
K10,8,E18,100
C11,8,E18,100
K3,8,E19,100
J2,8,E19,100
P8,8,E20,100
K6,8,E20,100
N3,8,E21,100
M14,8,E21,100
K6,8,E22,100
C14,8,E22,100
P14,8,E23,100
G8,8,E23,100
K2,8,F2,100
J5,8,F2,100
C15,8,F3,100
P17,8,F3,100
P1,8,F4,100
C20,8,F4,100
K3,8,F5,100
L11,8,F5,100
O10,8,F6,100
P17,8,F6,100
J18,8,F7,100
L11,8,F7,100
C20,8,F8,100
C14,8,F8,100
N24,8,F9,100
E3,8,F9,100
G17,8,F10,100
K2,8,F10,100
M23,8,F11,100
K3,8,F11,100
P11,8,F12,100
O21,8,F12,100
K11,8,F13,100
P1,8,F13,100
M12,8,F14,100
F7,8,F14,100
D3,8,F15,100
N13,8,F15,100
N23,8,F16,100
C3,8,F16,100
B15,8,F17,100
P20,8,F17,100
L6,8,F18,100
E3,8,F18,100
O17,8,F19,100
O18,8,F19,100
I19,8,F20,100
M12,8,F20,100
A19,8,F21,100
K2,8,F21,100
D1,8,F22,100
C20,8,F22,100
O21,8,F23,100
A11,8,F23,100
N15,8,G2,100
J5,8,G2,100
O17,8,G3,100
C8,8,G3,100
P1,8,G4,100
L24,8,G4,100
B15,8,G5,100
J22,8,G5,100
N21,8,G6,100
C15,8,G6,100
M14,8,G7,100
O18,8,G7,100
K10,8,G8,100
G17,8,G8,100
B24,8,G9,100
E3,8,G9,100
P1,8,G10,100
F19,8,G10,100
B12,8,G11,100
N13,8,G11,100
K11,8,G12,100
K10,8,G12,100
C8,8,G13,100
N21,8,G13,100
D15,8,G14,100
L24,8,G14,100
C12,8,G15,100
D13,8,G15,100
O24,8,G16,100
B12,8,G16,100
P1,8,G17,100
D11,8,G17,100
C8,8,G18,100
M15,8,G18,100
J18,8,G19,100
P11,8,G19,100
K3,8,G20,100
D3,8,G20,100
C20,8,G21,100
L24,8,G21,100
M23,8,G22,100
N13,8,G22,100
J24,8,G23,100
C15,8,G23,100
B7,8,H2,100
C8,8,H2,100
K10,8,H3,100
N15,8,H3,100
B15,8,H4,100
C14,8,H4,100
N14,8,H5,100
O18,8,H5,100
N3,8,H6,100
A19,8,H6,100
F2,8,H7,100
J2,8,H7,100
P16,8,H8,100
O10,8,H8,100
P1,8,H9,100
L23,8,H9,100
B7,8,H10,100
F19,8,H10,100
N23,8,H11,100
F16,8,H11,100
M23,8,H12,100
C20,8,H12,100
P1,8,H13,100
G5,8,H13,100
P11,8,H14,100
B15,8,H14,100
F2,8,H15,100
D1,8,H15,100
P23,8,H16,100
M15,8,H16,100
M23,8,H17,100
L24,8,H17,100
N19,8,H18,100
P23,8,H18,100
L19,8,H19,100
K2,8,H19,100
P8,8,H20,100
J5,8,H20,100
K15,8,H21,100
C14,8,H21,100
D6,8,H22,100
C14,8,H22,100
K17,8,H23,100
C15,8,H23,100
B15,8,I2,100
C12,8,I2,100
C11,8,I3,100
N10,8,I3,100
D1,8,I4,100
K3,8,I4,100
P1,8,I5,100
E24,8,I5,100
M23,8,I6,100
A19,8,I6,100
O24,8,I7,100
N10,8,I7,100
B4,8,I8,100
D13,8,I8,100
K15,8,I9,100
E24,8,I9,100
L19,8,I10,100
N14,8,I10,100
J24,8,I11,100
J18,8,I11,100
N21,8,I12,100
C20,8,I12,100
D20,8,I13,100
C15,8,I13,100
B24,8,I14,100
E14,8,I14,100
B12,8,I15,100
J22,8,I15,100
I19,8,I16,100
P14,8,I16,100
O7,8,I17,100
J18,8,I17,100
M23,8,I18,100
M12,8,I18,100
E3,8,I19,100
F16,8,I19,100
H20,8,I20,100
L24,8,I20,100
K10,8,I21,100
N14,8,I21,100
G17,8,I22,100
P11,8,I22,100
L6,8,I23,100
C14,8,I23,100
G5,8,J2,100
K8,8,J2,100
D1,8,J3,100
K17,8,J3,100
N23,8,J4,100
M12,8,J4,100
O5,8,J5,100
J22,8,J5,100
M12,8,J6,100
O18,8,J6,100
D6,8,J7,100
K6,8,J7,100
N24,8,J8,100
I19,8,J8,100
P1,8,J9,100
J18,8,J9,100
K15,8,J10,100
G17,8,J10,100
C3,8,J11,100
A6,8,J11,100
A20,8,J12,100
E24,8,J12,100
N19,8,J13,100
N14,8,J13,100
A19,8,J14,100
N10,8,J14,100
C19,8,J15,100
D11,8,J15,100
D20,8,J16,100
M14,8,J16,100
O7,8,J17,100
N15,8,J17,100
C20,8,J18,100
E14,8,J18,100
K15,8,J19,100
N19,8,J19,100
J18,8,J20,100
J18,8,J20,100
K15,8,J21,100
J18,8,J21,100
M23,8,J22,100
L19,8,J22,100
J24,8,J23,100
C12,8,J23,100
N19,8,K2,100
P13,8,K2,100
K10,8,K3,100
M15,8,K3,100
N24,8,K4,100
N23,8,K4,100
C12,8,K5,100
N15,8,K5,100
D20,8,K6,100
J2,8,K6,100
N19,8,K7,100
E3,8,K7,100
N19,8,K8,100
D11,8,K8,100
C19,8,K9,100
J22,8,K9,100
B12,8,K10,100
D15,8,K10,100
P8,8,K11,100
G8,8,K11,100
N14,8,K12,100
A11,8,K12,100
A5,8,K13,100
B7,8,K13,100
O5,8,K14,100
F7,8,K14,100
D13,8,K15,100
K2,8,K15,100
K17,8,K16,100
O18,8,K16,100
F2,8,K17,100
N13,8,K17,100
D6,8,K18,100
P11,8,K18,100
N3,8,K19,100
O21,8,K19,100
N14,8,K20,100
F7,8,K20,100
P23,8,K21,100
B4,8,K21,100
N15,8,K22,100
A6,8,K22,100
E3,8,K23,100
M15,8,K23,100
J24,8,L2,100
E14,8,L2,100
B7,8,L3,100
D7,8,L3,100
N23,8,L4,100
F2,8,L4,100
C15,8,L5,100
M14,8,L5,100
C8,8,L6,100
E3,8,L6,100
C20,8,L7,100
K2,8,L7,100
O24,8,L8,100
E14,8,L8,100
B4,8,L9,100
A6,8,L9,100
F17,8,L10,100
K6,8,L10,100
O17,8,L11,100
K8,8,L11,100
J24,8,L12,100
K8,8,L12,100
D1,8,L13,100
C3,8,L13,100
B15,8,L14,100
F7,8,L14,100
P11,8,L15,100
J2,8,L15,100
N3,8,L16,100
B15,8,L16,100
L6,8,L17,100
K6,8,L17,100
B7,8,L18,100
C20,8,L18,100
N3,8,L19,100
G5,8,L19,100
C15,8,L20,100
D3,8,L20,100
K15,8,L21,100
J2,8,L21,100
L23,8,L22,100
F16,8,L22,100
C8,8,L23,100
L11,8,L23,100
B12,8,M2,100
A11,8,M2,100
F17,8,M3,100
M14,8,M3,100
I19,8,M4,100
O7,8,M4,100
C14,8,M5,100
P14,8,M5,100
O7,8,M6,100
H20,8,M6,100
B24,8,M7,100
J22,8,M7,100
F17,8,M8,100
O18,8,M8,100
F16,8,M9,100
L11,8,M9,100
D20,8,M10,100
F17,8,M10,100
F2,8,M11,100
L6,8,M11,100
P8,8,M12,100
A19,8,M12,100
K3,8,M13,100
N14,8,M13,100
A19,8,M14,100
A6,8,M14,100
P20,8,M15,100
N14,8,M15,100
F2,8,M16,100
C14,8,M16,100
P1,8,M17,100
A20,8,M17,100
L24,8,M18,100
C14,8,M18,100
F2,8,M19,100
B4,8,M19,100
A19,8,M20,100
P14,8,M20,100
B15,8,M21,100
C20,8,M21,100
D20,8,M22,100
P11,8,M22,100
O24,8,M23,100
D13,8,M23,100
C19,8,N2,100
A11,8,N2,100
D11,8,N3,100
L11,8,N3,100
D6,8,N4,100
H20,8,N4,100
J18,8,N5,100
F7,8,N5,100
F19,8,N6,100
A6,8,N6,100
P8,8,N7,100
M14,8,N7,100
A5,8,N8,100
J18,8,N8,100
P1,8,N9,100
P11,8,N9,100
L6,8,N10,100
M23,8,N10,100
K10,8,N11,100
A11,8,N11,100
A5,8,N12,100
F17,8,N12,100
O21,8,N13,100
D13,8,N13,100
D20,8,N14,100
L19,8,N14,100
C19,8,N15,100
L11,8,N15,100
O24,8,N16,100
M23,8,N16,100
A19,8,N17,100
L24,8,N17,100
L23,8,N18,100
D7,8,N18,100
P8,8,N19,100
D7,8,N19,100
O24,8,N20,100
L23,8,N20,100
K3,8,N21,100
L24,8,N21,100
O17,8,N22,100
L6,8,N22,100
F7,8,N23,100
D13,8,N23,100
P8,8,O2,100
B4,8,O2,100
C11,8,O3,100
C15,8,O3,100
N23,8,O4,100
K6,8,O4,100
D20,8,O5,100
A6,8,O5,100
K15,8,O6,100
J5,8,O6,100
C19,8,O7,100
F16,8,O7,100
N19,8,O8,100
N15,8,O8,100
N23,8,O9,100
E14,8,O9,100
C19,8,O10,100
P17,8,O10,100
L11,8,O11,100
K2,8,O11,100
M12,8,O12,100
C15,8,O12,100
J24,8,O13,100
D13,8,O13,100
A5,8,O14,100
K2,8,O14,100
P1,8,O15,100
A5,8,O15,100
C3,8,O16,100
F16,8,O16,100
L6,8,O17,100
K3,8,O17,100
K2,8,O18,100
P17,8,O18,100
N10,8,O19,100
N13,8,O19,100
D11,8,O20,100
F16,8,O20,100
E3,8,O21,100
D13,8,O21,100
F7,8,O22,100
D3,8,O22,100
F7,8,O23,100
M14,8,O23,100
J24,9,B2,100
P1,9,B2,100
O17,9,B3,100
F7,9,B3,100
P13,9,B4,100
C20,9,B4,100
K3,9,B5,100
P11,9,B5,100
K15,9,B6,100
P8,9,B6,100
D6,9,B7,100
B12,9,B7,100
B4,9,B8,100
J5,9,B8,100
D20,9,B9,100
L23,9,B9,100
K15,9,B10,100
A11,9,B10,100
K11,9,B11,100
B7,9,B11,100
H20,9,B12,100
P14,9,B12,100
O7,9,B13,100
D15,9,B13,100
L19,9,B14,100
C20,9,B14,100
P13,9,B15,100
O10,9,B15,100
N3,9,B16,100
O21,9,B16,100
K17,9,B17,100
D15,9,B17,100
E24,9,B18,100
J22,9,B18,100
N23,9,B19,100
P17,9,B19,100
K17,9,B20,100
M12,9,B20,100
L24,9,B21,100
G5,9,B21,100
N3,9,B22,100
D7,9,B22,100
D6,9,B23,100
D1,9,B23,100
J18,9,C2,100
K6,9,C2,100
D6,9,C3,100
C11,9,C3,100
N23,9,C4,100
F19,9,C4,100
M23,9,C5,100
A6,9,C5,100
E24,9,C6,100
P14,9,C6,100
P20,9,C7,100
C14,9,C7,100
P14,9,C8,100
N13,9,C8,100
K15,9,C9,100
J5,9,C9,100
D20,9,C10,100
O21,9,C10,100
L23,9,C11,100
P11,9,C11,100
D7,9,C12,100
P16,9,C12,100
D20,9,C13,100
N13,9,C13,100
F2,9,C14,100
P17,9,C14,100
K10,9,C15,100
F13,9,C15,100
K15,9,C16,100
P14,9,C16,100
K15,9,C17,100
E14,9,C17,100
L6,9,C18,100
N3,9,C18,100
P8,9,C19,100
C3,9,C19,100
N3,9,C20,100
F19,9,C20,100
F13,9,C21,100
F16,9,C21,100
N3,9,C22,100
A19,9,C22,100
D11,9,C23,100
P17,9,C23,100
C12,9,D2,100
A6,9,D2,100
P8,9,D3,100
M14,9,D3,100
O17,9,D4,100
C11,9,D4,100
N24,9,D5,100
F7,9,D5,100
B24,9,D6,100
J22,9,D6,100
P23,9,D7,100
A6,9,D7,100
B4,9,D8,100
J22,9,D8,100
P8,9,D9,100
F17,9,D9,100
D11,9,D10,100
C15,9,D10,100
C3,9,D11,100
P16,9,D11,100
K6,9,D12,100
J2,9,D12,100
D7,9,D13,100
J22,9,D13,100
K15,9,D14,100
O21,9,D14,100
D20,9,D15,100
E14,9,D15,100
A5,9,D16,100
J5,9,D16,100
L23,9,D17,100
D3,9,D17,100
D6,9,D18,100
P23,9,D18,100
N3,9,D19,100
D15,9,D19,100
N19,9,D20,100
E24,9,D20,100
I19,9,D21,100
P20,9,D21,100
K15,9,D22,100
J22,9,D22,100
J24,9,D23,100
P23,9,D23,100
F7,9,E2,100
G8,9,E2,100
F13,9,E3,100
E14,9,E3,100
P23,9,E4,100
K8,9,E4,100
N14,9,E5,100
G8,9,E5,100
C19,9,E6,100
K8,9,E6,100
G17,9,E7,100
C19,9,E7,100
F2,9,E8,100
P20,9,E8,100
P23,9,E9,100
N3,9,E9,100
B24,9,E10,100
P17,9,E10,100
J18,9,E11,100
P11,9,E11,100
L19,9,E12,100
N10,9,E12,100
C8,9,E13,100
O10,9,E13,100
C3,9,E14,100
N15,9,E14,100
B12,9,E15,100
K8,9,E15,100
N14,9,E16,100
M14,9,E16,100
H20,9,E17,100
M12,9,E17,100
N3,9,E18,100
K2,9,E18,100
N3,9,E19,100
O18,9,E19,100
C12,9,E20,100
E14,9,E20,100
C8,9,E21,100
C19,9,E21,100
F17,9,E22,100
O21,9,E22,100
P11,9,E23,100
A6,9,E23,100
B12,9,F2,100
P14,9,F2,100
D6,9,F3,100
B12,9,F3,100
C3,9,F4,100
G8,9,F4,100
P1,9,F5,100
L23,9,F5,100
K11,9,F6,100
O17,9,F6,100
A20,9,F7,100
K2,9,F7,100
B15,9,F8,100
G5,9,F8,100
M23,9,F9,100
M14,9,F9,100
A20,9,F10,100
F19,9,F10,100
N24,9,F11,100
F16,9,F11,100
H20,9,F12,100
F16,9,F12,100
D20,9,F13,100
E3,9,F13,100
P20,9,F14,100
P16,9,F14,100
D15,9,F15,100
O18,9,F15,100
N23,9,F16,100
G8,9,F16,100
B12,9,F17,100
N10,9,F17,100
D15,9,F18,100
J5,9,F18,100
K3,9,F19,100
K8,9,F19,100
C3,9,F20,100
C20,9,F20,100
K15,9,F21,100
C3,9,F21,100
B24,9,F22,100
C11,9,F22,100
F13,9,F23,100
A11,9,F23,100
J18,9,G2,100
P23,9,G2,100
F13,9,G3,100
O18,9,G3,100
O7,9,G4,100
H20,9,G4,100
C3,9,G5,100
D13,9,G5,100
G17,9,G6,100
C3,9,G6,100
I19,9,G7,100
O10,9,G7,100
E3,9,G8,100
O18,9,G8,100
A11,9,G9,100
O18,9,G9,100
D20,9,G10,100
P23,9,G10,100
C11,9,G11,100
G5,9,G11,100
O17,9,G12,100
E14,9,G12,100
K6,9,G13,100
N21,9,G13,100
P8,9,G14,100
C20,9,G14,100
J18,9,G15,100
P16,9,G15,100
F2,9,G16,100
A20,9,G16,100
N24,9,G17,100
E3,9,G17,100
C14,9,G18,100
G8,9,G18,100
D20,9,G19,100
O18,9,G19,100
K3,9,G20,100
O18,9,G20,100
K11,9,G21,100
D13,9,G21,100
D15,9,G22,100
M14,9,G22,100
J18,9,G23,100
N13,9,G23,100
A19,9,H2,100
C19,9,H2,100
I19,9,H3,100
C19,9,H3,100
P23,9,H4,100
F19,9,H4,100
I19,9,H5,100
N3,9,H5,100
K10,9,H6,100
O5,9,H6,100
O24,9,H7,100
J22,9,H7,100
K11,9,H8,100
M14,9,H8,100
C8,9,H9,100
B15,9,H9,100
B4,9,H10,100
B12,9,H10,100
F2,9,H11,100
A6,9,H11,100
F17,9,H12,100
C12,9,H12,100
N23,9,H13,100
A20,9,H13,100
L23,9,H14,100
O5,9,H14,100
B7,9,H15,100
G5,9,H15,100
I19,9,H16,100
D11,9,H16,100
O17,9,H17,100
N15,9,H17,100
P20,9,H18,100
D11,9,H18,100
G8,9,H19,100
O18,9,H19,100
B4,9,H20,100
N13,9,H20,100
A5,9,H21,100
C20,9,H21,100
N21,9,H22,100
L24,9,H22,100
F19,9,H23,100
L11,9,H23,100
K15,9,I2,100
C15,9,I2,100
N24,9,I3,100
A6,9,I3,100
P8,9,I4,100
K2,9,I4,100
D20,9,I5,100
E14,9,I5,100
K15,9,I6,100
O18,9,I6,100
K17,9,I7,100
L19,9,I7,100
D13,9,I8,100
O18,9,I8,100
B24,9,I9,100
P20,9,I9,100
B7,9,I10,100
D13,9,I10,100
J18,9,I11,100
K2,9,I11,100
C19,9,I12,100
P14,9,I12,100
G17,9,I13,100
L6,9,I13,100
K6,9,I14,100
E14,9,I14,100
L23,9,I15,100
F2,9,I15,100
F2,9,I16,100
F16,9,I16,100
P8,9,I17,100
E24,9,I17,100
O17,9,I18,100
K6,9,I18,100
F19,9,I19,100
N15,9,I19,100
D20,9,I20,100
D13,9,I20,100
B24,9,I21,100
K3,9,I21,100
J18,9,I22,100
N10,9,I22,100
B4,9,I23,100
A11,9,I23,100
F17,9,J2,100
M12,9,J2,100
I19,9,J3,100
D20,9,J3,100
O17,9,J4,100
L19,9,J4,100
M12,9,J5,100
F13,9,J5,100
P13,9,J6,100
C11,9,J6,100
P23,9,J7,100
M12,9,J7,100
J24,9,J8,100
P20,9,J8,100
K3,9,J9,100
D7,9,J9,100
N23,9,J10,100
O21,9,J10,100
K15,9,J11,100
P17,9,J11,100
O24,9,J12,100
O5,9,J12,100
A19,9,J13,100
P11,9,J13,100
G8,9,J14,100
O18,9,J14,100
L6,9,J15,100
P14,9,J15,100
K15,9,J16,100
K6,9,J16,100
P1,9,J17,100
B15,9,J17,100
C20,9,J18,100
N13,9,J18,100
A6,9,J19,100
O18,9,J19,100
K11,9,J20,100
J22,9,J20,100
N3,9,J21,100
A11,9,J21,100
K3,9,J22,100
E14,9,J22,100
P11,9,J23,100
M14,9,J23,100
N21,9,K2,100
P16,9,K2,100
B7,9,K3,100
P17,9,K3,100
B15,9,K4,100
E14,9,K4,100
P16,9,K5,100
P17,9,K5,100
C3,9,K6,100
B15,9,K6,100
L23,9,K7,100
P14,9,K7,100
C3,9,K8,100
K2,9,K8,100
P16,9,K9,100
N14,9,K9,100
E24,9,K10,100
F13,9,K10,100
N3,9,K11,100
E24,9,K11,100
O24,9,K12,100
A19,9,K12,100
M23,9,K13,100
J2,9,K13,100
J22,9,K14,100
G8,9,K14,100
D6,9,K15,100
N23,9,K15,100
F17,9,K16,100
P17,9,K16,100
B15,9,K17,100
M14,9,K17,100
J24,9,K18,100
C15,9,K18,100
L6,9,K19,100
O5,9,K19,100
N23,9,K20,100
E24,9,K20,100
N23,9,K21,100
C15,9,K21,100
P8,9,K22,100
K8,9,K22,100
N23,9,K23,100
F13,9,K23,100
B4,9,L2,100
J2,9,L2,100
N19,9,L3,100
D3,9,L3,100
N23,9,L4,100
E3,9,L4,100
N24,9,L5,100
O17,9,L5,100
F17,9,L6,100
E24,9,L6,100
J18,9,L7,100
L19,9,L7,100
P23,9,L8,100
A19,9,L8,100
F13,9,L9,100
J22,9,L9,100
B7,9,L10,100
F2,9,L10,100
P1,9,L11,100
O5,9,L11,100
P11,9,L12,100
K8,9,L12,100
P23,9,L13,100
F13,9,L13,100
N3,9,L14,100
A20,9,L14,100
L24,9,L15,100
O10,9,L15,100
C11,9,L16,100
C14,9,L16,100
D20,9,L17,100
M12,9,L17,100
F7,9,L18,100
F16,9,L18,100
I19,9,L19,100
A6,9,L19,100
F19,9,L20,100
O18,9,L20,100
B15,9,L21,100
M12,9,L21,100
L23,9,L22,100
P8,9,L22,100
L23,9,L23,100
P17,9,L23,100
N3,9,M2,100
H20,9,M2,100
M12,9,M3,100
C14,9,M3,100
G5,9,M4,100
K2,9,M4,100
P23,9,M5,100
M23,9,M5,100
E3,9,M6,100
M12,9,M6,100
D1,9,M7,100
N3,9,M7,100
C3,9,M8,100
N13,9,M8,100
L19,9,M9,100
D3,9,M9,100
L19,9,M10,100
G5,9,M10,100
L23,9,M11,100
P16,9,M11,100
P13,9,M12,100
L24,9,M12,100
G17,9,M13,100
P16,9,M13,100
D1,9,M14,100
C15,9,M14,100
J18,9,M15,100
C12,9,M15,100
M12,9,M16,100
B12,9,M16,100
A5,9,M17,100
D6,9,M17,100
B7,9,M18,100
P11,9,M18,100
B4,9,M19,100
O21,9,M19,100
L6,9,M20,100
K2,9,M20,100
C14,9,M21,100
C14,9,M21,100
D6,9,M22,100
F7,9,M22,100
P8,9,M23,100
D13,9,M23,100
K3,9,N2,100
O10,9,N2,100
G17,9,N3,100
F13,9,N3,100
D6,9,N4,100
C3,9,N4,100
L6,9,N5,100
F13,9,N5,100
K6,9,N6,100
M14,9,N6,100
N10,9,N7,100
N10,9,N7,100
P11,9,N8,100
C12,9,N8,100
K11,9,N9,100
D1,9,N9,100
O5,9,N10,100
O10,9,N10,100
P1,9,N11,100
A5,9,N11,100
O10,9,N12,100
G8,9,N12,100
B7,9,N13,100
P23,9,N13,100
N14,9,N14,100
D13,9,N14,100
N24,9,N15,100
J5,9,N15,100
P16,9,N16,100
C15,9,N16,100
N21,9,N17,100
D7,9,N17,100
N24,9,N18,100
N3,9,N18,100
B12,9,N19,100
C20,9,N19,100
G8,9,N20,100
P17,9,N20,100
F19,9,N21,100
B12,9,N21,100
B7,9,N22,100
L6,9,N22,100
C19,9,N23,100
N14,9,N23,100
L6,9,O2,100
D13,9,O2,100
A19,9,O3,100
O21,9,O3,100
P20,9,O4,100
M12,9,O4,100
C8,9,O5,100
N13,9,O5,100
L11,9,O6,100
P14,9,O6,100
M23,9,O7,100
K2,9,O7,100
O24,9,O8,100
N15,9,O8,100
P8,9,O9,100
N21,9,O9,100
H20,9,O10,100
E3,9,O10,100
C12,9,O11,100
G8,9,O11,100
P16,9,O12,100
O10,9,O12,100
K15,9,O13,100
F2,9,O13,100
J24,9,O14,100
E14,9,O14,100
F17,9,O15,100
M15,9,O15,100
A19,9,O16,100
H20,9,O16,100
B12,9,O17,100
O21,9,O17,100
K3,9,O18,100
J22,9,O18,100
N19,9,O19,100
O21,9,O19,100
J24,9,O20,100
O10,9,O20,100
B24,9,O21,100
D20,9,O21,100
M23,9,O22,100
G5,9,O22,100
J24,9,O23,100
O17,9,O23,100
B7,10,B2,100
P23,10,B2,100
K11,10,B3,100
N14,10,B3,100
L23,10,B4,100
E14,10,B4,100
E3,10,B5,100
P16,10,B5,100
O24,10,B6,100
N10,10,B6,100
K6,10,B7,100
K8,10,B7,100
B4,10,B8,100
J2,10,B8,100
E24,10,B9,100
A11,10,B9,100
N23,10,B10,100
C12,10,B10,100
P23,10,B11,100
O17,10,B11,100
D20,10,B12,100
G5,10,B12,100
C8,10,B13,100
H20,10,B13,100
B24,10,B14,100
C12,10,B14,100
N24,10,B15,100
F13,10,B15,100
C11,10,B16,100
M12,10,B16,100
A20,10,B17,100
A19,10,B17,100
L19,10,B18,100
B12,10,B18,100
N21,10,B19,100
K2,10,B19,100
K15,10,B20,100
B15,10,B20,100
O24,10,B21,100
A6,10,B21,100
N24,10,B22,100
B4,10,B22,100
L23,10,B23,100
K6,10,B23,100
C3,10,C2,100
P20,10,C2,100
K6,10,C3,100
O21,10,C3,100
M23,10,C4,100
K6,10,C4,100
F2,10,C5,100
P23,10,C5,100
M23,10,C6,100
L19,10,C6,100
G17,10,C7,100
B12,10,C7,100
M23,10,C8,100
M15,10,C8,100
N3,10,C9,100
C20,10,C9,100
P23,10,C10,100
K17,10,C10,100
P1,10,C11,100
P8,10,C11,100
N23,10,C12,100
B4,10,C12,100
M15,10,C13,100
N14,10,C13,100
C3,10,C14,100
C15,10,C14,100
C8,10,C15,100
K17,10,C15,100
C11,10,C16,100
F7,10,C16,100
P13,10,C17,100
G5,10,C17,100
M23,10,C18,100
J2,10,C18,100
F19,10,C19,100
J2,10,C19,100
F2,10,C20,100
N13,10,C20,100
A5,10,C21,100
P8,10,C21,100
A11,10,C22,100
N13,10,C22,100
J5,10,C23,100
J5,10,C23,100
L23,10,D2,100
C19,10,D2,100
H20,10,D3,100
N10,10,D3,100
L23,10,D4,100
L11,10,D4,100
N19,10,D5,100
K2,10,D5,100
E24,10,D6,100
F13,10,D6,100
O5,10,D7,100
P17,10,D7,100
K15,10,D8,100
N13,10,D8,100
K6,10,D9,100
N21,10,D9,100
O7,10,D10,100
M23,10,D10,100
O10,10,D11,100
N13,10,D11,100
P1,10,D12,100
L24,10,D12,100
K10,10,D13,100
J22,10,D13,100
M15,10,D14,100
F13,10,D14,100
C14,10,D15,100
F16,10,D15,100
J18,10,D16,100
O18,10,D16,100
L24,10,D17,100
K2,10,D17,100
P16,10,D18,100
K2,10,D18,100
P23,10,D19,100
D13,10,D19,100
I19,10,D20,100
G8,10,D20,100
B15,10,D21,100
E24,10,D21,100
C20,10,D22,100
P17,10,D22,100
L24,10,D23,100
E14,10,D23,100
G17,10,E2,100
F19,10,E2,100
K15,10,E3,100
F19,10,E3,100
N10,10,E4,100
K8,10,E4,100
L23,10,E5,100
N21,10,E5,100
D7,10,E6,100
E14,10,E6,100
F16,10,E7,100
F16,10,E7,100
J24,10,E8,100
C3,10,E8,100
A5,10,E9,100
A11,10,E9,100
F2,10,E10,100
O18,10,E10,100
P8,10,E11,100
J22,10,E11,100
C15,10,E12,100
J2,10,E12,100
N15,10,E13,100
J2,10,E13,100
F17,10,E14,100
B15,10,E14,100
A5,10,E15,100
K10,10,E15,100
K8,10,E16,100
D3,10,E16,100
K10,10,E17,100
K10,10,E17,100
F7,10,E18,100
O21,10,E18,100
E3,10,E19,100
G5,10,E19,100
B4,10,E20,100
H20,10,E20,100
D6,10,E21,100
N23,10,E21,100
N23,10,E22,100
H20,10,E22,100
E3,10,E23,100
D15,10,E23,100
C12,10,F2,100
J22,10,F2,100
D6,10,F3,100
A6,10,F3,100
B4,10,F4,100
A19,10,F4,100
K11,10,F5,100
K17,10,F5,100
P23,10,F6,100
L6,10,F6,100
B24,10,F7,100
N3,10,F7,100
J18,10,F8,100
L6,10,F8,100
A19,10,F9,100
B15,10,F9,100
M12,10,F10,100
F7,10,F10,100
J22,10,F11,100
K2,10,F11,100
B15,10,F12,100
D7,10,F12,100
P8,10,F13,100
M15,10,F13,100
B24,10,F14,100
O18,10,F14,100
J24,10,F15,100
N10,10,F15,100
M12,10,F16,100
C14,10,F16,100
P20,10,F17,100
O21,10,F17,100
J18,10,F18,100
P20,10,F18,100
I19,10,F19,100
A11,10,F19,100
K10,10,F20,100
C12,10,F20,100
P1,10,F21,100
P20,10,F21,100
P23,10,F22,100
F16,10,F22,100
F2,10,F23,100
G8,10,F23,100
F17,10,G2,100
C19,10,G2,100
F19,10,G3,100
K8,10,G3,100
O5,10,G4,100
C19,10,G4,100
O7,10,G5,100
J2,10,G5,100
K11,10,G6,100
D6,10,G6,100
K6,10,G7,100
D3,10,G7,100
C14,10,G8,100
A11,10,G8,100
F2,10,G9,100
B15,10,G9,100
B15,10,G10,100
N13,10,G10,100
C8,10,G11,100
C20,10,G11,100
N24,10,G12,100
D6,10,G12,100
K8,10,G13,100
P17,10,G13,100
C19,10,G14,100
E14,10,G14,100
G17,10,G15,100
G8,10,G15,100
F2,10,G16,100
O17,10,G16,100
B15,10,G17,100
D3,10,G17,100
P23,10,G18,100
M12,10,G18,100
O21,10,G19,100
F13,10,G19,100
P1,10,G20,100
G8,10,G20,100
L23,10,G21,100
P16,10,G21,100
N23,10,G22,100
D1,10,G22,100
I19,10,G23,100
N23,10,G23,100
A19,10,H2,100
L24,10,H2,100
B24,10,H3,100
M23,10,H3,100
B7,10,H4,100
J18,10,H4,100
K11,10,H5,100
G8,10,H5,100
P8,10,H6,100
C3,10,H6,100
O24,10,H7,100
K8,10,H7,100
D15,10,H8,100
L11,10,H8,100
K10,10,H9,100
O10,10,H9,100
O24,10,H10,100
P14,10,H10,100
N3,10,H11,100
K6,10,H11,100
D13,10,H12,100
G8,10,H12,100
P23,10,H13,100
D11,10,H13,100
K11,10,H14,100
N13,10,H14,100
K11,10,H15,100
C15,10,H15,100
D11,10,H16,100
J5,10,H16,100
I19,10,H17,100
K6,10,H17,100
H20,10,H18,100
J2,10,H18,100
M15,10,H19,100
J22,10,H19,100
K11,10,H20,100
C3,10,H20,100
N19,10,H21,100
N13,10,H21,100
P8,10,H22,100
E3,10,H22,100
N21,10,H23,100
J5,10,H23,100
G17,10,I2,100
P14,10,I2,100
G17,10,I3,100
M23,10,I3,100
A20,10,I4,100
D3,10,I4,100
P1,10,I5,100
E3,10,I5,100
O10,10,I6,100
J22,10,I6,100
N10,10,I7,100
N13,10,I7,100
P16,10,I8,100
F13,10,I8,100
C3,10,I9,100
O18,10,I9,100
M12,10,I10,100
D13,10,I10,100
O17,10,I11,100
C11,10,I11,100
A5,10,I12,100
P11,10,I12,100
K6,10,I13,100
C12,10,I13,100
P16,10,I14,100
N13,10,I14,100
L19,10,I15,100
J2,10,I15,100
L23,10,I16,100
A20,10,I16,100
D11,10,I17,100
N14,10,I17,100
O7,10,I18,100
N21,10,I18,100
K6,10,I19,100
C20,10,I19,100
O17,10,I20,100
M14,10,I20,100
L23,10,I21,100
P23,10,I21,100
B4,10,I22,100
C12,10,I22,100
G17,10,I23,100
N3,10,I23,100
K17,10,J2,100
A20,10,J2,100
N24,10,J3,100
D1,10,J3,100
F16,10,J4,100
M14,10,J4,100
D20,10,J5,100
C3,10,J5,100
P16,10,J6,100
G8,10,J6,100
B7,10,J7,100
C12,10,J7,100
B24,10,J8,100
D13,10,J8,100
C15,10,J9,100
F16,10,J9,100
O7,10,J10,100
A11,10,J10,100
K10,10,J11,100
J18,10,J11,100
D20,10,J12,100
C19,10,J12,100
P11,10,J13,100
N14,10,J13,100
B15,10,J14,100
D13,10,J14,100
C11,10,J15,100
P14,10,J15,100
B15,10,J16,100
C20,10,J16,100
O17,10,J17,100
P16,10,J17,100
O17,10,J18,100
M12,10,J18,100
A6,10,J19,100
J5,10,J19,100
D11,10,J20,100
E14,10,J20,100
D15,10,J21,100
N13,10,J21,100
N19,10,J22,100
P14,10,J22,100
O24,10,J23,100
D3,10,J23,100
P11,10,K2,100
A11,10,K2,100
O5,10,K3,100
C20,10,K3,100
L23,10,K4,100
C12,10,K4,100
D11,10,K5,100
K8,10,K5,100
P20,10,K6,100
D3,10,K6,100
I19,10,K7,100
J22,10,K7,100
C3,10,K8,100
E14,10,K8,100
L11,10,K9,100
P17,10,K9,100
P20,10,K10,100
G8,10,K10,100
B24,10,K11,100
K8,10,K11,100
N15,10,K12,100
P17,10,K12,100
B4,10,K13,100
O5,10,K13,100
N23,10,K14,100
C19,10,K14,100
D20,10,K15,100
G5,10,K15,100
K10,10,K16,100
I19,10,K16,100
O10,10,K17,100
L11,10,K17,100
G17,10,K18,100
F19,10,K18,100
G5,10,K19,100
K8,10,K19,100
M23,10,K20,100
C14,10,K20,100
E3,10,K21,100
P17,10,K21,100
A5,10,K22,100
D15,10,K22,100
C15,10,K23,100
G8,10,K23,100
O5,10,L2,100
K17,10,L2,100
P8,10,L3,100
D15,10,L3,100
F19,10,L4,100
O10,10,L4,100
O21,10,L5,100
E24,10,L5,100
L6,10,L6,100
H20,10,L6,100
E24,10,L7,100
J2,10,L7,100
A5,10,L8,100
I19,10,L8,100
N23,10,L9,100
B12,10,L9,100
K11,10,L10,100
C20,10,L10,100
G17,10,L11,100
A6,10,L11,100
F7,10,L12,100
N13,10,L12,100
K11,10,L13,100
B12,10,L13,100
K10,10,L14,100
N10,10,L14,100
P13,10,L15,100
F17,10,L15,100
A5,10,L16,100
A6,10,L16,100
E3,10,L17,100
M14,10,L17,100
P16,10,L18,100
A11,10,L18,100
G17,10,L19,100
K3,10,L19,100
N15,10,L20,100
D3,10,L20,100
G5,10,L21,100
D3,10,L21,100
H20,10,L22,100
C20,10,L22,100
D20,10,L23,100
M15,10,L23,100
P23,10,M2,100
J22,10,M2,100
J18,10,M3,100
N3,10,M3,100
C3,10,M4,100
N21,10,M4,100
O17,10,M5,100
J5,10,M5,100
L19,10,M6,100
J5,10,M6,100
J5,10,M7,100
J2,10,M7,100
D11,10,M8,100
A6,10,M8,100
K11,10,M9,100
C3,10,M9,100
M23,10,M10,100
K2,10,M10,100
B24,10,M11,100
F7,10,M11,100
O7,10,M12,100
G5,10,M12,100
K10,10,M13,100
O18,10,M13,100
G5,10,M14,100
O10,10,M14,100
G5,10,M15,100
J22,10,M15,100
N3,10,M16,100
A11,10,M16,100
C15,10,M17,100
F13,10,M17,100
P20,10,M18,100
A11,10,M18,100
N14,10,M19,100
F7,10,M19,100
A5,10,M20,100
P13,10,M20,100
C3,10,M21,100
D13,10,M21,100
J18,10,M22,100
N21,10,M22,100
K6,10,M23,100
M14,10,M23,100
P1,10,N2,100
G5,10,N2,100
K11,10,N3,100
O10,10,N3,100
G17,10,N4,100
A11,10,N4,100
D20,10,N5,100
P8,10,N5,100
K15,10,N6,100
C19,10,N6,100
L19,10,N7,100
D11,10,N7,100
B15,10,N8,100
M15,10,N8,100
J24,10,N9,100
E24,10,N9,100
O5,10,N10,100
B15,10,N10,100
A20,10,N11,100
N13,10,N11,100
D6,10,N12,100
O10,10,N12,100
O7,10,N13,100
L19,10,N13,100
P13,10,N14,100
P13,10,N14,100
P1,10,N15,100
P13,10,N15,100
D6,10,N16,100
F7,10,N16,100
G17,10,N17,100
C19,10,N17,100
P16,10,N18,100
O18,10,N18,100
B24,10,N19,100
P14,10,N19,100
C3,10,N20,100
N14,10,N20,100
C12,10,N21,100
A6,10,N21,100
B12,10,N22,100
C15,10,N22,100
C20,10,N23,100
M14,10,N23,100
D20,10,O2,100
K2,10,O2,100
K17,10,O3,100
C12,10,O3,100
E24,10,O4,100
O10,10,O4,100
D15,10,O5,100
D3,10,O5,100
P20,10,O6,100
C14,10,O6,100
P13,10,O7,100
J2,10,O7,100
N19,10,O8,100
K2,10,O8,100
P8,10,O9,100
O21,10,O9,100
J24,10,O10,100
F2,10,O10,100
O17,10,O11,100
C12,10,O11,100
K10,10,O12,100
O7,10,O12,100
B15,10,O13,100
B12,10,O13,100
N19,10,O14,100
C11,10,O14,100
D6,10,O15,100
A11,10,O15,100
K10,10,O16,100
C19,10,O16,100
K6,10,O17,100
A20,10,O17,100
N21,10,O18,100
F16,10,O18,100
N19,10,O19,100
K17,10,O19,100
N23,10,O20,100
C20,10,O20,100
P8,10,O21,100
M12,10,O21,100
N24,10,O22,100
N14,10,O22,100
B7,10,O23,100
L24,10,O23,100
O5,11,B2,100
L24,11,B2,100
I19,11,B3,100
E14,11,B3,100
M23,11,B4,100
K8,11,B4,100
K6,11,B5,100
D15,11,B5,100
P13,11,B6,100
F13,11,B6,100
O7,11,B7,100
O17,11,B7,100
D6,11,B8,100
N3,11,B8,100
B4,11,B9,100
K6,11,B9,100
P23,11,B10,100
C11,11,B10,100
K11,11,B11,100
A6,11,B11,100
F16,11,B12,100
G8,11,B12,100
N23,11,B13,100
P13,11,B13,100
F2,11,B14,100
K3,11,B14,100
E14,11,B15,100
O18,11,B15,100
N10,11,B16,100
C12,11,B16,100
K6,11,B17,100
M12,11,B17,100
O21,11,B18,100
L11,11,B18,100
P11,11,B19,100
N10,11,B19,100
C20,11,B20,100
F13,11,B20,100
C20,11,B21,100
G8,11,B21,100
D20,11,B22,100
L6,11,B22,100
M12,11,B23,100
J2,11,B23,100
C14,11,C2,100
G8,11,C2,100
B24,11,C3,100
M23,11,C3,100
O7,11,C4,100
D7,11,C4,100
C8,11,C5,100
M12,11,C5,100
D15,11,C6,100
E24,11,C6,100
F19,11,C7,100
F13,11,C7,100
P1,11,C8,100
C20,11,C8,100
B12,11,C9,100
J22,11,C9,100
M15,11,C10,100
C14,11,C10,100
L23,11,C11,100
J2,11,C11,100
D20,11,C12,100
D1,11,C12,100
B24,11,C13,100
D7,11,C13,100
N10,11,C14,100
J2,11,C14,100
K6,11,C15,100
N15,11,C15,100
M12,11,C16,100
A11,11,C16,100
K11,11,C17,100
P13,11,C17,100
O21,11,C18,100
J22,11,C18,100
O24,11,C19,100
N21,11,C19,100
N3,11,C20,100
B12,11,C20,100
D6,11,C21,100
J22,11,C21,100
L23,11,C22,100
N13,11,C22,100
K17,11,C23,100
P20,11,C23,100
O7,11,D2,100
P23,11,D2,100
B24,11,D3,100
J18,11,D3,100
O5,11,D4,100
M15,11,D4,100
N19,11,D5,100
K3,11,D5,100
K6,11,D6,100
O18,11,D6,100
N24,11,D7,100
P16,11,D7,100
I19,11,D8,100
J22,11,D8,100
O7,11,D9,100
P20,11,D9,100
D20,11,D10,100
C14,11,D10,100
J18,11,D11,100
A20,11,D11,100
P1,11,D12,100
L11,11,D12,100
N21,11,D13,100
P17,11,D13,100
P17,11,D14,100
P17,11,D14,100
N24,11,D15,100
C3,11,D15,100
K10,11,D16,100
H20,11,D16,100
P23,11,D17,100
C14,11,D17,100
I19,11,D18,100
O17,11,D18,100
J24,11,D19,100
H20,11,D19,100
C12,11,D20,100
O18,11,D20,100
K10,11,D21,100
M12,11,D21,100
L11,11,D22,100
J5,11,D22,100
E3,11,D23,100
E24,11,D23,100
J24,11,E2,100
M14,11,E2,100
C15,11,E3,100
N13,11,E3,100
C8,11,E4,100
E24,11,E4,100
B15,11,E5,100
A6,11,E5,100
J24,11,E6,100
P13,11,E6,100
H20,11,E7,100
H20,11,E7,100
N23,11,E8,100
H20,11,E8,100
N3,11,E9,100
N21,11,E9,100
P11,11,E10,100
E14,11,E10,100
J24,11,E11,100
D13,11,E11,100
P8,11,E12,100
D3,11,E12,100
N24,11,E13,100
A5,11,E13,100
D6,11,E14,100
M23,11,E14,100
C11,11,E15,100
J22,11,E15,100
M12,11,E16,100
O10,11,E16,100
D20,11,E17,100
C20,11,E17,100
B4,11,E18,100
E3,11,E18,100
G17,11,E19,100
L19,11,E19,100
K10,11,E20,100
C11,11,E20,100
I19,11,E21,100
A6,11,E21,100
J18,11,E22,100
K17,11,E22,100
D1,11,E23,100
J5,11,E23,100
K15,11,F2,100
P20,11,F2,100
F2,11,F3,100
O18,11,F3,100
C8,11,F4,100
L24,11,F4,100
N21,11,F5,100
D11,11,F5,100
B7,11,F6,100
C20,11,F6,100
B4,11,F7,100
N10,11,F7,100
D20,11,F8,100
A6,11,F8,100
M15,11,F9,100
A11,11,F9,100
P8,11,F10,100
N10,11,F10,100
P1,11,F11,100
D3,11,F11,100
A6,11,F12,100
D13,11,F12,100
P13,11,F13,100
D11,11,F13,100
O24,11,F14,100
M23,11,F14,100
B12,11,F15,100
E14,11,F15,100
C19,11,F16,100
C19,11,F16,100
N3,11,F17,100
J2,11,F17,100
M15,11,F18,100
P20,11,F18,100
D13,11,F19,100
D3,11,F19,100
N14,11,F20,100
N13,11,F20,100
O24,11,F21,100
M12,11,F21,100
D20,11,F22,100
P17,11,F22,100
N10,11,F23,100
O21,11,F23,100
K11,11,G2,100
P1,11,G2,100
P1,11,G3,100
I19,11,G3,100
L23,11,G4,100
D13,11,G4,100
N24,11,G5,100
H20,11,G5,100
I19,11,G6,100
O18,11,G6,100
E14,11,G7,100
G8,11,G7,100
P20,11,G8,100
N10,11,G8,100
B24,11,G9,100
P11,11,G9,100
B12,11,G10,100
E24,11,G10,100
C19,11,G11,100
J22,11,G11,100
B4,11,G12,100
F17,11,G12,100
O7,11,G13,100
E14,11,G13,100
J18,11,G14,100
J5,11,G14,100
L23,11,G15,100
P11,11,G15,100
D15,11,G16,100
E14,11,G16,100
A5,11,G17,100
O5,11,G17,100
C12,11,G18,100
C15,11,G18,100
B12,11,G19,100
C12,11,G19,100
C3,11,G20,100
P13,11,G20,100
O5,11,G21,100
O21,11,G21,100
C14,11,G22,100
J5,11,G22,100
F2,11,G23,100
O21,11,G23,100
M23,11,H2,100
F16,11,H2,100
P13,11,H3,100
P17,11,H3,100
N10,11,H4,100
P17,11,H4,100
K11,11,H5,100
A20,11,H5,100
B24,11,H6,100
L19,11,H6,100
L6,11,H7,100
A6,11,H7,100
B7,11,H8,100
A20,11,H8,100
B24,11,H9,100
K2,11,H9,100
M23,11,H10,100
N14,11,H10,100
N3,11,H11,100
L11,11,H11,100
K15,11,H12,100
C12,11,H12,100
D15,11,H13,100
C19,11,H13,100
E3,11,H14,100
K8,11,H14,100
P23,11,H15,100
K6,11,H15,100
J18,11,H16,100
N21,11,H16,100
L23,11,H17,100
J5,11,H17,100
F2,11,H18,100
D11,11,H18,100
O7,11,H19,100
C20,11,H19,100
D1,11,H20,100
C15,11,H20,100
L24,11,H21,100
F13,11,H21,100
G5,11,H22,100
E14,11,H22,100
K8,11,H23,100
D13,11,H23,100
M23,11,I2,100
B12,11,I2,100
B7,11,I3,100
F13,11,I3,100
O17,11,I4,100
O5,11,I4,100
O7,11,I5,100
D13,11,I5,100
K17,11,I6,100
B15,11,I6,100
A6,11,I7,100
N13,11,I7,100
K11,11,I8,100
D15,11,I8,100
M15,11,I9,100
L11,11,I9,100
O24,11,I10,100
C14,11,I10,100
D20,11,I11,100
C12,11,I11,100
M15,11,I12,100
E24,11,I12,100
C12,11,I13,100
J5,11,I13,100
A19,11,I14,100
M14,11,I14,100
B24,11,I15,100
P11,11,I15,100
J24,11,I16,100
N21,11,I16,100
O7,11,I17,100
C3,11,I17,100
N10,11,I18,100
D11,11,I18,100
F19,11,I19,100
C19,11,I19,100
O5,11,I20,100
C12,11,I20,100
P8,11,I21,100
F16,11,I21,100
N23,11,I22,100
J22,11,I22,100
L6,11,I23,100
P17,11,I23,100
G17,11,J2,100
P11,11,J2,100
O5,11,J3,100
P11,11,J3,100
K17,11,J4,100
M15,11,J4,100
N19,11,J5,100
P1,11,J5,100
J18,11,J6,100
F13,11,J6,100
G17,11,J7,100
O5,11,J7,100
D15,11,J8,100
F16,11,J8,100
L24,11,J9,100
K8,11,J9,100
D15,11,J10,100
C14,11,J10,100
M12,11,J11,100
O21,11,J11,100
D1,11,J12,100
A11,11,J12,100
N21,11,J13,100
B12,11,J13,100
D11,11,J14,100
N15,11,J14,100
J24,11,J15,100
D7,11,J15,100
N3,11,J16,100
C14,11,J16,100
D7,11,J17,100
M14,11,J17,100
K17,11,J18,100
D15,11,J18,100
K17,11,J19,100
F16,11,J19,100
P13,11,J20,100
K8,11,J20,100
N21,11,J21,100
P17,11,J21,100
N24,11,J22,100
D13,11,J22,100
O17,11,J23,100
N13,11,J23,100
G17,11,K2,100
N10,11,K2,100
F13,11,K3,100
J5,11,K3,100
N3,11,K4,100
N3,11,K4,100
P8,11,K5,100
F13,11,K5,100
N23,11,K6,100
E24,11,K6,100
D20,11,K7,100
N23,11,K7,100
F7,11,K8,100
E14,11,K8,100
D6,11,K9,100
E3,11,K9,100
B4,11,K10,100
C11,11,K10,100
A5,11,K11,100
F17,11,K11,100
N23,11,K12,100
N14,11,K12,100
D6,11,K13,100
K2,11,K13,100
B24,11,K14,100
A6,11,K14,100
D6,11,K15,100
O21,11,K15,100
P20,11,K16,100
N15,11,K16,100
K6,11,K17,100
D7,11,K17,100
A20,11,K18,100
C20,11,K18,100
C19,11,K19,100
L11,11,K19,100
F17,11,K20,100
D3,11,K20,100
D1,11,K21,100
K2,11,K21,100
P8,11,K22,100
O18,11,K22,100
N23,11,K23,100
K17,11,K23,100
K10,11,L2,100
J5,11,L2,100
N24,11,L3,100
P17,11,L3,100
C8,11,L4,100
A6,11,L4,100
B15,11,L5,100
N10,11,L5,100
E3,11,L6,100
P14,11,L6,100
E3,11,L7,100
J22,11,L7,100
N21,11,L8,100
A6,11,L8,100
K3,11,L9,100
A20,11,L9,100
P13,11,L10,100
C20,11,L10,100
D20,11,L11,100
P20,11,L11,100
P16,11,L12,100
P16,11,L12,100
K11,11,L13,100
M15,11,L13,100
O5,11,L14,100
G5,11,L14,100
O24,11,L15,100
N23,11,L15,100
I19,11,L16,100
M23,11,L16,100
J18,11,L17,100
B15,11,L17,100
K15,11,L18,100
O5,11,L18,100
F2,11,L19,100
F17,11,L19,100
J24,11,L20,100
P8,11,L20,100
D1,11,L21,100
P14,11,L21,100
A6,11,L22,100
D3,11,L22,100
A5,11,L23,100
C19,11,L23,100
N19,11,M2,100
F16,11,M2,100
G17,11,M3,100
C12,11,M3,100
O17,11,M4,100
D7,11,M4,100
N21,11,M5,100
M12,11,M5,100
D15,11,M6,100
C12,11,M6,100
L23,11,M7,100
O18,11,M7,100
B7,11,M8,100
B15,11,M8,100
L23,11,M9,100
C8,11,M9,100
P1,11,M10,100
C11,11,M10,100
N23,11,M11,100
N10,11,M11,100
P16,11,M12,100
N15,11,M12,100
B7,11,M13,100
M15,11,M13,100
B12,11,M14,100
C15,11,M14,100
K17,11,M15,100
G5,11,M15,100
B15,11,M16,100
O18,11,M16,100
C19,11,M17,100
O10,11,M17,100
A19,11,M18,100
N15,11,M18,100
P1,11,M19,100
N15,11,M19,100
N3,11,M20,100
P17,11,M20,100
A20,11,M21,100
O18,11,M21,100
B24,11,M22,100
D13,11,M22,100
H20,11,M23,100
D13,11,M23,100
P13,11,N2,100
C11,11,N2,100
N14,11,N3,100
K8,11,N3,100
K11,11,N4,100
O5,11,N4,100
F16,11,N5,100
K2,11,N5,100
N19,11,N6,100
K10,11,N6,100
P13,11,N7,100
P16,11,N7,100
N19,11,N8,100
J18,11,N8,100
O17,11,N9,100
M15,11,N9,100
K15,11,N10,100
P13,11,N10,100
M23,11,N11,100
D13,11,N11,100
N10,11,N12,100
J5,11,N12,100
C3,11,N13,100
C12,11,N13,100
N3,11,N14,100
F16,11,N14,100
N3,11,N15,100
D13,11,N15,100
M15,11,N16,100
K8,11,N16,100
P13,11,N17,100
P20,11,N17,100
D1,11,N18,100
P17,11,N18,100
P11,11,N19,100
J5,11,N19,100
A5,11,N20,100
E24,11,N20,100
J24,11,N21,100
K2,11,N21,100
O10,11,N22,100
J2,11,N22,100
P1,11,N23,100
D1,11,N23,100
K6,11,O2,100
F13,11,O2,100
C3,11,O3,100
G5,11,O3,100
O18,11,O4,100
P17,11,O4,100
N19,11,O5,100
D6,11,O5,100
G17,11,O6,100
F17,11,O6,100
E3,11,O7,100
P20,11,O7,100
D20,11,O8,100
O17,11,O8,100
F13,11,O9,100
N13,11,O9,100
D20,11,O10,100
F16,11,O10,100
P23,11,O11,100
O10,11,O11,100
M12,11,O12,100
C19,11,O12,100
J24,11,O13,100
A6,11,O13,100
O5,11,O14,100
N3,11,O14,100
O5,11,O15,100
F13,11,O15,100
B24,11,O16,100
N23,11,O16,100
I19,11,O17,100
N14,11,O17,100
D20,11,O18,100
E24,11,O18,100
H20,11,O19,100
P16,11,O19,100
M23,11,O20,100
C19,11,O20,100
C8,11,O21,100
F19,11,O21,100
D7,11,O22,100
O18,11,O22,100
F2,11,O23,100
A19,11,O23,100
A5,12,B2,100
N14,12,B2,100
N10,12,B3,100
A11,12,B3,100
O24,12,B4,100
F13,12,B4,100
P23,12,B5,100
O10,12,B5,100
C19,12,B6,100
C14,12,B6,100
D15,12,B7,100
C12,12,B7,100
K15,12,B8,100
P23,12,B8,100
L19,12,B9,100
K8,12,B9,100
P1,12,B10,100
O10,12,B10,100
C8,12,B11,100
N10,12,B11,100
L19,12,B12,100
P17,12,B12,100
M15,12,B13,100
E14,12,B13,100
D20,12,B14,100
H20,12,B14,100
O5,12,B15,100
M12,12,B15,100
G17,12,B16,100
A19,12,B16,100
P20,12,B17,100
O18,12,B17,100
F16,12,B18,100
J2,12,B18,100
E3,12,B19,100
P14,12,B19,100
D20,12,B20,100
D11,12,B20,100
A5,12,B21,100
C11,12,B21,100
J24,12,B22,100
O5,12,B22,100
A20,12,B23,100
F16,12,B23,100
A19,12,C2,100
N14,12,C2,100
K11,12,C3,100
M12,12,C3,100
P1,12,C4,100
A6,12,C4,100
L23,12,C5,100
D3,12,C5,100
O5,12,C6,100
C15,12,C6,100
D20,12,C7,100
A20,12,C7,100
A19,12,C8,100
P11,12,C8,100
L6,12,C9,100
N10,12,C9,100
N15,12,C10,100
G8,12,C10,100
O7,12,C11,100
E24,12,C11,100
C15,12,C12,100
J5,12,C12,100
O21,12,C13,100
J5,12,C13,100
B4,12,C14,100
P17,12,C14,100
O5,12,C15,100
N14,12,C15,100
J18,12,C16,100
P13,12,C16,100
C8,12,C17,100
F13,12,C17,100
J24,12,C18,100
H20,12,C18,100
K15,12,C19,100
M15,12,C19,100
P23,12,C20,100
P13,12,C20,100
D7,12,C21,100
C19,12,C21,100
L24,12,C22,100
O18,12,C22,100
C11,12,C23,100
A11,12,C23,100
B15,12,D2,100
K8,12,D2,100
D1,12,D3,100
P16,12,D3,100
B15,12,D4,100
D15,12,D4,100
P20,12,D5,100
F16,12,D5,100
P16,12,D6,100
D3,12,D6,100
E24,12,D7,100
L11,12,D7,100
O7,12,D8,100
D20,12,D8,100
O7,12,D9,100
P14,12,D9,100
K11,12,D10,100
O21,12,D10,100
P8,12,D11,100
N3,12,D11,100
P13,12,D12,100
G5,12,D12,100
O17,12,D13,100
O10,12,D13,100
O5,12,D14,100
C12,12,D14,100
K17,12,D15,100
A11,12,D15,100
D20,12,D16,100
D15,12,D16,100
A20,12,D17,100
G8,12,D17,100
O24,12,D18,100
D20,12,D18,100
J24,12,D19,100
C19,12,D19,100
D3,12,D20,100
K2,12,D20,100
F7,12,D21,100
L11,12,D21,100
K10,12,D22,100
D15,12,D22,100
L23,12,D23,100
F13,12,D23,100
F7,12,E2,100
O18,12,E2,100
N24,12,E3,100
B12,12,E3,100
E14,12,E4,100
P14,12,E4,100
P1,12,E5,100
L11,12,E5,100
F17,12,E6,100
N10,12,E6,100
B7,12,E7,100
O17,12,E7,100
C3,12,E8,100
D7,12,E8,100
N19,12,E9,100
J22,12,E9,100
B15,12,E10,100
D7,12,E10,100
I19,12,E11,100
K17,12,E11,100
F17,12,E12,100
D11,12,E12,100
F13,12,E13,100
J22,12,E13,100
A19,12,E14,100
A6,12,E14,100
K10,12,E15,100
K8,12,E15,100
B24,12,E16,100
B4,12,E16,100
N10,12,E17,100
J22,12,E17,100
O17,12,E18,100
O5,12,E18,100
N19,12,E19,100
L11,12,E19,100
A5,12,E20,100
N23,12,E20,100
N3,12,E21,100
L19,12,E21,100
E3,12,E22,100
N10,12,E22,100
A20,12,E23,100
M12,12,E23,100
C20,12,F2,100
F7,12,F2,100
N21,12,F3,100
P14,12,F3,100
P23,12,F4,100
C14,12,F4,100
M23,12,F5,100
L11,12,F5,100
N3,12,F6,100
L19,12,F6,100
K10,12,F7,100
N3,12,F7,100
B15,12,F8,100
C12,12,F8,100
D6,12,F9,100
G17,12,F9,100
P13,12,F10,100
C19,12,F10,100
B12,12,F11,100
O18,12,F11,100
O21,12,F12,100
C15,12,F12,100
A20,12,F13,100
L24,12,F13,100
C19,12,F14,100
D3,12,F14,100
K3,12,F15,100
E14,12,F15,100
C14,12,F16,100
J2,12,F16,100
C8,12,F17,100
A20,12,F17,100
P13,12,F18,100
P14,12,F18,100
A19,12,F19,100
F19,12,F19,100
P11,12,F20,100
C14,12,F20,100
J18,12,F21,100
K8,12,F21,100
D13,12,F22,100
N13,12,F22,100
J18,12,F23,100
N13,12,F23,100
A5,12,G2,100
O21,12,G2,100
D20,12,G3,100
K17,12,G3,100
C20,12,G4,100
A11,12,G4,100
G17,12,G5,100
O18,12,G5,100
J24,12,G6,100
P20,12,G6,100
K11,12,G7,100
L23,12,G7,100
J18,12,G8,100
D11,12,G8,100
C8,12,G9,100
D3,12,G9,100
E3,12,G10,100
F16,12,G10,100
A5,12,G11,100
G5,12,G11,100
L6,12,G12,100
F17,12,G12,100
J24,12,G13,100
C3,12,G13,100
D1,12,G14,100
O5,12,G14,100
N19,12,G15,100
L19,12,G15,100
L6,12,G16,100
B15,12,G16,100
M15,12,G17,100
J2,12,G17,100
P20,12,G18,100
D13,12,G18,100
M23,12,G19,100
D11,12,G19,100
C20,12,G20,100
D11,12,G20,100
C14,12,G21,100
E14,12,G21,100
J24,12,G22,100
E3,12,G22,100
O7,12,G23,100
P16,12,G23,100
P23,12,H2,100
N21,12,H2,100
B24,12,H3,100
N15,12,H3,100
B7,12,H4,100
F7,12,H4,100
D13,12,H5,100
J2,12,H5,100
A20,12,H6,100
P20,12,H6,100
D1,12,H7,100
L11,12,H7,100
I19,12,H8,100
D13,12,H8,100
D6,12,H9,100
B24,12,H9,100
J24,12,H10,100
C14,12,H10,100
P1,12,H11,100
D6,12,H11,100
L23,12,H12,100
D11,12,H12,100
K10,12,H13,100
F19,12,H13,100
K8,12,H14,100
P14,12,H14,100
L23,12,H15,100
B4,12,H15,100
N23,12,H16,100
P16,12,H16,100
N3,12,H17,100
E3,12,H17,100
O24,12,H18,100
M15,12,H18,100
B4,12,H19,100
P13,12,H19,100
K11,12,H20,100
C19,12,H20,100
A6,12,H21,100
N13,12,H21,100
P8,12,H22,100
D11,12,H22,100
N19,12,H23,100
J2,12,H23,100
B24,12,I2,100
M12,12,I2,100
M23,12,I3,100
P14,12,I3,100
C11,12,I4,100
G8,12,I4,100
L6,12,I5,100
P11,12,I5,100
M12,12,I6,100
J5,12,I6,100
P20,12,I7,100
E14,12,I7,100
N23,12,I8,100
A19,12,I8,100
N19,12,I9,100
J22,12,I9,100
B7,12,I10,100
B12,12,I10,100
L24,12,I11,100
C19,12,I11,100
J24,12,I12,100
F19,12,I12,100
N19,12,I13,100
N3,12,I13,100
A20,12,I14,100
F13,12,I14,100
F7,12,I15,100
A11,12,I15,100
B15,12,I16,100
O18,12,I16,100
I19,12,I17,100
L19,12,I17,100
F2,12,I18,100
L11,12,I18,100
D6,12,I19,100
K17,12,I19,100
L19,12,I20,100
A6,12,I20,100
P13,12,I21,100
F16,12,I21,100
B15,12,I22,100
F16,12,I22,100
F2,12,I23,100
P16,12,I23,100
P23,12,J2,100
J2,12,J2,100
K3,12,J3,100
K17,12,J3,100
K11,12,J4,100
C11,12,J4,100
L19,12,J5,100
C14,12,J5,100
O24,12,J6,100
F13,12,J6,100
A20,12,J7,100
E24,12,J7,100
F7,12,J8,100
O18,12,J8,100
P8,12,J9,100
D13,12,J9,100
D1,12,J10,100
D11,12,J10,100
N24,12,J11,100
K2,12,J11,100
I19,12,J12,100
G5,12,J12,100
M15,12,J13,100
P14,12,J13,100
F7,12,J14,100
L11,12,J14,100
O7,12,J15,100
N14,12,J15,100
P8,12,J16,100
K17,12,J16,100
O5,12,J17,100
A19,12,J17,100
K6,12,J18,100
M15,12,J18,100
N3,12,J19,100
E3,12,J19,100
I19,12,J20,100
O7,12,J20,100
H20,12,J21,100
B15,12,J21,100
F17,12,J22,100
P16,12,J22,100
D15,12,J23,100
F16,12,J23,100
A11,12,K2,100
P17,12,K2,100
L23,12,K3,100
F13,12,K3,100
N24,12,K4,100
D11,12,K4,100
L6,12,K5,100
O5,12,K5,100
B7,12,K6,100
O5,12,K6,100
A19,12,K7,100
L11,12,K7,100
F7,12,K8,100
F7,12,K8,100
N10,12,K9,100
J22,12,K9,100
P16,12,K10,100
A6,12,K10,100
L19,12,K11,100
O21,12,K11,100
D7,12,K12,100
M14,12,K12,100
I19,12,K13,100
O5,12,K13,100
D20,12,K14,100
N10,12,K14,100
K3,12,K15,100
B12,12,K15,100
O17,12,K16,100
M23,12,K16,100
H20,12,K17,100
K8,12,K17,100
J22,12,K18,100
J5,12,K18,100
K6,12,K19,100
G5,12,K19,100
K11,12,K20,100
B15,12,K20,100
E3,12,K21,100
N15,12,K21,100
L23,12,K22,100
F19,12,K22,100
D6,12,K23,100
C15,12,K23,100
N19,12,L2,100
M15,12,L2,100
P23,12,L3,100
M23,12,L3,100
E3,12,L4,100
L11,12,L4,100
B15,12,L5,100
D11,12,L5,100
D20,12,L6,100
N15,12,L6,100
N15,12,L7,100
A6,12,L7,100
A5,12,L8,100
F16,12,L8,100
D7,12,L9,100
G8,12,L9,100
A20,12,L10,100
O10,12,L10,100
B7,12,L11,100
K8,12,L11,100
C3,12,L12,100
K8,12,L12,100
N19,12,L13,100
N15,12,L13,100
O7,12,L14,100
J18,12,L14,100
D20,12,L15,100
N21,12,L15,100
K17,12,L16,100
A11,12,L16,100
N24,12,L17,100
G17,12,L17,100
K11,12,L18,100
E24,12,L18,100
L23,12,L19,100
F19,12,L19,100
N19,12,L20,100
A11,12,L20,100
D15,12,L21,100
D11,12,L21,100
A5,12,L22,100
A20,12,L22,100
L23,12,L23,100
P13,12,L23,100
K15,12,M2,100
L23,12,M2,100
K11,12,M3,100
J2,12,M3,100
N15,12,M4,100
K8,12,M4,100
P20,12,M5,100
F7,12,M5,100
F17,12,M6,100
C20,12,M6,100
L23,12,M7,100
N14,12,M7,100
C11,12,M8,100
D7,12,M8,100
D15,12,M9,100
D15,12,M9,100
D20,12,M10,100
C19,12,M10,100
O7,12,M11,100
D1,12,M11,100
P23,12,M12,100
N14,12,M12,100
O7,12,M13,100
O18,12,M13,100
L6,12,M14,100
G5,12,M14,100
N15,12,M15,100
E24,12,M15,100
J24,12,M16,100
B24,12,M16,100
A5,12,M17,100
D13,12,M17,100
N14,12,M18,100
L11,12,M18,100
O17,12,M19,100
L6,12,M19,100
F19,12,M20,100
N13,12,M20,100
L24,12,M21,100
J22,12,M21,100
D7,12,M22,100
G5,12,M22,100
J18,12,M23,100
M15,12,M23,100
O7,12,N2,100
C11,12,N2,100
O24,12,N3,100
K2,12,N3,100
C3,12,N4,100
N3,12,N4,100
N24,12,N5,100
H20,12,N5,100
L19,12,N6,100
P16,12,N6,100
D20,12,N7,100
L11,12,N7,100
C11,12,N8,100
L19,12,N8,100
F19,12,N9,100
K2,12,N9,100
P1,12,N10,100
M23,12,N10,100
N21,12,N11,100
D15,12,N11,100
A6,12,N12,100
J2,12,N12,100
N19,12,N13,100
I19,12,N13,100
J24,12,N14,100
J18,12,N14,100
N23,12,N15,100
K3,12,N15,100
F2,12,N16,100
J5,12,N16,100
A5,12,N17,100
B24,12,N17,100
N21,12,N18,100
A20,12,N18,100
F2,12,N19,100
D13,12,N19,100
B24,12,N20,100
K3,12,N20,100
O17,12,N21,100
D13,12,N21,100
P20,12,N22,100
F16,12,N22,100
F17,12,N23,100
K6,12,N23,100
F17,12,O2,100
A20,12,O2,100
O7,12,O3,100
B15,12,O3,100
E3,12,O4,100
B12,12,O4,100
J24,12,O5,100
F17,12,O5,100
D3,12,O6,100
A11,12,O6,100
A6,12,O7,100
G8,12,O7,100
O7,12,O8,100
G17,12,O8,100
P20,12,O9,100
C19,12,O9,100
J24,12,O10,100
P14,12,O10,100
K6,12,O11,100
D13,12,O11,100
O7,12,O12,100
C14,12,O12,100
L23,12,O13,100
C20,12,O13,100
K17,12,O14,100
D13,12,O14,100
P16,12,O15,100
O21,12,O15,100
B4,12,O16,100
L19,12,O16,100
C15,12,O17,100
F16,12,O17,100
D6,12,O18,100
D3,12,O18,100
F7,12,O19,100
O10,12,O19,100
M12,12,O20,100
M12,12,O20,100
L6,12,O21,100
F16,12,O21,100
A20,12,O22,100
D7,12,O22,100
J24,12,O23,100
G8,12,O23,100
O17,13,B2,100
P20,13,B2,100
C11,13,B3,100
D13,13,B3,100
A19,13,B4,100
P20,13,B4,100
N24,13,B5,100
K8,13,B5,100
I19,13,B6,100
P13,13,B6,100
M14,13,B7,100
P14,13,B7,100
K10,13,B8,100
N13,13,B8,100
O5,13,B9,100
K2,13,B9,100
C19,13,B10,100
E24,13,B10,100
K3,13,B11,100
E24,13,B11,100
G17,13,B12,100
O10,13,B12,100
P16,13,B13,100
J5,13,B13,100
C12,13,B14,100
C12,13,B14,100
O17,13,B15,100
O10,13,B15,100
L23,13,B16,100
A11,13,B16,100
D20,13,B17,100
M14,13,B17,100
P13,13,B18,100
E3,13,B18,100
O17,13,B19,100
C15,13,B19,100
O7,13,B20,100
E3,13,B20,100
B7,13,B21,100
C19,13,B21,100
K3,13,B22,100
J22,13,B22,100
E14,13,B23,100
N13,13,B23,100
P8,13,C2,100
F17,13,C2,100
A5,13,C3,100
J22,13,C3,100
N10,13,C4,100
D3,13,C4,100
K10,13,C5,100
C8,13,C5,100
K11,13,C6,100
P14,13,C6,100
K15,13,C7,100
M12,13,C7,100
B15,13,C8,100
F19,13,C8,100
E3,13,C9,100
D11,13,C9,100
D20,13,C10,100
F7,13,C10,100
O21,13,C11,100
N13,13,C11,100
I19,13,C12,100
M14,13,C12,100
D3,13,C13,100
O10,13,C13,100
N24,13,C14,100
C8,13,C14,100
N3,13,C15,100
P14,13,C15,100
K3,13,C16,100
N21,13,C16,100
D6,13,C17,100
K8,13,C17,100
H20,13,C18,100
N14,13,C18,100
O21,13,C19,100
P17,13,C19,100
C3,13,C20,100
K3,13,C20,100
A6,13,C21,100
P14,13,C21,100
E24,13,C22,100
J5,13,C22,100
P13,13,C23,100
K3,13,C23,100
I19,13,D2,100
B12,13,D2,100
A20,13,D3,100
P17,13,D3,100
N10,13,D4,100
D3,13,D4,100
P23,13,D5,100
P17,13,D5,100
H20,13,D6,100
G5,13,D6,100
N10,13,D7,100
N14,13,D7,100
N24,13,D8,100
O21,13,D8,100
F19,13,D9,100
A6,13,D9,100
D20,13,D10,100
P23,13,D10,100
E3,13,D11,100
F13,13,D11,100
C20,13,D12,100
E24,13,D12,100
K10,13,D13,100
A20,13,D13,100
M23,13,D14,100
H20,13,D14,100
K15,13,D15,100
E3,13,D15,100
G17,13,D16,100
C8,13,D16,100
P23,13,D17,100
C8,13,D17,100
D6,13,D18,100
P17,13,D18,100
O5,13,D19,100
E24,13,D19,100
K15,13,D20,100
O10,13,D20,100
M12,13,D21,100
J5,13,D21,100
B4,13,D22,100
F13,13,D22,100
P16,13,D23,100
N13,13,D23,100
O5,13,E2,100
A20,13,E2,100
B7,13,E3,100
B4,13,E3,100
C11,13,E4,100
O18,13,E4,100
N14,13,E5,100
D3,13,E5,100
K6,13,E6,100
O18,13,E6,100
N21,13,E7,100
C12,13,E7,100
P23,13,E8,100
P14,13,E8,100
D15,13,E9,100
P17,13,E9,100
K15,13,E10,100
F2,13,E10,100
B24,13,E11,100
D7,13,E11,100
K17,13,E12,100
N10,13,E12,100
P16,13,E13,100
E24,13,E13,100
K8,13,E14,100
C14,13,E14,100
N19,13,E15,100
F19,13,E15,100
N19,13,E16,100
G17,13,E16,100
F16,13,E17,100
E14,13,E17,100
O21,13,E18,100
D13,13,E18,100
P8,13,E19,100
L24,13,E19,100
N15,13,E20,100
O21,13,E20,100
F2,13,E21,100
D3,13,E21,100
J24,13,E22,100
P11,13,E22,100
N24,13,E23,100
N23,13,E23,100
O17,13,F2,100
N10,13,F2,100
N14,13,F3,100
G5,13,F3,100
O7,13,F4,100
D7,13,F4,100
N19,13,F5,100
C12,13,F5,100
O24,13,F6,100
A5,13,F6,100
P1,13,F7,100
O21,13,F7,100
O10,13,F8,100
J5,13,F8,100
J18,13,F9,100
N14,13,F9,100
K3,13,F10,100
H20,13,F10,100
P17,13,F11,100
J5,13,F11,100
O24,13,F12,100
K17,13,F12,100
C3,13,F13,100
F19,13,F13,100
K6,13,F14,100
P17,13,F14,100
D11,13,F15,100
C14,13,F15,100
K15,13,F16,100
C11,13,F16,100
D1,13,F17,100
K17,13,F17,100
C11,13,F18,100
N10,13,F18,100
K15,13,F19,100
P1,13,F19,100
C12,13,F20,100
C14,13,F20,100
C14,13,F21,100
O18,13,F21,100
K15,13,F22,100
C3,13,F22,100
I19,13,F23,100
O17,13,F23,100
P8,13,G2,100
P14,13,G2,100
N19,13,G3,100
F16,13,G3,100
N14,13,G4,100
N15,13,G4,100
P11,13,G5,100
D13,13,G5,100
L19,13,G6,100
E24,13,G6,100
L24,13,G7,100
N14,13,G7,100
C11,13,G8,100
N13,13,G8,100
K3,13,G9,100
A11,13,G9,100
M23,13,G10,100
P13,13,G10,100
M12,13,G11,100
P17,13,G11,100
K17,13,G12,100
L24,13,G12,100
N24,13,G13,100
J18,13,G13,100
K3,13,G14,100
E3,13,G14,100
D20,13,G15,100
N10,13,G15,100
N15,13,G16,100
D13,13,G16,100
O21,13,G17,100
A11,13,G17,100
M15,13,G18,100
D3,13,G18,100
P8,13,G19,100
F19,13,G19,100
M12,13,G20,100
N10,13,G20,100
L23,13,G21,100
L11,13,G21,100
A11,13,G22,100
K2,13,G22,100
K11,13,G23,100
P8,13,G23,100
I19,13,H2,100
E14,13,H2,100
K10,13,H3,100
D11,13,H3,100
K11,13,H4,100
F2,13,H4,100
N14,13,H5,100
K2,13,H5,100
B7,13,H6,100
J18,13,H6,100
P20,13,H7,100
C12,13,H7,100
F2,13,H8,100
M23,13,H8,100
O24,13,H9,100
D15,13,H9,100
N24,13,H10,100
O7,13,H10,100
P20,13,H11,100
J5,13,H11,100
P13,13,H12,100
O10,13,H12,100
C19,13,H13,100
F13,13,H13,100
K10,13,H14,100
D20,13,H14,100
P1,13,H15,100
F2,13,H15,100
N19,13,H16,100
N14,13,H16,100
A19,13,H17,100
N13,13,H17,100
D6,13,H18,100
G5,13,H18,100
J24,13,H19,100
M15,13,H19,100
K11,13,H20,100
K8,13,H20,100
P17,13,H21,100
J5,13,H21,100
P20,13,H22,100
N10,13,H22,100
F19,13,H23,100
O18,13,H23,100
C8,13,I2,100
K17,13,I2,100
C11,13,I3,100
N13,13,I3,100
O24,13,I4,100
K3,13,I4,100
N10,13,I5,100
C15,13,I5,100
D20,13,I6,100
N15,13,I6,100
L11,13,I7,100
N13,13,I7,100
N14,13,I8,100
J5,13,I8,100
A20,13,I9,100
L24,13,I9,100
K10,13,I10,100
K17,13,I10,100
F19,13,I11,100
E24,13,I11,100
D1,13,I12,100
N21,13,I12,100
J18,13,I13,100
M14,13,I13,100
C3,13,I14,100
K17,13,I14,100
I19,13,I15,100
N21,13,I15,100
F2,13,I16,100
C20,13,I16,100
B24,13,I17,100
F16,13,I17,100
O24,13,I18,100
N14,13,I18,100
J18,13,I19,100
D7,13,I19,100
B12,13,I20,100
L11,13,I20,100
F13,13,I21,100
D3,13,I21,100
K6,13,I22,100
N14,13,I22,100
N21,13,I23,100
P20,13,I23,100
D1,13,J2,100
C20,13,J2,100
O24,13,J3,100
J2,13,J3,100
D6,13,J4,100
D20,13,J4,100
L6,13,J5,100
E24,13,J5,100
O24,13,J6,100
L19,13,J6,100
J24,13,J7,100
J5,13,J7,100
B7,13,J8,100
E24,13,J8,100
P23,13,J9,100
P8,13,J9,100
O5,13,J10,100
M23,13,J10,100
O17,13,J11,100
J22,13,J11,100
N21,13,J12,100
C20,13,J12,100
P8,13,J13,100
E14,13,J13,100
N15,13,J14,100
M14,13,J14,100
M12,13,J15,100
C12,13,J15,100
H20,13,J16,100
O21,13,J16,100
F7,13,J17,100
E24,13,J17,100
O7,13,J18,100
A6,13,J18,100
F2,13,J19,100
K17,13,J19,100
K6,13,J20,100
P16,13,J20,100
K15,13,J21,100
P1,13,J21,100
O7,13,J22,100
C15,13,J22,100
N24,13,J23,100
P13,13,J23,100
B15,13,K2,100
D11,13,K2,100
N19,13,K3,100
J18,13,K3,100
N19,13,K4,100
D15,13,K4,100
K11,13,K5,100
K3,13,K5,100
J24,13,K6,100
F2,13,K6,100
D6,13,K7,100
C19,13,K7,100
A5,13,K8,100
N21,13,K8,100
O24,13,K9,100
L19,13,K9,100
D11,13,K10,100
M14,13,K10,100
L23,13,K11,100
J5,13,K11,100
B24,13,K12,100
F17,13,K12,100
N24,13,K13,100
E14,13,K13,100
P11,13,K14,100
P17,13,K14,100
A20,13,K15,100
F16,13,K15,100
K11,13,K16,100
K11,13,K16,100
F17,13,K17,100
J22,13,K17,100
P23,13,K18,100
B15,13,K18,100
D6,13,K19,100
C12,13,K19,100
C8,13,K20,100
M15,13,K20,100
K3,13,K21,100
N13,13,K21,100
M12,13,K22,100
G8,13,K22,100
B4,13,K23,100
F16,13,K23,100
M15,13,L2,100
C15,13,L2,100
B15,13,L3,100
P20,13,L3,100
K3,13,L4,100
N10,13,L4,100
P23,13,L5,100
O5,13,L5,100
K11,13,L6,100
O7,13,L6,100
N10,13,L7,100
D15,13,L7,100
D1,13,L8,100
F19,13,L8,100
O21,13,L9,100
E24,13,L9,100
N24,13,L10,100
K6,13,L10,100
K6,13,L11,100
N13,13,L11,100
J24,13,L12,100
J5,13,L12,100
O5,13,L13,100
P20,13,L13,100
C20,13,L14,100
N14,13,L14,100
C19,13,L15,100
C14,13,L15,100
C15,13,L16,100
L11,13,L16,100
J24,13,L17,100
O18,13,L17,100
B7,13,L18,100
A11,13,L18,100
N10,13,L19,100
O18,13,L19,100
E3,13,L20,100
D7,13,L20,100
G5,13,L21,100
P17,13,L21,100
B4,13,L22,100
F13,13,L22,100
B15,13,L23,100
K8,13,L23,100
O24,13,M2,100
O7,13,M2,100
B15,13,M3,100
A6,13,M3,100
F2,13,M4,100
D7,13,M4,100
I19,13,M5,100
B4,13,M5,100
D6,13,M6,100
N13,13,M6,100
K15,13,M7,100
D20,13,M7,100
L23,13,M8,100
G17,13,M8,100
K11,13,M9,100
I19,13,M9,100
P23,13,M10,100
C15,13,M10,100
B12,13,M11,100
C19,13,M11,100
C3,13,M12,100
L11,13,M12,100
K10,13,M13,100
E3,13,M13,100
P11,13,M14,100
N14,13,M14,100
O7,13,M15,100
M15,13,M15,100
G17,13,M16,100
E3,13,M16,100
K11,13,M17,100
D13,13,M17,100
C19,13,M18,100
G5,13,M18,100
K2,13,M19,100
N13,13,M19,100
K6,13,M20,100
C14,13,M20,100
N24,13,M21,100
N21,13,M21,100
O7,13,M22,100
O10,13,M22,100
P1,13,M23,100
B24,13,M23,100
P17,13,N2,100
N13,13,N2,100
A5,13,N3,100
L11,13,N3,100
M12,13,N4,100
D3,13,N4,100
F7,13,N5,100
N13,13,N5,100
P23,13,N6,100
O5,13,N6,100
L24,13,N7,100
N15,13,N7,100
F19,13,N8,100
D15,13,N8,100
C11,13,N9,100
K2,13,N9,100
P23,13,N10,100
L11,13,N10,100
A5,13,N11,100
J22,13,N11,100
J18,13,N12,100
P17,13,N12,100
N23,13,N13,100
C15,13,N13,100
M23,13,N14,100
D3,13,N14,100
F13,13,N15,100
A11,13,N15,100
D6,13,N16,100
B15,13,N16,100
C11,13,N17,100
F16,13,N17,100
N10,13,N18,100
N15,13,N18,100
L24,13,N19,100
D3,13,N19,100
A5,13,N20,100
C19,13,N20,100
B12,13,N21,100
F16,13,N21,100
K17,13,N22,100
C14,13,N22,100
N23,13,N23,100
M12,13,N23,100
L23,13,O2,100
J2,13,O2,100
K15,13,O3,100
D15,13,O3,100
K3,13,O4,100
A6,13,O4,100
N3,13,O5,100
O10,13,O5,100
F17,13,O6,100
L24,13,O6,100
P23,13,O7,100
K8,13,O7,100
D7,13,O8,100
A11,13,O8,100
A19,13,O9,100
E3,13,O9,100
L19,13,O10,100
L24,13,O10,100
D6,13,O11,100
D11,13,O11,100
B7,13,O12,100
M23,13,O12,100
E3,13,O13,100
J5,13,O13,100
D1,13,O14,100
D7,13,O14,100
K11,13,O15,100
J5,13,O15,100
O7,13,O16,100
P13,13,O16,100
C8,13,O17,100
C14,13,O17,100
P1,13,O18,100
N14,13,O18,100
F2,13,O19,100
D11,13,O19,100
L19,13,O20,100
J22,13,O20,100
C12,13,O21,100
D13,13,O21,100
N24,13,O22,100
L24,13,O22,100
A6,13,O23,100
P14,13,O23,100
K10,14,B2,100
D3,14,B2,100
E24,14,B3,100
P14,14,B3,100
B4,14,B4,100
P14,14,B4,100
D1,14,B5,100
N15,14,B5,100
J18,14,B6,100
O17,14,B6,100
P1,14,B7,100
N21,14,B7,100
D1,14,B8,100
D1,14,B8,100
O21,14,B9,100
P14,14,B9,100
P8,14,B10,100
F7,14,B10,100
K3,14,B11,100
P16,14,B11,100
O17,14,B12,100
J5,14,B12,100
N21,14,B13,100
P20,14,B13,100
M12,14,B14,100
E24,14,B14,100
B24,14,B15,100
H20,14,B15,100
O5,14,B16,100
B12,14,B16,100
J18,14,B17,100
M23,14,B17,100
P1,14,B18,100
O17,14,B18,100
I19,14,B19,100
K8,14,B19,100
K11,14,B20,100
P8,14,B20,100
B7,14,B21,100
K3,14,B21,100
B7,14,B22,100
C3,14,B22,100
B4,14,B23,100
L6,14,B23,100
N24,14,C2,100
M23,14,C2,100
A5,14,C3,100
F16,14,C3,100
I19,14,C4,100
D11,14,C4,100
L23,14,C5,100
C14,14,C5,100
M12,14,C6,100
E14,14,C6,100
C8,14,C7,100
C12,14,C7,100
K10,14,C8,100
O7,14,C8,100
L6,14,C9,100
C3,14,C9,100
K15,14,C10,100
P13,14,C10,100
P1,14,C11,100
J22,14,C11,100
C8,14,C12,100
G8,14,C12,100
K6,14,C13,100
C15,14,C13,100
P8,14,C14,100
C19,14,C14,100
K6,14,C15,100
D11,14,C15,100
G5,14,C16,100
J2,14,C16,100
K2,14,C17,100
J5,14,C17,100
O24,14,C18,100
L11,14,C18,100
B4,14,C19,100
B4,14,C19,100
F16,14,C20,100
A11,14,C20,100
D6,14,C21,100
E24,14,C21,100
L6,14,C22,100
P20,14,C22,100
I19,14,C23,100
B7,14,C23,100
P8,14,D2,100
A20,14,D2,100
A19,14,D3,100
B12,14,D3,100
F2,14,D4,100
P17,14,D4,100
G17,14,D5,100
C15,14,D5,100
J24,14,D6,100
D1,14,D6,100
N21,14,D7,100
M14,14,D7,100
D1,14,D8,100
F16,14,D8,100
C8,14,D9,100
C20,14,D9,100
J24,14,D10,100
M23,14,D10,100
O21,14,D11,100
F16,14,D11,100
P23,14,D12,100
D13,14,D12,100
N23,14,D13,100
L11,14,D13,100
K15,14,D14,100
N3,14,D14,100
O21,14,D15,100
E14,14,D15,100
A6,14,D16,100
E14,14,D16,100
L24,14,D17,100
D11,14,D17,100
P13,14,D18,100
F19,14,D18,100
D1,14,D19,100
F17,14,D19,100
N23,14,D20,100
C20,14,D20,100
N19,14,D21,100
C3,14,D21,100
K11,14,D22,100
C8,14,D22,100
D1,14,D23,100
A6,14,D23,100
B4,14,E2,100
K8,14,E2,100
B24,14,E3,100
A11,14,E3,100
A19,14,E4,100
H20,14,E4,100
O21,14,E5,100
K8,14,E5,100
O7,14,E6,100
L6,14,E6,100
B7,14,E7,100
P16,14,E7,100
N21,14,E8,100
L11,14,E8,100
O5,14,E9,100
N15,14,E9,100
C15,14,E10,100
D3,14,E10,100
J18,14,E11,100
B12,14,E11,100
L6,14,E12,100
C12,14,E12,100
B4,14,E13,100
B15,14,E13,100
N19,14,E14,100
M12,14,E14,100
P11,14,E15,100
L24,14,E15,100
O7,14,E16,100
N21,14,E16,100
B4,14,E17,100
N3,14,E17,100
G5,14,E18,100
J2,14,E18,100
J24,14,E19,100
P17,14,E19,100
N21,14,E20,100
F13,14,E20,100
F17,14,E21,100
J2,14,E21,100
N23,14,E22,100
P23,14,E22,100
N19,14,E23,100
L23,14,E23,100
F19,14,F2,100
K8,14,F2,100
P23,14,F3,100
E24,14,F3,100
O24,14,F4,100
P13,14,F4,100
M15,14,F5,100
J2,14,F5,100
C11,14,F6,100
C12,14,F6,100
K10,14,F7,100
K6,14,F7,100
A19,14,F8,100
J5,14,F8,100
N24,14,F9,100
M15,14,F9,100
L6,14,F10,100
E14,14,F10,100
D11,14,F11,100
O10,14,F11,100
G17,14,F12,100
P16,14,F12,100
B24,14,F13,100
P14,14,F13,100
B4,14,F14,100
P11,14,F14,100
C20,14,F15,100
F16,14,F15,100
K3,14,F16,100
O10,14,F16,100
J18,14,F17,100
C12,14,F17,100
N23,14,F18,100
B12,14,F18,100
J18,14,F19,100
F19,14,F19,100
N23,14,F20,100
O5,14,F20,100
B4,14,F21,100
L6,14,F21,100
H20,14,F22,100
J5,14,F22,100
O7,14,F23,100
G8,14,F23,100
O5,14,G2,100
P16,14,G2,100
H20,14,G3,100
A6,14,G3,100
P1,14,G4,100
K3,14,G4,100
C3,14,G5,100
P14,14,G5,100
P16,14,G6,100
J5,14,G6,100
K15,14,G7,100
O18,14,G7,100
A20,14,G8,100
G5,14,G8,100
F2,14,G9,100
M15,14,G9,100
B4,14,G10,100
P20,14,G10,100
M14,14,G11,100
D3,14,G11,100
P23,14,G12,100
C8,14,G12,100
K10,14,G13,100
F17,14,G13,100
E14,14,G14,100
D13,14,G14,100
C20,14,G15,100
J5,14,G15,100
N19,14,G16,100
A19,14,G16,100
O24,14,G17,100
K10,14,G17,100
L24,14,G18,100
D13,14,G18,100
N24,14,G19,100
N21,14,G19,100
J18,14,G20,100
M12,14,G20,100
C20,14,G21,100
C12,14,G21,100
K3,14,G22,100
M14,14,G22,100
G17,14,G23,100
K8,14,G23,100
F2,14,H2,100
P14,14,H2,100
N15,14,H3,100
J22,14,H3,100
D20,14,H4,100
A11,14,H4,100
O24,14,H5,100
B24,14,H5,100
A19,14,H6,100
C15,14,H6,100
N19,14,H7,100
O7,14,H7,100
J18,14,H8,100
F17,14,H8,100
O5,14,H9,100
F16,14,H9,100
B4,14,H10,100
L19,14,H10,100
P13,14,H11,100
N10,14,H11,100
O17,14,H12,100
D1,14,H12,100
O7,14,H13,100
M15,14,H13,100
C11,14,H14,100
N15,14,H14,100
D15,14,H15,100
D11,14,H15,100
K2,14,H16,100
J2,14,H16,100
A20,14,H17,100
N10,14,H17,100
N19,14,H18,100
H20,14,H18,100
O17,14,H19,100
M23,14,H19,100
K10,14,H20,100
L23,14,H20,100
F19,14,H21,100
B12,14,H21,100
C3,14,H22,100
J5,14,H22,100
M15,14,H23,100
P16,14,H23,100
L23,14,I2,100
N14,14,I2,100
K10,14,I3,100
E24,14,I3,100
M23,14,I4,100
N3,14,I4,100
P11,14,I5,100
C12,14,I5,100
P1,14,I6,100
J5,14,I6,100
G17,14,I7,100
L19,14,I7,100
B24,14,I8,100
C14,14,I8,100
O24,14,I9,100
O18,14,I9,100
D1,14,I10,100
E3,14,I10,100
N24,14,I11,100
P8,14,I11,100
B12,14,I12,100
D7,14,I12,100
D6,14,I13,100
C8,14,I13,100
K15,14,I14,100
D6,14,I14,100
N14,14,I15,100
J2,14,I15,100
C12,14,I16,100
L11,14,I16,100
N24,14,I17,100
K3,14,I17,100
E14,14,I18,100
M14,14,I18,100
N19,14,I19,100
P17,14,I19,100
P23,14,I20,100
C12,14,I20,100
N21,14,I21,100
L19,14,I21,100
E3,14,I22,100
C19,14,I22,100
C11,14,I23,100
A6,14,I23,100
F17,14,J2,100
P11,14,J2,100
P16,14,J3,100
D15,14,J3,100
G17,14,J4,100
D7,14,J4,100
H20,14,J5,100
G8,14,J5,100
O24,14,J6,100
O21,14,J6,100
P1,14,J7,100
N15,14,J7,100
I19,14,J8,100
O5,14,J8,100
F2,14,J9,100
J22,14,J9,100
A20,14,J10,100
E14,14,J10,100
K3,14,J11,100
P11,14,J11,100
D20,14,J12,100
K8,14,J12,100
P23,14,J13,100
O17,14,J13,100
C8,14,J14,100
J5,14,J14,100
N23,14,J15,100
P14,14,J15,100
O24,14,J16,100
F19,14,J16,100
P20,14,J17,100
J5,14,J17,100
L24,14,J18,100
L24,14,J18,100
B4,14,J19,100
G8,14,J19,100
N19,14,J20,100
D13,14,J20,100
D1,14,J21,100
E14,14,J21,100
B24,14,J22,100
F19,14,J22,100
A20,14,J23,100
D15,14,J23,100
K6,14,K2,100
A19,14,K2,100
D6,14,K3,100
E3,14,K3,100
A19,14,K4,100
L19,14,K4,100
G17,14,K5,100
K17,14,K5,100
K15,14,K6,100
K8,14,K6,100
G17,14,K7,100
E14,14,K7,100
N19,14,K8,100
L24,14,K8,100
P8,14,K9,100
K17,14,K9,100
O7,14,K10,100
D11,14,K10,100
N10,14,K11,100
M14,14,K11,100
B7,14,K12,100
A19,14,K12,100
L23,14,K13,100
M23,14,K13,100
L6,14,K14,100
N14,14,K14,100
K17,14,K15,100
C14,14,K15,100
K11,14,K16,100
F16,14,K16,100
O24,14,K17,100
K10,14,K17,100
L19,14,K18,100
C19,14,K18,100
K6,14,K19,100
F13,14,K19,100
D15,14,K20,100
C15,14,K20,100
A20,14,K21,100
O21,14,K21,100
D3,14,K22,100
D3,14,K22,100
L24,14,K23,100
P14,14,K23,100
M15,14,L2,100
F7,14,L2,100
F16,14,L3,100
D3,14,L3,100
B12,14,L4,100
F13,14,L4,100
B4,14,L5,100
F19,14,L5,100
P8,14,L6,100
C8,14,L6,100
F13,14,L7,100
M14,14,L7,100
P20,14,L8,100
D13,14,L8,100
D7,14,L9,100
P14,14,L9,100
L6,14,L10,100
M15,14,L10,100
M15,14,L11,100
D7,14,L11,100
K15,14,L12,100
P16,14,L12,100
G17,14,L13,100
N13,14,L13,100
P11,14,L14,100
M15,14,L14,100
B4,14,L15,100
G8,14,L15,100
N24,14,L16,100
F7,14,L16,100
K11,14,L17,100
O18,14,L17,100
P8,14,L18,100
C11,14,L18,100
J22,14,L19,100
O18,14,L19,100
O21,14,L20,100
M14,14,L20,100
N23,14,L21,100
K2,14,L21,100
A5,14,L22,100
E14,14,L22,100
F17,14,L23,100
N21,14,L23,100
C11,14,M2,100
D3,14,M2,100
D11,14,M3,100
K2,14,M3,100
I19,14,M4,100
E24,14,M4,100
D7,14,M5,100
K8,14,M5,100
P13,14,M6,100
K6,14,M6,100
K17,14,M7,100
E3,14,M7,100
P13,14,M8,100
A20,14,M8,100
G17,14,M9,100
P14,14,M9,100
L23,14,M10,100
C3,14,M10,100
N10,14,M11,100
C19,14,M11,100
M15,14,M12,100
L24,14,M12,100
C20,14,M13,100
P17,14,M13,100
K15,14,M14,100
F17,14,M14,100
P11,14,M15,100
P14,14,M15,100
N24,14,M16,100
A19,14,M16,100
D6,14,M17,100
O7,14,M17,100
D1,14,M18,100
A11,14,M18,100
N23,14,M19,100
B15,14,M19,100
D20,14,M20,100
P11,14,M20,100
K17,14,M21,100
C11,14,M21,100
G5,14,M22,100
F16,14,M22,100
B24,14,M23,100
K8,14,M23,100
G8,14,N2,100
K2,14,N2,100
K8,14,N3,100
E14,14,N3,100
H20,14,N4,100
C14,14,N4,100
M23,14,N5,100
D15,14,N5,100
N24,14,N6,100
N19,14,N6,100
P8,14,N7,100
F16,14,N7,100
O7,14,N8,100
O21,14,N8,100
C12,14,N9,100
C19,14,N9,100
O24,14,N10,100
A20,14,N10,100
P8,14,N11,100
D1,14,N11,100
L6,14,N12,100
F7,14,N12,100
J24,14,N13,100
N19,14,N13,100
P8,14,N14,100
C12,14,N14,100
I19,14,N15,100
C8,14,N15,100
D11,14,N16,100
A11,14,N16,100
B12,14,N17,100
C14,14,N17,100
O24,14,N18,100
P20,14,N18,100
N10,14,N19,100
C20,14,N19,100
P16,14,N20,100
G5,14,N20,100
B4,14,N21,100
O5,14,N21,100
P1,14,N22,100
C14,14,N22,100
P1,14,N23,100
N14,14,N23,100
N19,14,O2,100
H20,14,O2,100
A6,14,O3,100
G8,14,O3,100
M15,14,O4,100
G5,14,O4,100
P11,14,O5,100
D7,14,O5,100
A5,14,O6,100
O7,14,O6,100
A5,14,O7,100
N15,14,O7,100
N15,14,O8,100
K2,14,O8,100
D13,14,O9,100
O10,14,O9,100
I19,14,O10,100
P14,14,O10,100
D1,14,O11,100
M15,14,O11,100
K15,14,O12,100
O24,14,O12,100
B12,14,O13,100
P14,14,O13,100
N23,14,O14,100
K17,14,O14,100
A5,14,O15,100
N3,14,O15,100
N15,14,O16,100
J22,14,O16,100
L19,14,O17,100
N13,14,O17,100
K3,14,O18,100
F13,14,O18,100
D7,14,O19,100
N14,14,O19,100
C20,14,O20,100
E24,14,O20,100
P23,14,O21,100
F13,14,O21,100
F7,14,O22,100
K2,14,O22,100
K17,14,O23,100
K2,14,O23,100
H20,15,B2,100
P20,15,B2,100
N3,15,B3,100
L11,15,B3,100
N15,15,B4,100
N13,15,B4,100
K6,15,B5,100
L24,15,B5,100
N19,15,B6,100
P11,15,B6,100
B24,15,B7,100
M14,15,B7,100
P8,15,B8,100
N13,15,B8,100
K8,15,B9,100
A6,15,B9,100
O24,15,B10,100
G17,15,B10,100
J18,15,B11,100
L24,15,B11,100
C8,15,B12,100
F17,15,B12,100
J24,15,B13,100
D3,15,B13,100
D1,15,B14,100
G8,15,B14,100
P20,15,B15,100
L19,15,B15,100
D6,15,B16,100
F13,15,B16,100
L24,15,B17,100
P14,15,B17,100
E24,15,B18,100
P17,15,B18,100
O17,15,B19,100
F17,15,B19,100
B4,15,B20,100
M23,15,B20,100
D20,15,B21,100
O5,15,B21,100
D11,15,B22,100
E24,15,B22,100
B7,15,B23,100
M14,15,B23,100
P11,15,C2,100
G5,15,C2,100
K11,15,C3,100
E3,15,C3,100
P1,15,C4,100
B12,15,C4,100
K11,15,C5,100
C12,15,C5,100
D20,15,C6,100
K6,15,C6,100
J18,15,C7,100
E3,15,C7,100
B24,15,C8,100
N3,15,C8,100
F2,15,C9,100
K8,15,C9,100
C11,15,C10,100
A20,15,C10,100
O17,15,C11,100
N21,15,C11,100
N23,15,C12,100
D15,15,C12,100
P23,15,C13,100
J5,15,C13,100
F13,15,C14,100
O10,15,C14,100
K15,15,C15,100
K8,15,C15,100
B15,15,C16,100
C15,15,C16,100
G17,15,C17,100
P17,15,C17,100
H20,15,C18,100
F7,15,C18,100
P13,15,C19,100
A6,15,C19,100
J22,15,C20,100
J2,15,C20,100
N3,15,C21,100
N15,15,C21,100
F2,15,C22,100
K2,15,C22,100
N19,15,C23,100
P16,15,C23,100
B7,15,D2,100
L11,15,D2,100
N23,15,D3,100
D11,15,D3,100
P11,15,D4,100
E24,15,D4,100
P23,15,D5,100
L24,15,D5,100
M12,15,D6,100
B12,15,D6,100
K17,15,D7,100
B12,15,D7,100
L6,15,D8,100
O10,15,D8,100
L23,15,D9,100
L24,15,D9,100
P1,15,D10,100
N3,15,D10,100
C8,15,D11,100
N14,15,D11,100
N24,15,D12,100
G5,15,D12,100
O7,15,D13,100
B12,15,D13,100
A5,15,D14,100
L19,15,D14,100
A19,15,D15,100
F7,15,D15,100
C14,15,D16,100
M14,15,D16,100
G17,15,D17,100
A20,15,D17,100
K15,15,D18,100
J24,15,D18,100
K8,15,D19,100
O10,15,D19,100
F19,15,D20,100
P17,15,D20,100
E3,15,D21,100
M12,15,D21,100
D13,15,D22,100
N13,15,D22,100
G17,15,D23,100
N21,15,D23,100
B12,15,E2,100
O21,15,E2,100
L23,15,E3,100
N15,15,E3,100
C8,15,E4,100
H20,15,E4,100
D1,15,E5,100
A19,15,E5,100
F7,15,E6,100
A6,15,E6,100
N23,15,E7,100
D13,15,E7,100
G5,15,E8,100
C14,15,E8,100
N19,15,E9,100
A20,15,E9,100
M15,15,E10,100
M14,15,E10,100
O17,15,E11,100
D1,15,E11,100
J24,15,E12,100
L23,15,E12,100
N24,15,E13,100
C11,15,E13,100
B12,15,E14,100
O18,15,E14,100
L24,15,E15,100
F7,15,E15,100
N10,15,E16,100
F7,15,E16,100
K17,15,E17,100
E14,15,E17,100
P23,15,E18,100
G8,15,E18,100
B4,15,E19,100
C3,15,E19,100
F13,15,E20,100
L11,15,E20,100
C8,15,E21,100
N15,15,E21,100
D6,15,E22,100
O5,15,E22,100
C19,15,E23,100
N15,15,E23,100
D7,15,F2,100
K8,15,F2,100
D11,15,F3,100
O18,15,F3,100
P23,15,F4,100
A6,15,F4,100
N19,15,F5,100
G17,15,F5,100
N24,15,F6,100
A19,15,F6,100
D6,15,F7,100
B4,15,F7,100
C12,15,F8,100
O21,15,F8,100
C19,15,F9,100
A11,15,F9,100
K10,15,F10,100
N13,15,F10,100
A19,15,F11,100
D11,15,F11,100
O17,15,F12,100
P17,15,F12,100
O24,15,F13,100
A11,15,F13,100
E14,15,F14,100
K2,15,F14,100
P1,15,F15,100
O7,15,F15,100
B4,15,F16,100
E24,15,F16,100
O21,15,F17,100
D3,15,F17,100
L24,15,F18,100
A11,15,F18,100
F17,15,F19,100
F19,15,F19,100
D1,15,F20,100
D3,15,F20,100
C3,15,F21,100
B15,15,F21,100
K11,15,F22,100
F17,15,F22,100
L23,15,F23,100
L6,15,F23,100
E3,15,G2,100
C14,15,G2,100
L11,15,G3,100
J22,15,G3,100
L19,15,G4,100
K8,15,G4,100
K15,15,G5,100
B7,15,G5,100
O7,15,G6,100
F17,15,G6,100
C11,15,G7,100
C20,15,G7,100
O18,15,G8,100
J2,15,G8,100
D20,15,G9,100
P13,15,G9,100
B7,15,G10,100
D1,15,G10,100
M23,15,G11,100
A6,15,G11,100
P16,15,G12,100
A11,15,G12,100
N21,15,G13,100
F19,15,G13,100
C3,15,G14,100
D3,15,G14,100
J18,15,G15,100
D3,15,G15,100
E3,15,G16,100
F19,15,G16,100
E3,15,G17,100
D3,15,G17,100
F2,15,G18,100
N14,15,G18,100
K8,15,G19,100
J2,15,G19,100
K3,15,G20,100
C20,15,G20,100
G17,15,G21,100
C11,15,G21,100
A5,15,G22,100
F7,15,G22,100
F2,15,G23,100
M14,15,G23,100
N24,15,H2,100
D7,15,H2,100
M12,15,H3,100
C15,15,H3,100
B24,15,H4,100
N21,15,H4,100
I19,15,H5,100
P8,15,H5,100
N19,15,H6,100
N13,15,H6,100
H20,15,H7,100
C12,15,H7,100
L19,15,H8,100
D15,15,H8,100
K11,15,H9,100
C11,15,H9,100
F13,15,H10,100
J2,15,H10,100
N10,15,H11,100
P16,15,H11,100
F17,15,H12,100
G8,15,H12,100
P11,15,H13,100
F16,15,H13,100
D3,15,H14,100
A11,15,H14,100
F2,15,H15,100
G17,15,H15,100
C19,15,H16,100
G5,15,H16,100
M23,15,H17,100
F13,15,H17,100
K17,15,H18,100
N14,15,H18,100
C12,15,H19,100
N13,15,H19,100
C14,15,H20,100
L11,15,H20,100
O24,15,H21,100
A11,15,H21,100
N19,15,H22,100
G5,15,H22,100
C19,15,H23,100
M14,15,H23,100
B7,15,I2,100
E24,15,I2,100
F2,15,I3,100
M15,15,I3,100
M23,15,I4,100
L11,15,I4,100
K10,15,I5,100
P8,15,I5,100
K8,15,I6,100
A6,15,I6,100
K15,15,I7,100
C14,15,I7,100
F7,15,I8,100
M14,15,I8,100
N21,15,I9,100
A20,15,I9,100
F2,15,I10,100
F7,15,I10,100
J18,15,I11,100
G17,15,I11,100
F19,15,I12,100
M14,15,I12,100
C8,15,I13,100
D13,15,I13,100
L6,15,I14,100
K8,15,I14,100
M15,15,I15,100
G8,15,I15,100
B7,15,I16,100
F19,15,I16,100
P11,15,I17,100
P20,15,I17,100
J18,15,I18,100
C3,15,I18,100
P23,15,I19,100
N13,15,I19,100
M14,15,I20,100
J22,15,I20,100
I19,15,I21,100
C20,15,I21,100
P1,15,I22,100
P13,15,I22,100
C11,15,I23,100
J5,15,I23,100
L6,15,J2,100
J2,15,J2,100
B4,15,J3,100
O21,15,J3,100
P1,15,J4,100
N23,15,J4,100
N24,15,J5,100
D20,15,J5,100
N23,15,J6,100
J18,15,J6,100
G17,15,J7,100
A20,15,J7,100
E3,15,J8,100
C14,15,J8,100
E24,15,J9,100
M14,15,J9,100
N15,15,J10,100
P14,15,J10,100
E24,15,J11,100
P17,15,J11,100
K11,15,J12,100
D15,15,J12,100
I19,15,J13,100
F13,15,J13,100
N15,15,J14,100
O21,15,J14,100
K15,15,J15,100
A19,15,J15,100
N23,15,J16,100
O5,15,J16,100
D15,15,J17,100
J22,15,J17,100
E24,15,J18,100
D3,15,J18,100
O5,15,J19,100
C8,15,J19,100
C3,15,J20,100
J2,15,J20,100
P8,15,J21,100
P11,15,J21,100
K17,15,J22,100
L19,15,J22,100
N3,15,J23,100
F16,15,J23,100
N19,15,K2,100
F2,15,K2,100
N10,15,K3,100
L11,15,K3,100
P8,15,K4,100
F13,15,K4,100
A5,15,K5,100
P14,15,K5,100
A19,15,K6,100
P16,15,K6,100
K15,15,K7,100
O21,15,K7,100
P8,15,K8,100
A11,15,K8,100
K3,15,K9,100
E3,15,K9,100
C11,15,K10,100
A20,15,K10,100
B12,15,K11,100
J2,15,K11,100
P1,15,K12,100
P14,15,K12,100
P23,15,K13,100
K2,15,K13,100
M15,15,K14,100
O21,15,K14,100
D20,15,K15,100
L11,15,K15,100
C8,15,K16,100
C14,15,K16,100
P23,15,K17,100
D11,15,K17,100
K17,15,K18,100
O10,15,K18,100
J24,15,K19,100
A19,15,K19,100
J18,15,K20,100
N14,15,K20,100
N15,15,K21,100
C14,15,K21,100
B24,15,K22,100
N14,15,K22,100
G17,15,K23,100
L6,15,K23,100
A20,15,L2,100
F7,15,L2,100
C12,15,L3,100
N15,15,L3,100
A19,15,L4,100
D15,15,L4,100
P23,15,L5,100
N10,15,L5,100
F17,15,L6,100
N15,15,L6,100
P1,15,L7,100
F16,15,L7,100
A19,15,L8,100
O21,15,L8,100
J24,15,L9,100
N10,15,L9,100
A20,15,L10,100
C15,15,L10,100
O7,15,L11,100
K17,15,L11,100
J24,15,L12,100
C11,15,L12,100
K6,15,L13,100
P20,15,L13,100
O7,15,L14,100
F17,15,L14,100
A11,15,L15,100
J5,15,L15,100
C12,15,L16,100
O21,15,L16,100
K11,15,L17,100
C12,15,L17,100
J24,15,L18,100
B12,15,L18,100
C11,15,L19,100
E24,15,L19,100
K3,15,L20,100
N15,15,L20,100
K11,15,L21,100
C19,15,L21,100
F13,15,L22,100
P17,15,L22,100
D20,15,L23,100
A19,15,L23,100
C3,15,M2,100
C19,15,M2,100
N23,15,M3,100
D3,15,M3,100
H20,15,M4,100
N15,15,M4,100
K11,15,M5,100
N23,15,M5,100
B4,15,M6,100
O17,15,M6,100
P23,15,M7,100
K3,15,M7,100
K11,15,M8,100
F16,15,M8,100
K10,15,M9,100
H20,15,M9,100
N21,15,M10,100
N15,15,M10,100
K11,15,M11,100
K2,15,M11,100
C8,15,M12,100
J2,15,M12,100
K17,15,M13,100
L11,15,M13,100
O24,15,M14,100
M14,15,M14,100
C11,15,M15,100
F19,15,M15,100
P13,15,M16,100
E24,15,M16,100
K17,15,M17,100
P14,15,M17,100
B4,15,M18,100
M12,15,M18,100
P20,15,M19,100
K8,15,M19,100
K8,15,M20,100
E24,15,M20,100
C19,15,M21,100
O18,15,M21,100
P23,15,M22,100
N14,15,M22,100
O24,15,M23,100
H20,15,M23,100
O7,15,N2,100
K2,15,N2,100
C8,15,N3,100
K6,15,N3,100
D15,15,N4,100
F13,15,N4,100
P16,15,N5,100
N15,15,N5,100
O24,15,N6,100
B12,15,N6,100
C20,15,N7,100
J2,15,N7,100
D6,15,N8,100
O18,15,N8,100
A20,15,N9,100
A11,15,N9,100
J24,15,N10,100
O21,15,N10,100
O5,15,N11,100
M15,15,N11,100
N24,15,N12,100
B4,15,N12,100
P11,15,N13,100
E3,15,N13,100
C19,15,N14,100
E24,15,N14,100
O21,15,N15,100
O18,15,N15,100
M12,15,N16,100
F16,15,N16,100
P20,15,N17,100
G5,15,N17,100
N24,15,N18,100
P17,15,N18,100
N21,15,N19,100
M15,15,N19,100
A5,15,N20,100
J18,15,N20,100
P1,15,N21,100
A6,15,N21,100
A20,15,N22,100
C12,15,N22,100
A5,15,N23,100
E24,15,N23,100
N19,15,O2,100
B7,15,O2,100
P16,15,O3,100
L24,15,O3,100
C12,15,O4,100
E24,15,O4,100
C11,15,O5,100
J5,15,O5,100
K11,15,O6,100
F17,15,O6,100
N14,15,O7,100
O10,15,O7,100
A19,15,O8,100
P17,15,O8,100
I19,15,O9,100
K3,15,O9,100
E14,15,O10,100
J5,15,O10,100
P13,15,O11,100
D11,15,O11,100
N19,15,O12,100
N3,15,O12,100
J18,15,O13,100
C14,15,O13,100
I19,15,O14,100
J5,15,O14,100
K3,15,O15,100
E24,15,O15,100
D7,15,O16,100
C20,15,O16,100
L23,15,O17,100
K17,15,O17,100
O17,15,O18,100
F13,15,O18,100
L6,15,O19,100
C19,15,O19,100
L6,15,O20,100
N15,15,O20,100
K11,15,O21,100
G5,15,O21,100
J24,15,O22,100
J2,15,O22,100
D6,15,O23,100
F17,15,O23,100
J24,16,B2,100
M23,16,B2,100
P11,16,B3,100
F16,16,B3,100
D6,16,B4,100
K3,16,B4,100
P23,16,B5,100
N15,16,B5,100
J24,16,B6,100
D20,16,B6,100
B12,16,B7,100
O10,16,B7,100
B7,16,B8,100
N3,16,B8,100
P23,16,B9,100
E3,16,B9,100
E3,16,B10,100
J5,16,B10,100
P8,16,B11,100
C19,16,B11,100
E24,16,B12,100
N13,16,B12,100
G17,16,B13,100
N15,16,B13,100
K3,16,B14,100
M12,16,B14,100
O7,16,B15,100
B7,16,B15,100
B7,16,B16,100
A19,16,B16,100
O24,16,B17,100
B7,16,B17,100
K15,16,B18,100
G8,16,B18,100
P8,16,B19,100
O17,16,B19,100
O7,16,B20,100
N10,16,B20,100
F17,16,B21,100
O18,16,B21,100
F2,16,B22,100
B12,16,B22,100
F2,16,B23,100
E14,16,B23,100
D6,16,C2,100
D13,16,C2,100
K6,16,C3,100
P17,16,C3,100
K11,16,C4,100
A19,16,C4,100
C14,16,C5,100
L11,16,C5,100
F7,16,C6,100
J2,16,C6,100
K17,16,C7,100
K8,16,C7,100
B12,16,C8,100
J2,16,C8,100
F19,16,C9,100
D11,16,C9,100
C8,16,C10,100
C12,16,C10,100
E24,16,C11,100
C14,16,C11,100
O5,16,C12,100
C14,16,C12,100
B24,16,C13,100
J5,16,C13,100
D7,16,C14,100
G5,16,C14,100
C14,16,C15,100
J22,16,C15,100
A11,16,C16,100
J5,16,C16,100
L19,16,C17,100
C15,16,C17,100
P16,16,C18,100
E24,16,C18,100
M23,16,C19,100
P11,16,C19,100
C11,16,C20,100
A11,16,C20,100
O7,16,C21,100
P8,16,C21,100
K11,16,C22,100
B7,16,C22,100
A5,16,C23,100
F19,16,C23,100
D20,16,D2,100
F7,16,D2,100
O18,16,D3,100
O18,16,D3,100
G5,16,D4,100
J22,16,D4,100
G17,16,D5,100
N14,16,D5,100
C11,16,D6,100
E24,16,D6,100
N23,16,D7,100
N14,16,D7,100
B7,16,D8,100
G17,16,D8,100
D6,16,D9,100
F19,16,D9,100
P11,16,D10,100
F13,16,D10,100
N3,16,D11,100
F7,16,D11,100
N24,16,D12,100
N3,16,D12,100
K11,16,D13,100
L24,16,D13,100
C14,16,D14,100
M14,16,D14,100
D3,16,D15,100
L11,16,D15,100
A5,16,D16,100
K2,16,D16,100
N24,16,D17,100
D7,16,D17,100
A5,16,D18,100
F13,16,D18,100
A19,16,D19,100
N14,16,D19,100
C15,16,D20,100
D13,16,D20,100
P20,16,D21,100
O10,16,D21,100
N19,16,D22,100
D13,16,D22,100
N19,16,D23,100
K17,16,D23,100
D11,16,E2,100
D13,16,E2,100
P13,16,E3,100
D7,16,E3,100
C8,16,E4,100
D15,16,E4,100
C11,16,E5,100
E3,16,E5,100
C11,16,E6,100
L11,16,E6,100
D1,16,E7,100
P20,16,E7,100
P23,16,E8,100
P13,16,E8,100
J18,16,E9,100
L23,16,E9,100
D13,16,E10,100
P14,16,E10,100
K11,16,E11,100
E14,16,E11,100
F17,16,E12,100
N10,16,E12,100
K8,16,E13,100
J2,16,E13,100
B4,16,E14,100
K2,16,E14,100
K11,16,E15,100
L11,16,E15,100
K11,16,E16,100
F19,16,E16,100
L19,16,E17,100
P14,16,E17,100
M12,16,E18,100
C12,16,E18,100
P1,16,E19,100
J5,16,E19,100
P8,16,E20,100
E14,16,E20,100
P11,16,E21,100
J22,16,E21,100
P11,16,E22,100
N15,16,E22,100
K11,16,E23,100
N10,16,E23,100
H20,16,F2,100
K8,16,F2,100
D20,16,F3,100
C11,16,F3,100
M15,16,F4,100
J5,16,F4,100
K11,16,F5,100
D11,16,F5,100
F16,16,F6,100
E14,16,F6,100
O21,16,F7,100
C14,16,F7,100
K3,16,F8,100
N13,16,F8,100
D20,16,F9,100
F13,16,F9,100
L24,16,F10,100
M14,16,F10,100
J24,16,F11,100
L24,16,F11,100
K15,16,F12,100
D15,16,F12,100
D6,16,F13,100
P16,16,F13,100
P11,16,F14,100
C20,16,F14,100
F19,16,F15,100
D3,16,F15,100
P23,16,F16,100
P11,16,F16,100
N10,16,F17,100
L11,16,F17,100
G17,16,F18,100
J5,16,F18,100
O7,16,F19,100
D11,16,F19,100
A20,16,F20,100
D15,16,F20,100
K10,16,F21,100
B12,16,F21,100
D15,16,F22,100
P14,16,F22,100
D1,16,F23,100
L11,16,F23,100
L6,16,G2,100
N10,16,G2,100
J18,16,G3,100
C20,16,G3,100
O7,16,G4,100
P17,16,G4,100
J18,16,G5,100
A6,16,G5,100
N19,16,G6,100
E14,16,G6,100
D3,16,G7,100
P17,16,G7,100
P11,16,G8,100
O10,16,G8,100
A11,16,G9,100
J2,16,G9,100
D7,16,G10,100
P17,16,G10,100
N21,16,G11,100
C11,16,G11,100
A5,16,G12,100
A19,16,G12,100
A20,16,G13,100
M14,16,G13,100
G5,16,G14,100
N13,16,G14,100
C8,16,G15,100
F17,16,G15,100
M12,16,G16,100
G8,16,G16,100
N24,16,G17,100
L23,16,G17,100
A20,16,G18,100
B12,16,G18,100
O24,16,G19,100
A19,16,G19,100
K10,16,G20,100
L6,16,G20,100
N24,16,G21,100
B24,16,G21,100
F19,16,G22,100
L11,16,G22,100
P8,16,G23,100
C15,16,G23,100
M15,16,H2,100
D13,16,H2,100
K10,16,H3,100
F19,16,H3,100
N19,16,H4,100
M15,16,H4,100
K3,16,H5,100
C15,16,H5,100
P13,16,H6,100
P11,16,H6,100
K11,16,H7,100
J22,16,H7,100
N24,16,H8,100
C12,16,H8,100
M23,16,H9,100
P17,16,H9,100
K10,16,H10,100
A6,16,H10,100
N24,16,H11,100
G8,16,H11,100
P20,16,H12,100
C15,16,H12,100
D15,16,H13,100
N13,16,H13,100
N24,16,H14,100
O10,16,H14,100
J24,16,H15,100
D11,16,H15,100
A19,16,H16,100
D13,16,H16,100
D6,16,H17,100
J2,16,H17,100
A20,16,H18,100
D13,16,H18,100
P13,16,H19,100
P17,16,H19,100
D11,16,H20,100
A6,16,H20,100
O7,16,H21,100
C14,16,H21,100
N19,16,H22,100
J2,16,H22,100
A20,16,H23,100
L11,16,H23,100
N19,16,I2,100
B12,16,I2,100
M23,16,I3,100
O10,16,I3,100
J18,16,I4,100
N15,16,I4,100
A6,16,I5,100
J22,16,I5,100
C8,16,I6,100
C3,16,I6,100
L24,16,I7,100
P17,16,I7,100
O7,16,I8,100
C12,16,I8,100
P8,16,I9,100
L19,16,I9,100
P13,16,I10,100
H20,16,I10,100
C3,16,I11,100
K6,16,I11,100
O18,16,I12,100
P17,16,I12,100
N21,16,I13,100
P11,16,I13,100
F2,16,I14,100
L19,16,I14,100
O5,16,I15,100
L11,16,I15,100
B4,16,I16,100
P16,16,I16,100
D20,16,I17,100
F19,16,I17,100
G17,16,I18,100
P20,16,I18,100
A5,16,I19,100
F7,16,I19,100
N19,16,I20,100
C3,16,I20,100
G5,16,I21,100
A6,16,I21,100
L23,16,I22,100
B15,16,I22,100
P8,16,I23,100
G17,16,I23,100
D6,16,J2,100
L19,16,J2,100
K6,16,J3,100
L11,16,J3,100
N23,16,J4,100
O18,16,J4,100
O24,16,J5,100
B15,16,J5,100
O21,16,J6,100
C15,16,J6,100
C20,16,J7,100
D3,16,J7,100
G5,16,J8,100
C15,16,J8,100
C15,16,J9,100
A6,16,J9,100
B7,16,J10,100
M15,16,J10,100
N23,16,J11,100
P20,16,J11,100
P11,16,J12,100
G8,16,J12,100
O7,16,J13,100
P11,16,J13,100
A20,16,J14,100
P16,16,J14,100
K11,16,J15,100
B24,16,J15,100
O24,16,J16,100
D6,16,J16,100
N19,16,J17,100
F19,16,J17,100
K6,16,J18,100
K2,16,J18,100
A5,16,J19,100
B24,16,J19,100
P11,16,J20,100
C20,16,J20,100
M23,16,J21,100
D13,16,J21,100
N19,16,J22,100
C14,16,J22,100
O17,16,J23,100
A19,16,J23,100
C3,16,K2,100
O10,16,K2,100
N24,16,K3,100
J24,16,K3,100
F2,16,K4,100
P14,16,K4,100
O24,16,K5,100
C20,16,K5,100
F17,16,K6,100
F13,16,K6,100
K6,16,K7,100
E3,16,K7,100
O5,16,K8,100
H20,16,K8,100
B7,16,K9,100
N3,16,K9,100
F2,16,K10,100
P13,16,K10,100
B24,16,K11,100
B4,16,K11,100
M12,16,K12,100
L11,16,K12,100
A11,16,K13,100
P17,16,K13,100
M23,16,K14,100
A11,16,K14,100
C8,16,K15,100
F16,16,K15,100
D11,16,K16,100
D3,16,K16,100
L6,16,K17,100
L19,16,K17,100
C12,16,K18,100
J5,16,K18,100
O17,16,K19,100
A11,16,K19,100
A19,16,K20,100
F19,16,K20,100
P1,16,K21,100
K17,16,K21,100
I19,16,K22,100
F16,16,K22,100
M12,16,K23,100
E14,16,K23,100
F13,16,L2,100
L11,16,L2,100
O24,16,L3,100
F19,16,L3,100
A19,16,L4,100
F13,16,L4,100
C19,16,L5,100
J2,16,L5,100
C8,16,L6,100
A11,16,L6,100
D20,16,L7,100
L6,16,L7,100
K11,16,L8,100
P16,16,L8,100
G17,16,L9,100
O21,16,L9,100
M23,16,L10,100
K17,16,L10,100
K10,16,L11,100
B7,16,L11,100
N15,16,L12,100
O10,16,L12,100
N19,16,L13,100
C20,16,L13,100
P16,16,L14,100
D11,16,L14,100
K8,16,L15,100
G8,16,L15,100
P23,16,L16,100
A20,16,L16,100
D15,16,L17,100
A6,16,L17,100
D7,16,L18,100
F13,16,L18,100
N23,16,L19,100
F7,16,L19,100
I19,16,L20,100
G8,16,L20,100
K10,16,L21,100
P16,16,L21,100
M15,16,L22,100
P17,16,L22,100
N24,16,L23,100
F13,16,L23,100
M12,16,M2,100
E24,16,M2,100
K3,16,M3,100
F19,16,M3,100
D15,16,M4,100
E24,16,M4,100
C8,16,M5,100
D7,16,M5,100
M23,16,M6,100
C20,16,M6,100
A5,16,M7,100
B12,16,M7,100
B12,16,M8,100
P17,16,M8,100
P23,16,M9,100
G5,16,M9,100
F13,16,M10,100
P14,16,M10,100
D15,16,M11,100
O21,16,M11,100
D15,16,M12,100
D13,16,M12,100
O5,16,M13,100
G8,16,M13,100
P1,16,M14,100
O17,16,M14,100
N10,16,M15,100
O10,16,M15,100
N21,16,M16,100
E14,16,M16,100
N23,16,M17,100
B7,16,M17,100
B24,16,M18,100
L24,16,M18,100
P20,16,M19,100
J2,16,M19,100
C15,16,M20,100
J5,16,M20,100
B24,16,M21,100
C14,16,M21,100
F19,16,M22,100
G8,16,M22,100
A5,16,M23,100
F2,16,M23,100
N23,16,N2,100
O10,16,N2,100
K17,16,N3,100
C19,16,N3,100
K15,16,N4,100
D3,16,N4,100
C11,16,N5,100
L11,16,N5,100
G5,16,N6,100
G8,16,N6,100
A6,16,N7,100
F16,16,N7,100
P13,16,N8,100
A19,16,N8,100
F2,16,N9,100
E14,16,N9,100
K8,16,N10,100
M14,16,N10,100
B7,16,N11,100
J22,16,N11,100
N19,16,N12,100
E3,16,N12,100
P1,16,N13,100
K6,16,N13,100
A6,16,N14,100
F16,16,N14,100
B24,16,N15,100
P17,16,N15,100
D20,16,N16,100
E24,16,N16,100
P13,16,N17,100
C15,16,N17,100
D11,16,N18,100
D3,16,N18,100
K10,16,N19,100
F7,16,N19,100
A19,16,N20,100
M12,16,N20,100
M12,16,N21,100
D11,16,N21,100
O5,16,N22,100
P20,16,N22,100
G17,16,N23,100
F17,16,N23,100
G5,16,O2,100
A11,16,O2,100
O5,16,O3,100
P11,16,O3,100
O24,16,O4,100
D1,16,O4,100
O17,16,O5,100
P13,16,O5,100
D1,16,O6,100
N15,16,O6,100
E3,16,O7,100
O18,16,O7,100
M15,16,O8,100
E24,16,O8,100
P11,16,O9,100
A11,16,O9,100
F19,16,O10,100
C12,16,O10,100
P16,16,O11,100
M14,16,O11,100
J18,16,O12,100
K2,16,O12,100
D13,16,O13,100
O10,16,O13,100
D7,16,O14,100
D13,16,O14,100
E14,16,O15,100
O10,16,O15,100
P1,16,O16,100
C15,16,O16,100
J24,16,O17,100
N13,16,O17,100
B12,16,O18,100
K2,16,O18,100
O24,16,O19,100
P8,16,O19,100
A20,16,O20,100
B15,16,O20,100
A5,16,O21,100
M15,16,O21,100
M15,16,O22,100
F19,16,O22,100
A19,16,O23,100
M14,16,O23,100
I19,17,B2,100
M12,17,B2,100
F19,17,B3,100
G5,17,B3,100
A19,17,B4,100
O10,17,B4,100
O17,17,B5,100
H20,17,B5,100
P13,17,B6,100
M12,17,B6,100
O24,17,B7,100
F17,17,B7,100
N19,17,B8,100
C8,17,B8,100
C12,17,B9,100
K8,17,B9,100
O24,17,B10,100
P17,17,B10,100
P1,17,B11,100
K17,17,B11,100
K8,17,B12,100
K2,17,B12,100
E14,17,B13,100
D3,17,B13,100
B24,17,B14,100
O17,17,B14,100
A20,17,B15,100
L19,17,B15,100
C14,17,B16,100
P17,17,B16,100
C3,17,B17,100
F17,17,B17,100
D6,17,B18,100
D7,17,B18,100
G17,17,B19,100
O17,17,B19,100
A20,17,B20,100
C19,17,B20,100
B24,17,B21,100
B7,17,B21,100
I19,17,B22,100
F2,17,B22,100
J18,17,B23,100
K3,17,B23,100
D7,17,C2,100
N15,17,C2,100
K15,17,C3,100
D20,17,C3,100
P1,17,C4,100
N13,17,C4,100
P11,17,C5,100
M12,17,C5,100
N24,17,C6,100
A6,17,C6,100
D3,17,C7,100
J5,17,C7,100
P8,17,C8,100
G17,17,C8,100
D15,17,C9,100
P17,17,C9,100
O7,17,C10,100
F2,17,C10,100
B24,17,C11,100
O5,17,C11,100
F2,17,C12,100
J2,17,C12,100
E3,17,C13,100
N13,17,C13,100
B7,17,C14,100
L19,17,C14,100
O24,17,C15,100
O10,17,C15,100
K10,17,C16,100
J22,17,C16,100
M15,17,C17,100
P20,17,C17,100
B24,17,C18,100
O5,17,C18,100
D15,17,C19,100
G5,17,C19,100
N15,17,C20,100
N15,17,C20,100
O7,17,C21,100
F19,17,C21,100
N19,17,C22,100
O7,17,C22,100
F17,17,C23,100
G5,17,C23,100
G17,17,D2,100
G8,17,D2,100
O7,17,D3,100
F19,17,D3,100
C11,17,D4,100
F13,17,D4,100
O24,17,D5,100
P23,17,D5,100
O24,17,D6,100
P11,17,D6,100
P11,17,D7,100
E14,17,D7,100
N19,17,D8,100
N10,17,D8,100
J18,17,D9,100
O10,17,D9,100
D6,17,D10,100
N15,17,D10,100
P8,17,D11,100
C15,17,D11,100
K3,17,D12,100
C11,17,D12,100
L24,17,D13,100
G5,17,D13,100
K6,17,D14,100
K6,17,D14,100
O5,17,D15,100
M14,17,D15,100
O24,17,D16,100
C20,17,D16,100
L23,17,D17,100
K2,17,D17,100
C3,17,D18,100
F17,17,D18,100
O5,17,D19,100
K6,17,D19,100
L6,17,D20,100
N15,17,D20,100
P8,17,D21,100
P16,17,D21,100
K17,17,D22,100
K6,17,D22,100
K11,17,D23,100
N21,17,D23,100
P16,17,E2,100
F13,17,E2,100
N24,17,E3,100
O5,17,E3,100
D6,17,E4,100
I19,17,E4,100
K17,17,E5,100
A6,17,E5,100
K11,17,E6,100
O17,17,E6,100
L6,17,E7,100
F17,17,E7,100
H20,17,E8,100
K2,17,E8,100
D3,17,E9,100
J2,17,E9,100
N21,17,E10,100
G8,17,E10,100
L23,17,E11,100
B15,17,E11,100
M23,17,E12,100
C11,17,E12,100
H20,17,E13,100
B15,17,E13,100
E3,17,E14,100
D3,17,E14,100
C3,17,E15,100
N10,17,E15,100
K6,17,E16,100
D15,17,E16,100
N3,17,E17,100
D3,17,E17,100
M23,17,E18,100
C3,17,E18,100
E14,17,E19,100
O18,17,E19,100
D6,17,E20,100
C20,17,E20,100
B7,17,E21,100
O21,17,E21,100
N14,17,E22,100
C14,17,E22,100
K3,17,E23,100
F16,17,E23,100
L6,17,F2,100
A20,17,F2,100
B15,17,F3,100
C19,17,F3,100
O17,17,F4,100
C14,17,F4,100
D1,17,F5,100
P17,17,F5,100
D3,17,F6,100
J22,17,F6,100
A19,17,F7,100
J2,17,F7,100
B24,17,F8,100
B15,17,F8,100
O5,17,F9,100
N10,17,F9,100
D20,17,F10,100
O21,17,F10,100
L6,17,F11,100
M14,17,F11,100
K10,17,F12,100
D13,17,F12,100
N19,17,F13,100
M12,17,F13,100
E3,17,F14,100
D13,17,F14,100
C8,17,F15,100
M23,17,F15,100
P13,17,F16,100
K17,17,F16,100
K11,17,F17,100
N15,17,F17,100
B15,17,F18,100
L11,17,F18,100
D6,17,F19,100
C15,17,F19,100
O24,17,F20,100
C19,17,F20,100
O17,17,F21,100
C20,17,F21,100
K11,17,F22,100
E14,17,F22,100
D6,17,F23,100
N13,17,F23,100
K15,17,G2,100
K15,17,G2,100
P1,17,G3,100
O18,17,G3,100
L19,17,G4,100
O10,17,G4,100
N3,17,G5,100
D7,17,G5,100
N24,17,G6,100
A20,17,G6,100
N24,17,G7,100
P20,17,G7,100
F7,17,G8,100
K8,17,G8,100
N10,17,G9,100
F16,17,G9,100
B7,17,G10,100
J5,17,G10,100
C20,17,G11,100
J2,17,G11,100
F2,17,G12,100
E24,17,G12,100
P1,17,G13,100
K8,17,G13,100
P1,17,G14,100
C19,17,G14,100
O24,17,G15,100
P16,17,G15,100
M15,17,G16,100
O10,17,G16,100
P8,17,G17,100
H20,17,G17,100
B4,17,G18,100
O10,17,G18,100
C19,17,G19,100
J2,17,G19,100
M14,17,G20,100
N13,17,G20,100
F17,17,G21,100
F7,17,G21,100
O17,17,G22,100
M12,17,G22,100
F19,17,G23,100
P16,17,G23,100
C8,17,H2,100
F7,17,H2,100
I19,17,H3,100
P13,17,H3,100
D11,17,H4,100
J5,17,H4,100
N23,17,H5,100
G8,17,H5,100
G5,17,H6,100
D13,17,H6,100
N3,17,H7,100
C19,17,H7,100
N21,17,H8,100
L24,17,H8,100
D11,17,H9,100
J2,17,H9,100
O5,17,H10,100
L24,17,H10,100
D1,17,H11,100
O21,17,H11,100
N10,17,H12,100
C14,17,H12,100
O24,17,H13,100
P1,17,H13,100
C20,17,H14,100
F13,17,H14,100
F19,17,H15,100
C15,17,H15,100
O5,17,H16,100
D3,17,H16,100
J18,17,H17,100
J2,17,H17,100
K6,17,H18,100
A20,17,H18,100
O7,17,H19,100
E14,17,H19,100
E3,17,H20,100
B12,17,H20,100
K10,17,H21,100
J2,17,H21,100
B4,17,H22,100
C8,17,H22,100
L23,17,H23,100
F16,17,H23,100
P1,17,I2,100
M12,17,I2,100
B24,17,I3,100
P16,17,I3,100
N24,17,I4,100
A11,17,I4,100
N23,17,I5,100
L24,17,I5,100
P8,17,I6,100
J5,17,I6,100
K10,17,I7,100
K3,17,I7,100
L6,17,I8,100
E14,17,I8,100
F2,17,I9,100
H20,17,I9,100
A19,17,I10,100
E24,17,I10,100
N23,17,I11,100
B15,17,I11,100
O24,17,I12,100
C8,17,I12,100
O17,17,I13,100
M14,17,I13,100
D20,17,I14,100
D13,17,I14,100
P11,17,I15,100
B12,17,I15,100
N15,17,I16,100
C15,17,I16,100
K17,17,I17,100
P11,17,I17,100
B4,17,I18,100
N15,17,I18,100
J2,17,I19,100
J2,17,I19,100
O5,17,I20,100
G8,17,I20,100
N21,17,I21,100
N13,17,I21,100
D7,17,I22,100
D15,17,I22,100
A19,17,I23,100
L11,17,I23,100
F19,17,J2,100
P16,17,J2,100
P8,17,J3,100
D7,17,J3,100
G17,17,J4,100
N14,17,J4,100
D7,17,J5,100
O21,17,J5,100
L23,17,J6,100
F17,17,J6,100
F2,17,J7,100
G5,17,J7,100
G17,17,J8,100
C20,17,J8,100
P1,17,J9,100
P20,17,J9,100
F17,17,J10,100
L24,17,J10,100
F7,17,J11,100
P17,17,J11,100
K15,17,J12,100
F19,17,J12,100
L19,17,J13,100
P14,17,J13,100
J24,17,J14,100
M15,17,J14,100
B15,17,J15,100
D15,17,J15,100
J24,17,J16,100
J22,17,J16,100
P1,17,J17,100
K6,17,J17,100
C20,17,J18,100
O18,17,J18,100
L6,17,J19,100
D7,17,J19,100
O7,17,J20,100
J22,17,J20,100
F16,17,J21,100
N13,17,J21,100
C3,17,J22,100
P13,17,J22,100
B7,17,J23,100
P8,17,J23,100
B7,17,K2,100
C14,17,K2,100
D15,17,K3,100
N14,17,K3,100
D20,17,K4,100
G17,17,K4,100
M23,17,K5,100
C12,17,K5,100
C3,17,K6,100
C15,17,K6,100
P23,17,K7,100
A19,17,K7,100
B24,17,K8,100
F2,17,K8,100
K15,17,K9,100
A5,17,K9,100
C8,17,K10,100
N3,17,K10,100
M23,17,K11,100
C15,17,K11,100
O5,17,K12,100
J5,17,K12,100
B24,17,K13,100
G5,17,K13,100
M12,17,K14,100
L24,17,K14,100
K3,17,K15,100
P17,17,K15,100
I19,17,K16,100
C15,17,K16,100
D6,17,K17,100
D15,17,K17,100
A20,17,K18,100
H20,17,K18,100
E24,17,K19,100
D13,17,K19,100
F2,17,K20,100
G17,17,K20,100
L23,17,K21,100
O21,17,K21,100
O21,17,K22,100
E14,17,K22,100
O7,17,K23,100
A19,17,K23,100
P23,17,L2,100
F17,17,L2,100
K15,17,L3,100
I19,17,L3,100
N3,17,L4,100
K17,17,L4,100
L23,17,L5,100
P17,17,L5,100
F17,17,L6,100
A20,17,L6,100
A5,17,L7,100
C8,17,L7,100
J24,17,L8,100
K17,17,L8,100
D1,17,L9,100
N14,17,L9,100
B7,17,L10,100
G8,17,L10,100
F16,17,L11,100
O18,17,L11,100
M15,17,L12,100
O18,17,L12,100
O17,17,L13,100
E3,17,L13,100
L24,17,L14,100
N13,17,L14,100
K11,17,L15,100
M15,17,L15,100
K10,17,L16,100
E24,17,L16,100
N21,17,L17,100
D13,17,L17,100
D3,17,L18,100
J2,17,L18,100
A5,17,L19,100
L11,17,L19,100
C20,17,L20,100
M14,17,L20,100
N21,17,L21,100
D3,17,L21,100
D3,17,L22,100
P14,17,L22,100
N24,17,L23,100
K17,17,L23,100
B24,17,M2,100
P16,17,M2,100
C3,17,M3,100
A6,17,M3,100
N19,17,M4,100
O5,17,M4,100
P13,17,M5,100
E24,17,M5,100
L6,17,M6,100
F16,17,M6,100
A5,17,M7,100
K6,17,M7,100
N14,17,M8,100
P17,17,M8,100
P23,17,M9,100
C19,17,M9,100
G17,17,M10,100
L11,17,M10,100
J24,17,M11,100
P16,17,M11,100
I19,17,M12,100
D1,17,M12,100
O7,17,M13,100
G17,17,M13,100
P8,17,M14,100
P13,17,M14,100
K10,17,M15,100
M23,17,M15,100
M14,17,M16,100
P17,17,M16,100
C11,17,M17,100
J2,17,M17,100
N14,17,M18,100
C15,17,M18,100
H20,17,M19,100
N10,17,M19,100
N3,17,M20,100
O18,17,M20,100
I19,17,M21,100
H20,17,M21,100
E3,17,M22,100
K8,17,M22,100
D1,17,M23,100
C8,17,M23,100
O17,17,N2,100
F19,17,N2,100
N24,17,N3,100
J5,17,N3,100
K6,17,N4,100
P11,17,N4,100
N15,17,N5,100
M14,17,N5,100
K10,17,N6,100
P20,17,N6,100
C12,17,N7,100
C19,17,N7,100
N19,17,N8,100
P8,17,N8,100
P8,17,N9,100
L11,17,N9,100
F2,17,N10,100
A19,17,N10,100
N19,17,N11,100
C19,17,N11,100
C19,17,N12,100
G8,17,N12,100
F16,17,N13,100
D3,17,N13,100
A5,17,N14,100
G17,17,N14,100
A5,17,N15,100
C12,17,N15,100
L23,17,N16,100
C15,17,N16,100
P11,17,N17,100
C15,17,N17,100
K17,17,N18,100
D11,17,N18,100
K17,17,N19,100
O21,17,N19,100
O5,17,N20,100
J5,17,N20,100
C11,17,N21,100
O18,17,N21,100
M23,17,N22,100
D15,17,N22,100
C8,17,N23,100
P20,17,N23,100
L23,17,O2,100
C11,17,O2,100
P23,17,O3,100
B15,17,O3,100
P16,17,O4,100
P14,17,O4,100
P20,17,O5,100
P14,17,O5,100
M23,17,O6,100
K6,17,O6,100
M14,17,O7,100
O10,17,O7,100
N19,17,O8,100
F7,17,O8,100
A5,17,O9,100
B4,17,O9,100
F2,17,O10,100
F16,17,O10,100
M14,17,O11,100
K2,17,O11,100
D20,17,O12,100
B4,17,O12,100
J18,17,O13,100
G17,17,O13,100
N19,17,O14,100
D1,17,O14,100
N24,17,O15,100
L19,17,O15,100
K11,17,O16,100
M23,17,O16,100
N24,17,O17,100
E24,17,O17,100
F2,17,O18,100
E3,17,O18,100
G8,17,O19,100
N13,17,O19,100
C14,17,O20,100
O10,17,O20,100
P8,17,O21,100
K2,17,O21,100
I19,17,O22,100
C20,17,O22,100
D20,17,O23,100
B7,17,O23,100
O7,18,B2,100
J5,18,B2,100
N19,18,B3,100
A5,18,B3,100
B24,18,B4,100
J2,18,B4,100
D1,18,B5,100
G5,18,B5,100
B15,18,B6,100
F13,18,B6,100
D6,18,B7,100
P13,18,B7,100
J18,18,B8,100
E24,18,B8,100
D7,18,B9,100
J5,18,B9,100
J18,18,B10,100
N10,18,B10,100
C8,18,B11,100
N3,18,B11,100
I19,18,B12,100
L11,18,B12,100
O17,18,B13,100
P11,18,B13,100
E3,18,B14,100
L24,18,B14,100
K8,18,B15,100
E14,18,B15,100
N23,18,B16,100
P17,18,B16,100
E24,18,B17,100
E14,18,B17,100
G5,18,B18,100
E14,18,B18,100
E14,18,B19,100
J2,18,B19,100
F17,18,B20,100
C19,18,B20,100
H20,18,B21,100
O18,18,B21,100
C8,18,B22,100
P11,18,B22,100
L6,18,B23,100
K2,18,B23,100
M12,18,C2,100
K2,18,C2,100
P13,18,C3,100
L11,18,C3,100
A11,18,C4,100
G8,18,C4,100
N19,18,C5,100
P17,18,C5,100
A20,18,C6,100
K2,18,C6,100
J24,18,C7,100
B4,18,C7,100
G5,18,C8,100
G8,18,C8,100
N23,18,C9,100
P8,18,C9,100
L24,18,C10,100
L11,18,C10,100
P1,18,C11,100
J18,18,C11,100
K10,18,C12,100
B24,18,C12,100
N24,18,C13,100
O18,18,C13,100
C19,18,C14,100
O21,18,C14,100
O7,18,C15,100
P11,18,C15,100
N19,18,C16,100
M14,18,C16,100
K3,18,C17,100
D15,18,C17,100
C12,18,C18,100
F7,18,C18,100
M14,18,C19,100
O10,18,C19,100
P1,18,C20,100
K8,18,C20,100
P20,18,C21,100
M12,18,C21,100
A5,18,C22,100
L23,18,C22,100
L24,18,C23,100
C12,18,C23,100
B7,18,D2,100
C11,18,D2,100
P20,18,D3,100
A6,18,D3,100
J24,18,D4,100
L11,18,D4,100
G17,18,D5,100
M14,18,D5,100
M15,18,D6,100
F19,18,D6,100
N24,18,D7,100
J24,18,D7,100
M12,18,D8,100
A6,18,D8,100
J18,18,D9,100
L11,18,D9,100
M15,18,D10,100
L11,18,D10,100
K15,18,D11,100
D7,18,D11,100
D6,18,D12,100
P20,18,D12,100
O5,18,D13,100
D3,18,D13,100
E3,18,D14,100
O21,18,D14,100
D6,18,D15,100
F16,18,D15,100
E3,18,D16,100
L19,18,D16,100
N14,18,D17,100
J5,18,D17,100
C11,18,D18,100
B15,18,D18,100
N21,18,D19,100
K2,18,D19,100
K3,18,D20,100
L19,18,D20,100
N21,18,D21,100
M14,18,D21,100
O24,18,D22,100
B15,18,D22,100
P8,18,D23,100
O18,18,D23,100
E24,18,E2,100
C15,18,E2,100
M15,18,E3,100
P16,18,E3,100
B15,18,E4,100
O21,18,E4,100
H20,18,E5,100
M14,18,E5,100
L6,18,E6,100
P16,18,E6,100
F7,18,E7,100
J22,18,E7,100
J18,18,E8,100
C19,18,E8,100
D7,18,E9,100
C15,18,E9,100
A5,18,E10,100
O10,18,E10,100
M12,18,E11,100
C19,18,E11,100
B7,18,E12,100
A6,18,E12,100
P13,18,E13,100
L19,18,E13,100
J24,18,E14,100
K6,18,E14,100
N19,18,E15,100
J5,18,E15,100
O24,18,E16,100
L23,18,E16,100
L19,18,E17,100
F13,18,E17,100
O24,18,E18,100
B24,18,E18,100
K11,18,E19,100
N15,18,E19,100
K11,18,E20,100
F13,18,E20,100
J24,18,E21,100
D15,18,E21,100
N23,18,E22,100
P11,18,E22,100
D15,18,E23,100
F7,18,E23,100
L23,18,F2,100
G17,18,F2,100
C3,18,F3,100
E24,18,F3,100
B7,18,F4,100
D3,18,F4,100
D1,18,F5,100
N13,18,F5,100
L6,18,F6,100
J5,18,F6,100
J24,18,F7,100
F13,18,F7,100
F2,18,F8,100
N14,18,F8,100
P23,18,F9,100
N21,18,F9,100
L11,18,F10,100
L11,18,F10,100
D20,18,F11,100
K6,18,F11,100
B24,18,F12,100
D1,18,F12,100
O7,18,F13,100
K17,18,F13,100
L11,18,F14,100
J22,18,F14,100
L23,18,F15,100
E24,18,F15,100
B4,18,F16,100
J22,18,F16,100
B7,18,F17,100
F16,18,F17,100
G17,18,F18,100
J22,18,F18,100
J18,18,F19,100
K6,18,F19,100
P20,18,F20,100
C20,18,F20,100
C12,18,F21,100
D11,18,F21,100
M15,18,F22,100
P17,18,F22,100
I19,18,F23,100
F13,18,F23,100
L6,18,G2,100
L11,18,G2,100
O17,18,G3,100
L24,18,G3,100
N10,18,G4,100
L24,18,G4,100
C20,18,G5,100
N15,18,G5,100
E3,18,G6,100
C20,18,G6,100
N23,18,G7,100
J22,18,G7,100
A5,18,G8,100
K6,18,G8,100
P11,18,G9,100
M14,18,G9,100
O17,18,G10,100
N3,18,G10,100
P13,18,G11,100
J5,18,G11,100
N21,18,G12,100
O10,18,G12,100
B15,18,G13,100
F7,18,G13,100
K10,18,G14,100
E14,18,G14,100
B4,18,G15,100
C14,18,G15,100
K17,18,G16,100
G8,18,G16,100
J24,18,G17,100
N23,18,G17,100
C11,18,G18,100
N14,18,G18,100
D15,18,G19,100
J2,18,G19,100
J24,18,G20,100
O17,18,G20,100
M15,18,G21,100
N15,18,G21,100
F19,18,G22,100
F16,18,G22,100
K17,18,G23,100
F7,18,G23,100
H20,18,H2,100
G5,18,H2,100
P1,18,H3,100
D20,18,H3,100
N24,18,H4,100
J2,18,H4,100
F16,18,H5,100
O10,18,H5,100
O24,18,H6,100
J18,18,H6,100
A5,18,H7,100
B4,18,H7,100
L6,18,H8,100
C15,18,H8,100
P23,18,H9,100
K17,18,H9,100
A11,18,H10,100
J2,18,H10,100
B7,18,H11,100
P17,18,H11,100
O7,18,H12,100
N3,18,H12,100
N3,18,H13,100
B15,18,H13,100
C19,18,H14,100
N15,18,H14,100
N19,18,H15,100
C14,18,H15,100
D20,18,H16,100
C15,18,H16,100
E14,18,H17,100
D3,18,H17,100
F17,18,H18,100
A6,18,H18,100
P11,18,H19,100
A6,18,H19,100
D11,18,H20,100
D13,18,H20,100
O5,18,H21,100
J2,18,H21,100
K17,18,H22,100
D13,18,H22,100
O7,18,H23,100
M14,18,H23,100
C8,18,I2,100
C11,18,I2,100
I19,18,I3,100
D13,18,I3,100
B7,18,I4,100
N13,18,I4,100
C20,18,I5,100
D15,18,I5,100
N10,18,I6,100
F16,18,I6,100
M12,18,I7,100
K2,18,I7,100
K3,18,I8,100
F7,18,I8,100
F13,18,I9,100
P17,18,I9,100
I19,18,I10,100
D7,18,I10,100
A19,18,I11,100
C20,18,I11,100
P20,18,I12,100
D7,18,I12,100
B7,18,I13,100
D11,18,I13,100
K15,18,I14,100
O7,18,I14,100
O21,18,I15,100
F13,18,I15,100
K15,18,I16,100
K3,18,I16,100
M12,18,I17,100
P14,18,I17,100
L23,18,I18,100
G5,18,I18,100
K3,18,I19,100
K2,18,I19,100
N24,18,I20,100
P11,18,I20,100
O21,18,I21,100
G8,18,I21,100
D1,18,I22,100
M12,18,I22,100
C11,18,I23,100
F13,18,I23,100
B4,18,J2,100
G17,18,J2,100
I19,18,J3,100
D1,18,J3,100
O21,18,J4,100
O21,18,J4,100
O17,18,J5,100
E3,18,J5,100
K17,18,J6,100
L24,18,J6,100
K11,18,J7,100
E24,18,J7,100
O7,18,J8,100
K8,18,J8,100
K15,18,J9,100
F7,18,J9,100
K17,18,J10,100
M14,18,J10,100
N21,18,J11,100
F19,18,J11,100
E3,18,J12,100
C12,18,J12,100
M12,18,J13,100
K8,18,J13,100
D7,18,J14,100
N15,18,J14,100
E3,18,J15,100
D7,18,J15,100
F17,18,J16,100
B15,18,J16,100
P1,18,J17,100
M15,18,J17,100
K15,18,J18,100
A20,18,J18,100
F2,18,J19,100
G8,18,J19,100
D15,18,J20,100
A11,18,J20,100
C8,18,J21,100
B12,18,J21,100
I19,18,J22,100
N10,18,J22,100
L23,18,J23,100
A11,18,J23,100
C11,18,K2,100
P11,18,K2,100
N19,18,K3,100
B4,18,K3,100
N3,18,K4,100
F13,18,K4,100
D7,18,K5,100
K2,18,K5,100
N19,18,K6,100
D3,18,K6,100
N19,18,K7,100
O10,18,K7,100
C11,18,K8,100
B12,18,K8,100
N23,18,K9,100
L11,18,K9,100
B4,18,K10,100
L11,18,K10,100
K15,18,K11,100
L19,18,K11,100
O21,18,K12,100
K2,18,K12,100
B7,18,K13,100
F2,18,K13,100
B24,18,K14,100
C8,18,K14,100
K10,18,K15,100
P8,18,K15,100
P1,18,K16,100
P11,18,K16,100
C11,18,K17,100
C15,18,K17,100
D1,18,K18,100
N10,18,K18,100
I19,18,K19,100
P16,18,K19,100
E3,18,K20,100
F7,18,K20,100
L23,18,K21,100
P20,18,K21,100
A20,18,K22,100
B12,18,K22,100
G5,18,K23,100
F16,18,K23,100
E24,18,L2,100
G8,18,L2,100
L19,18,L3,100
D11,18,L3,100
D6,18,L4,100
D13,18,L4,100
O17,18,L5,100
K2,18,L5,100
D20,18,L6,100
J18,18,L6,100
A19,18,L7,100
D7,18,L7,100
L6,18,L8,100
D7,18,L8,100
B24,18,L9,100
E24,18,L9,100
F17,18,L10,100
D7,18,L10,100
P13,18,L11,100
J5,18,L11,100
C8,18,L12,100
O18,18,L12,100
K6,18,L13,100
A19,18,L13,100
I19,18,L14,100
C11,18,L14,100
K10,18,L15,100
B4,18,L15,100
N21,18,L16,100
A11,18,L16,100
K8,18,L17,100
C15,18,L17,100
N3,18,L18,100
K8,18,L18,100
D20,18,L19,100
G8,18,L19,100
P13,18,L20,100
D3,18,L20,100
O7,18,L21,100
P13,18,L21,100
K10,18,L22,100
D1,18,L22,100
K6,18,L23,100
N14,18,L23,100
P16,18,M2,100
L24,18,M2,100
P11,18,M3,100
F7,18,M3,100
P11,18,M4,100
L19,18,M4,100
F7,18,M5,100
K2,18,M5,100
O10,18,M6,100
P14,18,M6,100
O7,18,M7,100
N3,18,M7,100
P11,18,M8,100
N10,18,M8,100
J18,18,M9,100
E14,18,M9,100
D20,18,M10,100
B15,18,M10,100
C15,18,M11,100
J22,18,M11,100
N10,18,M12,100
G8,18,M12,100
E24,18,M13,100
A6,18,M13,100
H20,18,M14,100
B12,18,M14,100
B7,18,M15,100
O5,18,M15,100
L6,18,M16,100
K17,18,M16,100
B24,18,M17,100
E24,18,M17,100
H20,18,M18,100
A11,18,M18,100
D1,18,M19,100
D3,18,M19,100
L19,18,M20,100
F16,18,M20,100
O10,18,M21,100
K2,18,M21,100
C11,18,M22,100
D7,18,M22,100
N10,18,M23,100
K2,18,M23,100
E24,18,N2,100
N13,18,N2,100
C19,18,N3,100
J5,18,N3,100
A11,18,N4,100
A11,18,N4,100
B4,18,N5,100
M14,18,N5,100
K11,18,N6,100
O21,18,N6,100
A19,18,N7,100
K8,18,N7,100
P23,18,N8,100
P20,18,N8,100
A5,18,N9,100
K10,18,N9,100
A5,18,N10,100
O17,18,N10,100
C11,18,N11,100
M14,18,N11,100
N23,18,N12,100
G17,18,N12,100
N3,18,N13,100
D11,18,N13,100
D7,18,N14,100
C19,18,N14,100
N19,18,N15,100
D7,18,N15,100
A20,18,N16,100
C14,18,N16,100
H20,18,N17,100
L24,18,N17,100
E3,18,N18,100
J2,18,N18,100
F2,18,N19,100
N3,18,N19,100
N23,18,N20,100
N13,18,N20,100
M15,18,N21,100
C20,18,N21,100
P23,18,N22,100
F17,18,N22,100
P8,18,N23,100
P20,18,N23,100
K15,18,O2,100
C8,18,O2,100
M15,18,O3,100
G8,18,O3,100
O17,18,O4,100
P17,18,O4,100
K8,18,O5,100
D3,18,O5,100
O24,18,O6,100
D3,18,O6,100
G17,18,O7,100
M23,18,O7,100
F17,18,O8,100
D13,18,O8,100
K11,18,O9,100
A11,18,O9,100
K10,18,O10,100
C20,18,O10,100
J18,18,O11,100
A19,18,O11,100
D7,18,O12,100
D3,18,O12,100
P8,18,O13,100
O10,18,O13,100
G17,18,O14,100
C15,18,O14,100
L19,18,O15,100
D7,18,O15,100
L6,18,O16,100
N3,18,O16,100
I19,18,O17,100
F7,18,O17,100
N21,18,O18,100
A6,18,O18,100
E3,18,O19,100
N15,18,O19,100
P8,18,O20,100
F19,18,O20,100
K10,18,O21,100
D1,18,O21,100
H20,18,O22,100
D3,18,O22,100
L6,18,O23,100
F7,18,O23,100
O5,19,B2,100
K8,19,B2,100
P14,19,B3,100
J5,19,B3,100
D6,19,B4,100
M12,19,B4,100
K11,19,B5,100
P14,19,B5,100
A6,19,B6,100
P17,19,B6,100
P8,19,B7,100
E24,19,B7,100
L23,19,B8,100
O18,19,B8,100
A5,19,B9,100
L23,19,B9,100
L23,19,B10,100
F2,19,B10,100
D7,19,B11,100
D11,19,B11,100
P11,19,B12,100
D11,19,B12,100
D6,19,B13,100
P14,19,B13,100
O7,19,B14,100
D3,19,B14,100
H20,19,B15,100
C19,19,B15,100
H20,19,B16,100
J2,19,B16,100
B7,19,B17,100
B4,19,B17,100
D20,19,B18,100
F17,19,B18,100
C19,19,B19,100
P17,19,B19,100
I19,19,B20,100
L23,19,B20,100
P13,19,B21,100
A19,19,B21,100
D20,19,B22,100
M23,19,B22,100
N21,19,B23,100
H20,19,B23,100
K3,19,C2,100
N21,19,C2,100
P23,19,C3,100
L19,19,C3,100
F17,19,C4,100
E14,19,C4,100
H20,19,C5,100
J5,19,C5,100
C8,19,C6,100
A19,19,C6,100
B4,19,C7,100
D3,19,C7,100
P16,19,C8,100
K8,19,C8,100
M23,19,C9,100
O10,19,C9,100
J18,19,C10,100
F16,19,C10,100
O7,19,C11,100
D20,19,C11,100
B12,19,C12,100
L24,19,C12,100
E14,19,C13,100
L11,19,C13,100
M23,19,C14,100
E14,19,C14,100
P14,19,C15,100
P14,19,C15,100
P20,19,C16,100
J22,19,C16,100
A20,19,C17,100
B15,19,C17,100
D20,19,C18,100
P16,19,C18,100
N10,19,C19,100
C14,19,C19,100
E14,19,C20,100
J5,19,C20,100
N19,19,C21,100
K11,19,C21,100
C3,19,C22,100
K2,19,C22,100
C12,19,C23,100
G5,19,C23,100
N3,19,D2,100
E14,19,D2,100
P20,19,D3,100
N13,19,D3,100
G5,19,D4,100
L11,19,D4,100
A20,19,D5,100
A20,19,D5,100
L23,19,D6,100
N3,19,D6,100
P1,19,D7,100
K10,19,D7,100
B24,19,D8,100
O17,19,D8,100
N15,19,D9,100
A11,19,D9,100
K3,19,D10,100
F7,19,D10,100
A5,19,D11,100
B15,19,D11,100
B7,19,D12,100
G8,19,D12,100
M12,19,D13,100
N13,19,D13,100
C15,19,D14,100
P14,19,D14,100
N24,19,D15,100
F2,19,D15,100
K3,19,D16,100
K2,19,D16,100
F7,19,D17,100
P14,19,D17,100
B12,19,D18,100
J5,19,D18,100
L24,19,D19,100
E14,19,D19,100
F2,19,D20,100
N3,19,D20,100
N24,19,D21,100
L11,19,D21,100
P1,19,D22,100
D7,19,D22,100
A19,19,D23,100
J22,19,D23,100
B4,19,E2,100
K3,19,E2,100
O17,19,E3,100
D11,19,E3,100
J18,19,E4,100
C8,19,E4,100
F19,19,E5,100
D7,19,E5,100
L6,19,E6,100
G5,19,E6,100
P8,19,E7,100
J2,19,E7,100
E3,19,E8,100
D11,19,E8,100
D1,19,E9,100
F19,19,E9,100
D6,19,E10,100
L23,19,E10,100
G5,19,E11,100
P14,19,E11,100
H20,19,E12,100
P17,19,E12,100
K15,19,E13,100
D3,19,E13,100
P13,19,E14,100
O21,19,E14,100
K8,19,E15,100
G8,19,E15,100
N15,19,E16,100
A11,19,E16,100
K10,19,E17,100
D3,19,E17,100
O17,19,E18,100
B12,19,E18,100
K3,19,E19,100
G5,19,E19,100
N19,19,E20,100
C15,19,E20,100
D6,19,E21,100
P8,19,E21,100
A11,19,E22,100
P14,19,E22,100
D6,19,E23,100
F13,19,E23,100
K10,19,F2,100
C14,19,F2,100
L24,19,F3,100
A6,19,F3,100
K10,19,F4,100
D13,19,F4,100
D11,19,F5,100
D11,19,F5,100
P8,19,F6,100
O5,19,F6,100
J24,19,F7,100
J22,19,F7,100
K3,19,F8,100
C20,19,F8,100
P1,19,F9,100
A19,19,F9,100
M12,19,F10,100
D11,19,F10,100
B12,19,F11,100
G8,19,F11,100
E3,19,F12,100
O10,19,F12,100
F19,19,F13,100
A11,19,F13,100
O10,19,F14,100
O10,19,F14,100
O17,19,F15,100
D3,19,F15,100
D6,19,F16,100
N14,19,F16,100
L23,19,F17,100
K3,19,F17,100
G17,19,F18,100
P17,19,F18,100
D1,19,F19,100
P16,19,F19,100
G17,19,F20,100
F13,19,F20,100
K17,19,F21,100
M12,19,F21,100
N3,19,F22,100
K3,19,F22,100
N24,19,F23,100
B7,19,F23,100
O24,19,G2,100
J18,19,G2,100
J24,19,G3,100
O18,19,G3,100
C20,19,G4,100
C20,19,G4,100
F17,19,G5,100
P14,19,G5,100
D6,19,G6,100
F16,19,G6,100
J18,19,G7,100
G5,19,G7,100
B4,19,G8,100
K2,19,G8,100
A5,19,G9,100
P16,19,G9,100
N24,19,G10,100
O7,19,G10,100
C20,19,G11,100
K8,19,G11,100
I19,19,G12,100
K2,19,G12,100
C20,19,G13,100
D13,19,G13,100
J24,19,G14,100
B4,19,G14,100
N23,19,G15,100
C12,19,G15,100
D20,19,G16,100
O5,19,G16,100
J18,19,G17,100
D15,19,G17,100
K15,19,G18,100
N14,19,G18,100
C11,19,G19,100
E14,19,G19,100
K10,19,G20,100
B4,19,G20,100
K10,19,G21,100
N21,19,G21,100
N3,19,G22,100
L24,19,G22,100
D6,19,G23,100
P14,19,G23,100
A19,19,H2,100
A19,19,H2,100
O10,19,H3,100
J2,19,H3,100
B4,19,H4,100
O18,19,H4,100
L11,19,H5,100
J2,19,H5,100
N23,19,H6,100
F19,19,H6,100
C11,19,H7,100
P16,19,H7,100
D1,19,H8,100
E14,19,H8,100
F2,19,H9,100
F19,19,H9,100
K15,19,H10,100
L11,19,H10,100
I19,19,H11,100
G17,19,H11,100
C15,19,H12,100
A11,19,H12,100
C15,19,H13,100
O18,19,H13,100
K17,19,H14,100
C15,19,H14,100
C20,19,H15,100
J5,19,H15,100
K10,19,H16,100
K17,19,H16,100
D6,19,H17,100
P23,19,H17,100
M23,19,H18,100
E24,19,H18,100
A20,19,H19,100
D11,19,H19,100
L6,19,H20,100
C20,19,H20,100
C20,19,H21,100
C19,19,H21,100
D20,19,H22,100
B15,19,H22,100
F2,19,H23,100
N21,19,H23,100
D13,19,I2,100
K2,19,I2,100
F17,19,I3,100
D15,19,I3,100
P11,19,I4,100
J22,19,I4,100
P16,19,I5,100
C20,19,I5,100
N13,19,I6,100
J2,19,I6,100
K6,19,I7,100
P16,19,I7,100
D6,19,I8,100
N15,19,I8,100
D6,19,I9,100
M15,19,I9,100
D20,19,I10,100
J22,19,I10,100
P13,19,I11,100
D3,19,I11,100
L6,19,I12,100
O21,19,I12,100
O10,19,I13,100
O18,19,I13,100
P11,19,I14,100
N13,19,I14,100
N3,19,I15,100
N14,19,I15,100
P8,19,I16,100
K3,19,I16,100
J18,19,I17,100
B4,19,I17,100
D7,19,I18,100
C12,19,I18,100
B12,19,I19,100
F7,19,I19,100
E3,19,I20,100
P20,19,I20,100
H20,19,I21,100
D15,19,I21,100
F7,19,I22,100
F13,19,I22,100
D20,19,I23,100
M23,19,I23,100
P1,19,J2,100
D13,19,J2,100
P1,19,J3,100
B7,19,J3,100
I19,19,J4,100
N3,19,J4,100
B7,19,J5,100
M14,19,J5,100
B15,19,J6,100
O10,19,J6,100
B24,19,J7,100
O21,19,J7,100
K15,19,J8,100
I19,19,J8,100
O5,19,J9,100
K8,19,J9,100
N15,19,J10,100
O10,19,J10,100
N21,19,J11,100
D3,19,J11,100
J24,19,J12,100
K2,19,J12,100
D6,19,J13,100
G17,19,J13,100
F19,19,J14,100
G5,19,J14,100
O5,19,J15,100
M23,19,J15,100
D6,19,J16,100
L24,19,J16,100
J18,19,J17,100
C11,19,J17,100
N3,19,J18,100
K3,19,J18,100
G17,19,J19,100
C8,19,J19,100
D3,19,J20,100
G8,19,J20,100
N15,19,J21,100
L11,19,J21,100
D15,19,J22,100
C14,19,J22,100
N19,19,J23,100
P8,19,J23,100
L24,19,K2,100
N15,19,K2,100
I19,19,K3,100
N23,19,K3,100
E14,19,K4,100
L11,19,K4,100
P16,19,K5,100
K8,19,K5,100
C11,19,K6,100
M15,19,K6,100
F19,19,K7,100
N13,19,K7,100
O24,19,K8,100
N3,19,K8,100
A20,19,K9,100
A11,19,K9,100
K15,19,K10,100
N23,19,K10,100
E3,19,K11,100
M15,19,K11,100
D7,19,K12,100
N10,19,K12,100
N24,19,K13,100
F19,19,K13,100
N24,19,K14,100
M14,19,K14,100
D13,19,K15,100
J22,19,K15,100
B7,19,K16,100
M12,19,K16,100
B12,19,K17,100
L11,19,K17,100
K10,19,K18,100
B12,19,K18,100
K17,19,K19,100
P11,19,K19,100
L6,19,K20,100
F19,19,K20,100
B4,19,K21,100
P17,19,K21,100
A5,19,K22,100
C3,19,K22,100
C3,19,K23,100
P17,19,K23,100
C3,19,L2,100
C19,19,L2,100
C3,19,L3,100
J22,19,L3,100
L23,19,L4,100
A6,19,L4,100
D15,19,L5,100
O18,19,L5,100
F17,19,L6,100
F7,19,L6,100
N19,19,L7,100
N19,19,L7,100
N23,19,L8,100
N10,19,L8,100
K10,19,L9,100
P14,19,L9,100
N19,19,L10,100
D1,19,L10,100
C11,19,L11,100
O10,19,L11,100
F2,19,L12,100
K8,19,L12,100
P1,19,L13,100
O5,19,L13,100
N19,19,L14,100
K8,19,L14,100
M23,19,L15,100
G8,19,L15,100
B24,19,L16,100
C20,19,L16,100
F13,19,L17,100
O10,19,L17,100
N23,19,L18,100
J5,19,L18,100
C20,19,L19,100
A6,19,L19,100
C3,19,L20,100
D15,19,L20,100
F2,19,L21,100
C11,19,L21,100
E24,19,L22,100
O18,19,L22,100
A19,19,L23,100
N10,19,L23,100
A5,19,M2,100
M12,19,M2,100
F2,19,M3,100
M12,19,M3,100
C8,19,M4,100
D15,19,M4,100
B24,19,M5,100
N10,19,M5,100
E24,19,M6,100
C14,19,M6,100
N19,19,M7,100
F13,19,M7,100
N14,19,M8,100
J22,19,M8,100
N3,19,M9,100
A20,19,M9,100
F13,19,M10,100
M14,19,M10,100
P1,19,M11,100
G17,19,M11,100
A5,19,M12,100
M14,19,M12,100
K15,19,M13,100
J22,19,M13,100
P20,19,M14,100
J2,19,M14,100
D20,19,M15,100
J18,19,M15,100
P23,19,M16,100
N3,19,M16,100
F2,19,M17,100
C11,19,M17,100
L23,19,M18,100
O17,19,M18,100
M12,19,M19,100
N14,19,M19,100
N24,19,M20,100
L11,19,M20,100
F2,19,M21,100
C15,19,M21,100
L19,19,M22,100
A6,19,M22,100
A19,19,M23,100
P14,19,M23,100
K11,19,N2,100
K17,19,N2,100
D7,19,N3,100
D15,19,N3,100
G8,19,N4,100
J2,19,N4,100
K17,19,N5,100
N21,19,N5,100
P20,19,N6,100
C12,19,N6,100
M14,19,N7,100
G8,19,N7,100
G17,19,N8,100
C14,19,N8,100
K10,19,N9,100
A11,19,N9,100
N19,19,N10,100
P14,19,N10,100
B7,19,N11,100
C15,19,N11,100
D20,19,N12,100
D3,19,N12,100
P14,19,N13,100
J22,19,N13,100
N23,19,N14,100
A6,19,N14,100
N21,19,N15,100
O10,19,N15,100
C12,19,N16,100
O10,19,N16,100
L24,19,N17,100
N14,19,N17,100
J24,19,N18,100
O7,19,N18,100
C19,19,N19,100
D3,19,N19,100
A6,19,N20,100
K2,19,N20,100
G17,19,N21,100
F7,19,N21,100
P13,19,N22,100
O21,19,N22,100
P1,19,N23,100
D3,19,N23,100
N24,19,O2,100
O24,19,O2,100
F17,19,O3,100
P11,19,O3,100
G17,19,O4,100
P13,19,O4,100
D20,19,O5,100
N21,19,O5,100
D20,19,O6,100
C8,19,O6,100
B4,19,O7,100
D7,19,O7,100
O21,19,O8,100
A6,19,O8,100
B4,19,O9,100
B12,19,O9,100
D13,19,O10,100
J5,19,O10,100
K10,19,O11,100
O17,19,O11,100
E3,19,O12,100
N13,19,O12,100
P8,19,O13,100
M23,19,O13,100
P13,19,O14,100
J22,19,O14,100
L6,19,O15,100
M12,19,O15,100
O21,19,O16,100
P14,19,O16,100
H20,19,O17,100
E3,19,O17,100
O24,19,O18,100
E24,19,O18,100
F7,19,O19,100
C15,19,O19,100
D20,19,O20,100
P17,19,O20,100
K17,19,O21,100
N15,19,O21,100
F2,19,O22,100
O17,19,O22,100
O7,19,O23,100
P17,19,O23,100
D1,20,B2,100
N14,20,B2,100
D7,20,B3,100
A6,20,B3,100
B7,20,B4,100
P14,20,B4,100
F2,20,B5,100
N10,20,B5,100
N3,20,B6,100
B12,20,B6,100
K8,20,B7,100
F13,20,B7,100
O7,20,B8,100
B7,20,B8,100
A5,20,B9,100
O21,20,B9,100
L19,20,B10,100
L19,20,B10,100
P11,20,B11,100
F16,20,B11,100
F2,20,B12,100
C19,20,B12,100
K6,20,B13,100
L11,20,B13,100
F17,20,B14,100
D11,20,B14,100
J24,20,B15,100
M15,20,B15,100
L23,20,B16,100
O17,20,B16,100
F16,20,B17,100
A11,20,B17,100
G17,20,B18,100
M12,20,B18,100
K3,20,B19,100
F13,20,B19,100
L6,20,B20,100
L19,20,B20,100
F7,20,B21,100
O21,20,B21,100
C19,20,B22,100
O21,20,B22,100
M15,20,B23,100
K2,20,B23,100
F17,20,C2,100
B12,20,C2,100
A5,20,C3,100
E3,20,C3,100
O24,20,C4,100
M15,20,C4,100
N3,20,C5,100
O10,20,C5,100
B7,20,C6,100
J5,20,C6,100
N15,20,C7,100
F16,20,C7,100
K6,20,C8,100
P14,20,C8,100
B4,20,C9,100
F19,20,C9,100
C3,20,C10,100
E3,20,C10,100
O17,20,C11,100
N21,20,C11,100
N21,20,C12,100
J2,20,C12,100
I19,20,C13,100
N21,20,C13,100
C19,20,C14,100
O18,20,C14,100
P8,20,C15,100
A11,20,C15,100
B4,20,C16,100
K3,20,C16,100
B4,20,C17,100
A19,20,C17,100
N21,20,C18,100
N10,20,C18,100
K15,20,C19,100
N24,20,C19,100
A5,20,C20,100
H20,20,C20,100
D6,20,C21,100
D20,20,C21,100
C11,20,C22,100
P17,20,C22,100
J24,20,C23,100
M12,20,C23,100
O5,20,D2,100
K6,20,D2,100
C8,20,D3,100
P20,20,D3,100
D13,20,D4,100
P14,20,D4,100
D20,20,D5,100
K3,20,D5,100
B7,20,D6,100
C8,20,D6,100
E3,20,D7,100
J5,20,D7,100
D1,20,D8,100
C19,20,D8,100
N23,20,D9,100
L19,20,D9,100
N10,20,D10,100
E14,20,D10,100
D7,20,D11,100
F13,20,D11,100
O24,20,D12,100
P16,20,D12,100
L11,20,D13,100
J2,20,D13,100
I19,20,D14,100
C12,20,D14,100
D1,20,D15,100
A19,20,D15,100
P23,20,D16,100
L11,20,D16,100
B12,20,D17,100
D11,20,D17,100
B7,20,D18,100
P11,20,D18,100
K11,20,D19,100
I19,20,D19,100
N10,20,D20,100
N15,20,D20,100
N10,20,D21,100
A6,20,D21,100
O7,20,D22,100
O21,20,D22,100
O24,20,D23,100
C19,20,D23,100
A5,20,E2,100
L6,20,E2,100
B24,20,E3,100
F16,20,E3,100
N24,20,E4,100
L19,20,E4,100
D6,20,E5,100
N21,20,E5,100
F13,20,E6,100
P14,20,E6,100
J24,20,E7,100
D7,20,E7,100
F17,20,E8,100
D3,20,E8,100
P8,20,E9,100
O21,20,E9,100
K11,20,E10,100
N23,20,E10,100
C8,20,E11,100
O10,20,E11,100
A20,20,E12,100
M12,20,E12,100
O18,20,E13,100
N13,20,E13,100
K15,20,E14,100
O21,20,E14,100
K11,20,E15,100
D13,20,E15,100
N24,20,E16,100
C12,20,E16,100
F13,20,E17,100
O10,20,E17,100
C11,20,E18,100
D11,20,E18,100
K10,20,E19,100
O21,20,E19,100
F17,20,E20,100
J22,20,E20,100
N3,20,E21,100
P16,20,E21,100
P23,20,E22,100
O21,20,E22,100
D7,20,E23,100
F7,20,E23,100
K10,20,F2,100
L6,20,F2,100
A5,20,F3,100
N10,20,F3,100
P16,20,F4,100
F16,20,F4,100
F2,20,F5,100
O18,20,F5,100
D20,20,F6,100
J22,20,F6,100
C11,20,F7,100
O21,20,F7,100
K8,20,F8,100
E24,20,F8,100
O17,20,F9,100
P17,20,F9,100
A5,20,F10,100
K8,20,F10,100
K10,20,F11,100
F7,20,F11,100
B12,20,F12,100
O18,20,F12,100
M12,20,F13,100
N15,20,F13,100
L19,20,F14,100
G8,20,F14,100
F2,20,F15,100
C14,20,F15,100
N19,20,F16,100
A19,20,F16,100
K11,20,F17,100
C20,20,F17,100
P16,20,F18,100
J5,20,F18,100
K6,20,F19,100
N21,20,F19,100
G5,20,F20,100
F16,20,F20,100
P23,20,F21,100
J22,20,F21,100
N19,20,F22,100
E24,20,F22,100
G5,20,F23,100
P14,20,F23,100
N3,20,G2,100
N21,20,G2,100
D6,20,G3,100
P8,20,G3,100
K15,20,G4,100
A19,20,G4,100
L19,20,G5,100
J2,20,G5,100
B7,20,G6,100
D1,20,G6,100
O7,20,G7,100
A11,20,G7,100
B4,20,G8,100
C3,20,G8,100
K15,20,G9,100
D6,20,G9,100
F17,20,G10,100
O21,20,G10,100
P8,20,G11,100
E3,20,G11,100
L23,20,G12,100
C19,20,G12,100
K3,20,G13,100
A11,20,G13,100
M23,20,G14,100
L24,20,G14,100
E3,20,G15,100
E24,20,G15,100
N24,20,G16,100
G17,20,G16,100
N23,20,G17,100
N13,20,G17,100
H20,20,G18,100
P16,20,G18,100
A20,20,G19,100
P14,20,G19,100
N15,20,G20,100
O10,20,G20,100
N21,20,G21,100
N14,20,G21,100
D1,20,G22,100
P20,20,G22,100
D20,20,G23,100
F17,20,G23,100
P1,20,H2,100
A11,20,H2,100
A20,20,H3,100
K8,20,H3,100
B15,20,H4,100
M12,20,H4,100
O7,20,H5,100
C8,20,H5,100
L6,20,H6,100
G8,20,H6,100
P20,20,H7,100
L19,20,H7,100
B7,20,H8,100
P8,20,H8,100
O17,20,H9,100
K8,20,H9,100
O7,20,H10,100
A19,20,H10,100
D3,20,H11,100
N13,20,H11,100
N3,20,H12,100
P20,20,H12,100
L23,20,H13,100
L6,20,H13,100
D7,20,H14,100
G8,20,H14,100
N19,20,H15,100
F13,20,H15,100
E24,20,H16,100
J2,20,H16,100
P11,20,H17,100
K2,20,H17,100
B24,20,H18,100
O10,20,H18,100
N3,20,H19,100
J5,20,H19,100
N21,20,H20,100
C14,20,H20,100
K17,20,H21,100
G5,20,H21,100
G8,20,H22,100
J2,20,H22,100
A5,20,H23,100
H20,20,H23,100
F7,20,I2,100
A6,20,I2,100
C20,20,I3,100
N13,20,I3,100
O24,20,I4,100
K8,20,I4,100
D6,20,I5,100
L23,20,I5,100
K8,20,I6,100
L11,20,I6,100
C3,20,I7,100
P11,20,I7,100
O5,20,I8,100
C19,20,I8,100
O17,20,I9,100
K3,20,I9,100
O21,20,I10,100
P17,20,I10,100
N10,20,I11,100
G5,20,I11,100
K10,20,I12,100
K2,20,I12,100
C20,20,I13,100
K2,20,I13,100
N24,20,I14,100
P8,20,I14,100
N24,20,I15,100
N10,20,I15,100
P20,20,I16,100
A11,20,I16,100
O7,20,I17,100
C15,20,I17,100
M15,20,I18,100
K2,20,I18,100
C11,20,I19,100
C15,20,I19,100
K6,20,I20,100
C19,20,I20,100
K6,20,I21,100
G8,20,I21,100
K15,20,I22,100
N21,20,I22,100
D6,20,I23,100
O7,20,I23,100
G5,20,J2,100
C15,20,J2,100
N10,20,J3,100
O18,20,J3,100
D1,20,J4,100
M14,20,J4,100
N15,20,J5,100
K2,20,J5,100
N15,20,J6,100
D13,20,J6,100
K15,20,J7,100
G5,20,J7,100
K11,20,J8,100
P13,20,J8,100
P8,20,J9,100
P13,20,J9,100
C3,20,J10,100
L24,20,J10,100
B15,20,J11,100
F19,20,J11,100
L6,20,J12,100
M14,20,J12,100
N19,20,J13,100
C15,20,J13,100
N19,20,J14,100
N14,20,J14,100
D20,20,J15,100
F13,20,J15,100
O21,20,J16,100
K2,20,J16,100
K17,20,J17,100
P20,20,J17,100
N24,20,J18,100
M14,20,J18,100
P8,20,J19,100
C20,20,J19,100
B4,20,J20,100
C14,20,J20,100
N24,20,J21,100
G5,20,J21,100
B24,20,J22,100
F2,20,J22,100
G17,20,J23,100
H20,20,J23,100
O21,20,K2,100
C15,20,K2,100
E14,20,K3,100
J22,20,K3,100
N24,20,K4,100
A6,20,K4,100
F16,20,K5,100
O18,20,K5,100
A20,20,K6,100
N15,20,K6,100
D7,20,K7,100
J2,20,K7,100
N14,20,K8,100
A6,20,K8,100
K6,20,K9,100
E24,20,K9,100
O7,20,K10,100
L24,20,K10,100
I19,20,K11,100
O21,20,K11,100
B12,20,K12,100
N13,20,K12,100
E3,20,K13,100
G8,20,K13,100
B15,20,K14,100
L11,20,K14,100
C12,20,K15,100
D3,20,K15,100
B4,20,K16,100
L24,20,K16,100
M23,20,K17,100
O10,20,K17,100
P11,20,K18,100
N10,20,K18,100
B12,20,K19,100
O21,20,K19,100
L23,20,K20,100
C8,20,K20,100
D1,20,K21,100
J5,20,K21,100
K6,20,K22,100
D7,20,K22,100
J22,20,K23,100
N13,20,K23,100
H20,20,L2,100
P14,20,L2,100
P14,20,L3,100
G8,20,L3,100
B4,20,L4,100
B12,20,L4,100
M23,20,L5,100
F17,20,L5,100
M12,20,L6,100
B12,20,L6,100
B12,20,L7,100
B12,20,L7,100
O24,20,L8,100
P1,20,L8,100
K6,20,L9,100
A11,20,L9,100
K15,20,L10,100
M14,20,L10,100
P8,20,L11,100
A6,20,L11,100
N23,20,L12,100
O18,20,L12,100
K10,20,L13,100
M12,20,L13,100
K10,20,L14,100
A20,20,L14,100
K10,20,L15,100
O10,20,L15,100
N23,20,L16,100
P17,20,L16,100
B7,20,L17,100
C14,20,L17,100
C3,20,L18,100
G5,20,L18,100
J24,20,L19,100
A6,20,L19,100
K8,20,L20,100
C14,20,L20,100
D13,20,L21,100
P17,20,L21,100
L23,20,L22,100
C11,20,L22,100
P8,20,L23,100
K6,20,L23,100
F2,20,M2,100
P23,20,M2,100
N24,20,M3,100
J18,20,M3,100
B4,20,M4,100
D1,20,M4,100
K11,20,M5,100
L6,20,M5,100
F19,20,M6,100
N10,20,M6,100
D20,20,M7,100
O17,20,M7,100
N24,20,M8,100
A20,20,M8,100
K15,20,M9,100
B15,20,M9,100
C3,20,M10,100
N15,20,M10,100
N14,20,M11,100
J22,20,M11,100
P1,20,M12,100
B12,20,M12,100
I19,20,M13,100
L6,20,M13,100
K11,20,M14,100
G17,20,M14,100
C11,20,M15,100
C19,20,M15,100
O17,20,M16,100
E24,20,M16,100
F17,20,M17,100
H20,20,M17,100
N19,20,M18,100
L24,20,M18,100
P13,20,M19,100
D13,20,M19,100
K10,20,M20,100
G5,20,M20,100
K10,20,M21,100
A6,20,M21,100
G5,20,M22,100
L11,20,M22,100
B4,20,M23,100
M15,20,M23,100
P1,20,N2,100
D20,20,N2,100
O24,20,N3,100
P17,20,N3,100
B4,20,N4,100
A6,20,N4,100
P23,20,N5,100
E24,20,N5,100
I19,20,N6,100
F7,20,N6,100
K15,20,N7,100
E14,20,N7,100
L23,20,N8,100
E24,20,N8,100
K15,20,N9,100
C20,20,N9,100
O7,20,N10,100
N13,20,N10,100
B24,20,N11,100
H20,20,N11,100
A19,20,N12,100
P16,20,N12,100
P1,20,N13,100
B12,20,N13,100
K10,20,N14,100
M15,20,N14,100
A20,20,N15,100
G5,20,N15,100
B24,20,N16,100
G8,20,N16,100
D15,20,N17,100
P14,20,N17,100
D1,20,N18,100
N10,20,N18,100
B12,20,N19,100
C15,20,N19,100
A5,20,N20,100
F19,20,N20,100
N19,20,N21,100
N21,20,N21,100
D6,20,N22,100
A6,20,N22,100
K8,20,N23,100
M14,20,N23,100
O21,20,O2,100
D3,20,O2,100
P23,20,O3,100
M23,20,O3,100
B7,20,O4,100
A20,20,O4,100
K3,20,O5,100
K17,20,O5,100
P23,20,O6,100
D15,20,O6,100
A20,20,O7,100
G8,20,O7,100
D6,20,O8,100
M14,20,O8,100
D6,20,O9,100
B15,20,O9,100
B12,20,O10,100
D11,20,O10,100
D20,20,O11,100
J5,20,O11,100
D1,20,O12,100
K6,20,O12,100
B7,20,O13,100
M23,20,O13,100
O17,20,O14,100
C20,20,O14,100
A19,20,O15,100
P17,20,O15,100
J18,20,O16,100
J22,20,O16,100
N23,20,O17,100
A11,20,O17,100
I19,20,O18,100
C14,20,O18,100
D1,20,O19,100
D15,20,O19,100
O7,20,O20,100
O5,20,O20,100
L23,20,O21,100
D3,20,O21,100
K15,20,O22,100
L24,20,O22,100
L6,20,O23,100
M12,20,O23,100
A6,21,B2,100
K2,21,B2,100
D13,21,B3,100
L11,21,B3,100
C8,21,B4,100
N14,21,B4,100
K15,21,B5,100
D13,21,B5,100
P14,21,B6,100
J2,21,B6,100
F2,21,B7,100
P20,21,B7,100
J18,21,B8,100
P20,21,B8,100
K10,21,B9,100
P17,21,B9,100
B4,21,B10,100
G5,21,B10,100
K10,21,B11,100
N13,21,B11,100
K11,21,B12,100
J2,21,B12,100
K15,21,B13,100
A5,21,B13,100
K11,21,B14,100
M23,21,B14,100
D1,21,B15,100
M14,21,B15,100
N10,21,B16,100
K8,21,B16,100
A5,21,B17,100
K10,21,B17,100
P13,21,B18,100
G5,21,B18,100
G17,21,B19,100
G8,21,B19,100
D3,21,B20,100
L11,21,B20,100
B4,21,B21,100
C11,21,B21,100
I19,21,B22,100
I19,21,B22,100
K8,21,B23,100
J5,21,B23,100
C8,21,C2,100
C15,21,C2,100
A5,21,C3,100
P13,21,C3,100
P20,21,C4,100
E14,21,C4,100
L6,21,C5,100
L19,21,C5,100
K3,21,C6,100
O21,21,C6,100
P23,21,C7,100
A20,21,C7,100
O21,21,C8,100
L11,21,C8,100
B7,21,C9,100
B15,21,C9,100
G17,21,C10,100
A19,21,C10,100
P11,21,C11,100
C15,21,C11,100
O21,21,C12,100
M14,21,C12,100
O17,21,C13,100
D3,21,C13,100
I19,21,C14,100
E3,21,C14,100
N24,21,C15,100
P16,21,C15,100
N3,21,C16,100
H20,21,C16,100
N24,21,C17,100
L23,21,C17,100
A5,21,C18,100
I19,21,C18,100
K10,21,C19,100
N23,21,C19,100
D1,21,C20,100
C11,21,C20,100
F7,21,C21,100
J5,21,C21,100
D1,21,C22,100
N21,21,C22,100
B15,21,C23,100
N15,21,C23,100
B12,21,D2,100
D7,21,D2,100
K15,21,D3,100
N13,21,D3,100
O17,21,D4,100
N14,21,D4,100
A11,21,D5,100
P14,21,D5,100
B24,21,D6,100
N23,21,D6,100
P1,21,D7,100
P23,21,D7,100
F19,21,D8,100
K2,21,D8,100
F17,21,D9,100
F13,21,D9,100
N23,21,D10,100
O5,21,D10,100
B15,21,D11,100
P16,21,D11,100
A20,21,D12,100
K8,21,D12,100
F13,21,D13,100
G8,21,D13,100
D15,21,D14,100
K8,21,D14,100
K11,21,D15,100
O5,21,D15,100
O17,21,D16,100
A20,21,D16,100
L23,21,D17,100
P23,21,D17,100
J24,21,D18,100
P8,21,D18,100
L24,21,D19,100
A11,21,D19,100
K6,21,D20,100
L19,21,D20,100
O7,21,D21,100
D3,21,D21,100
M15,21,D22,100
C12,21,D22,100
A5,21,D23,100
P16,21,D23,100
D7,21,E2,100
N10,21,E2,100
D1,21,E3,100
P11,21,E3,100
K17,21,E4,100
H20,21,E4,100
P1,21,E5,100
D11,21,E5,100
B4,21,E6,100
N21,21,E6,100
D13,21,E7,100
P14,21,E7,100
C14,21,E8,100
J5,21,E8,100
N21,21,E9,100
E3,21,E9,100
C3,21,E10,100
A11,21,E10,100
L6,21,E11,100
K3,21,E11,100
B15,21,E12,100
J2,21,E12,100
M14,21,E13,100
L11,21,E13,100
C15,21,E14,100
E14,21,E14,100
B15,21,E15,100
N13,21,E15,100
K11,21,E16,100
L6,21,E16,100
O17,21,E17,100
D15,21,E17,100
C11,21,E18,100
O18,21,E18,100
K15,21,E19,100
M15,21,E19,100
K3,21,E20,100
J2,21,E20,100
J18,21,E21,100
C15,21,E21,100
L23,21,E22,100
C11,21,E22,100
L6,21,E23,100
K6,21,E23,100
O5,21,F2,100
K3,21,F2,100
M12,21,F3,100
O18,21,F3,100
D7,21,F4,100
D7,21,F4,100
D11,21,F5,100
F13,21,F5,100
O24,21,F6,100
C12,21,F6,100
J24,21,F7,100
B24,21,F7,100
D20,21,F8,100
K2,21,F8,100
B15,21,F9,100
J22,21,F9,100
P1,21,F10,100
B15,21,F10,100
F19,21,F11,100
F13,21,F11,100
F2,21,F12,100
K2,21,F12,100
M15,21,F13,100
L11,21,F13,100
K3,21,F14,100
A20,21,F14,100
P23,21,F15,100
N10,21,F15,100
O24,21,F16,100
L6,21,F16,100
J24,21,F17,100
M14,21,F17,100
K11,21,F18,100
A20,21,F18,100
D7,21,F19,100
C20,21,F19,100
L6,21,F20,100
D3,21,F20,100
F2,21,F21,100
M12,21,F21,100
P20,21,F22,100
A6,21,F22,100
M15,21,F23,100
C15,21,F23,100
B4,21,G2,100
P16,21,G2,100
C12,21,G3,100
G5,21,G3,100
O5,21,G4,100
P11,21,G4,100
K6,21,G5,100
F13,21,G5,100
B24,21,G6,100
B15,21,G6,100
B24,21,G7,100
J5,21,G7,100
P23,21,G8,100
F13,21,G8,100
K11,21,G9,100
L24,21,G9,100
G17,21,G10,100
K8,21,G10,100
B4,21,G11,100
B15,21,G11,100
J18,21,G12,100
K3,21,G12,100
K8,21,G13,100
P17,21,G13,100
H20,21,G14,100
C15,21,G14,100
M14,21,G15,100
J2,21,G15,100
D6,21,G16,100
E14,21,G16,100
D1,21,G17,100
C14,21,G17,100
B7,21,G18,100
F2,21,G18,100
C20,21,G19,100
P17,21,G19,100
K3,21,G20,100
E3,21,G20,100
C8,21,G21,100
C19,21,G21,100
P13,21,G22,100
H20,21,G22,100
G8,21,G23,100
O18,21,G23,100
E3,21,H2,100
M14,21,H2,100
L6,21,H3,100
C12,21,H3,100
C20,21,H4,100
O18,21,H4,100
A6,21,H5,100
P14,21,H5,100
K11,21,H6,100
G5,21,H6,100
N24,21,H7,100
C8,21,H7,100
B7,21,H8,100
K8,21,H8,100
O17,21,H9,100
P14,21,H9,100
M12,21,H10,100
D15,21,H10,100
K15,21,H11,100
C12,21,H11,100
B24,21,H12,100
L11,21,H12,100
B12,21,H13,100
P16,21,H13,100
B12,21,H14,100
L24,21,H14,100
D11,21,H15,100
F7,21,H15,100
O24,21,H16,100
E3,21,H16,100
H20,21,H17,100
A11,21,H17,100
N3,21,H18,100
J22,21,H18,100
O5,21,H19,100
B15,21,H19,100
N3,21,H20,100
C19,21,H20,100
M12,21,H21,100
D13,21,H21,100
N3,21,H22,100
L24,21,H22,100
A19,21,H23,100
C15,21,H23,100
O5,21,I2,100
D11,21,I2,100
B15,21,I3,100
G8,21,I3,100
I19,21,I4,100
P8,21,I4,100
M15,21,I5,100
A11,21,I5,100
D6,21,I6,100
L6,21,I6,100
D1,21,I7,100
F16,21,I7,100
K8,21,I8,100
O18,21,I8,100
E3,21,I9,100
D7,21,I9,100
O17,21,I10,100
K6,21,I10,100
O5,21,I11,100
N15,21,I11,100
E24,21,I12,100
D3,21,I12,100
L24,21,I13,100
J22,21,I13,100
B12,21,I14,100
D3,21,I14,100
B4,21,I15,100
K2,21,I15,100
O24,21,I16,100
K3,21,I16,100
I19,21,I17,100
B15,21,I17,100
J18,21,I18,100
O10,21,I18,100
P23,21,I19,100
L6,21,I19,100
K15,21,I20,100
F13,21,I20,100
P1,21,I21,100
D13,21,I21,100
K17,21,I22,100
F16,21,I22,100
N24,21,I23,100
E3,21,I23,100
A19,21,J2,100
D11,21,J2,100
P13,21,J3,100
N21,21,J3,100
G17,21,J4,100
K17,21,J4,100
D1,21,J5,100
C19,21,J5,100
D6,21,J6,100
D11,21,J6,100
F17,21,J7,100
A20,21,J7,100
H20,21,J8,100
M15,21,J8,100
N19,21,J9,100
B15,21,J9,100
F17,21,J10,100
N10,21,J10,100
L6,21,J11,100
A20,21,J11,100
B24,21,J12,100
P13,21,J12,100
F19,21,J13,100
F7,21,J13,100
B7,21,J14,100
P16,21,J14,100
K11,21,J15,100
A6,21,J15,100
O24,21,J16,100
K17,21,J16,100
A20,21,J17,100
C19,21,J17,100
K11,21,J18,100
M14,21,J18,100
D7,21,J19,100
L11,21,J19,100
E3,21,J20,100
O10,21,J20,100
M15,21,J21,100
D11,21,J21,100
M15,21,J22,100
C12,21,J22,100
B15,21,J23,100
D7,21,J23,100
A20,21,K2,100
B15,21,K2,100
K11,21,K3,100
D6,21,K3,100
K10,21,K4,100
D15,21,K4,100
B4,21,K5,100
N14,21,K5,100
D11,21,K6,100
E24,21,K6,100
N21,21,K7,100
E14,21,K7,100
J24,21,K8,100
E3,21,K8,100
M12,21,K9,100
G5,21,K9,100
F19,21,K10,100
O21,21,K10,100
G17,21,K11,100
F19,21,K11,100
N19,21,K12,100
N10,21,K12,100
N3,21,K13,100
N13,21,K13,100
D6,21,K14,100
C12,21,K14,100
K6,21,K15,100
C15,21,K15,100
P1,21,K16,100
N14,21,K16,100
P20,21,K17,100
L19,21,K17,100
C11,21,K18,100
M12,21,K18,100
F16,21,K19,100
J5,21,K19,100
N19,21,K20,100
G8,21,K20,100
E14,21,K21,100
M14,21,K21,100
F2,21,K22,100
N13,21,K22,100
N10,21,K23,100
F13,21,K23,100
B4,21,L2,100
E24,21,L2,100
H20,21,L3,100
J5,21,L3,100
N14,21,L4,100
F7,21,L4,100
D7,21,L5,100
P16,21,L5,100
P1,21,L6,100
D6,21,L6,100
I19,21,L7,100
E14,21,L7,100
P11,21,L8,100
P16,21,L8,100
A5,21,L9,100
O7,21,L9,100
O24,21,L10,100
B24,21,L10,100
B24,21,L11,100
M15,21,L11,100
K6,21,L12,100
O10,21,L12,100
O24,21,L13,100
D13,21,L13,100
C8,21,L14,100
G5,21,L14,100
F17,21,L15,100
C11,21,L15,100
F2,21,L16,100
E24,21,L16,100
K10,21,L17,100
K17,21,L17,100
K6,21,L18,100
J2,21,L18,100
N21,21,L19,100
D15,21,L19,100
F2,21,L20,100
P23,21,L20,100
D1,21,L21,100
D7,21,L21,100
B12,21,L22,100
P17,21,L22,100
P17,21,L23,100
J2,21,L23,100
D13,21,M2,100
G8,21,M2,100
N10,21,M3,100
C15,21,M3,100
P13,21,M4,100
F7,21,M4,100
L11,21,M5,100
K2,21,M5,100
N19,21,M6,100
D6,21,M6,100
O24,21,M7,100
P1,21,M7,100
B24,21,M8,100
J18,21,M8,100
A20,21,M9,100
H20,21,M9,100
F19,21,M10,100
N10,21,M10,100
K6,21,M11,100
D11,21,M11,100
M12,21,M12,100
A6,21,M12,100
C12,21,M13,100
F7,21,M13,100
N23,21,M14,100
F16,21,M14,100
F7,21,M15,100
C14,21,M15,100
D20,21,M16,100
F16,21,M16,100
D11,21,M17,100
E14,21,M17,100
M12,21,M18,100
O10,21,M18,100
O24,21,M19,100
P14,21,M19,100
D20,21,M20,100
B12,21,M20,100
L6,21,M21,100
A6,21,M21,100
K8,21,M22,100
C14,21,M22,100
K10,21,M23,100
D7,21,M23,100
B7,21,N2,100
G8,21,N2,100
O24,21,N3,100
P14,21,N3,100
G17,21,N4,100
O18,21,N4,100
M15,21,N5,100
C19,21,N5,100
P8,21,N6,100
G5,21,N6,100
F2,21,N7,100
L6,21,N7,100
L6,21,N8,100
O21,21,N8,100
O24,21,N9,100
F7,21,N9,100
L23,21,N10,100
A20,21,N10,100
O7,21,N11,100
N23,21,N11,100
O5,21,N12,100
F7,21,N12,100
N21,21,N13,100
K8,21,N13,100
K17,21,N14,100
A19,21,N14,100
F16,21,N15,100
M14,21,N15,100
K17,21,N16,100
P20,21,N16,100
G5,21,N17,100
F7,21,N17,100
D15,21,N18,100
G5,21,N18,100
K15,21,N19,100
F7,21,N19,100
E3,21,N20,100
O10,21,N20,100
G17,21,N21,100
D1,21,N21,100
B7,21,N22,100
D13,21,N22,100
B24,21,N23,100
P20,21,N23,100
K6,21,O2,100
D15,21,O2,100
L6,21,O3,100
M14,21,O3,100
P1,21,O4,100
D11,21,O4,100
M12,21,O5,100
J5,21,O5,100
O17,21,O6,100
N15,21,O6,100
P23,21,O7,100
D1,21,O7,100
F13,21,O8,100
E14,21,O8,100
P8,21,O9,100
L6,21,O9,100
L23,21,O10,100
C19,21,O10,100
C11,21,O11,100
O10,21,O11,100
C19,21,O12,100
F13,21,O12,100
P13,21,O13,100
N14,21,O13,100
E3,21,O14,100
F7,21,O14,100
O24,21,O15,100
E24,21,O15,100
O17,21,O16,100
J22,21,O16,100
N14,21,O17,100
G8,21,O17,100
M23,21,O18,100
F16,21,O18,100
D20,21,O19,100
G17,21,O19,100
G17,21,O20,100
D11,21,O20,100
O24,21,O21,100
F16,21,O21,100
G17,21,O22,100
D11,21,O22,100
N14,21,O23,100
K2,21,O23,100
N19,22,B2,100
O21,22,B2,100
G5,22,B3,100
A6,22,B3,100
C19,22,B4,100
O10,22,B4,100
K10,22,B5,100
O5,22,B5,100
N23,22,B6,100
P13,22,B6,100
L23,22,B7,100
J22,22,B7,100
A6,22,B8,100
L11,22,B8,100
G17,22,B9,100
P20,22,B9,100
L23,22,B10,100
F19,22,B10,100
F19,22,B11,100
J5,22,B11,100
J24,22,B12,100
P16,22,B12,100
M15,22,B13,100
M12,22,B13,100
P13,22,B14,100
O10,22,B14,100
L23,22,B15,100
A6,22,B15,100
A6,22,B16,100
J5,22,B16,100
P8,22,B17,100
D11,22,B17,100
C3,22,B18,100
N3,22,B18,100
N3,22,B19,100
M14,22,B19,100
N24,22,B20,100
O18,22,B20,100
B4,22,B21,100
A20,22,B21,100
D13,22,B22,100
M14,22,B22,100
D7,22,B23,100
K2,22,B23,100
A20,22,C2,100
J22,22,C2,100
J24,22,C3,100
O10,22,C3,100
I19,22,C4,100
O10,22,C4,100
I19,22,C5,100
F19,22,C5,100
B7,22,C6,100
C14,22,C6,100
N3,22,C7,100
M12,22,C7,100
P8,22,C8,100
M15,22,C8,100
B7,22,C9,100
N14,22,C9,100
B12,22,C10,100
C12,22,C10,100
M23,22,C11,100
M12,22,C11,100
B12,22,C12,100
D13,22,C12,100
P16,22,C13,100
K2,22,C13,100
N24,22,C14,100
D7,22,C14,100
J18,22,C15,100
A20,22,C15,100
N24,22,C16,100
E24,22,C16,100
C8,22,C17,100
M15,22,C17,100
L23,22,C18,100
O10,22,C18,100
H20,22,C19,100
B12,22,C19,100
N21,22,C20,100
E3,22,C20,100
O24,22,C21,100
N23,22,C21,100
D20,22,C22,100
F2,22,C22,100
N10,22,C23,100
P17,22,C23,100
L6,22,D2,100
D7,22,D2,100
C19,22,D3,100
J5,22,D3,100
O7,22,D4,100
F7,22,D4,100
K11,22,D5,100
K17,22,D5,100
C8,22,D6,100
M14,22,D6,100
N21,22,D7,100
P14,22,D7,100
G17,22,D8,100
N3,22,D8,100
P8,22,D9,100
O17,22,D9,100
A20,22,D10,100
A19,22,D10,100
P1,22,D11,100
F17,22,D11,100
C3,22,D12,100
F16,22,D12,100
P1,22,D13,100
J18,22,D13,100
N15,22,D14,100
K8,22,D14,100
M23,22,D15,100
P11,22,D15,100
H20,22,D16,100
G8,22,D16,100
E14,22,D17,100
N13,22,D17,100
D6,22,D18,100
P17,22,D18,100
D15,22,D19,100
E24,22,D19,100
I19,22,D20,100
M14,22,D20,100
E24,22,D21,100
O18,22,D21,100
O7,22,D22,100
B4,22,D22,100
C11,22,D23,100
C14,22,D23,100
P1,22,E2,100
B4,22,E2,100
N21,22,E3,100
L19,22,E3,100
F2,22,E4,100
B15,22,E4,100
N23,22,E5,100
M14,22,E5,100
C11,22,E6,100
E24,22,E6,100
J18,22,E7,100
G8,22,E7,100
C14,22,E8,100
N13,22,E8,100
N14,22,E9,100
G5,22,E9,100
H20,22,E10,100
J2,22,E10,100
A20,22,E11,100
N10,22,E11,100
M12,22,E12,100
C19,22,E12,100
P8,22,E13,100
D11,22,E13,100
A20,22,E14,100
D15,22,E14,100
N15,22,E15,100
O18,22,E15,100
K17,22,E16,100
E3,22,E16,100
H20,22,E17,100
N13,22,E17,100
N10,22,E18,100
N15,22,E18,100
O7,22,E19,100
K8,22,E19,100
P20,22,E20,100
G8,22,E20,100
C20,22,E21,100
O21,22,E21,100
A5,22,E22,100
L23,22,E22,100
K10,22,E23,100
N15,22,E23,100
K3,22,F2,100
C15,22,F2,100
F2,22,F3,100
F19,22,F3,100
K2,22,F4,100
J2,22,F4,100
N21,22,F5,100
N13,22,F5,100
N19,22,F6,100
B24,22,F6,100
B7,22,F7,100
F16,22,F7,100
K10,22,F8,100
F2,22,F8,100
D6,22,F9,100
G5,22,F9,100
K3,22,F10,100
P17,22,F10,100
A11,22,F11,100
K2,22,F11,100
D20,22,F12,100
C3,22,F12,100
L19,22,F13,100
L24,22,F13,100
N19,22,F14,100
O18,22,F14,100
O24,22,F15,100
D15,22,F15,100
F17,22,F16,100
K17,22,F16,100
O24,22,F17,100
B4,22,F17,100
B7,22,F18,100
E14,22,F18,100
I19,22,F19,100
P17,22,F19,100
O5,22,F20,100
G5,22,F20,100
G5,22,F21,100
P17,22,F21,100
G5,22,F22,100
C14,22,F22,100
K10,22,F23,100
C8,22,F23,100
O17,22,G2,100
F16,22,G2,100
O24,22,G3,100
C15,22,G3,100
G17,22,G4,100
C20,22,G4,100
I19,22,G5,100
G8,22,G5,100
B4,22,G6,100
E14,22,G6,100
M15,22,G7,100
D15,22,G7,100
L6,22,G8,100
C8,22,G8,100
B4,22,G9,100
P13,22,G9,100
L6,22,G10,100
D11,22,G10,100
D1,22,G11,100
K8,22,G11,100
B4,22,G12,100
K3,22,G12,100
F13,22,G13,100
E14,22,G13,100
K15,22,G14,100
O5,22,G14,100
I19,22,G15,100
P20,22,G15,100
E24,22,G16,100
K2,22,G16,100
O17,22,G17,100
L11,22,G17,100
K15,22,G18,100
D13,22,G18,100
C3,22,G19,100
L19,22,G19,100
N19,22,G20,100
K2,22,G20,100
K15,22,G21,100
K2,22,G21,100
K10,22,G22,100
L24,22,G22,100
C3,22,G23,100
M14,22,G23,100
K17,22,H2,100
D7,22,H2,100
N21,22,H3,100
C12,22,H3,100
D11,22,H4,100
N13,22,H4,100
C19,22,H5,100
C14,22,H5,100
L19,22,H6,100
O10,22,H6,100
O7,22,H7,100
O7,22,H7,100
N14,22,H8,100
E24,22,H8,100
M23,22,H9,100
N15,22,H9,100
P1,22,H10,100
F16,22,H10,100
N19,22,H11,100
C11,22,H11,100
P23,22,H12,100
C12,22,H12,100
N24,22,H13,100
L19,22,H13,100
K11,22,H14,100
N21,22,H14,100
A5,22,H15,100
B7,22,H15,100
P23,22,H16,100
F16,22,H16,100
K3,22,H17,100
D7,22,H17,100
N14,22,H18,100
N14,22,H18,100
K8,22,H19,100
K8,22,H19,100
N24,22,H20,100
J22,22,H20,100
B7,22,H21,100
O18,22,H21,100
C15,22,H22,100
D13,22,H22,100
N23,22,H23,100
D3,22,H23,100
E24,22,I2,100
J22,22,I2,100
N24,22,I3,100
K17,22,I3,100
F2,22,I4,100
K3,22,I4,100
C12,22,I5,100
J5,22,I5,100
N23,22,I6,100
K2,22,I6,100
P13,22,I7,100
K8,22,I7,100
K3,22,I8,100
N14,22,I8,100
L23,22,I9,100
M12,22,I9,100
D7,22,I10,100
D3,22,I10,100
N21,22,I11,100
G5,22,I11,100
L23,22,I12,100
O5,22,I12,100
A5,22,I13,100
D20,22,I13,100
P1,22,I14,100
D7,22,I14,100
N23,22,I15,100
J18,22,I15,100
F2,22,I16,100
F19,22,I16,100
L11,22,I17,100
J5,22,I17,100
J24,22,I18,100
E14,22,I18,100
K3,22,I19,100
A6,22,I19,100
O17,22,I20,100
N10,22,I20,100
B4,22,I21,100
N10,22,I21,100
P1,22,I22,100
J2,22,I22,100
F2,22,I23,100
D3,22,I23,100
G17,22,J2,100
B12,22,J2,100
M12,22,J3,100
F16,22,J3,100
K3,22,J4,100
O18,22,J4,100
L6,22,J5,100
D11,22,J5,100
P1,22,J6,100
N3,22,J6,100
F13,22,J7,100
D13,22,J7,100
C3,22,J8,100
C15,22,J8,100
M23,22,J9,100
P13,22,J9,100
N10,22,J10,100
D13,22,J10,100
K6,22,J11,100
M15,22,J11,100
D15,22,J12,100
C15,22,J12,100
E3,22,J13,100
M15,22,J13,100
P14,22,J14,100
K2,22,J14,100
K17,22,J15,100
J2,22,J15,100
N24,22,J16,100
F13,22,J16,100
P16,22,J17,100
G5,22,J17,100
I19,22,J18,100
D7,22,J18,100
C3,22,J19,100
C20,22,J19,100
B7,22,J20,100
A11,22,J20,100
L6,22,J21,100
A19,22,J21,100
F17,22,J22,100
N13,22,J22,100
O5,22,J23,100
E24,22,J23,100
K11,22,K2,100
K2,22,K2,100
P1,22,K3,100
L23,22,K3,100
N24,22,K4,100
F19,22,K4,100
D6,22,K5,100
N23,22,K5,100
P1,22,K6,100
G17,22,K6,100
C12,22,K7,100
D11,22,K7,100
K11,22,K8,100
F19,22,K8,100
P11,22,K9,100
G5,22,K9,100
M23,22,K10,100
J2,22,K10,100
B24,22,K11,100
C8,22,K11,100
P1,22,K12,100
N10,22,K12,100
D6,22,K13,100
J5,22,K13,100
J18,22,K14,100
K8,22,K14,100
C8,22,K15,100
C15,22,K15,100
K17,22,K16,100
F19,22,K16,100
K3,22,K17,100
M15,22,K17,100
D7,22,K18,100
F7,22,K18,100
N24,22,K19,100
C20,22,K19,100
J18,22,K20,100
M12,22,K20,100
B12,22,K21,100
C14,22,K21,100
O17,22,K22,100
D11,22,K22,100
N24,22,K23,100
N21,22,K23,100
P11,22,L2,100
K8,22,L2,100
K15,22,L3,100
M23,22,L3,100
B24,22,L4,100
O18,22,L4,100
P16,22,L5,100
D15,22,L5,100
N10,22,L6,100
F7,22,L6,100
D6,22,L7,100
N14,22,L7,100
C20,22,L8,100
F7,22,L8,100
L6,22,L9,100
D15,22,L9,100
L11,22,L10,100
P14,22,L10,100
B15,22,L11,100
N14,22,L11,100
P8,22,L12,100
N15,22,L12,100
K11,22,L13,100
J18,22,L13,100
L23,22,L14,100
D1,22,L14,100
O7,22,L15,100
G8,22,L15,100
D15,22,L16,100
A6,22,L16,100
N15,22,L17,100
F13,22,L17,100
I19,22,L18,100
N13,22,L18,100
O10,22,L19,100
K2,22,L19,100
D20,22,L20,100
O18,22,L20,100
C3,22,L21,100
P16,22,L21,100
D11,22,L22,100
G5,22,L22,100
K15,22,L23,100
A20,22,L23,100
A19,22,M2,100
E3,22,M2,100
J24,22,M3,100
F19,22,M3,100
L24,22,M4,100
C15,22,M4,100
K11,22,M5,100
F13,22,M5,100
G17,22,M6,100
O5,22,M6,100
K8,22,M7,100
J5,22,M7,100
M12,22,M8,100
P14,22,M8,100
N21,22,M9,100
D13,22,M9,100
I19,22,M10,100
B4,22,M10,100
B24,22,M11,100
M23,22,M11,100
C11,22,M12,100
M12,22,M12,100
L6,22,M13,100
J22,22,M13,100
K10,22,M14,100
N10,22,M14,100
D6,22,M15,100
C14,22,M15,100
N3,22,M16,100
A6,22,M16,100
I19,22,M17,100
F17,22,M17,100
K3,22,M18,100
H20,22,M18,100
P13,22,M19,100
C12,22,M19,100
C3,22,M20,100
K8,22,M20,100
L19,22,M21,100
N14,22,M21,100
B15,22,M22,100
D13,22,M22,100
P1,22,M23,100
O21,22,M23,100
C3,22,N2,100
B12,22,N2,100
N3,22,N3,100
P11,22,N3,100
P13,22,N4,100
M15,22,N4,100
L19,22,N5,100
G8,22,N5,100
D6,22,N6,100
N21,22,N6,100
N23,22,N7,100
L6,22,N7,100
F19,22,N8,100
J22,22,N8,100
H20,22,N9,100
J22,22,N9,100
L23,22,N10,100
J22,22,N10,100
N15,22,N11,100
G8,22,N11,100
K10,22,N12,100
F17,22,N12,100
K15,22,N13,100
F16,22,N13,100
K15,22,N14,100
E14,22,N14,100
O24,22,N15,100
D7,22,N15,100
O5,22,N16,100
L11,22,N16,100
C8,22,N17,100
J22,22,N17,100
F7,22,N18,100
K8,22,N18,100
P13,22,N19,100
K3,22,N19,100
A20,22,N20,100
N13,22,N20,100
K6,22,N21,100
A6,22,N21,100
N10,22,N22,100
D11,22,N22,100
D6,22,N23,100
N3,22,N23,100
M23,22,O2,100
D7,22,O2,100
N24,22,O3,100
B24,22,O3,100
K15,22,O4,100
M12,22,O4,100
L24,22,O5,100
F13,22,O5,100
A5,22,O6,100
K17,22,O6,100
D20,22,O7,100
H20,22,O7,100
E3,22,O8,100
K8,22,O8,100
O5,22,O9,100
O5,22,O9,100
N21,22,O10,100
B12,22,O10,100
L6,22,O11,100
K2,22,O11,100
P13,22,O12,100
L11,22,O12,100
O17,22,O13,100
D7,22,O13,100
A5,22,O14,100
C12,22,O14,100
N14,22,O15,100
J5,22,O15,100
D7,22,O16,100
L11,22,O16,100
C8,22,O17,100
N21,22,O17,100
B12,22,O18,100
M14,22,O18,100
B15,22,O19,100
F16,22,O19,100
O17,22,O20,100
L19,22,O20,100
K11,22,O21,100
D11,22,O21,100
C11,22,O22,100
C12,22,O22,100
K15,22,O23,100
D11,22,O23,100
P1,23,B2,100
P23,23,B2,100
P23,23,B3,100
M12,23,B3,100
H20,23,B4,100
D7,23,B4,100
H20,23,B5,100
F13,23,B5,100
K10,23,B6,100
B15,23,B6,100
D6,23,B7,100
D3,23,B7,100
C3,23,B8,100
L24,23,B8,100
I19,23,B9,100
J18,23,B9,100
P20,23,B10,100
J22,23,B10,100
B4,23,B11,100
C20,23,B11,100
F16,23,B12,100
D13,23,B12,100
C12,23,B13,100
N13,23,B13,100
L6,23,B14,100
K17,23,B14,100
D15,23,B15,100
J22,23,B15,100
C14,23,B16,100
P17,23,B16,100
D11,23,B17,100
A11,23,B17,100
I19,23,B18,100
D7,23,B18,100
K17,23,B19,100
F19,23,B19,100
D1,23,B20,100
H20,23,B20,100
O7,23,B21,100
B12,23,B21,100
P16,23,B22,100
N14,23,B22,100
C3,23,B23,100
P20,23,B23,100
C3,23,C2,100
C3,23,C2,100
P13,23,C3,100
B12,23,C3,100
D11,23,C4,100
P14,23,C4,100
F2,23,C5,100
K6,23,C5,100
C11,23,C6,100
F19,23,C6,100
C14,23,C7,100
D13,23,C7,100
K10,23,C8,100
P13,23,C8,100
N14,23,C9,100
P17,23,C9,100
B24,23,C10,100
G5,23,C10,100
C3,23,C11,100
D7,23,C11,100
O5,23,C12,100
P17,23,C12,100
G5,23,C13,100
G8,23,C13,100
N24,23,C14,100
O17,23,C14,100
K3,23,C15,100
N14,23,C15,100
N14,23,C16,100
F13,23,C16,100
O5,23,C17,100
A6,23,C17,100
B7,23,C18,100
J2,23,C18,100
J18,23,C19,100
B15,23,C19,100
L23,23,C20,100
O5,23,C20,100
P23,23,C21,100
C11,23,C21,100
G5,23,C22,100
O18,23,C22,100
J24,23,C23,100
C8,23,C23,100
D1,23,D2,100
N3,23,D2,100
L19,23,D3,100
C14,23,D3,100
B7,23,D4,100
D3,23,D4,100
A5,23,D5,100
C11,23,D5,100
J24,23,D6,100
L24,23,D6,100
C20,23,D7,100
N15,23,D7,100
A5,23,D8,100
L24,23,D8,100
G17,23,D9,100
F7,23,D9,100
N24,23,D10,100
B12,23,D10,100
N21,23,D11,100
A11,23,D11,100
K3,23,D12,100
A19,23,D12,100
K15,23,D13,100
F19,23,D13,100
D7,23,D14,100
N13,23,D14,100
K10,23,D15,100
P11,23,D15,100
A20,23,D16,100
D7,23,D16,100
D1,23,D17,100
A6,23,D17,100
K17,23,D18,100
E14,23,D18,100
P20,23,D19,100
O18,23,D19,100
P13,23,D20,100
A6,23,D20,100
C3,23,D21,100
D11,23,D21,100
M15,23,D22,100
F16,23,D22,100
O24,23,D23,100
O17,23,D23,100
A20,23,E2,100
M15,23,E2,100
K11,23,E3,100
D3,23,E3,100
D1,23,E4,100
F17,23,E4,100
B7,23,E5,100
A19,23,E5,100
F2,23,E6,100
N21,23,E6,100
J24,23,E7,100
C20,23,E7,100
D20,23,E8,100
M12,23,E8,100
F2,23,E9,100
N15,23,E9,100
N19,23,E10,100
E3,23,E10,100
L6,23,E11,100
K6,23,E11,100
O7,23,E12,100
C19,23,E12,100
P11,23,E13,100
J5,23,E13,100
P11,23,E14,100
N15,23,E14,100
K15,23,E15,100
E3,23,E15,100
L6,23,E16,100
C15,23,E16,100
C3,23,E17,100
J5,23,E17,100
E3,23,E18,100
F16,23,E18,100
D1,23,E19,100
D11,23,E19,100
P23,23,E20,100
E14,23,E20,100
P23,23,E21,100
K3,23,E21,100
D6,23,E22,100
C20,23,E22,100
L19,23,E23,100
D15,23,E23,100
A5,23,F2,100
K3,23,F2,100
C3,23,F3,100
P17,23,F3,100
B4,23,F4,100
N13,23,F4,100
D6,23,F5,100
N14,23,F5,100
L23,23,F6,100
N15,23,F6,100
M14,23,F7,100
J5,23,F7,100
P11,23,F8,100
E24,23,F8,100
N21,23,F9,100
O21,23,F9,100
L23,23,F10,100
D13,23,F10,100
C20,23,F11,100
C15,23,F11,100
J24,23,F12,100
O24,23,F12,100
O17,23,F13,100
N14,23,F13,100
K17,23,F14,100
M15,23,F14,100
K10,23,F15,100
P14,23,F15,100
E3,23,F16,100
C20,23,F16,100
K6,23,F17,100
H20,23,F17,100
F19,23,F18,100
L24,23,F18,100
A5,23,F19,100
P23,23,F19,100
C20,23,F20,100
P14,23,F20,100
P11,23,F21,100
F19,23,F21,100
N19,23,F22,100
C12,23,F22,100
F16,23,F23,100
O18,23,F23,100
N14,23,G2,100
J2,23,G2,100
K15,23,G3,100
P17,23,G3,100
N14,23,G4,100
G8,23,G4,100
K11,23,G5,100
F7,23,G5,100
P11,23,G6,100
B15,23,G6,100
P8,23,G7,100
F16,23,G7,100
O7,23,G8,100
F7,23,G8,100
L23,23,G9,100
M23,23,G9,100
B7,23,G10,100
B4,23,G10,100
E3,23,G11,100
K2,23,G11,100
D6,23,G12,100
P17,23,G12,100
J24,23,G13,100
N3,23,G13,100
O24,23,G14,100
F2,23,G14,100
B15,23,G15,100
K2,23,G15,100
E3,23,G16,100
C15,23,G16,100
O5,23,G17,100
N3,23,G17,100
I19,23,G18,100
A20,23,G18,100
N3,23,G19,100
C11,23,G19,100
B4,23,G20,100
E3,23,G20,100
P13,23,G21,100
K2,23,G21,100
D20,23,G22,100
O10,23,G22,100
K8,23,G23,100
P14,23,G23,100
N19,23,H2,100
D7,23,H2,100
N10,23,H3,100
C19,23,H3,100
N24,23,H4,100
M23,23,H4,100
N23,23,H5,100
N13,23,H5,100
B7,23,H6,100
D7,23,H6,100
K17,23,H7,100
F13,23,H7,100
F2,23,H8,100
J22,23,H8,100
N23,23,H9,100
A6,23,H9,100
P1,23,H10,100
G5,23,H10,100
P23,23,H11,100
F17,23,H11,100
A11,23,H12,100
N13,23,H12,100
K15,23,H13,100
D6,23,H13,100
G5,23,H14,100
N15,23,H14,100
K2,23,H15,100
N13,23,H15,100
C11,23,H16,100
N13,23,H16,100
D1,23,H17,100
P13,23,H17,100
K11,23,H18,100
D6,23,H18,100
K10,23,H19,100
K3,23,H19,100
C15,23,H20,100
K2,23,H20,100
L6,23,H21,100
J2,23,H21,100
A5,23,H22,100
P13,23,H22,100
K17,23,H23,100
D3,23,H23,100
J18,23,I2,100
J5,23,I2,100
O7,23,I3,100
J2,23,I3,100
L19,23,I4,100
E14,23,I4,100
P1,23,I5,100
L24,23,I5,100
K15,23,I6,100
B15,23,I6,100
K6,23,I7,100
O21,23,I7,100
B4,23,I8,100
D11,23,I8,100
F7,23,I9,100
L11,23,I9,100
D7,23,I10,100
K8,23,I10,100
P8,23,I11,100
B4,23,I11,100
N19,23,I12,100
O10,23,I12,100
L23,23,I13,100
B12,23,I13,100
D6,23,I14,100
M15,23,I14,100
D1,23,I15,100
D15,23,I15,100
F17,23,I16,100
J22,23,I16,100
F19,23,I17,100
C15,23,I17,100
L19,23,I18,100
J2,23,I18,100
N23,23,I19,100
P16,23,I19,100
L19,23,I20,100
M14,23,I20,100
I19,23,I21,100
D1,23,I21,100
N14,23,I22,100
O10,23,I22,100
C14,23,I23,100
P14,23,I23,100
B15,23,J2,100
L19,23,J2,100
D20,23,J3,100
O10,23,J3,100
B7,23,J4,100
J22,23,J4,100
O21,23,J5,100
J5,23,J5,100
K15,23,J6,100
M12,23,J6,100
K17,23,J7,100
K2,23,J7,100
N23,23,J8,100
J2,23,J8,100
J24,23,J9,100
K2,23,J9,100
O5,23,J10,100
N14,23,J10,100
O17,23,J11,100
A19,23,J11,100
K17,23,J12,100
K8,23,J12,100
K11,23,J13,100
F19,23,J13,100
A20,23,J14,100
P17,23,J14,100
L23,23,J15,100
P13,23,J15,100
M23,23,J16,100
F13,23,J16,100
F17,23,J17,100
K3,23,J17,100
E24,23,J18,100
G8,23,J18,100
K6,23,J19,100
M12,23,J19,100
O21,23,J20,100
J5,23,J20,100
N23,23,J21,100
F13,23,J21,100
F17,23,J22,100
A11,23,J22,100
C3,23,J23,100
K8,23,J23,100
N24,23,K2,100
L11,23,K2,100
D20,23,K3,100
K2,23,K3,100
L24,23,K4,100
C15,23,K4,100
C20,23,K5,100
O21,23,K5,100
P23,23,K6,100
M15,23,K6,100
J18,23,K7,100
F2,23,K7,100
K11,23,K8,100
B12,23,K8,100
P13,23,K9,100
G8,23,K9,100
O7,23,K10,100
C8,23,K10,100
N15,23,K11,100
F7,23,K11,100
K15,23,K12,100
B7,23,K12,100
O24,23,K13,100
B12,23,K13,100
C8,23,K14,100
N14,23,K14,100
G5,23,K15,100
N13,23,K15,100
K6,23,K16,100
F7,23,K16,100
P1,23,K17,100
E24,23,K17,100
K8,23,K18,100
D13,23,K18,100
G17,23,K19,100
N10,23,K19,100
M23,23,K20,100
N3,23,K20,100
N21,23,K21,100
N21,23,K21,100
P13,23,K22,100
K2,23,K22,100
K6,23,K23,100
F19,23,K23,100
O17,23,L2,100
M14,23,L2,100
A5,23,L3,100
E24,23,L3,100
O24,23,L4,100
D6,23,L4,100
C8,23,L5,100
B15,23,L5,100
P11,23,L6,100
P20,23,L6,100
B7,23,L7,100
C19,23,L7,100
K10,23,L8,100
C19,23,L8,100
O17,23,L9,100
O21,23,L9,100
F16,23,L10,100
G8,23,L10,100
J18,23,L11,100
F2,23,L11,100
B15,23,L12,100
K2,23,L12,100
F2,23,L13,100
F16,23,L13,100
M23,23,L14,100
M23,23,L14,100
J18,23,L15,100
L23,23,L15,100
O21,23,L16,100
O18,23,L16,100
N3,23,L17,100
M14,23,L17,100
K6,23,L18,100
F16,23,L18,100
L19,23,L19,100
D13,23,L19,100
K17,23,L20,100
P17,23,L20,100
K11,23,L21,100
C15,23,L21,100
O21,23,L22,100
C14,23,L22,100
D15,23,L23,100
C14,23,L23,100
F17,23,M2,100
L19,23,M2,100
K6,23,M3,100
F16,23,M3,100
A5,23,M4,100
G5,23,M4,100
C14,23,M5,100
J22,23,M5,100
K6,23,M6,100
N15,23,M6,100
K17,23,M7,100
E24,23,M7,100
O18,23,M8,100
J2,23,M8,100
P16,23,M9,100
D11,23,M9,100
K3,23,M10,100
C14,23,M10,100
C3,23,M11,100
M12,23,M11,100
P1,23,M12,100
P14,23,M12,100
L6,23,M13,100
H20,23,M13,100
E3,23,M14,100
O18,23,M14,100
O24,23,M15,100
K17,23,M15,100
O5,23,M16,100
A11,23,M16,100
K15,23,M17,100
C8,23,M17,100
P8,23,M18,100
C8,23,M18,100
P11,23,M19,100
C19,23,M19,100
A5,23,M20,100
P11,23,M20,100
K6,23,M21,100
J2,23,M21,100
N19,23,M22,100
F2,23,M22,100
O24,23,M23,100
A5,23,M23,100
P11,23,N2,100
M14,23,N2,100
J24,23,N3,100
P17,23,N3,100
C8,23,N4,100
C19,23,N4,100
C15,23,N5,100
P17,23,N5,100
N21,23,N6,100
N14,23,N6,100
D20,23,N7,100
D20,23,N7,100
P8,23,N8,100
E14,23,N8,100
A5,23,N9,100
L6,23,N9,100
D20,23,N10,100
K3,23,N10,100
L6,23,N11,100
D1,23,N11,100
B7,23,N12,100
F7,23,N12,100
P1,23,N13,100
D20,23,N13,100
M15,23,N14,100
G5,23,N14,100
B24,23,N15,100
G5,23,N15,100
J24,23,N16,100
N14,23,N16,100
N15,23,N17,100
O18,23,N17,100
C19,23,N18,100
D13,23,N18,100
L19,23,N19,100
F7,23,N19,100
B4,23,N20,100
D7,23,N20,100
L23,23,N21,100
P16,23,N21,100
E3,23,N22,100
B12,23,N22,100
M14,23,N23,100
N13,23,N23,100
F7,23,O2,100
C15,23,O2,100
C8,23,O3,100
A6,23,O3,100
B4,23,O4,100
H20,23,O4,100
G17,23,O5,100
K3,23,O5,100
C11,23,O6,100
D13,23,O6,100
K15,23,O7,100
L11,23,O7,100
M23,23,O8,100
F19,23,O8,100
N19,23,O9,100
A11,23,O9,100
N14,23,O10,100
A6,23,O10,100
C3,23,O11,100
M15,23,O11,100
B15,23,O12,100
A11,23,O12,100
B7,23,O13,100
O18,23,O13,100
K11,23,O14,100
F7,23,O14,100
E3,23,O15,100
C12,23,O15,100
P1,23,O16,100
C15,23,O16,100
A5,23,O17,100
D1,23,O17,100
K17,23,O18,100
J5,23,O18,100
K17,23,O19,100
M14,23,O19,100
C12,23,O20,100
F16,23,O20,100
K17,23,O21,100
G8,23,O21,100
F13,23,O22,100
J2,23,O22,100
D20,23,O23,100
J2,23,O23,100
D13,24,B2,100
J2,24,B2,100
K3,24,B3,100
D3,24,B3,100
K10,24,B4,100
N3,24,B4,100
P8,24,B5,100
P8,24,B5,100
A5,24,B6,100
E14,24,B6,100
N10,24,B7,100
N14,24,B7,100
P16,24,B8,100
N14,24,B8,100
O5,24,B9,100
J22,24,B9,100
K2,24,B10,100
J2,24,B10,100
B24,24,B11,100
J2,24,B11,100
K17,24,B12,100
H20,24,B12,100
J18,24,B13,100
M15,24,B13,100
L24,24,B14,100
O18,24,B14,100
O7,24,B15,100
D15,24,B15,100
P23,24,B16,100
P20,24,B16,100
A5,24,B17,100
M14,24,B17,100
F2,24,B18,100
O17,24,B18,100
A5,24,B19,100
O5,24,B19,100
F2,24,B20,100
C3,24,B20,100
A20,24,B21,100
D7,24,B21,100
D20,24,B22,100
P14,24,B22,100
O5,24,B23,100
D15,24,B23,100
J24,24,C2,100
P14,24,C2,100
M12,24,C3,100
G8,24,C3,100
B4,24,C4,100
K17,24,C4,100
N21,24,C5,100
C15,24,C5,100
P23,24,C6,100
G17,24,C6,100
D1,24,C7,100
A11,24,C7,100
L6,24,C8,100
N14,24,C8,100
C12,24,C9,100
P17,24,C9,100
N21,24,C10,100
L11,24,C10,100
C8,24,C11,100
K8,24,C11,100
M14,24,C12,100
J2,24,C12,100
J18,24,C13,100
E24,24,C13,100
K15,24,C14,100
H20,24,C14,100
D11,24,C15,100
J2,24,C15,100
P13,24,C16,100
C15,24,C16,100
C20,24,C17,100
D15,24,C17,100
O21,24,C18,100
K2,24,C18,100
O5,24,C19,100
E24,24,C19,100
D15,24,C20,100
A6,24,C20,100
A5,24,C21,100
L19,24,C21,100
C19,24,C22,100
L11,24,C22,100
A5,24,C23,100
B15,24,C23,100
B24,24,D2,100
P8,24,D2,100
A11,24,D3,100
L11,24,D3,100
P23,24,D4,100
O17,24,D4,100
N23,24,D5,100
N21,24,D5,100
P20,24,D6,100
G8,24,D6,100
B24,24,D7,100
F19,24,D7,100
P13,24,D8,100
J5,24,D8,100
K10,24,D9,100
B7,24,D9,100
P8,24,D10,100
B15,24,D10,100
P23,24,D11,100
A11,24,D11,100
C3,24,D12,100
P17,24,D12,100
B7,24,D13,100
N3,24,D13,100
B7,24,D14,100
B15,24,D14,100
P20,24,D15,100
D3,24,D15,100
C20,24,D16,100
A11,24,D16,100
A20,24,D17,100
C12,24,D17,100
K6,24,D18,100
G5,24,D18,100
P23,24,D19,100
N3,24,D19,100
D20,24,D20,100
A20,24,D20,100
F2,24,D21,100
F7,24,D21,100
N24,24,D22,100
L6,24,D22,100
K17,24,D23,100
K17,24,D23,100
C8,24,E2,100
G5,24,E2,100
M15,24,E3,100
F13,24,E3,100
D3,24,E4,100
G8,24,E4,100
A20,24,E5,100
F7,24,E5,100
C12,24,E6,100
K8,24,E6,100
P1,24,E7,100
O18,24,E7,100
P16,24,E8,100
P17,24,E8,100
N14,24,E9,100
P14,24,E9,100
N3,24,E10,100
F13,24,E10,100
C12,24,E11,100
F16,24,E11,100
D20,24,E12,100
J22,24,E12,100
B4,24,E13,100
N13,24,E13,100
C8,24,E14,100
C3,24,E14,100
N23,24,E15,100
A11,24,E15,100
G17,24,E16,100
O21,24,E16,100
E3,24,E17,100
N14,24,E17,100
F17,24,E18,100
D11,24,E18,100
C8,24,E19,100
O21,24,E19,100
G17,24,E20,100
F17,24,E20,100
F2,24,E21,100
D3,24,E21,100
K10,24,E22,100
C11,24,E22,100
F17,24,E23,100
N15,24,E23,100
A5,24,F2,100
D7,24,F2,100
N14,24,F3,100
M14,24,F3,100
I19,24,F4,100
D13,24,F4,100
J18,24,F5,100
M12,24,F5,100
P8,24,F6,100
L6,24,F6,100
F2,24,F7,100
F2,24,F7,100
O17,24,F8,100
D15,24,F8,100
B7,24,F9,100
C3,24,F9,100
A20,24,F10,100
P20,24,F10,100
E24,24,F11,100
O10,24,F11,100
B24,24,F12,100
D15,24,F12,100
K8,24,F13,100
O10,24,F13,100
N19,24,F14,100
N21,24,F14,100
N21,24,F15,100
P16,24,F15,100
M12,24,F16,100
L11,24,F16,100
A6,24,F17,100
G8,24,F17,100
B24,24,F18,100
G17,24,F18,100
P23,24,F19,100
N15,24,F19,100
P13,24,F20,100
P20,24,F20,100
F2,24,F21,100
F13,24,F21,100
F17,24,F22,100
E14,24,F22,100
C11,24,F23,100
E14,24,F23,100
K11,24,G2,100
P8,24,G2,100
H20,24,G3,100
L11,24,G3,100
C11,24,G4,100
D15,24,G4,100
F17,24,G5,100
K17,24,G5,100
A5,24,G6,100
A6,24,G6,100
L23,24,G7,100
L19,24,G7,100
J18,24,G8,100
K17,24,G8,100
A19,24,G9,100
J5,24,G9,100
O24,24,G10,100
P13,24,G10,100
E24,24,G11,100
M14,24,G11,100
A20,24,G12,100
C14,24,G12,100
K3,24,G13,100
F16,24,G13,100
K3,24,G14,100
L19,24,G14,100
A19,24,G15,100
P14,24,G15,100
E3,24,G16,100
N15,24,G16,100
M15,24,G17,100
D15,24,G17,100
L11,24,G18,100
J5,24,G18,100
K6,24,G19,100
P17,24,G19,100
E3,24,G20,100
P17,24,G20,100
P23,24,G21,100
O18,24,G21,100
P11,24,G22,100
E3,24,G22,100
N10,24,G23,100
A6,24,G23,100
N19,24,H2,100
G17,24,H2,100
P20,24,H3,100
B12,24,H3,100
C3,24,H4,100
L19,24,H4,100
O24,24,H5,100
K2,24,H5,100
L24,24,H6,100
P17,24,H6,100
A6,24,H7,100
E14,24,H7,100
B24,24,H8,100
C20,24,H8,100
K17,24,H9,100
O21,24,H9,100
B15,24,H10,100
B15,24,H10,100
N3,24,H11,100
K3,24,H11,100
E24,24,H12,100
E24,24,H12,100
F13,24,H13,100
J5,24,H13,100
B7,24,H14,100
A6,24,H14,100
K11,24,H15,100
L23,24,H15,100
L6,24,H16,100
C20,24,H16,100
P14,24,H17,100
P17,24,H17,100
B24,24,H18,100
P11,24,H18,100
B7,24,H19,100
M12,24,H19,100
F7,24,H20,100
D3,24,H20,100
F19,24,H21,100
D15,24,H21,100
M23,24,H22,100
P11,24,H22,100
B7,24,H23,100
L19,24,H23,100
C12,24,I2,100
K2,24,I2,100
K11,24,I3,100
G17,24,I3,100
M23,24,I4,100
A20,24,I4,100
P11,24,I5,100
D7,24,I5,100
P8,24,I6,100
O5,24,I6,100
N19,24,I7,100
P1,24,I7,100
O7,24,I8,100
N3,24,I8,100
I19,24,I9,100
D15,24,I9,100
N23,24,I10,100
P16,24,I10,100
D6,24,I11,100
K6,24,I11,100
B15,24,I12,100
D3,24,I12,100
L19,24,I13,100
N15,24,I13,100
D7,24,I14,100
C14,24,I14,100
H20,24,I15,100
N13,24,I15,100
J18,24,I16,100
N10,24,I16,100
C8,24,I17,100
A11,24,I17,100
A19,24,I18,100
E24,24,I18,100
N3,24,I19,100
G8,24,I19,100
B24,24,I20,100
N10,24,I20,100
F17,24,I21,100
J5,24,I21,100
N24,24,I22,100
B15,24,I22,100
K3,24,I23,100
D7,24,I23,100
B4,24,J2,100
F17,24,J2,100
O5,24,J3,100
C11,24,J3,100
B4,24,J4,100
F7,24,J4,100
C11,24,J5,100
N15,24,J5,100
L23,24,J6,100
K6,24,J6,100
A20,24,J7,100
P16,24,J7,100
E24,24,J8,100
L11,24,J8,100
B24,24,J9,100
D1,24,J9,100
L24,24,J10,100
A6,24,J10,100
P20,24,J11,100
O18,24,J11,100
N15,24,J12,100
E14,24,J12,100
P8,24,J13,100
G5,24,J13,100
C3,24,J14,100
K6,24,J14,100
C8,24,J15,100
E14,24,J15,100
E14,24,J16,100
A11,24,J16,100
D1,24,J17,100
C3,24,J17,100
B7,24,J18,100
B12,24,J18,100
P1,24,J19,100
B7,24,J19,100
K3,24,J20,100
N21,24,J20,100
P17,24,J21,100
N13,24,J21,100
C8,24,J22,100
K2,24,J22,100
B7,24,J23,100
L6,24,J23,100
D15,24,K2,100
J2,24,K2,100
O5,24,K3,100
N14,24,K3,100
K15,24,K4,100
C19,24,K4,100
M23,24,K5,100
K6,24,K5,100
G17,24,K6,100
E3,24,K6,100
H20,24,K7,100
L19,24,K7,100
A19,24,K8,100
C20,24,K8,100
O21,24,K9,100
A11,24,K9,100
O24,24,K10,100
A19,24,K10,100
D20,24,K11,100
G5,24,K11,100
J18,24,K12,100
P8,24,K12,100
A20,24,K13,100
P16,24,K13,100
H20,24,K14,100
O21,24,K14,100
J18,24,K15,100
B4,24,K15,100
B24,24,K16,100
O7,24,K16,100
C8,24,K17,100
M23,24,K17,100
L6,24,K18,100
L11,24,K18,100
J18,24,K19,100
J2,24,K19,100
N21,24,K20,100
A20,24,K20,100
D20,24,K21,100
P23,24,K21,100
A19,24,K22,100
F16,24,K22,100
O24,24,K23,100
N13,24,K23,100
K6,24,L2,100
A6,24,L2,100
K17,24,L3,100
M15,24,L3,100
M12,24,L4,100
F13,24,L4,100
P1,24,L5,100
M12,24,L5,100
P8,24,L6,100
C14,24,L6,100
F2,24,L7,100
F17,24,L7,100
N19,24,L8,100
B4,24,L8,100
B12,24,L9,100
F16,24,L9,100
B7,24,L10,100
F17,24,L10,100
L23,24,L11,100
P20,24,L11,100
B24,24,L12,100
O21,24,L12,100
O24,24,L13,100
L23,24,L13,100
K11,24,L14,100
N13,24,L14,100
C8,24,L15,100
J2,24,L15,100
N14,24,L16,100
A11,24,L16,100
L6,24,L17,100
O18,24,L17,100
N24,24,L18,100
O7,24,L18,100
P1,24,L19,100
F7,24,L19,100
M12,24,L20,100
L11,24,L20,100
L23,24,L21,100
J2,24,L21,100
B12,24,L22,100
K2,24,L22,100
J18,24,L23,100
C11,24,L23,100
L6,24,M2,100
D3,24,M2,100
F17,24,M3,100
B15,24,M3,100
F2,24,M4,100
B15,24,M4,100
O17,24,M5,100
N10,24,M5,100
F19,24,M6,100
A11,24,M6,100
N19,24,M7,100
F19,24,M7,100
K6,24,M8,100
E24,24,M8,100
N24,24,M9,100
A5,24,M9,100
J18,24,M10,100
P13,24,M10,100
O17,24,M11,100
M15,24,M11,100
D20,24,M12,100
F19,24,M12,100
D1,24,M13,100
O18,24,M13,100
D7,24,M14,100
G5,24,M14,100
C12,24,M15,100
E24,24,M15,100
A20,24,M16,100
A6,24,M16,100
F7,24,M17,100
P17,24,M17,100
B24,24,M18,100
N21,24,M18,100
C11,24,M19,100
A11,24,M19,100
A19,24,M20,100
O10,24,M20,100
L23,24,M21,100
L19,24,M21,100
C3,24,M22,100
E24,24,M22,100
N24,24,M23,100
C3,24,M23,100
D11,24,N2,100
F7,24,N2,100
F7,24,N3,100
C14,24,N3,100
K15,24,N4,100
K3,24,N4,100
F7,24,N5,100
O21,24,N5,100
F2,24,N6,100
D15,24,N6,100
P23,24,N7,100
C12,24,N7,100
M12,24,N8,100
D7,24,N8,100
G5,24,N9,100
J5,24,N9,100
N10,24,N10,100
E14,24,N10,100
F19,24,N11,100
C20,24,N11,100
K17,24,N12,100
C14,24,N12,100
L23,24,N13,100
B15,24,N13,100
B15,24,N14,100
M15,24,N14,100
P13,24,N15,100
N13,24,N15,100
C11,24,N16,100
F16,24,N16,100
B7,24,N17,100
D15,24,N17,100
P1,24,N18,100
I19,24,N18,100
K15,24,N19,100
J5,24,N19,100
C8,24,N20,100
K3,24,N20,100
F2,24,N21,100
C15,24,N21,100
L23,24,N22,100
K2,24,N22,100
K15,24,N23,100
K17,24,N23,100
L19,24,O2,100
B12,24,O2,100
P16,24,O3,100
O10,24,O3,100
N24,24,O4,100
P16,24,O4,100
P1,24,O5,100
K10,24,O5,100
D11,24,O6,100
J22,24,O6,100
C19,24,O7,100
E14,24,O7,100
F2,24,O8,100
C8,24,O8,100
P11,24,O9,100
M15,24,O9,100
L6,24,O10,100
C11,24,O10,100
O17,24,O11,100
P20,24,O11,100
M23,24,O12,100
P13,24,O12,100
G5,24,O13,100
M14,24,O13,100
D6,24,O14,100
O10,24,O14,100
D6,24,O15,100
P16,24,O15,100
O5,24,O16,100
F17,24,O16,100
L23,24,O17,100
M23,24,O17,100
N24,24,O18,100
N13,24,O18,100
H20,24,O19,100
O10,24,O19,100
O7,24,O20,100
P8,24,O20,100
E24,24,O21,100
M14,24,O21,100
M23,24,O22,100
D11,24,O22,100
F7,24,O23,100
K8,24,O23,100
P23,25,B2,100
M14,25,B2,100
P13,25,B3,100
K17,25,B3,100
G17,25,B4,100
F7,25,B4,100
N15,25,B5,100
L11,25,B5,100
O5,25,B6,100
N13,25,B6,100
J24,25,B7,100
I19,25,B7,100
F13,25,B8,100
D13,25,B8,100
D20,25,B9,100
L19,25,B9,100
O21,25,B10,100
A6,25,B10,100
L6,25,B11,100
F7,25,B11,100
D7,25,B12,100
D15,25,B12,100
N14,25,B13,100
F16,25,B13,100
C8,25,B14,100
J5,25,B14,100
F2,25,B15,100
K17,25,B15,100
J18,25,B16,100
F19,25,B16,100
K10,25,B17,100
L11,25,B17,100
N19,25,B18,100
O18,25,B18,100
O21,25,B19,100
O18,25,B19,100
A20,25,B20,100
F7,25,B20,100
M12,25,B21,100
E24,25,B21,100
N3,25,B22,100
F19,25,B22,100
F2,25,B23,100
A20,25,B23,100
E3,25,C2,100
G8,25,C2,100
J18,25,C3,100
L6,25,C3,100
K17,25,C4,100
F7,25,C4,100
L6,25,C5,100
A20,25,C5,100
P13,25,C6,100
K8,25,C6,100
K15,25,C7,100
L6,25,C7,100
O17,25,C8,100
E14,25,C8,100
C3,25,C9,100
J2,25,C9,100
K3,25,C10,100
F19,25,C10,100
P16,25,C11,100
M14,25,C11,100
N23,25,C12,100
N3,25,C12,100
C8,25,C13,100
C11,25,C13,100
D3,25,C14,100
P14,25,C14,100
K3,25,C15,100
K17,25,C15,100
O5,25,C16,100
F19,25,C16,100
M15,25,C17,100
J5,25,C17,100
L11,25,C18,100
N13,25,C18,100
D6,25,C19,100
M15,25,C19,100
L19,25,C20,100
K2,25,C20,100
N14,25,C21,100
P14,25,C21,100
C11,25,C22,100
N14,25,C22,100
E24,25,C23,100
C15,25,C23,100
K3,25,D2,100
E14,25,D2,100
P20,25,D3,100
D11,25,D3,100
J24,25,D4,100
K6,25,D4,100
C14,25,D5,100
E14,25,D5,100
A5,25,D6,100
D7,25,D6,100
P11,25,D7,100
B12,25,D7,100
E14,25,D8,100
A11,25,D8,100
P1,25,D9,100
N23,25,D9,100
D13,25,D10,100
O10,25,D10,100
L6,25,D11,100
P17,25,D11,100
N19,25,D12,100
N10,25,D12,100
M23,25,D13,100
P20,25,D13,100
F2,25,D14,100
C20,25,D14,100
P16,25,D15,100
A6,25,D15,100
O21,25,D16,100
D3,25,D16,100
N24,25,D17,100
F17,25,D17,100
O24,25,D18,100
L19,25,D18,100
F2,25,D19,100
C19,25,D19,100
D7,25,D20,100
P14,25,D20,100
N24,25,D21,100
J2,25,D21,100
D1,25,D22,100
D7,25,D22,100
L19,25,D23,100
O18,25,D23,100
H20,25,E2,100
D15,25,E2,100
A5,25,E3,100
K8,25,E3,100
D6,25,E4,100
D13,25,E4,100
P1,25,E5,100
F16,25,E5,100
M15,25,E6,100
D3,25,E6,100
B4,25,E7,100
N3,25,E7,100
B24,25,E8,100
K17,25,E8,100
E24,25,E9,100
O10,25,E9,100
A19,25,E10,100
D15,25,E10,100
C20,25,E11,100
J22,25,E11,100
F17,25,E12,100
C12,25,E12,100
G17,25,E13,100
G17,25,E13,100
O24,25,E14,100
K6,25,E14,100
K11,25,E15,100
M12,25,E15,100
O24,25,E16,100
C8,25,E16,100
N21,25,E17,100
K2,25,E17,100
K15,25,E18,100
K8,25,E18,100
O5,25,E19,100
J5,25,E19,100
D20,25,E20,100
D15,25,E20,100
P13,25,E21,100
N15,25,E21,100
B4,25,E22,100
C3,25,E22,100
K15,25,E23,100
O18,25,E23,100
C3,25,F2,100
P14,25,F2,100
N24,25,F3,100
D3,25,F3,100
P8,25,F4,100
D7,25,F4,100
P1,25,F5,100
M15,25,F5,100
D6,25,F6,100
O7,25,F6,100
D1,25,F7,100
C8,25,F7,100
L19,25,F8,100
N10,25,F8,100
F13,25,F9,100
M14,25,F9,100
N15,25,F10,100
F16,25,F10,100
A5,25,F11,100
A19,25,F11,100
C11,25,F12,100
B15,25,F12,100
K15,25,F13,100
L24,25,F13,100
K10,25,F14,100
K8,25,F14,100
B4,25,F15,100
F16,25,F15,100
N10,25,F16,100
O10,25,F16,100
F7,25,F17,100
E24,25,F17,100
N19,25,F18,100
O5,25,F18,100
C8,25,F19,100
J5,25,F19,100
D6,25,F20,100
K17,25,F20,100
P23,25,F21,100
F19,25,F21,100
N3,25,F22,100
D11,25,F22,100
O21,25,F23,100
G8,25,F23,100
A5,25,G2,100
F2,25,G2,100
J18,25,G3,100
P23,25,G3,100
K15,25,G4,100
M14,25,G4,100
C11,25,G5,100
P16,25,G5,100
E14,25,G6,100
P17,25,G6,100
B24,25,G7,100
L24,25,G7,100
A5,25,G8,100
N3,25,G8,100
D6,25,G9,100
K2,25,G9,100
K15,25,G10,100
A6,25,G10,100
P16,25,G11,100
D3,25,G11,100
D15,25,G12,100
O21,25,G12,100
N19,25,G13,100
P8,25,G13,100
O17,25,G14,100
C19,25,G14,100
N19,25,G15,100
K3,25,G15,100
O18,25,G16,100
J5,25,G16,100
P20,25,G17,100
M12,25,G17,100
A19,25,G18,100
C14,25,G18,100
O24,25,G19,100
P8,25,G19,100
B7,25,G20,100
M14,25,G20,100
J18,25,G21,100
D3,25,G21,100
A5,25,G22,100
C14,25,G22,100
P11,25,G23,100
O18,25,G23,100
O7,25,H2,100
A6,25,H2,100
A5,25,H3,100
J2,25,H3,100
N14,25,H4,100
F16,25,H4,100
K10,25,H5,100
J5,25,H5,100
K3,25,H6,100
B12,25,H6,100
N23,25,H7,100
G17,25,H7,100
D3,25,H8,100
N13,25,H8,100
B24,25,H9,100
N14,25,H9,100
D3,25,H10,100
O18,25,H10,100
A11,25,H11,100
J22,25,H11,100
M23,25,H12,100
B12,25,H12,100
O7,25,H13,100
L23,25,H13,100
B15,25,H14,100
E14,25,H14,100
P1,25,H15,100
E3,25,H15,100
A6,25,H16,100
D13,25,H16,100
C19,25,H17,100
C15,25,H17,100
B7,25,H18,100
O10,25,H18,100
K15,25,H19,100
N19,25,H19,100
K10,25,H20,100
D20,25,H20,100
J24,25,H21,100
E24,25,H21,100
B4,25,H22,100
M14,25,H22,100
I19,25,H23,100
J2,25,H23,100
P8,25,I2,100
D15,25,I2,100
F17,25,I3,100
P17,25,I3,100
J22,25,I4,100
P17,25,I4,100
H20,25,I5,100
N14,25,I5,100
I19,25,I6,100
C11,25,I6,100
C11,25,I7,100
G5,25,I7,100
N24,25,I8,100
I19,25,I8,100
O17,25,I9,100
N21,25,I9,100
B12,25,I10,100
C19,25,I10,100
P11,25,I11,100
E3,25,I11,100
M23,25,I12,100
M14,25,I12,100
G5,25,I13,100
F7,25,I13,100
D3,25,I14,100
A11,25,I14,100
P1,25,I15,100
P11,25,I15,100
L19,25,I16,100
C12,25,I16,100
A5,25,I17,100
N10,25,I17,100
B12,25,I18,100
D7,25,I18,100
P8,25,I19,100
O5,25,I19,100
L6,25,I20,100
N13,25,I20,100
C3,25,I21,100
P11,25,I21,100
J24,25,I22,100
C12,25,I22,100
A19,25,I23,100
F19,25,I23,100
N15,25,J2,100
A6,25,J2,100
K17,25,J3,100
K6,25,J3,100
N14,25,J4,100
A11,25,J4,100
G17,25,J5,100
C12,25,J5,100
O5,25,J6,100
A20,25,J6,100
G17,25,J7,100
C15,25,J7,100
D13,25,J8,100
O18,25,J8,100
N19,25,J9,100
N23,25,J9,100
A19,25,J10,100
D11,25,J10,100
P23,25,J11,100
P11,25,J11,100
C3,25,J12,100
G8,25,J12,100
P23,25,J13,100
N13,25,J13,100
C8,25,J14,100
P14,25,J14,100
B4,25,J15,100
A11,25,J15,100
D6,25,J16,100
K3,25,J16,100
K15,25,J17,100
P1,25,J17,100
L6,25,J18,100
P14,25,J18,100
J22,25,J19,100
P17,25,J19,100
P13,25,J20,100
P16,25,J20,100
D15,25,J21,100
G8,25,J21,100
D6,25,J22,100
F2,25,J22,100
K11,25,J23,100
D3,25,J23,100
M15,25,K2,100
M14,25,K2,100
N19,25,K3,100
C20,25,K3,100
D20,25,K4,100
C12,25,K4,100
B24,25,K5,100
L23,25,K5,100
M12,25,K6,100
D15,25,K6,100
A20,25,K7,100
P11,25,K7,100
A5,25,K8,100
A20,25,K8,100
I19,25,K9,100
B24,25,K9,100
N10,25,K10,100
O21,25,K10,100
P8,25,K11,100
J5,25,K11,100
P20,25,K12,100
D15,25,K12,100
P14,25,K13,100
J2,25,K13,100
I19,25,K14,100
D15,25,K14,100
N23,25,K15,100
D13,25,K15,100
F16,25,K16,100
M14,25,K16,100
A5,25,K17,100
D11,25,K17,100
P13,25,K18,100
P14,25,K18,100
C19,25,K19,100
P17,25,K19,100
K8,25,K20,100
D3,25,K20,100
O5,25,K21,100
O18,25,K21,100
P1,25,K22,100
J2,25,K22,100
P23,25,K23,100
P14,25,K23,100
N10,25,L2,100
J2,25,L2,100
P20,25,L3,100
D7,25,L3,100
G5,25,L4,100
O21,25,L4,100
B7,25,L5,100
C20,25,L5,100
O7,25,L6,100
P8,25,L6,100
P16,25,L7,100
J2,25,L7,100
N3,25,L8,100
M15,25,L8,100
M15,25,L9,100
K8,25,L9,100
F2,25,L10,100
L19,25,L10,100
J24,25,L11,100
P1,25,L11,100
O10,25,L12,100
J22,25,L12,100
D6,25,L13,100
C3,25,L13,100
D20,25,L14,100
C3,25,L14,100
L11,25,L15,100
G8,25,L15,100
F2,25,L16,100
J2,25,L16,100
D3,25,L17,100
O10,25,L17,100
C8,25,L18,100
G8,25,L18,100
K10,25,L19,100
A19,25,L19,100
N19,25,L20,100
C11,25,L20,100
K10,25,L21,100
J18,25,L21,100
K10,25,L22,100
C3,25,L22,100
C11,25,L23,100
A20,25,L23,100
M12,25,M2,100
A11,25,M2,100
N24,25,M3,100
O24,25,M3,100
P23,25,M4,100
K3,25,M4,100
M14,25,M5,100
K2,25,M5,100
N24,25,M6,100
O10,25,M6,100
G17,25,M7,100
A19,25,M7,100
P20,25,M8,100
J2,25,M8,100
C11,25,M9,100
J2,25,M9,100
J24,25,M10,100
O21,25,M10,100
P1,25,M11,100
N10,25,M11,100
C8,25,M12,100
A19,25,M12,100
A5,25,M13,100
O17,25,M13,100
C8,25,M14,100
O21,25,M14,100
D6,25,M15,100
C8,25,M15,100
O5,25,M16,100
C3,25,M16,100
B4,25,M17,100
G5,25,M17,100
D20,25,M18,100
N3,25,M18,100
O17,25,M19,100
O5,25,M19,100
N23,25,M20,100
F16,25,M20,100
K3,25,M21,100
P20,25,M21,100
J18,25,M22,100
F16,25,M22,100
K15,25,M23,100
F17,25,M23,100
O7,25,N2,100
M23,25,N2,100
F19,25,N3,100
K8,25,N3,100
O24,25,N4,100
O10,25,N4,100
M15,25,N5,100
P17,25,N5,100
O17,25,N6,100
J22,25,N6,100
A19,25,N7,100
G8,25,N7,100
N23,25,N8,100
B4,25,N8,100
L23,25,N9,100
N10,25,N9,100
M15,25,N10,100
D7,25,N10,100
G17,25,N11,100
K6,25,N11,100
A6,25,N12,100
P17,25,N12,100
P1,25,N13,100
C11,25,N13,100
L23,25,N14,100
B12,25,N14,100
B4,25,N15,100
J5,25,N15,100
P23,25,N16,100
B12,25,N16,100
F2,25,N17,100
N15,25,N17,100
P16,25,N18,100
P14,25,N18,100
N23,25,N19,100
E3,25,N19,100
N3,25,N20,100
P16,25,N20,100
B4,25,N21,100
N10,25,N21,100
P23,25,N22,100
F7,25,N22,100
M23,25,N23,100
D3,25,N23,100
B7,25,O2,100
P13,25,O2,100
P23,25,O3,100
B4,25,O3,100
N19,25,O4,100
N23,25,O4,100
L6,25,O5,100
G5,25,O5,100
P8,25,O6,100
A19,25,O6,100
N10,25,O7,100
K2,25,O7,100
E3,25,O8,100
D3,25,O8,100
P8,25,O9,100
J2,25,O9,100
A19,25,O10,100
F13,25,O10,100
F2,25,O11,100
L24,25,O11,100
B12,25,O12,100
G8,25,O12,100
M15,25,O13,100
A6,25,O13,100
N24,25,O14,100
D1,25,O14,100
B24,25,O15,100
O7,25,O15,100
F2,25,O16,100
E14,25,O16,100
D15,25,O17,100
E14,25,O17,100
H20,25,O18,100
D11,25,O18,100
J18,25,O19,100
K2,25,O19,100
L6,25,O20,100
M23,25,O20,100
A6,25,O21,100
A11,25,O21,100
D20,25,O22,100
P16,25,O22,100
P23,25,O23,100
O18,25,O23,100
P11,26,B2,100
N14,26,B2,100
G8,26,B3,100
J5,26,B3,100
K3,26,B4,100
J5,26,B4,100
C11,26,B5,100
H20,26,B5,100
F2,26,B6,100
J5,26,B6,100
J24,26,B7,100
D13,26,B7,100
F13,26,B8,100
J2,26,B8,100
N24,26,B9,100
F2,26,B9,100
C8,26,B10,100
F7,26,B10,100
C3,26,B11,100
O21,26,B11,100
E14,26,B12,100
E14,26,B12,100
K10,26,B13,100
B12,26,B13,100
L24,26,B14,100
N14,26,B14,100
P16,26,B15,100
D13,26,B15,100
L19,26,B16,100
J22,26,B16,100
J22,26,B17,100
J2,26,B17,100
P8,26,B18,100
K6,26,B18,100
O5,26,B19,100
B12,26,B19,100
O17,26,B20,100
C3,26,B20,100
O24,26,B21,100
N10,26,B21,100
N21,26,B22,100
P16,26,B22,100
K6,26,B23,100
F7,26,B23,100
B24,26,C2,100
K3,26,C2,100
I19,26,C3,100
C15,26,C3,100
K17,26,C4,100
A19,26,C4,100
K17,26,C5,100
L24,26,C5,100
B24,26,C6,100
A11,26,C6,100
C8,26,C7,100
K2,26,C7,100
P20,26,C8,100
O21,26,C8,100
C15,26,C9,100
F13,26,C9,100
K15,26,C10,100
J2,26,C10,100
P23,26,C11,100
G17,26,C11,100
C20,26,C12,100
K2,26,C12,100
G17,26,C13,100
J22,26,C13,100
B15,26,C14,100
G8,26,C14,100
J22,26,C15,100
G8,26,C15,100
I19,26,C16,100
N21,26,C16,100
J24,26,C17,100
G5,26,C17,100
C11,26,C18,100
P16,26,C18,100
A5,26,C19,100
M23,26,C19,100
D1,26,C20,100
L24,26,C20,100
P8,26,C21,100
N15,26,C21,100
L6,26,C22,100
J5,26,C22,100
G17,26,C23,100
A11,26,C23,100
P1,26,D2,100
P1,26,D2,100
O5,26,D3,100
C20,26,D3,100
A5,26,D4,100
P16,26,D4,100
P1,26,D5,100
F19,26,D5,100
K10,26,D6,100
M15,26,D6,100
O7,26,D7,100
F13,26,D7,100
O7,26,D8,100
L11,26,D8,100
L6,26,D9,100
N14,26,D9,100
P1,26,D10,100
F13,26,D10,100
P20,26,D11,100
C15,26,D11,100
N10,26,D12,100
J22,26,D12,100
O21,26,D13,100
E24,26,D13,100
O24,26,D14,100
L11,26,D14,100
D6,26,D15,100
P13,26,D15,100
N3,26,D16,100
C15,26,D16,100
P8,26,D17,100
L19,26,D17,100
A20,26,D18,100
O21,26,D18,100
L19,26,D19,100
C20,26,D19,100
P13,26,D20,100
N14,26,D20,100
C8,26,D21,100
M12,26,D21,100
B24,26,D22,100
F2,26,D22,100
J18,26,D23,100
E3,26,D23,100
D1,26,E2,100
F16,26,E2,100
K11,26,E3,100
N14,26,E3,100
K10,26,E4,100
P14,26,E4,100
P1,26,E5,100
C12,26,E5,100
P23,26,E6,100
B12,26,E6,100
F19,26,E7,100
F16,26,E7,100
O5,26,E8,100
M14,26,E8,100
M14,26,E9,100
P17,26,E9,100
F7,26,E10,100
J2,26,E10,100
C12,26,E11,100
C14,26,E11,100
D6,26,E12,100
C15,26,E12,100
O5,26,E13,100
O10,26,E13,100
I19,26,E14,100
B24,26,E14,100
B12,26,E15,100
G5,26,E15,100
K8,26,E16,100
F13,26,E16,100
K10,26,E17,100
G8,26,E17,100
C12,26,E18,100
C15,26,E18,100
K6,26,E19,100
N13,26,E19,100
G17,26,E20,100
L24,26,E20,100
A20,26,E21,100
J22,26,E21,100
K6,26,E22,100
J22,26,E22,100
N24,26,E23,100
O17,26,E23,100
I19,26,F2,100
L24,26,F2,100
L6,26,F3,100
E24,26,F3,100
A19,26,F4,100
L19,26,F4,100
N3,26,F5,100
N13,26,F5,100
K11,26,F6,100
O10,26,F6,100
B24,26,F7,100
L11,26,F7,100
F16,26,F8,100
E14,26,F8,100
D6,26,F9,100
E3,26,F9,100
K15,26,F10,100
L23,26,F10,100
C14,26,F11,100
K2,26,F11,100
P1,26,F12,100
P14,26,F12,100
G17,26,F13,100
J2,26,F13,100
K15,26,F14,100
N13,26,F14,100
L19,26,F15,100
D13,26,F15,100
N21,26,F16,100
E14,26,F16,100
P20,26,F17,100
P16,26,F17,100
E3,26,F18,100
C12,26,F18,100
N23,26,F19,100
L6,26,F19,100
A19,26,F20,100
F16,26,F20,100
A6,26,F21,100
E14,26,F21,100
K15,26,F22,100
O10,26,F22,100
D7,26,F23,100
N14,26,F23,100
N19,26,G2,100
P23,26,G2,100
H20,26,G3,100
K2,26,G3,100
L23,26,G4,100
M15,26,G4,100
K3,26,G5,100
P17,26,G5,100
A5,26,G6,100
P17,26,G6,100
N21,26,G7,100
F13,26,G7,100
A5,26,G8,100
C15,26,G8,100
C3,26,G9,100
C11,26,G9,100
B7,26,G10,100
K6,26,G10,100
G5,26,G11,100
J22,26,G11,100
F19,26,G12,100
O18,26,G12,100
F2,26,G13,100
E3,26,G13,100
L24,26,G14,100
A11,26,G14,100
F19,26,G15,100
K2,26,G15,100
P8,26,G16,100
C20,26,G16,100
E3,26,G17,100
A6,26,G17,100
I19,26,G18,100
P13,26,G18,100
P13,26,G19,100
M12,26,G19,100
P20,26,G20,100
F7,26,G20,100
L19,26,G21,100
N13,26,G21,100
G17,26,G22,100
B15,26,G22,100
M23,26,G23,100
N15,26,G23,100
C8,26,H2,100
A11,26,H2,100
B4,26,H3,100
P17,26,H3,100
K15,26,H4,100
L23,26,H4,100
L19,26,H5,100
D7,26,H5,100
A5,26,H6,100
A19,26,H6,100
O17,26,H7,100
O18,26,H7,100
K17,26,H8,100
C12,26,H8,100
N23,26,H9,100
G5,26,H9,100
M23,26,H10,100
D15,26,H10,100
N24,26,H11,100
M15,26,H11,100
M23,26,H12,100
F7,26,H12,100
N3,26,H13,100
K6,26,H13,100
J24,26,H14,100
P1,26,H14,100
A19,26,H15,100
D3,26,H15,100
C15,26,H16,100
N13,26,H16,100
O5,26,H17,100
O18,26,H17,100
K15,26,H18,100
E3,26,H18,100
M12,26,H19,100
A11,26,H19,100
M12,26,H20,100
O18,26,H20,100
J18,26,H21,100
L23,26,H21,100
I19,26,H22,100
D3,26,H22,100
C14,26,H23,100
F16,26,H23,100
A5,26,I2,100
P11,26,I2,100
D1,26,I3,100
D13,26,I3,100
D6,26,I4,100
G8,26,I4,100
K17,26,I5,100
A20,26,I5,100
I19,26,I6,100
M23,26,I6,100
K10,26,I7,100
C3,26,I7,100
F17,26,I8,100
J2,26,I8,100
I19,26,I9,100
F13,26,I9,100
P1,26,I10,100
O10,26,I10,100
N14,26,I11,100
O18,26,I11,100
E24,26,I12,100
F16,26,I12,100
B15,26,I13,100
J5,26,I13,100
P23,26,I14,100
P16,26,I14,100
P14,26,I15,100
J5,26,I15,100
A19,26,I16,100
C12,26,I16,100
O24,26,I17,100
N15,26,I17,100
D6,26,I18,100
J18,26,I18,100
M15,26,I19,100
B12,26,I19,100
C8,26,I20,100
A20,26,I20,100
B15,26,I21,100
P14,26,I21,100
K3,26,I22,100
G8,26,I22,100
D7,26,I23,100
P16,26,I23,100
F17,26,J2,100
M15,26,J2,100
H20,26,J3,100
O21,26,J3,100
C11,26,J4,100
C20,26,J4,100
O24,26,J5,100
G5,26,J5,100
C19,26,J6,100
F13,26,J6,100
D1,26,J7,100
N10,26,J7,100
O24,26,J8,100
J22,26,J8,100
B12,26,J9,100
J5,26,J9,100
O17,26,J10,100
C19,26,J10,100
K10,26,J11,100
G17,26,J11,100
N23,26,J12,100
H20,26,J12,100
O5,26,J13,100
C19,26,J13,100
B12,26,J14,100
E14,26,J14,100
P17,26,J15,100
N13,26,J15,100
F13,26,J16,100
A6,26,J16,100
H20,26,J17,100
D3,26,J17,100
P1,26,J18,100
O5,26,J18,100
B15,26,J19,100
J5,26,J19,100
B12,26,J20,100
E24,26,J20,100
B15,26,J21,100
A11,26,J21,100
P13,26,J22,100
E24,26,J22,100
C11,26,J23,100
P11,26,J23,100
N10,26,K2,100
L24,26,K2,100
M15,26,K3,100
A6,26,K3,100
C14,26,K4,100
G8,26,K4,100
N24,26,K5,100
O10,26,K5,100
K3,26,K6,100
C12,26,K6,100
D3,26,K7,100
O18,26,K7,100
J24,26,K8,100
M14,26,K8,100
M23,26,K9,100
O18,26,K9,100
K11,26,K10,100
L19,26,K10,100
F2,26,K11,100
A11,26,K11,100
F16,26,K12,100
P14,26,K12,100
A20,26,K13,100
A11,26,K13,100
M23,26,K14,100
P17,26,K14,100
K15,26,K15,100
N10,26,K15,100
F19,26,K16,100
F19,26,K16,100
H20,26,K17,100
P14,26,K17,100
K3,26,K18,100
D3,26,K18,100
P1,26,K19,100
M14,26,K19,100
B24,26,K20,100
G17,26,K20,100
A20,26,K21,100
N10,26,K21,100
A11,26,K22,100
P14,26,K22,100
B24,26,K23,100
D11,26,K23,100
C12,26,L2,100
G8,26,L2,100
P1,26,L3,100
F2,26,L3,100
A5,26,L4,100
M15,26,L4,100
G17,26,L5,100
N13,26,L5,100
F17,26,L6,100
F16,26,L6,100
D7,26,L7,100
M14,26,L7,100
G17,26,L8,100
A6,26,L8,100
B7,26,L9,100
G17,26,L9,100
B4,26,L10,100
D13,26,L10,100
A19,26,L11,100
D13,26,L11,100
F13,26,L12,100
F13,26,L12,100
B4,26,L13,100
C19,26,L13,100
I19,26,L14,100
O10,26,L14,100
D20,26,L15,100
L24,26,L15,100
D20,26,L16,100
N3,26,L16,100
D15,26,L17,100
O10,26,L17,100
J24,26,L18,100
P17,26,L18,100
O17,26,L19,100
K2,26,L19,100
C12,26,L20,100
P17,26,L20,100
K8,26,L21,100
J22,26,L21,100
B7,26,L22,100
H20,26,L22,100
C19,26,L23,100
P14,26,L23,100
J18,26,M2,100
E14,26,M2,100
D1,26,M3,100
G5,26,M3,100
A19,26,M4,100
A11,26,M4,100
C19,26,M5,100
K2,26,M5,100
D13,26,M6,100
A11,26,M6,100
K15,26,M7,100
K10,26,M7,100
D20,26,M8,100
N23,26,M8,100
B12,26,M9,100
P14,26,M9,100
J24,26,M10,100
J2,26,M10,100
I19,26,M11,100
O18,26,M11,100
M23,26,M12,100
C14,26,M12,100
D1,26,M13,100
A20,26,M13,100
D1,26,M14,100
B12,26,M14,100
D11,26,M15,100
F16,26,M15,100
N24,26,M16,100
O24,26,M16,100
K10,26,M17,100
P17,26,M17,100
K15,26,M18,100
P11,26,M18,100
P23,26,M19,100
F16,26,M19,100
P11,26,M20,100
P14,26,M20,100
H20,26,M21,100
N15,26,M21,100
P14,26,M22,100
O18,26,M22,100
O7,26,M23,100
E3,26,M23,100
J24,26,N2,100
K11,26,N2,100
L24,26,N3,100
K8,26,N3,100
B4,26,N4,100
P14,26,N4,100
C11,26,N5,100
L19,26,N5,100
C20,26,N6,100
O18,26,N6,100
K11,26,N7,100
J18,26,N7,100
N24,26,N8,100
H20,26,N8,100
N10,26,N9,100
J5,26,N9,100
L23,26,N10,100
M14,26,N10,100
A5,26,N11,100
B15,26,N11,100
J18,26,N12,100
O21,26,N12,100
F2,26,N13,100
M12,26,N13,100
C19,26,N14,100
A11,26,N14,100
D20,26,N15,100
C12,26,N15,100
O5,26,N16,100
E14,26,N16,100
L6,26,N17,100
D13,26,N17,100
N23,26,N18,100
C15,26,N18,100
B7,26,N19,100
P11,26,N19,100
A5,26,N20,100
A20,26,N20,100
B24,26,N21,100
N13,26,N21,100
A20,26,N22,100
L19,26,N22,100
C3,26,N23,100
C12,26,N23,100
P8,26,O2,100
N3,26,O2,100
D7,26,O3,100
K2,26,O3,100
K3,26,O4,100
N10,26,O4,100
B7,26,O5,100
E24,26,O5,100
A19,26,O6,100
G5,26,O6,100
K11,26,O7,100
O17,26,O7,100
M12,26,O8,100
K8,26,O8,100
N24,26,O9,100
D6,26,O9,100
K10,26,O10,100
I19,26,O10,100
C3,26,O11,100
F16,26,O11,100
F7,26,O12,100
P17,26,O12,100
K15,26,O13,100
P17,26,O13,100
B7,26,O14,100
O10,26,O14,100
O24,26,O15,100
F2,26,O15,100
D11,26,O16,100
A11,26,O16,100
J24,26,O17,100
C14,26,O17,100
J24,26,O18,100
D11,26,O18,100
O17,26,O19,100
C20,26,O19,100
M12,26,O20,100
A6,26,O20,100
O24,26,O21,100
N14,26,O21,100
F7,26,O22,100
F13,26,O22,100
O7,26,O23,100
L23,26,O23,100
M12,27,B2,100
E14,27,B2,100
D6,27,B3,100
L24,27,B3,100
O24,27,B4,100
F7,27,B4,100
A5,27,B5,100
P20,27,B5,100
J24,27,B6,100
P23,27,B6,100
C15,27,B7,100
O18,27,B7,100
D1,27,B8,100
B12,27,B8,100
O17,27,B9,100
D13,27,B9,100
A19,27,B10,100
M15,27,B10,100
A19,27,B11,100
K8,27,B11,100
P11,27,B12,100
N13,27,B12,100
M12,27,B13,100
D11,27,B13,100
P13,27,B14,100
B12,27,B14,100
E3,27,B15,100
P16,27,B15,100
N14,27,B16,100
E14,27,B16,100
L6,27,B17,100
B15,27,B17,100
C3,27,B18,100
N3,27,B18,100
J22,27,B19,100
N13,27,B19,100
A20,27,B20,100
P20,27,B20,100
K10,27,B21,100
C15,27,B21,100
O7,27,B22,100
A6,27,B22,100
K10,27,B23,100
B4,27,B23,100
J24,27,C2,100
D6,27,C2,100
C8,27,C3,100
E24,27,C3,100
J18,27,C4,100
N15,27,C4,100
O7,27,C5,100
N13,27,C5,100
B7,27,C6,100
L24,27,C6,100
C20,27,C7,100
F16,27,C7,100
D20,27,C8,100
C8,27,C8,100
I19,27,C9,100
C12,27,C9,100
P1,27,C10,100
D15,27,C10,100
P11,27,C11,100
N15,27,C11,100
F19,27,C12,100
L19,27,C12,100
D6,27,C13,100
D7,27,C13,100
D20,27,C14,100
G17,27,C14,100
D1,27,C15,100
F13,27,C15,100
I19,27,C16,100
J5,27,C16,100
A19,27,C17,100
C20,27,C17,100
C11,27,C18,100
N14,27,C18,100
K11,27,C19,100
D7,27,C19,100
O7,27,C20,100
J18,27,C20,100
L23,27,C21,100
A6,27,C21,100
L23,27,C22,100
D15,27,C22,100
J18,27,C23,100
K3,27,C23,100
K10,27,D2,100
E14,27,D2,100
F19,27,D3,100
N13,27,D3,100
L19,27,D4,100
O10,27,D4,100
A5,27,D5,100
D3,27,D5,100
A20,27,D6,100
G5,27,D6,100
M14,27,D7,100
P17,27,D7,100
L24,27,D8,100
D3,27,D8,100
A5,27,D9,100
O18,27,D9,100
K6,27,D10,100
J22,27,D10,100
P11,27,D11,100
K8,27,D11,100
K17,27,D12,100
C20,27,D12,100
K11,27,D13,100
P20,27,D13,100
D15,27,D14,100
N13,27,D14,100
O24,27,D15,100
L6,27,D15,100
J24,27,D16,100
B15,27,D16,100
J24,27,D17,100
N23,27,D17,100
B24,27,D18,100
B15,27,D18,100
D20,27,D19,100
E24,27,D19,100
G17,27,D20,100
O17,27,D20,100
K6,27,D21,100
P20,27,D21,100
F7,27,D22,100
C15,27,D22,100
A5,27,D23,100
N13,27,D23,100
K10,27,E2,100
D6,27,E2,100
L24,27,E3,100
G8,27,E3,100
F17,27,E4,100
P14,27,E4,100
K10,27,E5,100
M14,27,E5,100
P13,27,E6,100
F13,27,E6,100
F2,27,E7,100
G8,27,E7,100
N24,27,E8,100
K3,27,E8,100
J24,27,E9,100
J18,27,E9,100
O7,27,E10,100
C11,27,E10,100
L6,27,E11,100
J5,27,E11,100
O7,27,E12,100
K2,27,E12,100
K3,27,E13,100
F13,27,E13,100
K11,27,E14,100
J5,27,E14,100
L19,27,E15,100
F13,27,E15,100
G17,27,E16,100
C8,27,E16,100
N23,27,E17,100
B4,27,E17,100
F19,27,E18,100
A6,27,E18,100
N10,27,E19,100
K2,27,E19,100
K6,27,E20,100
N10,27,E20,100
B24,27,E21,100
K17,27,E21,100
C3,27,E22,100
J5,27,E22,100
P13,27,E23,100
N3,27,E23,100
C3,27,F2,100
F7,27,F2,100
P23,27,F3,100
A6,27,F3,100
P23,27,F4,100
G5,27,F4,100
B24,27,F5,100
C19,27,F5,100
A5,27,F6,100
F16,27,F6,100
J18,27,F7,100
M14,27,F7,100
P1,27,F8,100
L19,27,F8,100
N23,27,F9,100
N21,27,F9,100
K11,27,F10,100
A5,27,F10,100
B7,27,F11,100
A20,27,F11,100
P1,27,F12,100
K2,27,F12,100
N3,27,F13,100
M12,27,F13,100
G17,27,F14,100
J2,27,F14,100
L19,27,F15,100
J22,27,F15,100
B7,27,F16,100
J5,27,F16,100
P23,27,F17,100
P13,27,F17,100
C12,27,F18,100
M14,27,F18,100
N3,27,F19,100
C12,27,F19,100
D7,27,F20,100
C12,27,F20,100
P20,27,F21,100
F19,27,F21,100
J18,27,F22,100
D7,27,F22,100
M12,27,F23,100
C20,27,F23,100
A20,27,G2,100
P14,27,G2,100
M15,27,G3,100
O21,27,G3,100
M23,27,G4,100
P14,27,G4,100
N23,27,G5,100
K17,27,G5,100
A6,27,G6,100
N13,27,G6,100
N21,27,G7,100
M12,27,G7,100
K6,27,G8,100
A19,27,G8,100
G17,27,G9,100
K2,27,G9,100
G17,27,G10,100
M15,27,G10,100
P8,27,G11,100
P14,27,G11,100
F2,27,G12,100
P16,27,G12,100
D20,27,G13,100
N21,27,G13,100
D20,27,G14,100
P14,27,G14,100
D6,27,G15,100
F19,27,G15,100
M23,27,G16,100
A11,27,G16,100
A19,27,G17,100
N14,27,G17,100
F13,27,G18,100
P17,27,G18,100
O24,27,G19,100
P23,27,G19,100
K3,27,G20,100
K8,27,G20,100
F17,27,G21,100
C14,27,G21,100
E3,27,G22,100
N14,27,G22,100
K15,27,G23,100
P23,27,G23,100
C20,27,H2,100
G8,27,H2,100
A20,27,H3,100
J2,27,H3,100
A6,27,H4,100
M14,27,H4,100
K15,27,H5,100
P11,27,H5,100
P1,27,H6,100
P16,27,H6,100
O24,27,H7,100
N13,27,H7,100
L24,27,H8,100
A6,27,H8,100
F17,27,H9,100
O10,27,H9,100
F17,27,H10,100
F16,27,H10,100
D20,27,H11,100
D1,27,H11,100
L11,27,H12,100
N13,27,H12,100
F2,27,H13,100
L11,27,H13,100
N23,27,H14,100
M23,27,H14,100
O24,27,H15,100
J2,27,H15,100
L24,27,H16,100
G8,27,H16,100
F7,27,H17,100
J22,27,H17,100
O17,27,H18,100
C15,27,H18,100
A19,27,H19,100
C19,27,H19,100
I19,27,H20,100
K17,27,H20,100
K15,27,H21,100
K6,27,H21,100
N3,27,H22,100
C20,27,H22,100
A20,27,H23,100
O18,27,H23,100
C3,27,I2,100
D11,27,I2,100
C12,27,I3,100
E24,27,I3,100
D15,27,I4,100
F7,27,I4,100
P1,27,I5,100
A11,27,I5,100
N19,27,I6,100
D20,27,I6,100
L11,27,I7,100
O18,27,I7,100
H20,27,I8,100
E24,27,I8,100
O21,27,I9,100
O10,27,I9,100
G17,27,I10,100
M23,27,I10,100
K10,27,I11,100
C14,27,I11,100
A6,27,I12,100
A6,27,I12,100
N23,27,I13,100
P23,27,I13,100
D20,27,I14,100
N14,27,I14,100
K3,27,I15,100
C15,27,I15,100
A11,27,I16,100
J22,27,I16,100
C3,27,I17,100
N13,27,I17,100
A5,27,I18,100
E3,27,I18,100
P23,27,I19,100
C3,27,I19,100
K15,27,I20,100
D1,27,I20,100
B7,27,I21,100
F19,27,I21,100
L6,27,I22,100
K3,27,I22,100
C19,27,I23,100
N15,27,I23,100
C14,27,J2,100
J5,27,J2,100
C15,27,J3,100
C14,27,J3,100
O24,27,J4,100
M23,27,J4,100
O17,27,J5,100
D3,27,J5,100
F2,27,J6,100
M14,27,J6,100
K10,27,J7,100
L23,27,J7,100
K3,27,J8,100
C12,27,J8,100
O5,27,J9,100
P20,27,J9,100
C3,27,J10,100
N10,27,J10,100
O24,27,J11,100
J18,27,J11,100
J18,27,J12,100
L24,27,J12,100
F7,27,J13,100
A6,27,J13,100
L19,27,J14,100
D7,27,J14,100
L19,27,J15,100
E14,27,J15,100
L24,27,J16,100
D13,27,J16,100
C20,27,J17,100
O10,27,J17,100
D20,27,J18,100
G8,27,J18,100
N21,27,J19,100
D11,27,J19,100
I19,27,J20,100
H20,27,J20,100
F17,27,J21,100
M14,27,J21,100
N19,27,J22,100
L19,27,J22,100
K6,27,J23,100
L24,27,J23,100
L24,27,K2,100
J5,27,K2,100
O17,27,K3,100
C12,27,K3,100
F2,27,K4,100
O5,27,K4,100
C12,27,K5,100
F13,27,K5,100
L23,27,K6,100
C14,27,K6,100
O17,27,K7,100
N13,27,K7,100
D20,27,K8,100
D13,27,K8,100
K15,27,K9,100
I19,27,K9,100
O17,27,K10,100
K3,27,K10,100
C8,27,K11,100
N10,27,K11,100
D6,27,K12,100
H20,27,K12,100
I19,27,K13,100
K2,27,K13,100
L23,27,K14,100
E3,27,K14,100
K6,27,K15,100
D7,27,K15,100
I19,27,K16,100
B7,27,K16,100
B15,27,K17,100
C15,27,K17,100
L23,27,K18,100
F7,27,K18,100
P20,27,K19,100
C12,27,K19,100
O17,27,K20,100
K6,27,K20,100
P16,27,K21,100
J22,27,K21,100
C19,27,K22,100
F7,27,K22,100
O5,27,K23,100
A19,27,K23,100
M15,27,L2,100
L19,27,L2,100
F19,27,L3,100
D3,27,L3,100
C11,27,L4,100
P20,27,L4,100
N10,27,L5,100
P14,27,L5,100
L6,27,L6,100
N10,27,L6,100
D1,27,L7,100
J2,27,L7,100
K11,27,L8,100
C14,27,L8,100
K3,27,L9,100
N15,27,L9,100
L24,27,L10,100
F16,27,L10,100
M23,27,L11,100
K3,27,L11,100
N21,27,L12,100
J2,27,L12,100
C8,27,L13,100
N21,27,L13,100
B4,27,L14,100
F13,27,L14,100
D11,27,L15,100
P17,27,L15,100
K3,27,L16,100
B15,27,L16,100
L23,27,L17,100
E14,27,L17,100
O24,27,L18,100
J5,27,L18,100
P11,27,L19,100
D3,27,L19,100
C3,27,L20,100
P16,27,L20,100
A6,27,L21,100
P17,27,L21,100
J18,27,L22,100
A11,27,L22,100
I19,27,L23,100
O18,27,L23,100
P16,27,M2,100
G5,27,M2,100
J22,27,M3,100
G8,27,M3,100
P11,27,M4,100
G5,27,M4,100
P20,27,M5,100
M14,27,M5,100
B7,27,M6,100
P20,27,M6,100
D1,27,M7,100
P14,27,M7,100
J18,27,M8,100
C3,27,M8,100
D6,27,M9,100
B12,27,M9,100
K3,27,M10,100
N10,27,M10,100
G8,27,M11,100
G8,27,M11,100
F2,27,M12,100
F7,27,M12,100
C14,27,M13,100
P14,27,M13,100
A5,27,M14,100
N3,27,M14,100
A19,27,M15,100
O18,27,M15,100
D6,27,M16,100
B24,27,M16,100
P11,27,M17,100
C12,27,M17,100
N19,27,M18,100
C19,27,M18,100
C11,27,M19,100
A6,27,M19,100
D11,27,M20,100
G8,27,M20,100
L19,27,M21,100
D3,27,M21,100
L23,27,M22,100
L6,27,M22,100
C11,27,M23,100
O10,27,M23,100
F17,27,N2,100
M15,27,N2,100
K3,27,N3,100
D13,27,N3,100
B7,27,N4,100
O21,27,N4,100
K8,27,N5,100
M14,27,N5,100
C19,27,N6,100
D11,27,N6,100
D1,27,N7,100
N13,27,N7,100
O5,27,N8,100
P17,27,N8,100
F2,27,N9,100
D13,27,N9,100
N21,27,N10,100
B15,27,N10,100
D11,27,N11,100
J2,27,N11,100
P16,27,N12,100
N15,27,N12,100
P8,27,N13,100
A19,27,N13,100
B15,27,N14,100
L24,27,N14,100
K15,27,N15,100
K3,27,N15,100
B4,27,N16,100
D1,27,N16,100
J18,27,N17,100
P14,27,N17,100
F2,27,N18,100
G5,27,N18,100
C11,27,N19,100
P20,27,N19,100
O10,27,N20,100
O18,27,N20,100
K10,27,N21,100
D15,27,N21,100
K11,27,N22,100
B15,27,N22,100
K3,27,N23,100
D11,27,N23,100
P13,27,O2,100
K6,27,O2,100
G17,27,O3,100
K2,27,O3,100
I19,27,O4,100
J22,27,O4,100
K10,27,O5,100
P11,27,O5,100
D15,27,O6,100
D13,27,O6,100
C8,27,O7,100
C20,27,O7,100
B24,27,O8,100
P23,27,O8,100
L24,27,O9,100
L11,27,O9,100
M23,27,O10,100
L19,27,O10,100
P23,27,O11,100
K17,27,O11,100
P20,27,O12,100
F7,27,O12,100
O5,27,O13,100
P13,27,O13,100
K10,27,O14,100
L19,27,O14,100
L23,27,O15,100
K3,27,O15,100
K3,27,O16,100
C19,27,O16,100
O5,27,O17,100
J2,27,O17,100
B4,27,O18,100
O17,27,O18,100
M15,27,O19,100
J2,27,O19,100
M23,27,O20,100
J22,27,O20,100
K15,27,O21,100
F17,27,O21,100
F19,27,O22,100
C14,27,O22,100
C12,27,O23,100
A11,27,O23,100
H20,28,B2,100
N14,28,B2,100
N10,28,B3,100
A11,28,B3,100
B7,28,B4,100
M15,28,B4,100
L6,28,B5,100
E3,28,B5,100
L24,28,B6,100
C14,28,B6,100
L19,28,B7,100
C15,28,B7,100
D1,28,B8,100
C11,28,B8,100
F13,28,B9,100
A6,28,B9,100
K10,28,B10,100
N15,28,B10,100
C3,28,B11,100
N21,28,B11,100
A19,28,B12,100
L19,28,B12,100
J22,28,B13,100
O18,28,B13,100
P23,28,B14,100
M14,28,B14,100
G5,28,B15,100
K2,28,B15,100
N21,28,B16,100
O18,28,B16,100
B24,28,B17,100
M15,28,B17,100
B4,28,B18,100
C12,28,B18,100
G17,28,B19,100
D15,28,B19,100
N3,28,B20,100
K17,28,B20,100
D1,28,B21,100
O10,28,B21,100
N23,28,B22,100
O18,28,B22,100
C8,28,B23,100
E14,28,B23,100
K15,28,C2,100
J22,28,C2,100
M14,28,C3,100
O18,28,C3,100
A19,28,C4,100
J2,28,C4,100
C20,28,C5,100
D3,28,C5,100
D1,28,C6,100
L19,28,C6,100
D1,28,C7,100
N3,28,C7,100
M14,28,C8,100
A11,28,C8,100
F19,28,C9,100
C12,28,C9,100
C3,28,C10,100
G5,28,C10,100
C8,28,C11,100
K6,28,C11,100
F2,28,C12,100
L24,28,C12,100
F2,28,C13,100
C11,28,C13,100
N24,28,C14,100
C12,28,C14,100
J18,28,C15,100
P20,28,C15,100
I19,28,C16,100
O7,28,C16,100
J24,28,C17,100
O5,28,C17,100
P8,28,C18,100
P14,28,C18,100
A19,28,C19,100
P20,28,C19,100
O7,28,C20,100
B4,28,C20,100
B4,28,C21,100
L24,28,C21,100
J18,28,C22,100
C19,28,C22,100
O17,28,C23,100
O21,28,C23,100
B24,28,D2,100
B7,28,D2,100
D11,28,D3,100
K2,28,D3,100
L23,28,D4,100
G5,28,D4,100
D15,28,D5,100
L11,28,D5,100
P23,28,D6,100
O21,28,D6,100
A20,28,D7,100
E3,28,D7,100
O17,28,D8,100
C11,28,D8,100
K11,28,D9,100
P14,28,D9,100
M23,28,D10,100
J5,28,D10,100
H20,28,D11,100
P20,28,D11,100
D1,28,D12,100
E24,28,D12,100
J18,28,D13,100
N21,28,D13,100
D6,28,D14,100
K17,28,D14,100
N19,28,D15,100
O17,28,D15,100
B4,28,D16,100
E3,28,D16,100
C8,28,D17,100
P16,28,D17,100
P13,28,D18,100
A11,28,D18,100
E24,28,D19,100
D13,28,D19,100
B24,28,D20,100
J2,28,D20,100
K15,28,D21,100
N23,28,D21,100
O17,28,D22,100
O17,28,D22,100
B4,28,D23,100
C15,28,D23,100
F2,28,E2,100
K2,28,E2,100
L6,28,E3,100
L6,28,E3,100
O7,28,E4,100
A11,28,E4,100
D20,28,E5,100
A11,28,E5,100
N23,28,E6,100
F17,28,E6,100
C15,28,E7,100
A11,28,E7,100
P23,28,E8,100
A11,28,E8,100
C20,28,E9,100
O10,28,E9,100
N24,28,E10,100
M14,28,E10,100
N15,28,E11,100
P17,28,E11,100
L24,28,E12,100
D11,28,E12,100
O5,28,E13,100
E3,28,E13,100
L19,28,E14,100
C20,28,E14,100
J24,28,E15,100
F17,28,E15,100
G5,28,E16,100
E24,28,E16,100
C15,28,E17,100
P14,28,E17,100
N10,28,E18,100
D15,28,E18,100
B4,28,E19,100
C8,28,E19,100
N3,28,E20,100
D11,28,E20,100
P1,28,E21,100
L6,28,E21,100
B24,28,E22,100
D20,28,E22,100
P11,28,E23,100
O10,28,E23,100
F19,28,F2,100
D7,28,F2,100
J18,28,F3,100
F13,28,F3,100
B4,28,F4,100
O18,28,F4,100
O7,28,F5,100
A20,28,F5,100
N23,28,F6,100
P14,28,F6,100
B24,28,F7,100
B12,28,F7,100
B7,28,F8,100
M23,28,F8,100
D20,28,F9,100
C11,28,F9,100
K6,28,F10,100
L11,28,F10,100
A19,28,F11,100
J5,28,F11,100
M14,28,F12,100
G8,28,F12,100
F19,28,F13,100
D11,28,F13,100
O17,28,F14,100
F7,28,F14,100
A5,28,F15,100
B24,28,F15,100
B7,28,F16,100
K17,28,F16,100
F2,28,F17,100
C14,28,F17,100
N3,28,F18,100
E3,28,F18,100
J18,28,F19,100
K17,28,F19,100
B15,28,F20,100
C15,28,F20,100
B4,28,F21,100
K6,28,F21,100
M14,28,F22,100
J22,28,F22,100
F17,28,F23,100
N13,28,F23,100
L24,28,G2,100
J2,28,G2,100
C8,28,G3,100
P20,28,G3,100
D20,28,G4,100
L6,28,G4,100
O7,28,G5,100
J22,28,G5,100
D3,28,G6,100
P14,28,G6,100
N21,28,G7,100
G5,28,G7,100
O7,28,G8,100
K17,28,G8,100
K11,28,G9,100
F2,28,G9,100
F16,28,G10,100
A11,28,G10,100
N24,28,G11,100
E14,28,G11,100
O17,28,G12,100
F7,28,G12,100
J24,28,G13,100
L6,28,G13,100
J24,28,G14,100
I19,28,G14,100
C20,28,G15,100
D11,28,G15,100
A5,28,G16,100
C3,28,G16,100
F17,28,G17,100
G8,28,G17,100
N24,28,G18,100
O21,28,G18,100
J24,28,G19,100
F7,28,G19,100
O24,28,G20,100
P16,28,G20,100
C11,28,G21,100
E14,28,G21,100
K6,28,G22,100
B15,28,G22,100
G8,28,G23,100
J5,28,G23,100
P8,28,H2,100
G8,28,H2,100
N14,28,H3,100
O18,28,H3,100
A5,28,H4,100
F2,28,H4,100
L24,28,H5,100
F16,28,H5,100
N24,28,H6,100
C15,28,H6,100
C12,28,H7,100
E14,28,H7,100
D3,28,H8,100
J2,28,H8,100
K11,28,H9,100
C14,28,H9,100
F2,28,H10,100
P13,28,H10,100
B24,28,H11,100
P14,28,H11,100
O17,28,H12,100
P16,28,H12,100
D6,28,H13,100
P23,28,H13,100
C8,28,H14,100
C3,28,H14,100
N3,28,H15,100
F16,28,H15,100
M23,28,H16,100
L11,28,H16,100
D6,28,H17,100
C11,28,H17,100
F19,28,H18,100
N15,28,H18,100
O24,28,H19,100
C14,28,H19,100
B24,28,H20,100
E14,28,H20,100
O24,28,H21,100
G17,28,H21,100
G17,28,H22,100
C19,28,H22,100
N21,28,H23,100
E24,28,H23,100
C15,28,I2,100
D3,28,I2,100
I19,28,I3,100
N10,28,I3,100
O17,28,I4,100
J2,28,I4,100
C11,28,I5,100
J2,28,I5,100
P20,28,I6,100
C15,28,I6,100
L24,28,I7,100
G5,28,I7,100
C8,28,I8,100
P17,28,I8,100
G17,28,I9,100
K6,28,I9,100
O24,28,I10,100
A6,28,I10,100
F17,28,I11,100
F17,28,I11,100
N24,28,I12,100
N19,28,I12,100
D6,28,I13,100
D1,28,I13,100
K3,28,I14,100
J5,28,I14,100
P1,28,I15,100
P8,28,I15,100
M15,28,I16,100
N14,28,I16,100
J18,28,I17,100
D15,28,I17,100
O7,28,I18,100
L6,28,I18,100
P13,28,I19,100
F13,28,I19,100
N21,28,I20,100
F16,28,I20,100
L19,28,I21,100
G5,28,I21,100
I19,28,I22,100
P20,28,I22,100
D15,28,I23,100
C19,28,I23,100
N19,28,J2,100
A6,28,J2,100
A19,28,J3,100
A6,28,J3,100
N19,28,J4,100
I19,28,J4,100
L23,28,J5,100
O21,28,J5,100
O24,28,J6,100
L24,28,J6,100
L23,28,J7,100
K17,28,J7,100
E14,28,J8,100
K2,28,J8,100
F7,28,J9,100
G8,28,J9,100
H20,28,J10,100
E24,28,J10,100
C19,28,J11,100
C15,28,J11,100
E24,28,J12,100
J2,28,J12,100
O17,28,J13,100
H20,28,J13,100
C3,28,J14,100
E24,28,J14,100
K3,28,J15,100
K6,28,J15,100
P23,28,J16,100
E3,28,J16,100
N10,28,J17,100
M14,28,J17,100
M12,28,J18,100
N15,28,J18,100
N24,28,J19,100
C14,28,J19,100
M15,28,J20,100
D13,28,J20,100
L24,28,J21,100
F13,28,J21,100
I19,28,J22,100
P8,28,J22,100
K15,28,J23,100
K17,28,J23,100
F17,28,K2,100
E3,28,K2,100
A5,28,K3,100
B12,28,K3,100
N10,28,K4,100
C14,28,K4,100
D1,28,K5,100
H20,28,K5,100
D6,28,K6,100
M14,28,K6,100
O24,28,K7,100
G8,28,K7,100
L6,28,K8,100
E3,28,K8,100
M23,28,K9,100
E14,28,K9,100
N19,28,K10,100
A6,28,K10,100
J24,28,K11,100
N15,28,K11,100
M23,28,K12,100
N3,28,K12,100
N3,28,K13,100
C12,28,K13,100
G5,28,K14,100
F13,28,K14,100
K17,28,K15,100
F16,28,K15,100
D1,28,K16,100
J22,28,K16,100
G17,28,K17,100
F16,28,K17,100
K11,28,K18,100
D20,28,K18,100
N21,28,K19,100
M15,28,K19,100
L19,28,K20,100
C12,28,K20,100
D11,28,K21,100
P14,28,K21,100
P8,28,K22,100
N3,28,K22,100
O24,28,K23,100
C19,28,K23,100
L6,28,L2,100
O21,28,L2,100
K15,28,L3,100
M23,28,L3,100
P20,28,L4,100
O21,28,L4,100
E3,28,L5,100
F19,28,L5,100
O5,28,L6,100
N21,28,L6,100
O7,28,L7,100
E24,28,L7,100
C11,28,L8,100
K8,28,L8,100
M12,28,L9,100
F13,28,L9,100
D6,28,L10,100
K8,28,L10,100
L23,28,L11,100
L24,28,L11,100
P11,28,L12,100
N13,28,L12,100
D20,28,L13,100
F2,28,L13,100
B12,28,L14,100
J2,28,L14,100
K6,28,L15,100
K2,28,L15,100
P1,28,L16,100
L6,28,L16,100
K3,28,L17,100
B15,28,L17,100
B24,28,L18,100
K2,28,L18,100
D6,28,L19,100
D7,28,L19,100
C14,28,L20,100
M14,28,L20,100
J24,28,L21,100
C11,28,L21,100
O24,28,L22,100
E14,28,L22,100
J18,28,L23,100
H20,28,L23,100
N21,28,M2,100
C19,28,M2,100
O7,28,M3,100
C12,28,M3,100
I19,28,M4,100
K6,28,M4,100
J18,28,M5,100
N13,28,M5,100
D13,28,M6,100
O18,28,M6,100
K8,28,M7,100
L11,28,M7,100
D15,28,M8,100
K2,28,M8,100
B15,28,M9,100
P17,28,M9,100
K17,28,M10,100
E14,28,M10,100
A6,28,M11,100
J22,28,M11,100
F17,28,M12,100
L19,28,M12,100
C8,28,M13,100
F16,28,M13,100
C11,28,M14,100
L11,28,M14,100
J24,28,M15,100
N21,28,M15,100
D13,28,M16,100
J22,28,M16,100
M15,28,M17,100
C19,28,M17,100
C20,28,M18,100
G8,28,M18,100
K15,28,M19,100
A5,28,M19,100
D20,28,M20,100
H20,28,M20,100
A20,28,M21,100
E14,28,M21,100
N24,28,M22,100
O5,28,M22,100
O5,28,M23,100
D13,28,M23,100
F17,28,N2,100
K2,28,N2,100
C3,28,N3,100
F19,28,N3,100
A6,28,N4,100
J2,28,N4,100
P23,28,N5,100
P17,28,N5,100
K11,28,N6,100
L23,28,N6,100
M23,28,N7,100
N21,28,N7,100
J24,28,N8,100
P23,28,N8,100
N21,28,N9,100
B12,28,N9,100
O7,28,N10,100
K6,28,N10,100
A5,28,N11,100
A5,28,N11,100
P20,28,N12,100
K8,28,N12,100
L23,28,N13,100
O18,28,N13,100
N24,28,N14,100
J22,28,N14,100
M12,28,N15,100
J2,28,N15,100
B7,28,N16,100
K3,28,N16,100
N19,28,N17,100
P20,28,N17,100
G17,28,N18,100
D13,28,N18,100
A5,28,N19,100
P14,28,N19,100
B4,28,N20,100
F7,28,N20,100
G5,28,N21,100
N15,28,N21,100
N21,28,N22,100
P17,28,N22,100
O7,28,N23,100
P16,28,N23,100
L24,28,O2,100
J5,28,O2,100
J18,28,O3,100
H20,28,O3,100
B24,28,O4,100
J5,28,O4,100
I19,28,O5,100
B12,28,O5,100
C3,28,O6,100
G8,28,O6,100
P11,28,O7,100
D11,28,O7,100
I19,28,O8,100
G17,28,O8,100
F19,28,O9,100
C19,28,O9,100
P20,28,O10,100
K8,28,O10,100
K8,28,O11,100
A11,28,O11,100
N19,28,O12,100
P14,28,O12,100
K15,28,O13,100
N15,28,O13,100
M23,28,O14,100
N10,28,O14,100
C8,28,O15,100
D7,28,O15,100
F19,28,O16,100
D7,28,O16,100
M12,28,O17,100
N10,28,O17,100
G5,28,O18,100
L11,28,O18,100
N23,28,O19,100
P8,28,O19,100
A20,28,O20,100
M14,28,O20,100
E24,28,O21,100
L11,28,O21,100
N19,28,O22,100
B4,28,O22,100
E3,28,O23,100
E14,28,O23,100
F2,29,B2,100
C12,29,B2,100
O17,29,B3,100
P11,29,B3,100
O5,29,B4,100
C11,29,B4,100
N19,29,B5,100
D6,29,B5,100
O24,29,B6,100
B4,29,B6,100
C3,29,B7,100
N10,29,B7,100
E3,29,B8,100
D11,29,B8,100
P13,29,B9,100
A20,29,B9,100
P16,29,B10,100
E14,29,B10,100
C19,29,B11,100
D11,29,B11,100
K3,29,B12,100
P11,29,B12,100
F2,29,B13,100
F17,29,B13,100
D1,29,B14,100
K6,29,B14,100
P20,29,B15,100
P17,29,B15,100
O24,29,B16,100
O7,29,B16,100
A5,29,B17,100
A6,29,B17,100
F17,29,B18,100
C15,29,B18,100
O24,29,B19,100
K8,29,B19,100
F17,29,B20,100
P20,29,B20,100
A19,29,B21,100
G8,29,B21,100
C19,29,B22,100
K8,29,B22,100
C14,29,B23,100
J2,29,B23,100
A5,29,C2,100
N15,29,C2,100
O5,29,C3,100
N10,29,C3,100
B24,29,C4,100
P23,29,C4,100
H20,29,C5,100
O18,29,C5,100
N23,29,C6,100
K8,29,C6,100
K11,29,C7,100
N3,29,C7,100
L11,29,C8,100
J22,29,C8,100
J18,29,C9,100
F17,29,C9,100
D7,29,C10,100
D11,29,C10,100
B7,29,C11,100
K2,29,C11,100
C8,29,C12,100
D3,29,C12,100
L24,29,C13,100
F7,29,C13,100
I19,29,C14,100
K2,29,C14,100
L23,29,C15,100
A19,29,C15,100
N21,29,C16,100
F16,29,C16,100
B4,29,C17,100
K8,29,C17,100
J24,29,C18,100
F13,29,C18,100
C11,29,C19,100
A6,29,C19,100
F13,29,C20,100
J5,29,C20,100
B24,29,C21,100
A6,29,C21,100
P11,29,C22,100
P14,29,C22,100
F13,29,C23,100
K2,29,C23,100
M15,29,D2,100
O21,29,D2,100
B12,29,D3,100
G5,29,D3,100
B24,29,D4,100
D20,29,D4,100
J24,29,D5,100
A20,29,D5,100
J24,29,D6,100
C19,29,D6,100
N15,29,D7,100
E24,29,D7,100
N19,29,D8,100
P16,29,D8,100
N3,29,D9,100
A6,29,D9,100
O7,29,D10,100
N14,29,D10,100
C3,29,D11,100
C11,29,D11,100
N19,29,D12,100
M23,29,D12,100
N19,29,D13,100
P11,29,D13,100
K17,29,D14,100
B15,29,D14,100
D6,29,D15,100
A20,29,D15,100
D7,29,D16,100
P17,29,D16,100
B12,29,D17,100
N13,29,D17,100
P23,29,D18,100
K2,29,D18,100
C3,29,D19,100
C14,29,D19,100
C11,29,D20,100
P11,29,D20,100
N15,29,D21,100
J22,29,D21,100
B4,29,D22,100
K8,29,D22,100
J24,29,D23,100
N13,29,D23,100
A5,29,E2,100
J5,29,E2,100
L19,29,E3,100
K8,29,E3,100
F13,29,E4,100
O18,29,E4,100
K3,29,E5,100
F7,29,E5,100
O24,29,E6,100
C12,29,E6,100
K6,29,E7,100
A20,29,E7,100
N3,29,E8,100
D7,29,E8,100
A5,29,E9,100
J5,29,E9,100
C12,29,E10,100
J22,29,E10,100
M15,29,E11,100
C20,29,E11,100
L23,29,E12,100
F17,29,E12,100
J18,29,E13,100
B12,29,E13,100
D6,29,E14,100
D3,29,E14,100
J24,29,E15,100
H20,29,E15,100
K6,29,E16,100
A11,29,E16,100
N19,29,E17,100
P13,29,E17,100
L23,29,E18,100
N10,29,E18,100
E3,29,E19,100
L19,29,E19,100
B4,29,E20,100
G17,29,E20,100
K3,29,E21,100
M14,29,E21,100
N24,29,E22,100
O18,29,E22,100
P13,29,E23,100
D7,29,E23,100
A5,29,F2,100
B7,29,F2,100
F2,29,F3,100
N10,29,F3,100
F17,29,F4,100
K6,29,F4,100
K11,29,F5,100
P13,29,F5,100
C12,29,F6,100
C19,29,F6,100
H20,29,F7,100
M14,29,F7,100
H20,29,F8,100
A6,29,F8,100
N3,29,F9,100
E24,29,F9,100
O7,29,F10,100
P20,29,F10,100
B24,29,F11,100
O10,29,F11,100
O7,29,F12,100
K3,29,F12,100
L24,29,F13,100
N15,29,F13,100
J24,29,F14,100
P20,29,F14,100
C8,29,F15,100
A20,29,F15,100
P13,29,F16,100
E3,29,F16,100
C8,29,F17,100
L24,29,F17,100
O7,29,F18,100
G8,29,F18,100
C11,29,F19,100
B12,29,F19,100
P8,29,F20,100
C11,29,F20,100
O17,29,F21,100
L24,29,F21,100
M23,29,F22,100
J5,29,F22,100
P8,29,F23,100
A20,29,F23,100
P13,29,G2,100
A6,29,G2,100
A5,29,G3,100
P23,29,G3,100
A11,29,G4,100
P17,29,G4,100
K6,29,G5,100
C14,29,G5,100
O5,29,G6,100
O21,29,G6,100
K15,29,G7,100
P8,29,G7,100
L19,29,G8,100
O18,29,G8,100
P11,29,G9,100
G8,29,G9,100
F19,29,G10,100
N15,29,G10,100
P11,29,G11,100
D13,29,G11,100
H20,29,G12,100
D7,29,G12,100
P13,29,G13,100
H20,29,G13,100
P8,29,G14,100
D13,29,G14,100
P1,29,G15,100
P13,29,G15,100
K11,29,G16,100
N15,29,G16,100
O7,29,G17,100
A20,29,G17,100
C11,29,G18,100
J22,29,G18,100
I19,29,G19,100
D20,29,G19,100
L23,29,G20,100
P8,29,G20,100
K11,29,G21,100
F16,29,G21,100
P11,29,G22,100
E24,29,G22,100
K17,29,G23,100
F13,29,G23,100
N19,29,H2,100
P17,29,H2,100
L6,29,H3,100
C8,29,H3,100
M15,29,H4,100
D11,29,H4,100
L23,29,H5,100
K8,29,H5,100
N23,29,H6,100
C11,29,H6,100
F17,29,H7,100
K2,29,H7,100
I19,29,H8,100
G5,29,H8,100
C20,29,H9,100
D13,29,H9,100
L19,29,H10,100
F16,29,H10,100
B24,29,H11,100
C11,29,H11,100
B15,29,H12,100
J22,29,H12,100
D11,29,H13,100
F13,29,H13,100
F2,29,H14,100
G5,29,H14,100
L6,29,H15,100
H20,29,H15,100
M12,29,H16,100
D7,29,H16,100
C15,29,H17,100
O10,29,H17,100
M23,29,H18,100
N21,29,H18,100
A5,29,H19,100
J2,29,H19,100
N24,29,H20,100
K10,29,H20,100
P1,29,H21,100
J22,29,H21,100
L24,29,H22,100
E14,29,H22,100
P16,29,H23,100
P14,29,H23,100
I19,29,I2,100
C8,29,I2,100
L23,29,I3,100
M14,29,I3,100
N19,29,I4,100
K10,29,I4,100
N14,29,I5,100
E14,29,I5,100
O24,29,I6,100
D11,29,I6,100
J18,29,I7,100
P14,29,I7,100
C20,29,I8,100
A11,29,I8,100
F13,29,I9,100
O18,29,I9,100
N15,29,I10,100
F7,29,I10,100
C20,29,I11,100
N13,29,I11,100
D11,29,I12,100
L11,29,I12,100
O7,29,I13,100
D7,29,I13,100
C19,29,I14,100
P14,29,I14,100
B24,29,I15,100
J18,29,I15,100
B12,29,I16,100
N10,29,I16,100
K11,29,I17,100
B4,29,I17,100
D20,29,I18,100
J5,29,I18,100
C20,29,I19,100
M14,29,I19,100
N3,29,I20,100
L19,29,I20,100
C19,29,I21,100
F7,29,I21,100
N21,29,I22,100
C15,29,I22,100
O24,29,I23,100
E24,29,I23,100
K11,29,J2,100
D15,29,J2,100
N14,29,J3,100
C15,29,J3,100
I19,29,J4,100
J2,29,J4,100
K17,29,J5,100
E24,29,J5,100
B24,29,J6,100
C3,29,J6,100
D1,29,J7,100
B15,29,J7,100
P1,29,J8,100
J5,29,J8,100
O24,29,J9,100
P8,29,J9,100
N21,29,J10,100
D3,29,J10,100
C12,29,J11,100
A11,29,J11,100
N21,29,J12,100
H20,29,J12,100
C14,29,J13,100
O10,29,J13,100
C11,29,J14,100
M14,29,J14,100
D6,29,J15,100
J18,29,J15,100
P11,29,J16,100
D13,29,J16,100
O17,29,J17,100
B15,29,J17,100
N14,29,J18,100
O21,29,J18,100
L6,29,J19,100
B15,29,J19,100
C12,29,J20,100
G5,29,J20,100
K8,29,J21,100
N13,29,J21,100
D20,29,J22,100
F16,29,J22,100
K11,29,J23,100
B4,29,J23,100
H20,29,K2,100
L24,29,K2,100
D15,29,K3,100
E14,29,K3,100
P8,29,K4,100
P11,29,K4,100
F17,29,K5,100
E24,29,K5,100
L6,29,K6,100
K8,29,K6,100
L6,29,K7,100
P13,29,K7,100
M23,29,K8,100
C12,29,K8,100
N24,29,K9,100
N19,29,K9,100
A5,29,K10,100
D13,29,K10,100
F19,29,K11,100
D3,29,K11,100
A5,29,K12,100
M23,29,K12,100
D6,29,K13,100
D1,29,K13,100
N21,29,K14,100
A11,29,K14,100
O17,29,K15,100
M15,29,K15,100
B7,29,K16,100
H20,29,K16,100
K10,29,K17,100
P23,29,K17,100
D11,29,K18,100
G5,29,K18,100
L23,29,K19,100
D11,29,K19,100
C3,29,K20,100
B12,29,K20,100
N23,29,K21,100
O10,29,K21,100
K11,29,K22,100
D7,29,K22,100
O5,29,K23,100
F7,29,K23,100
L11,29,L2,100
P17,29,L2,100
O17,29,L3,100
K8,29,L3,100
K11,29,L4,100
D1,29,L4,100
D7,29,L5,100
E14,29,L5,100
N19,29,L6,100
A20,29,L6,100
N15,29,L7,100
D13,29,L7,100
M23,29,L8,100
P16,29,L8,100
E24,29,L9,100
A11,29,L9,100
I19,29,L10,100
C11,29,L10,100
K6,29,L11,100
O18,29,L11,100
N23,29,L12,100
E24,29,L12,100
F19,29,L13,100
C15,29,L13,100
M12,29,L14,100
O10,29,L14,100
B24,29,L15,100
E3,29,L15,100
O5,29,L16,100
P13,29,L16,100
P1,29,L17,100
C8,29,L17,100
D6,29,L18,100
A11,29,L18,100
D15,29,L19,100
D13,29,L19,100
P23,29,L20,100
C3,29,L20,100
C11,29,L21,100
F7,29,L21,100
G17,29,L22,100
K3,29,L22,100
P20,29,L23,100
G5,29,L23,100
L23,29,M2,100
N14,29,M2,100
A19,29,M3,100
C14,29,M3,100
F19,29,M4,100
P14,29,M4,100
F17,29,M5,100
J5,29,M5,100
D6,29,M6,100
D6,29,M6,100
A19,29,M7,100
D15,29,M7,100
C11,29,M8,100
C14,29,M8,100
N24,29,M9,100
M12,29,M9,100
P23,29,M10,100
D7,29,M10,100
P16,29,M11,100
D11,29,M11,100
M23,29,M12,100
C14,29,M12,100
B7,29,M13,100
G17,29,M13,100
P20,29,M14,100
P17,29,M14,100
D1,29,M15,100
J5,29,M15,100
O24,29,M16,100
E3,29,M16,100
D6,29,M17,100
A20,29,M17,100
P23,29,M18,100
F19,29,M18,100
D20,29,M19,100
K17,29,M19,100
N19,29,M20,100
P13,29,M20,100
P11,29,M21,100
O18,29,M21,100
N24,29,M22,100
C14,29,M22,100
B4,29,M23,100
A6,29,M23,100
B12,29,N2,100
N15,29,N2,100
N24,29,N3,100
D13,29,N3,100
C8,29,N4,100
A19,29,N4,100
K6,29,N5,100
N15,29,N5,100
N23,29,N6,100
L24,29,N6,100
J24,29,N7,100
A20,29,N7,100
C12,29,N8,100
O10,29,N8,100
B7,29,N9,100
C11,29,N9,100
I19,29,N10,100
C19,29,N10,100
O7,29,N11,100
O5,29,N11,100
M23,29,N12,100
C15,29,N12,100
K11,29,N13,100
N10,29,N13,100
C11,29,N14,100
C20,29,N14,100
A20,29,N15,100
F13,29,N15,100
P1,29,N16,100
K6,29,N16,100
B4,29,N17,100
N15,29,N17,100
C8,29,N18,100
L24,29,N18,100
B4,29,N19,100
G17,29,N19,100
K15,29,N20,100
P13,29,N20,100
D6,29,N21,100
M23,29,N21,100
B12,29,N22,100
A6,29,N22,100
D7,29,N23,100
O10,29,N23,100
F13,29,O2,100
P14,29,O2,100
A11,29,O3,100
O18,29,O3,100
C11,29,O4,100
G5,29,O4,100
J24,29,O5,100
K10,29,O5,100
P11,29,O6,100
L11,29,O6,100
C3,29,O7,100
A20,29,O7,100
K3,29,O8,100
P14,29,O8,100
K15,29,O9,100
N10,29,O9,100
D15,29,O10,100
K8,29,O10,100
O5,29,O11,100
O21,29,O11,100
J18,29,O12,100
P11,29,O12,100
O24,29,O13,100
G5,29,O13,100
P17,29,O14,100
J2,29,O14,100
K3,29,O15,100
L19,29,O15,100
O21,29,O16,100
G8,29,O16,100
O7,29,O17,100
D1,29,O17,100
A19,29,O18,100
P16,29,O18,100
B4,29,O19,100
K6,29,O19,100
K10,29,O20,100
A20,29,O20,100
F2,29,O21,100
E3,29,O21,100
B12,29,O22,100
D15,29,O22,100
A20,29,O23,100
E24,29,O23,100
D20,30,B2,100
N10,30,B2,100
O7,30,B3,100
F2,30,B3,100
H20,30,B4,100
C14,30,B4,100
D1,30,B5,100
G8,30,B5,100
N21,30,B6,100
J5,30,B6,100
P1,30,B7,100
F7,30,B7,100
B7,30,B8,100
E3,30,B8,100
H20,30,B9,100
A6,30,B9,100
D6,30,B10,100
M12,30,B10,100
K10,30,B11,100
N14,30,B11,100
J24,30,B12,100
N10,30,B12,100
I19,30,B13,100
L11,30,B13,100
H20,30,B14,100
F19,30,B14,100
P1,30,B15,100
L11,30,B15,100
K11,30,B16,100
G8,30,B16,100
F16,30,B17,100
L11,30,B17,100
E3,30,B18,100
C15,30,B18,100
N15,30,B19,100
A11,30,B19,100
K15,30,B20,100
C11,30,B20,100
A6,30,B21,100
O18,30,B21,100
K15,30,B22,100
K11,30,B22,100
K10,30,B23,100
A11,30,B23,100
O24,30,C2,100
P17,30,C2,100
K11,30,C3,100
N21,30,C3,100
N24,30,C4,100
C8,30,C4,100
B12,30,C5,100
K2,30,C5,100
L23,30,C6,100
D15,30,C6,100
O7,30,C7,100
L19,30,C7,100
O7,30,C8,100
P20,30,C8,100
C20,30,C9,100
J22,30,C9,100
G17,30,C10,100
D1,30,C10,100
F17,30,C11,100
D3,30,C11,100
P1,30,C12,100
M23,30,C12,100
D6,30,C13,100
P20,30,C13,100
N21,30,C14,100
N15,30,C14,100
D1,30,C15,100
P14,30,C15,100
P20,30,C16,100
N14,30,C16,100
D11,30,C17,100
E14,30,C17,100
C15,30,C18,100
L11,30,C18,100
L19,30,C19,100
O21,30,C19,100
C20,30,C20,100
D11,30,C20,100
M15,30,C21,100
M15,30,C21,100
P20,30,C22,100
F16,30,C22,100
E3,30,C23,100
N10,30,C23,100
B24,30,D2,100
A19,30,D2,100
O17,30,D3,100
P13,30,D3,100
E3,30,D4,100
C20,30,D4,100
D3,30,D5,100
P17,30,D5,100
O17,30,D6,100
G5,30,D6,100
C14,30,D7,100
N13,30,D7,100
K11,30,D8,100
A19,30,D8,100
I19,30,D9,100
K8,30,D9,100
A20,30,D10,100
N13,30,D10,100
N21,30,D11,100
N10,30,D11,100
L19,30,D12,100
C19,30,D12,100
O24,30,D13,100
C8,30,D13,100
B15,30,D14,100
G5,30,D14,100
N15,30,D15,100
N13,30,D15,100
G17,30,D16,100
M14,30,D16,100
C12,30,D17,100
C15,30,D17,100
P1,30,D18,100
P17,30,D18,100
J24,30,D19,100
K17,30,D19,100
K10,30,D20,100
O18,30,D20,100
K6,30,D21,100
E3,30,D21,100
G17,30,D22,100
A6,30,D22,100
P13,30,D23,100
L24,30,D23,100
O24,30,E2,100
C11,30,E2,100
N23,30,E3,100
C8,30,E3,100
C12,30,E4,100
K8,30,E4,100
C20,30,E5,100
A6,30,E5,100
C15,30,E6,100
C15,30,E6,100
E3,30,E7,100
D15,30,E7,100
F17,30,E8,100
J2,30,E8,100
J18,30,E9,100
C20,30,E9,100
D1,30,E10,100
M15,30,E10,100
J18,30,E11,100
E14,30,E11,100
F17,30,E12,100
A19,30,E12,100
A19,30,E13,100
O18,30,E13,100
K11,30,E14,100
O5,30,E14,100
F13,30,E15,100
C14,30,E15,100
P16,30,E16,100
C19,30,E16,100
J24,30,E17,100
L11,30,E17,100
J24,30,E18,100
N14,30,E18,100
E14,30,E19,100
P14,30,E19,100
L23,30,E20,100
C20,30,E20,100
D6,30,E21,100
O21,30,E21,100
O7,30,E22,100
C3,30,E22,100
C14,30,E23,100
D3,30,E23,100
F17,30,F2,100
L11,30,F2,100
B4,30,F3,100
A20,30,F3,100
B24,30,F4,100
N15,30,F4,100
B7,30,F5,100
O17,30,F5,100
O21,30,F6,100
F16,30,F6,100
H20,30,F7,100
C19,30,F7,100
C3,30,F8,100
K3,30,F8,100
M15,30,F9,100
J22,30,F9,100
A11,30,F10,100
O18,30,F10,100
F19,30,F11,100
D13,30,F11,100
P8,30,F12,100
D1,30,F12,100
D6,30,F13,100
K6,30,F13,100
P16,30,F14,100
O21,30,F14,100
O7,30,F15,100
P11,30,F15,100
C3,30,F16,100
E14,30,F16,100
K10,30,F17,100
K3,30,F17,100
C12,30,F18,100
J2,30,F18,100
O24,30,F19,100
D20,30,F19,100
G5,30,F20,100
F13,30,F20,100
P1,30,F21,100
F17,30,F21,100
G17,30,F22,100
D3,30,F22,100
F17,30,F23,100
A19,30,F23,100
J24,30,G2,100
P11,30,G2,100
I19,30,G3,100
N3,30,G3,100
A20,30,G4,100
A6,30,G4,100
F2,30,G5,100
O21,30,G5,100
N24,30,G6,100
P14,30,G6,100
P1,30,G7,100
C3,30,G7,100
N24,30,G8,100
C19,30,G8,100
N19,30,G9,100
A20,30,G9,100
M15,30,G10,100
K8,30,G10,100
P23,30,G11,100
L6,30,G11,100
D20,30,G12,100
B4,30,G12,100
K15,30,G13,100
P16,30,G13,100
M23,30,G14,100
C12,30,G14,100
B4,30,G15,100
A19,30,G15,100
K10,30,G16,100
P13,30,G16,100
J24,30,G17,100
E24,30,G17,100
A19,30,G18,100
P20,30,G18,100
D1,30,G19,100
J22,30,G19,100
O5,30,G20,100
F13,30,G20,100
O5,30,G21,100
H20,30,G21,100
F2,30,G22,100
L19,30,G22,100
N21,30,G23,100
F7,30,G23,100
M15,30,H2,100
C14,30,H2,100
B4,30,H3,100
L11,30,H3,100
B4,30,H4,100
M23,30,H4,100
N14,30,H5,100
O10,30,H5,100
N23,30,H6,100
J5,30,H6,100
J24,30,H7,100
F2,30,H7,100
N24,30,H8,100
D15,30,H8,100
G5,30,H9,100
P14,30,H9,100
C20,30,H10,100
N14,30,H10,100
P20,30,H11,100
K2,30,H11,100
A19,30,H12,100
D7,30,H12,100
A5,30,H13,100
C14,30,H13,100
O17,30,H14,100
A6,30,H14,100
F7,30,H15,100
E14,30,H15,100
G17,30,H16,100
F13,30,H16,100
G5,30,H17,100
K2,30,H17,100
F17,30,H18,100
P11,30,H18,100
O5,30,H19,100
F19,30,H19,100
J18,30,H20,100
C11,30,H20,100
N19,30,H21,100
G5,30,H21,100
D1,30,H22,100
F13,30,H22,100
A20,30,H23,100
O10,30,H23,100
A5,30,I2,100
L24,30,I2,100
L6,30,I3,100
A19,30,I3,100
N24,30,I4,100
C15,30,I4,100
K11,30,I5,100
N13,30,I5,100
O24,30,I6,100
O5,30,I6,100
N10,30,I7,100
C12,30,I7,100
F19,30,I8,100
N14,30,I8,100
O17,30,I9,100
P14,30,I9,100
G8,30,I10,100
N13,30,I10,100
C8,30,I11,100
N13,30,I11,100
D6,30,I12,100
O17,30,I12,100
P20,30,I13,100
D3,30,I13,100
P11,30,I14,100
J2,30,I14,100
C11,30,I15,100
B15,30,I15,100
D7,30,I16,100
J5,30,I16,100
J24,30,I17,100
C14,30,I17,100
J24,30,I18,100
N13,30,I18,100
K2,30,I19,100
K2,30,I19,100
N21,30,I20,100
D7,30,I20,100
B24,30,I21,100
E14,30,I21,100
K11,30,I22,100
J22,30,I22,100
K2,30,I23,100
P17,30,I23,100
D20,30,J2,100
A11,30,J2,100
O5,30,J3,100
K17,30,J3,100
M23,30,J4,100
F7,30,J4,100
O24,30,J5,100
M14,30,J5,100
P13,30,J6,100
G8,30,J6,100
N19,30,J7,100
M23,30,J7,100
K10,30,J8,100
J18,30,J8,100
D20,30,J9,100
F13,30,J9,100
F19,30,J10,100
P17,30,J10,100
N19,30,J11,100
K8,30,J11,100
N23,30,J12,100
N15,30,J12,100
J18,30,J13,100
A11,30,J13,100
