dest_plate,dest_row,dest_col,dest_well,fwd_idx,rev_idx,fwd_source_well,rev_source_well,well_type,strain1,strain2
1,B,2,B2,31,59,E15,J24,pair,N23,C19
1,B,3,B3,86,24,O5,F2,pair,L24,J2
1,B,4,B4,77,67,M11,L16,pair,N21,J22
1,B,5,B5,39,65,G7,L12,pair,F17,K8
1,B,6,B6,40,5,G9,B12,mono,N23,N23
1,B,7,B7,19,95,C15,P24,pair,E3,A11
1,B,8,B8,12,37,C1,H4,pair,C15,C14
1,B,9,B9,31,22,E15,D22,pair,C8,E3
1,B,10,B10,12,18,C1,D14,pair,C3,F7
1,B,11,B11,79,53,M15,J12,pair,F7,D13
1,B,12,B12,58,77,I21,N12,pair,K10,F2
1,B,13,B13,95,57,O23,J20,pair,L24,K2
1,B,14,B14,47,94,G23,P22,pair,J18,O17
1,B,15,B15,86,32,O5,F18,pair,C19,D13
1,B,16,B16,32,4,E17,B10,pair,I19,N13
1,B,17,B17,9,25,A19,F4,pair,J22,J5
1,B,18,B18,21,37,C19,H4,pair,C15,N13
1,B,19,B19,6,88,A13,P10,pair,B4,N21
1,B,20,B20,13,34,C3,F22,pair,B24,F7
1,B,21,B21,39,55,G7,J16,pair,K3,K8
1,B,22,B22,51,44,I7,H18,pair,B12,E24
1,B,23,B23,36,78,G1,N14,pair,O17,B12
1,C,2,C2,10,69,A21,L20,pair,K10,P11
1,C,3,C3,31,64,E15,L10,pair,L23,P13
1,C,4,C4,14,6,C5,B14,pair,P8,N10
1,C,5,C5,59,67,I23,L16,pair,B7,P8
1,C,6,C6,3,63,A7,L8,pair,N24,C11
1,C,7,C7,70,47,K21,H24,pair,C8,P14
1,C,8,C8,66,14,K13,D6,pair,E24,K2
1,C,9,C9,76,46,M9,H22,pair,B7,O10
1,C,10,C10,17,42,C11,H14,pair,K3,P20
1,C,11,C11,65,64,K11,L10,pair,N24,A11
1,C,12,C12,73,42,M3,H14,pair,P23,G5
1,C,13,C13,93,2,O19,B6,pair,A5,N14
1,C,14,C14,82,50,M21,J6,pair,J24,P13
1,C,15,C15,36,43,G1,H16,pair,F17,K3
1,C,16,C16,5,75,A11,N8,pair,D6,K8
1,C,17,C17,67,79,K15,N16,pair,I19,C15
1,C,18,C18,49,72,I3,N2,pair,N19,O24
1,C,19,C19,83,31,M23,F16,pair,P8,C14
1,C,20,C20,18,35,C13,F24,pair,J18,F17
1,C,21,C21,36,48,G1,J2,pair,N24,P1
1,C,22,C22,50,12,I5,D2,pair,B15,C14
1,C,23,C23,15,6,C7,B14,pair,I19,P17
1,D,2,D2,39,48,G7,J2,pair,P20,P16
1,D,3,D3,83,26,M23,F6,pair,M23,P16
1,D,4,D4,51,5,I7,B12,pair,D3,G8
1,D,5,D5,78,42,M13,H14,pair,F19,A11
1,D,6,D6,48,52,I1,J10,pair,J24,K11
1,D,7,D7,57,56,I19,J18,pair,N23,A11
1,D,8,D8,94,92,O21,P18,pair,N24,M15
1,D,9,D9,54,83,I13,N24,pair,P13,L24
1,D,10,D10,95,86,O23,P6,pair,K6,D11
1,D,11,D11,64,60,K9,L2,pair,J18,G8
1,D,12,D12,23,8,C23,B18,pair,A20,A6
1,D,13,D13,18,84,C13,P2,pair,P11,G8
1,D,14,D14,40,94,G9,P22,pair,P11,F19
1,D,15,D15,92,57,O17,J20,pair,N15,N13
1,D,16,D16,5,81,A11,N20,pair,O17,K17
1,D,17,D17,94,48,O21,J2,pair,L6,N21
1,D,18,D18,44,17,G17,D12,pair,P23,J5
1,D,19,D19,34,89,E21,P12,pair,B7,L23
1,D,20,D20,95,12,O23,D2,pair,K6,L19
1,D,21,D21,65,43,K11,H16,pair,O5,K3
1,D,22,D22,76,67,M9,L16,pair,G17,C20
1,D,23,D23,29,50,E11,J6,pair,C8,E14
1,E,2,E2,16,86,C9,P6,pair,H20,E24
1,E,3,E3,31,40,E15,H10,pair,C12,F16
1,E,4,E4,7,92,A15,P18,pair,M15,C20
1,E,5,E5,48,54,I1,J14,pair,K8,K2
1,E,6,E6,30,31,E13,F16,pair,P8,C11
1,E,7,E7,81,88,M19,P10,pair,P1,K2
1,E,8,E8,60,59,K1,J24,pair,J24,F16
1,E,9,E9,25,58,E3,J22,pair,P20,N14
1,E,10,E10,67,24,K15,F2,pair,O10,A11
1,E,11,E11,93,25,O19,F4,pair,L23,D11
1,E,12,E12,94,3,O21,B8,pair,J18,P14
1,E,13,E13,87,36,O7,H2,pair,K6,N10
1,E,14,E14,78,93,M13,P20,pair,C3,K17
1,E,15,E15,84,25,O1,F4,pair,N19,C15
1,E,16,E16,63,79,K7,N16,pair,K11,P11
1,E,17,E17,12,8,C1,B18,pair,P23,O18
1,E,18,E18,38,71,G5,L24,pair,N23,D11
1,E,19,E19,34,55,E21,J16,pair,G8,N13
1,E,20,E20,3,26,A7,F6,pair,O7,O18
1,E,21,E21,86,73,O5,N4,pair,G17,O5
1,E,22,E22,19,71,C15,L24,pair,C8,K6
1,E,23,E23,59,52,I23,J10,pair,G17,D7
1,F,2,F2,68,28,K17,F10,pair,E24,A6
1,F,3,F3,65,29,K11,F12,pair,M15,L24
1,F,4,F4,9,58,A19,J22,pair,A5,E3
1,F,5,F5,94,72,O21,N2,pair,K6,A6
1,F,6,F6,9,10,A19,B22,pair,O5,M12
1,F,7,F7,25,9,E3,B20,pair,F17,C14
1,F,8,F8,17,47,C11,H24,pair,D1,L24
1,F,9,F9,40,0,G9,B2,pair,D3,J22
1,F,10,F10,7,45,A15,H20,pair,N24,L24
1,F,11,F11,23,42,C23,H14,pair,B24,G8
1,F,12,F12,83,50,M23,J6,pair,K15,B12
1,F,13,F13,93,76,O19,N10,pair,P1,C19
1,F,14,F14,67,18,K15,D14,pair,K17,O10
1,F,15,F15,48,65,I1,L12,mono,C8,C8
1,F,16,F16,1,10,A3,B22,pair,G17,F16
1,F,17,F17,76,34,M9,F22,pair,B7,P14
1,F,18,F18,69,80,K19,N18,pair,D20,B12
1,F,19,F19,94,63,O21,L8,pair,K6,J5
1,F,20,F20,41,50,G11,J6,pair,P20,M14
1,F,21,F21,71,87,K23,P8,pair,K11,F2
1,F,22,F22,95,10,O23,B22,pair,L6,C3
1,F,23,F23,31,48,E15,J2,pair,B12,D3
1,G,2,G2,63,88,K7,P10,pair,P8,D15
1,G,3,G3,27,17,E7,D12,pair,N14,L11
1,G,4,G4,92,93,O17,P20,pair,B7,P13
1,G,5,G5,18,8,C13,B18,pair,J18,F2
1,G,6,G6,46,74,G21,N6,pair,P23,C11
1,G,7,G7,22,14,C21,D6,pair,A19,B12
1,G,8,G8,63,36,K7,H2,pair,F19,G8
1,G,9,G9,69,66,K19,L14,pair,H20,C15
1,G,10,G10,53,56,I11,J18,pair,D6,E24
1,G,11,G11,9,89,A19,P12,pair,K10,J2
1,G,12,G12,31,62,E15,L6,pair,K3,G5
1,G,13,G13,79,10,M15,B22,pair,K10,M14
1,G,14,G14,23,75,C23,N8,pair,N21,A19
1,G,15,G15,5,29,A11,F12,pair,N23,A6
1,G,16,G16,83,91,M23,P16,pair,F16,K2
1,G,17,G17,55,18,I15,D14,pair,A5,N23
1,G,18,G18,95,37,O23,H4,pair,C3,J22
1,G,19,G19,62,46,K5,H22,pair,O5,E3
1,G,20,G20,32,10,E17,B22,pair,N19,P23
1,G,21,G21,83,44,M23,H18,pair,K11,P23
1,G,22,G22,56,48,I17,J2,pair,B7,C12
1,G,23,G23,92,7,O17,B16,pair,B24,P13
1,H,2,H2,17,12,C11,D2,pair,I19,J18
1,H,3,H3,69,27,K19,F8,pair,M23,A20
1,H,4,H4,22,62,C21,L6,pair,D11,G5
1,H,5,H5,50,61,I5,L4,pair,K17,N14
1,H,6,H6,19,44,C15,H18,pair,D20,K8
1,H,7,H7,95,72,O23,N2,pair,L19,M12
1,H,8,H8,67,47,K15,H24,pair,A19,D7
1,H,9,H9,10,73,A21,N4,pair,N10,E14
1,H,10,H10,93,22,O19,D22,pair,B24,D15
1,H,11,H11,24,19,E1,D16,pair,M15,N10
1,H,12,H12,11,44,A23,H18,pair,B15,F19
1,H,13,H13,10,34,A21,F22,pair,M12,P17
1,H,14,H14,65,0,K11,B2,pair,P1,E14
1,H,15,H15,75,57,M7,J20,pair,C11,P14
1,H,16,H16,70,66,K21,L14,pair,J24,N14
1,H,17,H17,78,18,M13,D14,pair,L6,C19
1,H,18,H18,56,26,I17,F6,pair,P1,H20
1,H,19,H19,68,56,K17,J18,pair,O10,P17
1,H,20,H20,71,75,K23,N8,pair,B24,G17
1,H,21,H21,34,54,E21,J14,pair,P8,K8
1,H,22,H22,4,53,A9,J12,pair,L6,B12
1,H,23,H23,89,75,O11,N8,pair,P13,B15
1,I,2,I2,17,10,C11,B22,pair,E14,J22
1,I,3,I3,14,83,C5,N24,pair,L23,H20
1,I,4,I4,49,9,I3,B20,pair,P8,B4
1,I,5,I5,66,95,K13,P24,pair,N23,D3
1,I,6,I6,92,15,O17,D8,pair,L19,D13
1,I,7,I7,3,29,A7,F12,pair,K15,D11
1,I,8,I8,63,55,K7,J16,pair,N23,K6
1,I,9,I9,28,14,E9,D6,pair,K3,N15
1,I,10,I10,53,0,I11,B2,pair,K15,M14
1,I,11,I11,8,80,A17,N18,pair,K11,O24
1,I,12,I12,6,58,A13,J22,pair,O24,F16
1,I,13,I13,49,50,I3,J6,pair,F2,A6
1,I,14,I14,14,49,C5,J4,pair,D11,L11
1,I,15,I15,7,78,A15,N14,pair,A5,D11
1,I,16,I16,26,2,E5,B6,pair,E24,C15
1,I,17,I17,59,83,I23,N24,pair,J18,P13
1,I,18,I18,87,58,O7,J22,pair,J24,C20
1,I,19,I19,78,29,M13,F12,pair,O7,B15
1,I,20,I20,51,64,I7,L10,pair,M15,O18
1,I,21,I21,6,94,A13,P22,pair,O24,O17
1,I,22,I22,83,45,M23,H20,pair,N23,F2
1,I,23,I23,47,95,G23,P24,pair,B15,E24
1,J,2,J2,15,75,C7,N8,pair,K11,N3
1,J,3,J3,26,54,E5,J14,pair,O17,B15
1,J,4,J4,22,59,C21,J24,pair,M23,N13
1,J,5,J5,21,7,C19,B16,pair,P8,L11
1,J,6,J6,14,92,C5,P18,pair,N21,N14
1,J,7,J7,40,89,G9,P12,pair,D6,J5
1,J,8,J8,77,46,M11,H22,pair,L6,D1
1,J,9,J9,29,39,E11,H8,pair,C11,A19
1,J,10,J10,87,54,O7,J14,pair,A19,F7
1,J,11,J11,24,26,E1,F6,pair,F2,E24
1,J,12,J12,58,94,I21,P22,pair,J18,F16
1,J,13,J13,34,12,E21,D2,pair,I19,A19
1,J,14,J14,17,19,C11,D16,pair,K17,C12
1,J,15,J15,40,19,G9,D16,pair,B7,E3
1,J,16,J16,31,50,E15,J6,pair,F2,C8
1,J,17,J17,13,3,C3,B8,pair,C12,L11
1,J,18,J18,63,38,K7,H6,pair,G17,D11
1,J,19,J19,43,11,G15,B24,pair,N21,B15
1,J,20,J20,61,15,K3,D8,pair,L23,F7
1,J,21,J21,11,28,A23,F10,pair,P14,O18
1,J,22,J22,82,85,M21,P4,pair,D13,D3
1,J,23,J23,31,66,E15,L14,pair,C19,M14
1,K,2,K2,58,85,I21,P4,pair,K3,B15
1,K,3,K3,23,6,C23,B14,pair,A19,G8
1,K,4,K4,82,54,M21,J14,pair,F7,O10
1,K,5,K5,12,72,C1,N2,pair,P23,P16
1,K,6,K6,3,35,A7,F24,pair,K15,O7
1,K,7,K7,75,82,M7,N22,pair,N24,D15
1,K,8,K8,31,42,E15,H14,pair,J5,J2
1,K,9,K9,18,21,C13,D20,pair,P14,N13
1,K,10,K10,43,17,G15,D12,pair,P16,O18
1,K,11,K11,9,67,A19,L16,pair,K11,K10
1,K,12,K12,11,9,A23,B20,pair,C11,L24
1,K,13,K13,25,67,E3,L16,pair,K17,G5
1,K,14,K14,54,84,I13,P2,pair,P8,C12
1,K,15,K15,26,64,E5,L10,pair,K17,C19
1,K,16,K16,39,53,G7,J12,pair,N3,C15
1,K,17,K17,9,2,A19,B6,pair,B7,K2
1,K,18,K18,93,4,O19,B10,pair,K15,A20
1,K,19,K19,81,19,M19,D16,pair,D6,H20
1,K,20,K20,72,16,M1,D10,pair,P23,G8
1,K,21,K21,93,59,O19,J24,pair,A20,J5
1,K,22,K22,3,48,A7,J2,pair,K10,K8
1,K,23,K23,91,79,O15,N16,pair,B24,P8
1,L,2,L2,2,56,A5,J18,pair,J18,D3
1,L,3,L3,79,41,M15,H12,pair,M23,O18
1,L,4,L4,72,34,M1,F22,pair,D1,M14
1,L,5,L5,17,26,C11,F6,pair,A6,M14
1,L,6,L6,45,26,G19,F6,pair,N24,K11
1,L,7,L7,10,0,A21,B2,pair,K8,C15
1,L,8,L8,45,58,G19,J22,pair,A5,D20
1,L,9,L9,38,82,G5,N22,pair,B4,D15
1,L,10,L10,20,63,C17,L8,pair,N24,N13
1,L,11,L11,0,22,A1,D22,pair,N19,K6
1,L,12,L12,30,58,E13,J22,pair,L23,K3
1,L,13,L13,6,19,A13,D16,pair,M14,D3
1,L,14,L14,8,84,A17,P2,pair,N24,F16
1,L,15,L15,35,60,E23,L2,pair,A19,E14
1,L,16,L16,83,72,M23,N2,pair,K15,D13
1,L,17,L17,35,88,E23,P10,pair,B7,N10
1,L,18,L18,60,38,K1,H6,pair,L6,A6
1,L,19,L19,37,54,G3,J14,pair,C8,L11
1,L,20,L20,60,25,K1,F4,pair,O24,H20
1,L,21,L21,21,25,C19,F4,pair,J24,N15
1,L,22,L22,86,95,O5,P24,pair,C20,G5
1,L,23,L23,63,48,K7,J2,pair,K6,O21
1,M,2,M2,78,55,M13,J16,pair,A5,P20
1,M,3,M3,86,77,O5,N12,pair,F19,C14
1,M,4,M4,37,94,G3,P22,pair,C20,L11
1,M,5,M5,14,55,C5,J16,pair,D20,J5
1,M,6,M6,77,68,M11,L18,pair,I19,C14
1,M,7,M7,46,33,G21,F20,pair,P23,D3
1,M,8,M8,39,85,G7,P4,pair,O24,D13
1,M,9,M9,67,8,K15,B18,pair,D1,F7
1,M,10,M10,58,5,I21,B12,pair,O17,K2
1,M,11,M11,13,66,C3,L14,pair,C12,J2
1,M,12,M12,28,18,E9,D14,pair,I19,F16
1,M,13,M13,84,69,O1,L20,pair,B12,O10
1,M,14,M14,92,69,O17,L20,pair,D20,J2
1,M,15,M15,83,94,M23,P22,pair,A5,A11
1,M,16,M16,33,4,E19,B10,pair,P20,F13
1,M,17,M17,38,45,G5,H20,pair,K11,O24
1,M,18,M18,89,62,O11,L6,pair,D6,A20
1,M,19,M19,29,28,E11,F10,pair,O10,J22
1,M,20,M20,76,27,M9,F8,pair,D7,C14
1,M,21,M21,78,14,M13,D6,pair,L19,F16
1,M,22,M22,94,39,O21,H8,pair,P11,L24
1,M,23,M23,62,56,K5,J18,pair,I19,C19
1,N,2,N2,33,90,E19,P14,pair,J24,D6
1,N,3,N3,89,9,O11,B20,pair,A5,G8
1,N,4,N4,44,67,G17,L16,pair,C11,K8
1,N,5,N5,29,60,E11,L2,pair,B4,A11
1,N,6,N6,48,82,I1,N22,pair,B7,F17
1,N,7,N7,66,84,K13,P2,pair,F19,E14
1,N,8,N8,29,6,E11,B14,pair,N21,C19
1,N,9,N9,50,37,I5,H4,pair,P23,E14
1,N,10,N10,36,11,G1,B24,pair,M15,C19
1,N,11,N11,25,28,E3,F10,pair,D20,D15
1,N,12,N12,56,79,I17,N16,pair,G17,K17
1,N,13,N13,28,60,E9,L2,pair,A20,D3
1,N,14,N14,52,35,I9,F24,pair,O7,C8
1,N,15,N15,10,72,A21,N2,pair,L24,N13
1,N,16,N16,35,22,E23,D22,pair,K10,B7
1,N,17,N17,81,36,M19,H2,pair,E3,A6
1,N,18,N18,70,26,K21,F6,pair,A11,L11
1,N,19,N19,25,14,E3,D6,pair,F19,E24
1,N,20,N20,57,1,I19,B4,pair,O24,N13
1,N,21,N21,45,33,G19,F20,pair,P1,C15
1,N,22,N22,38,18,G5,D14,pair,N14,D13
1,N,23,N23,27,65,E7,L12,pair,H20,P11
1,O,2,O2,85,52,O3,J10,pair,N24,J22
1,O,3,O3,91,64,O15,L10,pair,B4,K17
1,O,4,O4,25,36,E3,H2,pair,K11,A5
1,O,5,O5,15,51,C7,J8,pair,N10,G5
1,O,6,O6,35,78,E23,N14,pair,K3,A19
1,O,7,O7,13,76,C3,N10,pair,N3,E14
1,O,8,O8,83,68,M23,L18,pair,D15,M14
1,O,9,O9,0,89,A1,P12,pair,K11,A20
1,O,10,O10,51,3,I7,B8,pair,C20,N14
1,O,11,O11,85,33,O3,F20,pair,F2,P13
1,O,12,O12,44,32,G17,F18,pair,F2,O21
1,O,13,O13,55,36,I15,H2,pair,K3,M15
1,O,14,O14,31,72,E15,N2,pair,J24,G5
1,O,15,O15,15,82,C7,N22,pair,P1,D1
1,O,16,O16,40,79,G9,N16,pair,P23,C20
1,O,17,O17,71,79,K23,N16,pair,J24,F13
1,O,18,O18,74,82,M5,N22,pair,L23,D15
1,O,19,O19,92,81,O17,N20,pair,N19,F17
1,O,20,O20,50,9,I5,B20,pair,F19,D11
1,O,21,O21,91,48,O15,J2,pair,K3,C12
1,O,22,O22,58,91,I21,P16,pair,A5,P17
1,O,23,O23,70,88,K21,P10,pair,I19,B24
2,B,2,B2,12,66,C1,L14,pair,C3,A19
2,B,3,B3,91,46,O15,H22,pair,P16,F16
2,B,4,B4,65,1,K11,B4,pair,N24,P11
2,B,5,B5,2,25,A5,F4,pair,K3,L11
2,B,6,B6,52,82,I9,N22,pair,N3,N15
2,B,7,B7,83,5,M23,B12,pair,B7,L19
2,B,8,B8,34,14,E21,D6,pair,B4,C19
2,B,9,B9,20,17,C17,D12,pair,H20,E14
2,B,10,B10,29,55,E11,J16,pair,O17,N13
2,B,11,B11,59,40,I23,H10,pair,O17,D13
2,B,12,B12,5,27,A11,F8,pair,N14,E24
2,B,13,B13,25,19,E3,D16,pair,C15,A6
2,B,14,B14,40,6,G9,B14,pair,B24,C15
2,B,15,B15,25,82,E3,N22,pair,N23,O17
2,B,16,B16,1,88,A3,P10,pair,G17,P13
2,B,17,B17,48,32,I1,F18,pair,P23,D1
2,B,18,B18,69,82,K19,N22,pair,N10,M14
2,B,19,B19,61,1,K3,B4,pair,P1,D6
2,B,20,B20,13,9,C3,B20,pair,J18,G5
2,B,21,B21,19,80,C15,N18,pair,F16,G8
2,B,22,B22,3,75,A7,N8,pair,P1,J2
2,B,23,B23,52,66,I9,L14,pair,D7,O18
2,C,2,C2,0,75,A1,N8,pair,K8,F13
2,C,3,C3,88,70,O9,L22,pair,K8,O18
2,C,4,C4,80,63,M17,L8,pair,K17,H20
2,C,5,C5,92,53,O17,J12,pair,P1,M14
2,C,6,C6,48,45,I1,H20,pair,D11,M14
2,C,7,C7,55,49,I15,J4,pair,F19,E14
2,C,8,C8,58,86,I21,P6,pair,P13,O18
2,C,9,C9,73,78,M3,N14,pair,K15,B12
2,C,10,C10,90,50,O13,J6,pair,L23,K2
2,C,11,C11,52,3,I9,B8,pair,M14,L11
2,C,12,C12,9,64,A19,L10,pair,N3,P16
2,C,13,C13,2,62,A5,L6,pair,O18,K2
2,C,14,C14,24,69,E1,L20,pair,M23,B15
2,C,15,C15,6,72,A13,N2,pair,A6,O10
2,C,16,C16,44,25,G17,F4,pair,N19,N23
2,C,17,C17,84,63,O1,L8,pair,A6,K2
2,C,18,C18,81,13,M19,D4,pair,O18,K2
2,C,19,C19,48,28,I1,F10,pair,P8,J2
2,C,20,C20,69,93,K19,P20,pair,J18,D1
2,C,21,C21,56,50,I17,J6,pair,O10,P14
2,C,22,C22,1,5,A3,B12,pair,D6,J2
2,C,23,C23,63,94,K7,P22,pair,D11,C14
2,D,2,D2,31,69,E15,L20,pair,F13,K2
2,D,3,D3,70,34,K21,F22,pair,L23,O10
2,D,4,D4,68,33,K17,F20,pair,P8,O17
2,D,5,D5,88,56,O9,J18,pair,P13,C12
2,D,6,D6,25,47,E3,H24,pair,K6,G8
2,D,7,D7,0,29,A1,F12,pair,F17,K2
2,D,8,D8,27,31,E7,F16,pair,O24,M14
2,D,9,D9,3,21,A7,D20,pair,J24,D1
2,D,10,D10,31,35,E15,F24,pair,K6,M15
2,D,11,D11,19,72,C15,N2,pair,B7,N15
2,D,12,D12,64,95,K9,P24,pair,A5,O7
2,D,13,D13,74,81,M5,N20,pair,P16,F7
2,D,14,D14,41,17,G11,D12,pair,J24,A11
2,D,15,D15,34,30,E21,F14,pair,K17,C20
2,D,16,D16,61,10,K3,B22,pair,H20,F16
2,D,17,D17,66,55,K13,J16,pair,N24,B24
2,D,18,D18,61,20,K3,D18,pair,N10,A6
2,D,19,D19,65,27,K11,F8,pair,P1,L6
2,D,20,D20,13,57,C3,J20,pair,E14,O10
2,D,21,D21,39,79,G7,N16,pair,K15,M23
2,D,22,D22,38,74,G5,N6,pair,C19,K8
2,D,23,D23,60,66,K1,L14,pair,O5,E14
2,E,2,E2,70,4,K21,B10,pair,P1,E14
2,E,3,E3,71,69,K23,L20,pair,K11,P17
2,E,4,E4,25,56,E3,J18,pair,K10,P16
2,E,5,E5,24,21,E1,D20,pair,O7,N13
2,E,6,E6,80,26,M17,F6,pair,L23,C15
2,E,7,E7,21,20,C19,D18,pair,A6,O10
2,E,8,E8,78,43,M13,H16,pair,N15,E14
2,E,9,E9,95,11,O23,B24,pair,L24,E24
2,E,10,E10,81,90,M19,P14,pair,I19,D20
2,E,11,E11,59,41,I23,H12,pair,L6,P11
2,E,12,E12,47,46,G23,H22,pair,N23,O17
2,E,13,E13,14,59,C5,J24,pair,F19,M12
2,E,14,E14,78,63,M13,L8,pair,P11,K2
2,E,15,E15,5,4,A11,B10,pair,F17,P16
2,E,16,E16,51,52,I7,J10,pair,C11,P17
2,E,17,E17,59,84,I23,P2,pair,K11,L11
2,E,18,E18,85,42,O3,H14,pair,P13,J2
2,E,19,E19,17,61,C11,L4,pair,I19,D3
2,E,20,E20,89,19,O11,D16,pair,C8,F19
2,E,21,E21,34,90,E21,P14,pair,K15,K17
2,E,22,E22,87,40,O7,H10,pair,A19,A11
2,E,23,E23,71,66,K23,L14,pair,F17,G5
2,F,2,F2,90,30,O13,F14,pair,K11,A11
2,F,3,F3,34,49,E21,J4,pair,D1,L19
2,F,4,F4,80,43,M17,H16,pair,O24,D7
2,F,5,F5,13,71,C3,L24,pair,L6,C14
2,F,6,F6,33,89,E19,P12,pair,L6,J22
2,F,7,F7,66,33,K13,F20,pair,C3,M15
2,F,8,F8,9,82,A19,N22,pair,B12,M14
2,F,9,F9,25,54,E3,J14,pair,L23,P23
2,F,10,F10,70,41,K21,H12,pair,O5,F16
2,F,11,F11,38,87,G5,P8,pair,K11,H20
2,F,12,F12,38,9,G5,B20,pair,I19,L19
2,F,13,F13,38,77,G5,N12,pair,G5,O18
2,F,14,F14,61,27,K3,F8,pair,L6,K17
2,F,15,F15,64,39,K9,H8,pair,J18,G8
2,F,16,F16,58,45,I21,H20,pair,P16,D3
2,F,17,F17,7,61,A15,L4,pair,J18,A6
2,F,18,F18,6,62,A13,L6,pair,D6,N10
2,F,19,F19,66,28,K13,F10,pair,C15,P17
2,F,20,F20,4,52,A9,J10,pair,K11,O7
2,F,21,F21,60,7,K1,B16,pair,O7,P23
2,F,22,F22,81,77,M19,N12,pair,D7,J5
2,F,23,F23,10,28,A21,F10,pair,L23,E3
2,G,2,G2,83,64,M23,L10,pair,N19,L6
2,G,3,G3,13,83,C3,N24,pair,F17,F19
2,G,4,G4,40,93,G9,P20,pair,D20,E3
2,G,5,G5,45,70,G19,L22,pair,K11,H20
2,G,6,G6,80,94,M17,P22,pair,C8,P17
2,G,7,G7,11,85,A23,P4,pair,P11,C19
2,G,8,G8,49,51,I3,J8,pair,J18,D13
2,G,9,G9,45,39,G19,H8,pair,K10,M12
2,G,10,G10,11,56,A23,J18,pair,P1,P17
2,G,11,G11,37,32,G3,F18,pair,A6,C14
2,G,12,G12,47,45,G23,H20,pair,A5,C14
2,G,13,G13,93,35,O19,F24,pair,A20,F19
2,G,14,G14,18,66,C13,L14,pair,B24,F13
2,G,15,G15,4,56,A9,J18,pair,N3,J2
2,G,16,G16,84,65,O1,L12,pair,P1,G8
2,G,17,G17,20,77,C17,N12,pair,M23,B15
2,G,18,G18,17,7,C11,B16,pair,P13,A20
2,G,19,G19,51,86,I7,P6,pair,C11,J22
2,G,20,G20,54,40,I13,H10,pair,L23,M15
2,G,21,G21,87,0,O7,B2,pair,L6,D13
2,G,22,G22,40,29,G9,F12,pair,K11,O18
2,G,23,G23,32,87,E17,P8,pair,J24,A5
2,H,2,H2,63,3,K7,B8,pair,M12,P16
2,H,3,H3,10,51,A21,J8,pair,O17,P14
2,H,4,H4,46,0,G21,B2,pair,N24,B15
2,H,5,H5,53,26,I11,F6,pair,K10,F2
2,H,6,H6,94,58,O21,J22,pair,H20,P20
2,H,7,H7,93,78,O19,N14,pair,D6,L6
2,H,8,H8,13,0,C3,B2,pair,P8,H20
2,H,9,H9,38,34,G5,F22,pair,C12,O18
2,H,10,H10,66,89,K13,P12,pair,O17,K17
2,H,11,H11,11,91,A23,P16,pair,P20,O10
2,H,12,H12,72,14,M1,D6,pair,J24,K3
2,H,13,H13,76,13,M9,D4,pair,P11,L19
2,H,14,H14,25,48,E3,J2,pair,P8,P20
2,H,15,H15,50,19,I5,D16,pair,N24,C19
2,H,16,H16,16,74,C9,N6,pair,F2,A11
2,H,17,H17,9,62,A19,L6,pair,C3,D15
2,H,18,H18,70,40,K21,H10,pair,N24,C15
2,H,19,H19,44,33,G17,F20,pair,D1,A19
2,H,20,H20,17,67,C11,L16,pair,G5,M14
2,H,21,H21,73,70,M3,L22,pair,J24,F7
2,H,22,H22,0,36,A1,H2,pair,B24,M12
2,H,23,H23,70,28,K21,F10,pair,M23,E3
2,I,2,I2,69,8,K19,B18,pair,L23,N3
2,I,3,I3,17,78,C11,N14,pair,H20,F7
2,I,4,I4,32,7,E17,B16,pair,P1,K10
2,I,5,I5,24,65,E1,L12,pair,M12,N13
2,I,6,I6,45,67,G19,L16,pair,P8,B12
2,I,7,I7,80,64,M17,L10,pair,O5,C11
2,I,8,I8,48,43,I1,H16,pair,P23,P16
2,I,9,I9,73,2,M3,B6,pair,D1,A20
2,I,10,I10,37,26,G3,F6,pair,F16,J22
2,I,11,I11,1,84,A3,P2,pair,F19,P17
2,I,12,I12,79,90,M15,P14,pair,N23,C11
2,I,13,I13,27,71,E7,L24,pair,P8,B15
2,I,14,I14,67,42,K15,H14,pair,K17,F19
2,I,15,I15,49,32,I3,F18,pair,A20,C15
2,I,16,I16,58,55,I21,J16,pair,D1,F7
2,I,17,I17,3,80,A7,N18,pair,E24,F16
2,I,18,I18,16,70,C9,L22,pair,N24,N15
2,I,19,I19,89,16,O11,D10,pair,K6,K8
2,I,20,I20,0,41,A1,H12,pair,B7,N10
2,I,21,I21,88,28,O9,F10,pair,K6,B15
2,I,22,I22,50,10,I5,B22,pair,P13,D7
2,I,23,I23,57,62,I19,L6,pair,N21,J2
2,J,2,J2,54,16,I13,D10,pair,D7,A6
2,J,3,J3,13,55,C3,J16,pair,E3,B15
2,J,4,J4,3,49,A7,J4,pair,P23,C15
2,J,5,J5,2,47,A5,H24,pair,F17,N3
2,J,6,J6,95,82,O23,N22,pair,I19,B7
2,J,7,J7,34,33,E21,F20,pair,M12,L24
2,J,8,J8,64,81,K9,N20,pair,K15,D11
2,J,9,J9,33,74,E19,N6,pair,N15,F16
2,J,10,J10,27,23,E7,D24,pair,P23,O21
2,J,11,J11,12,52,C1,J10,pair,O7,C19
2,J,12,J12,18,4,C13,B10,pair,I19,C3
2,J,13,J13,69,59,K19,J24,pair,P8,F7
2,J,14,J14,37,63,G3,L8,pair,L23,K8
2,J,15,J15,77,76,M11,N10,pair,K10,O10
2,J,16,J16,41,90,G11,P14,pair,N21,C11
2,J,17,J17,40,3,G9,B8,pair,B24,F17
2,J,18,J18,70,29,K21,F12,pair,K10,D7
2,J,19,J19,54,71,I13,L24,pair,O7,N10
2,J,20,J20,32,5,E17,B12,pair,A5,I19
2,J,21,J21,8,79,A17,N16,pair,N10,C19
2,J,22,J22,42,38,G13,H6,pair,I19,N14
2,J,23,J23,0,38,A1,H6,pair,P13,C19
2,K,2,K2,78,56,M13,J18,pair,B12,A11
2,K,3,K3,17,18,C11,D14,pair,D7,O10
2,K,4,K4,67,2,K15,B6,pair,O24,C11
2,K,5,K5,45,8,G19,B18,pair,N19,L23
2,K,6,K6,45,91,G19,P16,pair,N3,N14
2,K,7,K7,48,23,I1,D24,pair,F17,D15
2,K,8,K8,87,73,O7,N4,pair,K15,J24
2,K,9,K9,27,12,E7,D2,pair,O24,O21
2,K,10,K10,42,92,G13,P18,pair,J24,N19
2,K,11,K11,31,25,E15,F4,pair,L23,N10
2,K,12,K12,41,85,G11,P4,pair,K6,P11
2,K,13,K13,92,51,O17,J8,pair,B15,N10
2,K,14,K14,92,52,O17,J10,pair,F17,O21
2,K,15,K15,45,72,G19,N2,pair,N15,D3
2,K,16,K16,26,74,E5,N6,pair,J24,P16
2,K,17,K17,65,82,K11,N22,pair,P1,L19
2,K,18,K18,2,53,A5,J12,pair,J18,A19
2,K,19,K19,77,36,M11,H2,pair,C3,F13
2,K,20,K20,46,57,G21,J20,pair,N24,D6
2,K,21,K21,52,84,I9,P2,pair,I19,F19
2,K,22,K22,23,50,C23,J6,pair,L6,D11
2,K,23,K23,53,37,I11,H4,pair,K11,K6
2,L,2,L2,13,14,C3,D6,pair,M15,N13
2,L,3,L3,14,18,C5,D14,pair,K6,H20
2,L,4,L4,48,94,I1,P22,pair,N15,F7
2,L,5,L5,53,86,I11,P6,pair,D7,C20
2,L,6,L6,61,66,K3,L14,pair,G5,E24
2,L,7,L7,89,58,O11,J22,pair,C20,P14
2,L,8,L8,79,57,M15,J20,pair,K11,L24
2,L,9,L9,26,85,E5,P4,pair,A5,J2
2,L,10,L10,95,30,O23,F14,pair,O18,N13
2,L,11,L11,21,61,C19,L4,pair,J24,G17
2,L,12,L12,25,79,E3,N16,pair,C8,P11
2,L,13,L13,43,48,G15,J2,pair,A19,M12
2,L,14,L14,8,2,A17,B6,pair,N23,P11
2,L,15,L15,49,79,I3,N16,pair,N23,M15
2,L,16,L16,19,22,C15,D22,pair,A20,J5
2,L,17,L17,39,87,G7,P8,pair,O17,P11
2,L,18,L18,33,61,E19,L4,pair,C11,L24
2,L,19,L19,61,22,K3,D22,pair,C3,A20
2,L,20,L20,28,86,E9,P6,pair,F13,N13
2,L,21,L21,21,31,C19,F16,pair,L6,P16
2,L,22,L22,86,88,O5,P10,pair,N19,L6
2,L,23,L23,21,18,C19,D14,pair,O17,N14
2,M,2,M2,29,33,E11,F20,pair,L6,A19
2,M,3,M3,41,60,G11,L2,pair,J24,A19
2,M,4,M4,56,6,I17,B14,pair,K17,A19
2,M,5,M5,92,43,O17,H16,pair,M23,C3
2,M,6,M6,11,39,A23,H8,pair,O24,E14
2,M,7,M7,95,55,O23,J16,pair,M23,G5
2,M,8,M8,6,81,A13,N20,pair,O24,O17
2,M,9,M9,90,56,O13,J18,pair,B7,L23
2,M,10,M10,64,51,K9,J8,pair,K17,D3
2,M,11,M11,26,60,E5,L2,pair,F7,J5
2,M,12,M12,90,18,O13,D14,pair,N24,M23
2,M,13,M13,63,27,K7,F8,pair,M15,D15
2,M,14,M14,67,35,K15,F24,pair,G17,N15
2,M,15,M15,79,4,M15,B10,pair,N19,A6
2,M,16,M16,60,84,K1,P2,pair,N24,P13
2,M,17,M17,55,88,I15,P10,pair,K10,D6
2,M,18,M18,9,73,A19,N4,pair,A5,D7
2,M,19,M19,36,74,G1,N6,pair,P13,F7
2,M,20,M20,49,17,I3,D12,pair,A6,L11
2,M,21,M21,89,87,O11,P8,pair,L23,L19
2,M,22,M22,0,57,A1,J20,pair,J5,N13
2,M,23,M23,8,37,A17,H4,pair,A5,K3
2,N,2,N2,14,71,C5,L24,pair,M12,M14
2,N,3,N3,43,49,G15,J4,pair,N23,F17
2,N,4,N4,54,76,I13,N10,pair,K15,L19
2,N,5,N5,37,22,G3,D22,pair,M23,D7
2,N,6,N6,8,86,A17,P6,pair,B12,F7
2,N,7,N7,16,63,C9,L8,pair,C3,E3
2,N,8,N8,19,57,C15,J20,pair,O10,A11
2,N,9,N9,0,25,A1,F4,pair,P11,P20
2,N,10,N10,61,53,K3,J12,pair,P16,E14
2,N,11,N11,94,9,O21,B20,pair,K17,E24
2,N,12,N12,85,64,O3,L10,pair,B24,L19
2,N,13,N13,15,84,C7,P2,pair,A5,O18
2,N,14,N14,62,68,K5,L18,pair,M15,N15
2,N,15,N15,51,43,I7,H16,pair,E3,L11
2,N,16,N16,5,93,A11,P20,pair,K11,J18
2,N,17,N17,79,38,M15,H6,pair,N14,F13
2,N,18,N18,73,95,M3,P24,pair,F7,F16
2,N,19,N19,64,16,K9,D10,pair,O24,O5
2,N,20,N20,67,74,K15,N6,pair,F17,N14
2,N,21,N21,55,80,I15,N18,pair,O24,A20
2,N,22,N22,71,20,K23,D18,pair,I19,B15
2,N,23,N23,0,54,A1,J14,pair,C14,O10
2,O,2,O2,33,2,E19,B6,pair,L23,D7
2,O,3,O3,49,86,I3,P6,pair,O7,N23
2,O,4,O4,8,61,A17,L4,pair,M23,F7
2,O,5,O5,90,63,O13,L8,pair,G17,H20
2,O,6,O6,56,44,I17,H18,pair,N19,J5
2,O,7,O7,43,13,G15,D4,pair,D15,G5
2,O,8,O8,14,91,C5,P16,pair,O7,N15
2,O,9,O9,85,30,O3,F14,pair,G17,G5
2,O,10,O10,52,78,I9,N14,pair,A5,G17
2,O,11,O11,19,15,C15,D8,pair,P16,D15
2,O,12,O12,72,22,M1,D22,mono,P11,P11
2,O,13,O13,49,35,I3,F24,pair,D20,D7
2,O,14,O14,34,93,E21,P20,pair,P13,K17
2,O,15,O15,70,62,K21,L6,pair,B12,A6
2,O,16,O16,13,45,C3,H20,pair,D1,F13
2,O,17,O17,12,0,C1,B2,pair,J24,L6
2,O,18,O18,35,25,E23,F4,pair,O5,P14
2,O,19,O19,10,49,A21,J4,pair,D1,K3
2,O,20,O20,12,35,C1,F24,pair,L11,O18
2,O,21,O21,52,49,I9,J4,pair,D15,N15
2,O,22,O22,90,54,O13,J14,pair,L23,M15
2,O,23,O23,77,89,M11,P12,pair,K11,P23
3,B,2,B2,52,39,I9,H8,pair,N10,D13
3,B,3,B3,0,28,A1,F10,pair,P8,E3
3,B,4,B4,44,83,G17,N24,pair,L6,P17
3,B,5,B5,69,94,K19,P22,pair,N24,E24
3,B,6,B6,73,38,M3,H6,pair,E14,M14
3,B,7,B7,6,77,A13,N12,pair,B12,F13
3,B,8,B8,0,33,A1,F20,pair,P23,M15
3,B,9,B9,31,74,E15,N6,pair,M12,D3
3,B,10,B10,43,74,G15,N6,pair,N3,N21
3,B,11,B11,92,55,O17,J16,pair,O17,O21
3,B,12,B12,95,6,O23,B14,pair,E3,P16
3,B,13,B13,5,66,A11,L14,pair,K8,A11
3,B,14,B14,79,7,M15,B16,pair,M23,H20
3,B,15,B15,9,45,A19,H20,pair,F17,G8
3,B,16,B16,78,66,M13,L14,pair,F16,J2
3,B,17,B17,52,72,I9,N2,mono,D13,D13
3,B,18,B18,83,53,M23,J12,pair,C8,D13
3,B,19,B19,57,66,I19,L14,pair,O5,C3
3,B,20,B20,20,70,C17,L22,pair,G17,C14
3,B,21,B21,11,78,A23,N14,pair,F2,B12
3,B,22,B22,61,51,K3,J8,pair,L19,E14
3,B,23,B23,27,43,E7,H16,pair,P20,D7
3,C,2,C2,82,5,M21,B12,pair,F2,L24
3,C,3,C3,51,13,I7,D4,mono,P23,P23
3,C,4,C4,14,2,C5,B6,pair,J18,A20
3,C,5,C5,70,79,K21,N16,pair,C8,C15
3,C,6,C6,94,57,O21,J20,pair,H20,O10
3,C,7,C7,83,51,M23,J8,pair,O5,P13
3,C,8,C8,28,85,E9,P4,pair,G5,N15
3,C,9,C9,69,42,K19,H14,pair,P23,J2
3,C,10,C10,73,7,M3,B16,pair,K17,O18
3,C,11,C11,45,86,G19,P6,pair,L6,N21
3,C,12,C12,38,64,G5,L10,pair,B24,L6
3,C,13,C13,26,95,E5,P24,pair,D11,G8
3,C,14,C14,63,25,K7,F4,pair,L19,P17
3,C,15,C15,73,47,M3,H24,pair,M23,A20
3,C,16,C16,57,67,I19,L16,pair,O24,K6
3,C,17,C17,82,49,M21,J4,pair,O24,O18
3,C,18,C18,5,50,A11,J6,pair,G17,C12
3,C,19,C19,86,66,O5,L14,pair,D6,D20
3,C,20,C20,39,21,G7,D20,pair,K11,G5
3,C,21,C21,41,87,G11,P8,pair,K11,F7
3,C,22,C22,17,66,C11,L14,pair,D6,N21
3,C,23,C23,12,32,C1,F18,pair,L23,A19
3,D,2,D2,67,57,K15,J20,pair,L19,B12
3,D,3,D3,55,13,I15,D4,pair,E24,J5
3,D,4,D4,78,64,M13,L10,pair,D15,J2
3,D,5,D5,41,77,G11,N12,pair,N19,D15
3,D,6,D6,38,90,G5,P14,pair,C8,G5
3,D,7,D7,87,70,O7,L22,pair,K3,D11
3,D,8,D8,14,67,C5,L16,pair,O7,O17
3,D,9,D9,61,34,K3,F22,pair,O17,F19
3,D,10,D10,56,8,I17,B18,pair,D6,C19
3,D,11,D11,17,30,C11,F14,pair,B12,P16
3,D,12,D12,71,59,K23,J24,pair,N19,O10
3,D,13,D13,58,74,I21,N6,pair,A20,M15
3,D,14,D14,63,21,K7,D20,pair,B7,J2
3,D,15,D15,87,94,O7,P22,pair,B7,E14
3,D,16,D16,41,19,G11,D16,pair,A5,D1
3,D,17,D17,17,72,C11,N2,pair,P1,N10
3,D,18,D18,5,70,A11,L22,pair,L24,O21
3,D,19,D19,46,66,G21,L14,pair,M15,L19
3,D,20,D20,16,12,C9,D2,pair,D20,F2
3,D,21,D21,37,9,G3,B20,pair,B4,C15
3,D,22,D22,90,20,O13,D18,pair,O7,K6
3,D,23,D23,63,65,K7,L12,pair,B24,N13
3,E,2,E2,88,26,O9,F6,pair,N3,M15
3,E,3,E3,12,50,C1,J6,pair,N3,K2
3,E,4,E4,75,11,M7,B24,pair,I19,J5
3,E,5,E5,7,80,A15,N18,pair,E3,F13
3,E,6,E6,90,15,O13,D8,pair,K11,C15
3,E,7,E7,13,41,C3,H12,pair,O5,O10
3,E,8,E8,55,35,I15,F24,pair,P16,J2
3,E,9,E9,46,50,G21,J6,pair,B4,N14
3,E,10,E10,83,40,M23,H10,pair,K10,O18
3,E,11,E11,58,20,I21,D18,pair,H20,P17
3,E,12,E12,50,86,I5,P6,pair,B7,N15
3,E,13,E13,89,74,O11,N6,pair,F17,N21
3,E,14,E14,7,27,A15,F8,pair,G5,J5
3,E,15,E15,40,78,G9,N14,pair,I19,M15
3,E,16,E16,23,13,C23,D4,pair,N3,K17
3,E,17,E17,63,30,K7,F14,pair,J24,K10
3,E,18,E18,8,42,A17,H14,pair,J18,F19
3,E,19,E19,85,51,O3,J8,pair,F17,N14
3,E,20,E20,88,83,O9,N24,pair,J24,K3
3,E,21,E21,68,57,K17,J20,pair,F13,D3
3,E,22,E22,62,75,K5,N8,pair,K11,A6
3,E,23,E23,55,38,I15,H6,pair,P8,L6
3,F,2,F2,86,50,O5,J6,pair,K8,F16
3,F,3,F3,81,43,M19,H16,pair,N23,E14
3,F,4,F4,36,41,G1,H12,pair,J24,M12
3,F,5,F5,83,11,M23,B24,pair,O5,N15
3,F,6,F6,66,59,K13,J24,pair,C11,C19
3,F,7,F7,8,85,A17,P4,pair,P16,C14
3,F,8,F8,30,10,E13,B22,pair,N14,N15
3,F,9,F9,70,64,K21,L10,pair,P23,K6
3,F,10,F10,31,39,E15,H8,pair,P20,L11
3,F,11,F11,35,36,E23,H2,pair,K10,F13
3,F,12,F12,33,76,E19,N10,pair,O7,K6
3,F,13,F13,60,19,K1,D16,pair,L23,K6
3,F,14,F14,47,36,G23,H2,pair,C3,D3
3,F,15,F15,28,65,E9,L12,pair,B4,H20
3,F,16,F16,68,77,K17,N12,pair,F2,N10
3,F,17,F17,58,62,I21,L6,pair,A5,C15
3,F,18,F18,16,64,C9,L10,pair,C15,J2
3,F,19,F19,15,91,C7,P16,pair,P8,N21
3,F,20,F20,42,45,G13,H20,pair,G5,F7
3,F,21,F21,60,85,K1,P4,pair,C3,J2
3,F,22,F22,82,10,M21,B22,pair,P1,F13
3,F,23,F23,43,44,G15,H18,pair,P23,B12
3,G,2,G2,49,93,I3,P20,pair,G17,C11
3,G,3,G3,45,55,G19,J16,pair,C12,D11
3,G,4,G4,62,64,K5,L10,pair,O5,K2
3,G,5,G5,21,14,C19,D6,pair,P23,L24
3,G,6,G6,41,27,G11,F8,pair,A20,K8
3,G,7,G7,76,12,M9,D2,pair,D15,L24
3,G,8,G8,36,81,G1,N20,pair,E24,E14
3,G,9,G9,18,25,C13,F4,pair,P11,F19
3,G,10,G10,70,27,K21,F8,pair,D1,C14
3,G,11,G11,86,71,O5,L24,pair,C3,F19
3,G,12,G12,37,48,G3,J2,pair,L6,M15
3,G,13,G13,84,62,O1,L6,pair,N14,A6
3,G,14,G14,91,50,O15,J6,pair,M23,C11
3,G,15,G15,46,79,G21,N16,pair,P1,P16
3,G,16,G16,45,0,G19,B2,pair,K3,P14
3,G,17,G17,73,57,M3,J20,pair,K8,L11
3,G,18,G18,28,34,E9,F22,pair,P13,C14
3,G,19,G19,78,77,M13,N12,pair,B24,L6
3,G,20,G20,19,54,C15,J14,pair,P13,K2
3,G,21,G21,50,17,I5,D12,pair,J24,C20
3,G,22,G22,63,16,K7,D10,pair,B24,P8
3,G,23,G23,26,52,E5,J10,pair,N3,D13
3,H,2,H2,36,77,G1,N12,pair,O24,C12
3,H,3,H3,82,22,M21,D22,pair,A5,H20
3,H,4,H4,29,2,E11,B6,pair,L24,J22
3,H,5,H5,80,10,M17,B22,pair,F2,C12
3,H,6,H6,68,13,K17,D4,pair,D7,L24
3,H,7,H7,66,2,K13,B6,pair,P16,C12
3,H,8,H8,23,61,C23,L4,pair,B4,P11
3,H,9,H9,65,41,K11,H12,pair,N19,P20
3,H,10,H10,59,58,I23,J22,pair,N24,K3
3,H,11,H11,22,29,C21,F12,pair,D1,C11
3,H,12,H12,82,51,M21,J8,pair,H20,M15
3,H,13,H13,87,61,O7,L4,pair,C8,D11
3,H,14,H14,42,4,G13,B10,pair,L23,E24
3,H,15,H15,34,10,E21,B22,pair,O24,C14
3,H,16,H16,11,84,A23,P2,pair,D1,J2
3,H,17,H17,57,72,I19,N2,pair,O7,O10
3,H,18,H18,1,6,A3,B14,pair,J24,G8
3,H,19,H19,12,51,C1,J8,pair,O24,B7
3,H,20,H20,60,43,K1,H16,pair,D20,O10
3,H,21,H21,68,61,K17,L4,pair,L6,B12
3,H,22,H22,61,32,K3,F18,pair,D7,J22
3,H,23,H23,5,10,A11,B22,pair,D6,A19
3,I,2,I2,89,21,O11,D20,pair,K15,F16
3,I,3,I3,95,76,O23,N10,pair,J24,N15
3,I,4,I4,48,35,I1,F24,pair,A19,C12
3,I,5,I5,63,42,K7,H14,pair,N24,N14
3,I,6,I6,11,89,A23,P12,pair,P16,L11
3,I,7,I7,77,17,M11,D12,pair,K6,K2
3,I,8,I8,3,37,A7,H4,pair,C8,D11
3,I,9,I9,93,79,O19,N16,pair,N24,N10
3,I,10,I10,26,72,E5,N2,pair,F2,L6
3,I,11,I11,30,27,E13,F8,pair,D20,N13
3,I,12,I12,73,17,M3,D12,pair,P20,N15
3,I,13,I13,28,75,E9,N8,pair,N19,O5
3,I,14,I14,74,56,M5,J18,pair,N15,O18
3,I,15,I15,92,10,O17,B22,pair,P13,F17
3,I,16,I16,49,71,I3,L24,pair,E3,J2
3,I,17,I17,30,4,E13,B10,pair,N23,D7
3,I,18,I18,41,16,G11,D10,pair,D20,K17
3,I,19,I19,36,86,G1,P6,pair,O7,L23
3,I,20,I20,90,4,O13,B10,pair,L19,D15
3,I,21,I21,9,88,A19,P10,pair,B15,J5
3,I,22,I22,11,83,A23,N24,pair,A5,N21
3,I,23,I23,50,1,I5,B4,pair,B4,D11
3,J,2,J2,94,4,O21,B10,pair,O24,M12
3,J,3,J3,35,92,E23,P18,pair,N19,C20
3,J,4,J4,91,42,O15,H14,pair,N21,E3
3,J,5,J5,65,66,K11,L14,pair,P8,B15
3,J,6,J6,5,58,A11,J22,pair,B4,D3
3,J,7,J7,24,39,E1,H8,pair,P16,C20
3,J,8,J8,13,53,C3,J12,pair,C11,D11
3,J,9,J9,56,47,I17,H24,pair,B12,C20
3,J,10,J10,94,55,O21,J16,pair,P20,D15
3,J,11,J11,75,63,M7,L8,pair,C14,D3
3,J,12,J12,67,43,K15,H16,pair,K8,O10
3,J,13,J13,35,14,E23,D6,pair,I19,C8
3,J,14,J14,77,33,M11,F20,pair,A6,D3
3,J,15,J15,48,22,I1,D22,pair,L23,M14
3,J,16,J16,65,17,K11,D12,pair,K17,C20
3,J,17,J17,36,44,G1,H18,pair,L24,E24
3,J,18,J18,35,71,E23,L24,pair,O17,F13
3,J,19,J19,94,56,O21,J18,pair,K6,F19
3,J,20,J20,33,80,E19,N18,pair,P16,F7
3,J,21,J21,14,12,C5,D2,pair,B15,A11
3,J,22,J22,28,76,E9,N10,pair,K8,J5
3,J,23,J23,90,25,O13,F4,pair,D20,C8
3,K,2,K2,75,9,M7,B20,pair,B15,N15
3,K,3,K3,61,89,K3,P12,pair,N10,P14
3,K,4,K4,3,52,A7,J10,pair,N3,N10
3,K,5,K5,88,13,O9,D4,pair,D1,M23
3,K,6,K6,31,57,E15,J20,pair,L19,C15
3,K,7,K7,36,5,G1,B12,pair,O5,J22
3,K,8,K8,45,47,G19,H24,pair,O5,D7
3,K,9,K9,17,59,C11,J24,pair,P16,J22
3,K,10,K10,35,72,E23,N2,pair,K15,C20
3,K,11,K11,72,59,M1,J24,pair,A5,F19
3,K,12,K12,10,57,A21,J20,pair,P13,E14
3,K,13,K13,51,90,I7,P14,pair,K10,O5
3,K,14,K14,40,15,G9,D8,pair,L23,N13
3,K,15,K15,75,95,M7,P24,pair,M12,N10
3,K,16,K16,23,7,C23,B16,pair,C3,M15
3,K,17,K17,86,69,O5,L20,pair,K15,O5
3,K,18,K18,84,9,O1,B20,pair,N21,L11
3,K,19,K19,47,81,G23,N20,pair,L6,A11
3,K,20,K20,91,13,O15,D4,pair,P1,C14
3,K,21,K21,16,29,C9,F12,pair,E3,L19
3,K,22,K22,78,6,M13,B14,pair,K3,G8
3,K,23,K23,47,88,G23,P10,pair,N21,J22
3,L,2,L2,19,10,C15,B22,pair,D20,B7
3,L,3,L3,33,10,E19,B22,pair,D20,N14
3,L,4,L4,39,43,G7,H16,pair,M12,D13
3,L,5,L5,57,9,I19,B20,pair,L6,P13
3,L,6,L6,9,91,A19,P16,pair,J18,P8
3,L,7,L7,70,84,K21,P2,pair,C20,K8
3,L,8,L8,50,75,I5,N8,pair,D11,O10
3,L,9,L9,66,46,K13,H22,pair,D11,K8
3,L,10,L10,70,36,K21,H2,pair,O7,F7
3,L,11,L11,82,67,M21,L16,pair,O7,F16
3,L,12,L12,77,50,M11,J6,pair,D1,G8
3,L,13,L13,62,1,K5,B4,pair,I19,N15
3,L,14,L14,54,87,I13,P8,pair,C3,B12
3,L,15,L15,60,75,K1,N8,pair,E14,A11
3,L,16,L16,17,92,C11,P18,pair,K15,B24
3,L,17,L17,63,19,K7,D16,pair,N23,F13
3,L,18,L18,48,26,I1,F6,mono,M14,M14
3,L,19,L19,83,33,M23,F20,pair,C11,E3
3,L,20,L20,2,61,A5,L4,pair,C11,D15
3,L,21,L21,43,59,G15,J24,pair,O24,C3
3,L,22,L22,2,19,A5,D16,pair,O17,A6
3,L,23,L23,88,29,O9,F12,pair,P1,K3
3,M,2,M2,46,24,G21,F2,pair,F7,F13
3,M,3,M3,39,76,G7,N10,pair,B12,N15
3,M,4,M4,83,74,M23,N6,pair,D6,P16
3,M,5,M5,29,94,E11,P22,pair,C15,E14
3,M,6,M6,50,13,I5,D4,pair,A20,A19
3,M,7,M7,88,39,O9,H8,pair,D6,B7
3,M,8,M8,15,16,C7,D10,pair,K15,B4
3,M,9,M9,41,33,G11,F20,pair,D6,P11
3,M,10,M10,73,24,M3,F2,pair,F2,D7
3,M,11,M11,34,92,E21,P18,pair,B15,L24
3,M,12,M12,64,3,K9,B8,pair,N14,K8
3,M,13,M13,36,6,G1,B14,pair,F2,C15
3,M,14,M14,47,51,G23,J8,pair,P8,D3
3,M,15,M15,91,43,O15,H16,pair,O17,P13
3,M,16,M16,59,22,I23,D22,pair,K11,C14
3,M,17,M17,21,95,C19,P24,pair,F2,P11
3,M,18,M18,16,10,C9,B22,pair,D15,N14
3,M,19,M19,18,16,C13,D10,pair,A6,C14
3,M,20,M20,8,65,A17,L12,pair,F19,O21
3,M,21,M21,45,35,G19,F24,pair,M23,P20
3,M,22,M22,51,47,I7,H24,pair,F2,D1
3,M,23,M23,72,15,M1,D8,pair,P11,L11
3,N,2,N2,61,85,K3,P4,pair,G17,E14
3,N,3,N3,56,30,I17,F14,pair,P13,N15
3,N,4,N4,45,21,G19,D20,pair,C15,J22
3,N,5,N5,89,72,O11,N2,pair,K6,J5
3,N,6,N6,78,15,M13,D8,pair,D6,I19
3,N,7,N7,47,63,G23,L8,pair,I19,P11
3,N,8,N8,66,36,K13,H2,pair,J18,C15
3,N,9,N9,73,4,M3,B10,pair,A5,C15
3,N,10,N10,87,34,O7,F22,pair,O10,L11
3,N,11,N11,67,14,K15,D6,pair,L6,N13
3,N,12,N12,19,23,C15,D24,pair,P8,A6
3,N,13,N13,88,42,O9,H14,pair,N19,K8
3,N,14,N14,33,28,E19,F10,pair,P14,P17
3,N,15,N15,46,81,G21,N20,pair,F2,O5
3,N,16,N16,95,28,O23,F10,pair,N3,K8
3,N,17,N17,19,31,C15,F16,pair,M15,F7
3,N,18,N18,20,88,C17,P10,pair,O24,D11
3,N,19,N19,74,38,M5,H6,pair,O21,J2
3,N,20,N20,46,23,G21,D24,pair,P8,N14
3,N,21,N21,52,90,I9,P14,pair,I19,J2
3,N,22,N22,27,83,E7,N24,pair,F17,N3
3,N,23,N23,70,7,K21,B16,pair,G17,D3
3,O,2,O2,75,29,M7,F12,pair,P13,N13
3,O,3,O3,67,68,K15,L18,pair,A11,N13
3,O,4,O4,81,57,M19,J20,pair,C3,H20
3,O,5,O5,64,5,K9,B12,pair,B15,O21
3,O,6,O6,50,40,I5,H10,pair,F17,P20
3,O,7,O7,82,81,M21,N20,pair,A5,L24
3,O,8,O8,55,93,I15,P20,pair,K11,M12
3,O,9,O9,87,23,O7,D24,pair,L6,A11
3,O,10,O10,60,35,K1,F24,pair,M15,A6
3,O,11,O11,50,34,I5,F22,pair,F13,G8
3,O,12,O12,54,70,I13,L22,pair,M23,N14
3,O,13,O13,37,14,G3,D6,pair,C15,C14
3,O,14,O14,43,23,G15,D24,pair,I19,P11
3,O,15,O15,20,30,C17,F14,pair,F17,C11
3,O,16,O16,82,2,M21,B6,pair,N3,F7
3,O,17,O17,71,44,K23,H18,pair,O7,O5
3,O,18,O18,92,80,O17,N18,pair,L6,O10
3,O,19,O19,77,11,M11,B24,pair,D20,D3
3,O,20,O20,47,33,G23,F20,pair,A5,L6
3,O,21,O21,94,15,O21,D8,pair,B7,O21
3,O,22,O22,42,33,G13,F20,pair,M12,O21
3,O,23,O23,8,40,A17,H10,pair,O21,K8
4,B,2,B2,77,16,M11,D10,pair,G17,E3
4,B,3,B3,70,67,K21,L16,pair,C20,C14
4,B,4,B4,27,75,E7,N8,pair,I19,F17
4,B,5,B5,34,45,E21,H20,pair,C3,A11
4,B,6,B6,95,34,O23,F22,pair,N10,P14
4,B,7,B7,86,2,O5,B6,pair,O24,L6
4,B,8,B8,47,17,G23,D12,pair,F19,J2
4,B,9,B9,57,16,I19,D10,pair,P13,N21
4,B,10,B10,23,30,C23,F14,pair,G8,J5
4,B,11,B11,63,89,K7,P12,pair,L6,C11
4,B,12,B12,54,90,I13,P14,pair,N19,C8
4,B,13,B13,77,80,M11,N18,pair,D1,B15
4,B,14,B14,73,45,M3,H20,pair,C11,F7
4,B,15,B15,44,61,G17,L4,pair,K6,D3
4,B,16,B16,86,94,O5,P22,pair,F2,D13
4,B,17,B17,45,95,G19,P24,pair,M14,A11
4,B,18,B18,94,18,O21,D14,pair,M14,P14
4,B,19,B19,51,79,I7,N16,mono,K3,K3
4,B,20,B20,18,90,C13,P14,pair,K6,P14
4,B,21,B21,71,68,K23,L18,pair,O17,L24
4,B,22,B22,76,79,M9,N16,pair,C11,D15
4,B,23,B23,4,36,A9,H2,pair,A20,N14
4,C,2,C2,51,67,I7,L16,pair,B15,J2
4,C,3,C3,13,59,C3,J24,pair,C3,O21
4,C,4,C4,30,83,E13,N24,pair,N23,N15
4,C,5,C5,38,24,G5,F2,pair,N3,C12
4,C,6,C6,75,69,M7,L20,pair,G17,O21
4,C,7,C7,12,60,C1,L2,pair,K11,M23
4,C,8,C8,34,40,E21,H10,pair,P1,N21
4,C,9,C9,32,2,E17,B6,pair,M15,N10
4,C,10,C10,20,80,C17,N18,pair,F19,M14
4,C,11,C11,92,79,O17,N16,pair,O17,B15
4,C,12,C12,49,81,I3,N20,pair,P13,L19
4,C,13,C13,56,59,I17,J24,pair,N14,F16
4,C,14,C14,90,88,O13,P10,pair,A20,D13
4,C,15,C15,75,25,M7,F4,pair,K10,P23
4,C,16,C16,68,14,K17,D6,pair,N23,B7
4,C,17,C17,27,70,E7,L22,pair,A11,K2
4,C,18,C18,46,6,G21,B14,pair,N23,N21
4,C,19,C19,88,53,O9,J12,pair,P1,A20
4,C,20,C20,82,84,M21,P2,pair,F16,P17
4,C,21,C21,16,75,C9,N8,mono,C11,C11
4,C,22,C22,94,21,O21,D20,pair,O5,D15
4,C,23,C23,66,74,K13,N6,pair,B15,N14
4,D,2,D2,84,88,O1,P10,pair,O5,O18
4,D,3,D3,70,90,K21,P14,pair,F2,N15
4,D,4,D4,73,77,M3,N12,pair,K10,N21
4,D,5,D5,87,18,O7,D14,pair,P11,F7
4,D,6,D6,0,15,A1,D8,pair,K17,J2
4,D,7,D7,40,62,G9,L6,pair,D1,O10
4,D,8,D8,23,63,C23,L8,pair,F17,K8
4,D,9,D9,12,7,C1,B16,pair,D6,F2
4,D,10,D10,45,52,G19,J10,pair,N19,L11
4,D,11,D11,30,91,E13,P16,pair,N24,P1
4,D,12,D12,72,95,M1,P24,pair,C20,C15
4,D,13,D13,27,55,E7,J16,pair,P1,B24
4,D,14,D14,25,37,E3,H4,pair,L24,D11
4,D,15,D15,66,7,K13,B16,pair,O24,F2
4,D,16,D16,78,24,M13,F2,pair,J18,D11
4,D,17,D17,81,89,M19,P12,pair,L6,C8
4,D,18,D18,52,24,I9,F2,pair,A5,C11
4,D,19,D19,87,49,O7,J4,pair,P23,D7
4,D,20,D20,76,43,M9,H16,pair,C11,D3
4,D,21,D21,19,90,C15,P14,pair,N21,O21
4,D,22,D22,28,39,E9,H8,pair,N19,B24
4,D,23,D23,20,56,C17,J18,pair,B12,L24
4,E,2,E2,51,6,I7,B14,pair,O5,D13
4,E,3,E3,50,38,I5,H6,pair,D1,O5
4,E,4,E4,93,63,O19,L8,pair,K15,G17
4,E,5,E5,59,80,I23,N18,pair,D1,B12
4,E,6,E6,73,64,M3,L10,pair,P1,C8
4,E,7,E7,23,2,C23,B6,pair,J24,D3
4,E,8,E8,79,1,M15,B4,pair,J18,P16
4,E,9,E9,41,95,G11,P24,pair,F19,N10
4,E,10,E10,42,22,G13,D22,pair,J18,F7
4,E,11,E11,81,92,M19,P18,pair,A5,K3
4,E,12,E12,73,22,M3,D22,pair,G8,K2
4,E,13,E13,56,19,I17,D16,pair,I19,L23
4,E,14,E14,75,39,M7,H8,pair,B24,C19
4,E,15,E15,76,83,M9,N24,pair,K11,D1
4,E,16,E16,16,24,C9,F2,pair,N15,J2
4,E,17,E17,6,18,A13,D14,pair,N23,P20
4,E,18,E18,27,62,E7,L6,pair,A11,G8
4,E,19,E19,6,34,A13,F22,pair,D6,B4
4,E,20,E20,23,32,C23,F18,pair,P23,F7
4,E,21,E21,56,2,I17,B6,pair,J18,P17
4,E,22,E22,3,8,A7,B18,pair,P23,C3
4,E,23,E23,93,84,O19,P2,pair,D7,F16
4,F,2,F2,38,60,G5,L2,pair,D11,N14
4,F,3,F3,94,83,O21,N24,pair,F7,C14
4,F,4,F4,87,56,O7,J18,pair,A20,O18
4,F,5,F5,80,49,M17,J4,pair,D11,J22
4,F,6,F6,18,40,C13,H10,pair,K17,C11
4,F,7,F7,25,52,E3,J10,pair,K10,O17
4,F,8,F8,34,82,E21,N22,pair,C14,P17
4,F,9,F9,61,91,K3,P16,pair,J24,M12
4,F,10,F10,3,42,A7,H14,pair,P1,F7
4,F,11,F11,86,90,O5,P14,pair,A20,J2
4,F,12,F12,30,34,E13,F22,pair,K17,J22
4,F,13,F13,45,92,G19,P18,pair,A19,C14
4,F,14,F14,14,88,C5,P10,pair,K17,P16
4,F,15,F15,29,66,E11,L14,pair,D6,L6
4,F,16,F16,19,25,C15,F4,pair,I19,E3
4,F,17,F17,41,7,G11,B16,pair,P13,B15
4,F,18,F18,50,93,I5,P20,pair,F17,O10
4,F,19,F19,85,63,O3,L8,pair,N3,N10
4,F,20,F20,22,48,C21,J2,pair,L23,D1
4,F,21,F21,13,87,C3,P8,pair,N21,E24
4,F,22,F22,10,61,A21,L4,pair,K3,O21
4,F,23,F23,72,57,M1,J20,pair,O21,P17
4,G,2,G2,70,56,K21,J18,pair,K3,M14
4,G,3,G3,18,48,C13,J2,pair,K6,O10
4,G,4,G4,67,16,K15,D10,pair,N19,O17
4,G,5,G5,32,58,E17,J22,pair,B24,D3
4,G,6,G6,53,9,I11,B20,pair,D11,J22
4,G,7,G7,61,82,K3,N22,pair,B24,A20
4,G,8,G8,41,32,G11,F18,pair,A19,B15
4,G,9,G9,32,15,E17,D8,pair,L19,A11
4,G,10,G10,2,58,A5,J22,pair,K11,N10
4,G,11,G11,92,40,O17,H10,pair,N24,K10
4,G,12,G12,80,65,M17,L12,pair,N14,M14
4,G,13,G13,42,60,G13,L2,pair,K15,E24
4,G,14,G14,92,32,O17,F18,pair,B7,K17
4,G,15,G15,69,74,K19,N6,pair,B7,G5
4,G,16,G16,57,13,I19,D4,pair,M12,J22
4,G,17,G17,7,24,A15,F2,pair,C19,F16
4,G,18,G18,33,39,E19,H8,pair,F17,A11
4,G,19,G19,15,28,C7,F10,pair,J24,D15
4,G,20,G20,7,14,A15,D6,pair,N19,N21
4,G,21,G21,17,3,C11,B8,pair,L23,O17
4,G,22,G22,46,7,G21,B16,pair,B15,P17
4,G,23,G23,53,44,I11,H18,pair,F17,F13
4,H,2,H2,95,65,O23,L12,pair,D11,P14
4,H,3,H3,34,61,E21,L4,pair,E3,G8
4,H,4,H4,49,59,I3,J24,pair,M23,E14
4,H,5,H5,25,31,E3,F16,pair,B24,C19
4,H,6,H6,24,2,E1,B6,pair,P16,L11
4,H,7,H7,90,85,O13,P4,pair,K6,B12
4,H,8,H8,43,90,G15,P14,pair,K15,N21
4,H,9,H9,72,61,M1,L4,pair,A5,O17
4,H,10,H10,51,55,I7,J16,pair,N19,B15
4,H,11,H11,44,94,G17,P22,pair,D15,O10
4,H,12,H12,53,89,I11,P12,pair,J24,B12
4,H,13,H13,88,76,O9,N10,pair,J18,O21
4,H,14,H14,70,92,K21,P18,pair,M23,B12
4,H,15,H15,79,13,M15,D4,pair,O7,B4
4,H,16,H16,20,72,C17,N2,pair,J18,O18
4,H,17,H17,36,16,G1,D10,pair,L6,L24
4,H,18,H18,85,87,O3,P8,pair,P13,D13
4,H,19,H19,11,79,A23,N16,pair,N10,C15
4,H,20,H20,67,94,K15,P22,pair,M15,F16
4,H,21,H21,92,25,O17,F4,pair,M15,J5
4,H,22,H22,87,19,O7,D16,pair,M15,K2
4,H,23,H23,67,20,K15,D18,pair,G17,L11
4,I,2,I2,44,65,G17,L12,pair,M15,M12
4,I,3,I3,88,93,O9,P20,pair,F19,C20
4,I,4,I4,20,18,C17,D14,pair,E24,D3
4,I,5,I5,66,16,K13,D10,pair,B15,E14
4,I,6,I6,74,15,M5,D8,pair,M23,K8
4,I,7,I7,77,6,M11,B14,pair,B7,H20
4,I,8,I8,39,36,G7,H2,pair,D20,O17
4,I,9,I9,16,55,C9,J16,pair,N24,P23
4,I,10,I10,18,13,C13,D4,pair,K6,E14
4,I,11,I11,51,30,I7,F14,pair,D6,E14
4,I,12,I12,5,2,A11,B6,pair,G17,N21
4,I,13,I13,60,55,K1,J16,pair,N3,J22
4,I,14,I14,43,39,G15,H8,pair,P8,A20
4,I,15,I15,39,8,G7,B18,pair,P20,E24
4,I,16,I16,65,58,K11,J22,pair,O17,C14
4,I,17,I17,74,53,M5,J12,pair,F2,K17
4,I,18,I18,70,58,K21,J22,pair,O17,C3
4,I,19,I19,57,54,I19,J14,pair,C20,O10
4,I,20,I20,54,81,I13,N20,pair,K10,K2
4,I,21,I21,55,87,I15,P8,pair,O21,J2
4,I,22,I22,84,85,O1,P4,pair,K11,P20
4,I,23,I23,77,61,M11,L4,pair,C19,E14
4,J,2,J2,55,8,I15,B18,pair,N24,G17
4,J,3,J3,43,25,G15,F4,pair,M15,F13
4,J,4,J4,81,71,M19,L24,pair,C14,O18
4,J,5,J5,59,75,I23,N8,pair,O17,L11
4,J,6,J6,42,65,G13,L12,pair,K3,D13
4,J,7,J7,77,24,M11,F2,pair,N10,E24
4,J,8,J8,31,46,E15,H22,pair,M23,J22
4,J,9,J9,9,77,A19,N12,pair,I19,A20
4,J,10,J10,70,51,K21,J8,pair,J24,C8
4,J,11,J11,80,34,M17,F22,pair,P8,J22
4,J,12,J12,78,54,M13,J14,pair,A20,M14
4,J,13,J13,83,6,M23,B14,pair,N3,P11
4,J,14,J14,25,27,E3,F8,pair,B24,D1
4,J,15,J15,16,20,C9,D18,pair,C3,C11
4,J,16,J16,56,45,I17,H20,pair,D13,J2
4,J,17,J17,29,56,E11,J18,pair,E14,P14
4,J,18,J18,10,29,A21,F12,pair,E3,A6
4,J,19,J19,6,76,A13,N10,pair,F13,A6
4,J,20,J20,44,47,G17,H24,pair,M23,F19
4,J,21,J21,32,91,E17,P16,pair,M23,N15
4,J,22,J22,47,78,G23,N14,pair,A20,P14
4,J,23,J23,30,82,E13,N22,pair,N19,D11
4,K,2,K2,95,46,O23,H22,pair,P13,A11
4,K,3,K3,62,89,K5,P12,pair,D13,L11
4,K,4,K4,14,13,C5,D4,pair,G17,M15
4,K,5,K5,14,31,C5,F16,pair,N23,M15
4,K,6,K6,89,13,O11,D4,pair,J24,B7
4,K,7,K7,86,26,O5,F6,pair,J24,L24
4,K,8,K8,91,10,O15,B22,pair,K10,C12
4,K,9,K9,43,9,G15,B20,pair,B15,G8
4,K,10,K10,64,73,K9,N4,pair,P23,H20
4,K,11,K11,6,44,A13,H18,pair,N23,F7
4,K,12,K12,31,89,E15,P12,pair,L11,O18
4,K,13,K13,7,52,A15,J10,pair,L23,N21
4,K,14,K14,30,26,E13,F6,pair,M23,E3
4,K,15,K15,18,42,C13,H14,pair,B4,M14
4,K,16,K16,82,42,M21,H14,pair,B4,M15
4,K,17,K17,40,87,G9,P8,pair,M23,N10
4,K,18,K18,95,0,O23,B2,pair,O24,G8
4,K,19,K19,10,70,A21,L22,pair,M15,P14
4,K,20,K20,7,55,A15,J16,pair,D7,A11
4,K,21,K21,1,13,A3,D4,pair,G5,F13
4,K,22,K22,75,31,M7,F16,pair,K3,C14
4,K,23,K23,22,89,C21,P12,pair,F16,J5
4,L,2,L2,2,34,A5,F22,pair,B24,K17
4,L,3,L3,48,91,I1,P16,pair,P8,M12
4,L,4,L4,50,92,I5,P18,pair,N21,F13
4,L,5,L5,65,50,K11,J6,pair,C8,B12
4,L,6,L6,35,15,E23,D8,pair,N21,A19
4,L,7,L7,47,20,G23,D18,pair,I19,M15
4,L,8,L8,11,19,A23,D16,pair,A5,D3
4,L,9,L9,52,93,I9,P20,pair,H20,J22
4,L,10,L10,6,67,A13,L16,pair,F17,N13
4,L,11,L11,50,78,I5,N14,pair,J24,G5
4,L,12,L12,24,16,E1,D10,pair,K11,O10
4,L,13,L13,83,67,M23,L16,pair,O5,B15
4,L,14,L14,17,77,C11,N12,pair,B4,O17
4,L,15,L15,55,61,I15,L4,pair,K15,N15
4,L,16,L16,36,30,G1,F14,pair,K11,B4
4,L,17,L17,20,9,C17,B20,pair,C8,L19
4,L,18,L18,50,65,I5,L12,pair,K11,K3
4,L,19,L19,33,42,E19,H14,pair,B4,C20
4,L,20,L20,14,50,C5,J6,pair,J22,N13
4,L,21,L21,88,43,O9,H16,pair,N24,A5
4,L,22,L22,32,3,E17,B8,pair,K10,P17
4,L,23,L23,37,86,G3,P6,pair,I19,P17
4,M,2,M2,34,72,E21,N2,pair,P14,J2
4,M,3,M3,76,88,M9,P10,pair,D11,O21
4,M,4,M4,81,94,M19,P22,pair,P23,D3
4,M,5,M5,88,30,O9,F14,pair,B15,J2
4,M,6,M6,37,59,G3,J24,pair,D1,O10
4,M,7,M7,67,80,K15,N18,pair,C12,C14
4,M,8,M8,17,60,C11,L2,pair,O21,N13
4,M,9,M9,43,78,G15,N14,pair,O24,D20
4,M,10,M10,91,18,O15,D14,pair,K10,L11
4,M,11,M11,68,40,K17,H10,pair,N21,P11
4,M,12,M12,13,82,C3,N22,pair,N23,J2
4,M,13,M13,88,91,O9,P16,pair,J18,D13
4,M,14,M14,54,55,I13,J16,pair,F16,N13
4,M,15,M15,82,90,M21,P14,pair,O10,N13
4,M,16,M16,56,27,I17,F8,pair,N23,J18
4,M,17,M17,80,33,M17,F20,pair,C12,P14
4,M,18,M18,28,13,E9,D4,pair,F19,J5
4,M,19,M19,79,54,M15,J14,pair,N19,M14
4,M,20,M20,32,26,E17,F6,pair,D20,K3
4,M,21,M21,52,18,I9,D14,pair,H20,F19
4,M,22,M22,73,75,M3,N8,pair,C20,G5
4,M,23,M23,0,60,A1,L2,pair,N10,F13
4,N,2,N2,57,87,I19,P8,pair,K17,B12
4,N,3,N3,88,95,O9,P24,pair,O7,P14
4,N,4,N4,49,15,I3,D8,pair,K10,G8
4,N,5,N5,22,90,C21,P14,pair,C15,O10
4,N,6,N6,71,8,K23,B18,pair,P11,O21
4,N,7,N7,37,76,G3,N10,pair,K11,D3
4,N,8,N8,37,0,G3,B2,pair,N19,K3
4,N,9,N9,27,85,E7,P4,pair,D6,M12
4,N,10,N10,77,51,M11,J8,pair,N24,J2
4,N,11,N11,44,6,G17,B14,pair,O7,L24
4,N,12,N12,34,56,E21,J18,pair,I19,O21
4,N,13,N13,21,22,C19,D22,pair,K17,P16
4,N,14,N14,39,46,G7,H22,pair,K15,K10
4,N,15,N15,91,94,O15,P22,pair,L6,C12
4,N,16,N16,29,10,E11,B22,pair,A11,L11
4,N,17,N17,87,25,O7,F4,pair,K10,G5
4,N,18,N18,64,67,K9,L16,pair,D6,A19
4,N,19,N19,21,83,C19,N24,pair,O24,I19
4,N,20,N20,27,42,E7,H14,pair,N15,P17
4,N,21,N21,72,39,M1,H8,pair,P1,C3
4,N,22,N22,15,19,C7,D16,pair,D6,P8
4,N,23,N23,3,77,A7,N12,pair,C3,N14
4,O,2,O2,52,70,I9,L22,pair,D15,A11
4,O,3,O3,50,58,I5,J22,pair,K11,L6
4,O,4,O4,75,56,M7,J18,pair,C20,C12
4,O,5,O5,20,78,C17,N14,pair,A5,M23
4,O,6,O6,39,68,G7,L18,pair,F16,J22
4,O,7,O7,9,42,A19,H14,pair,F17,A6
4,O,8,O8,53,10,I11,B22,pair,P1,M12
4,O,9,O9,32,53,E17,J12,pair,M12,F16
4,O,10,O10,94,50,O21,J6,pair,O17,G5
4,O,11,O11,25,63,E3,L8,pair,P20,L24
4,O,12,O12,4,75,A9,N8,pair,K6,J22
4,O,13,O13,54,59,I13,J24,pair,P13,J22
4,O,14,O14,71,39,K23,H8,pair,K17,N10
4,O,15,O15,38,14,G5,D6,pair,P13,B12
4,O,16,O16,25,16,E3,D10,pair,C12,F13
4,O,17,O17,25,24,E3,F2,pair,N23,D1
4,O,18,O18,24,38,E1,H6,pair,L19,J5
4,O,19,O19,16,23,C9,D24,pair,F2,D15
4,O,20,O20,64,88,K9,P10,pair,L11,K2
4,O,21,O21,19,70,C15,L22,pair,L19,K2
4,O,22,O22,16,89,C9,P12,mono,E3,E3
4,O,23,O23,53,1,I11,B4,pair,F16,P14
5,B,2,B2,91,22,O15,D22,pair,M12,C20
5,B,3,B3,94,60,O21,L2,pair,K6,C20
5,B,4,B4,47,71,G23,L24,pair,O5,N13
5,B,5,B5,81,50,M19,J6,pair,J24,D7
5,B,6,B6,91,95,O15,P24,pair,B7,N13
5,B,7,B7,62,87,K5,P8,pair,A19,O10
5,B,8,B8,54,85,I13,P4,pair,K3,D15
5,B,9,B9,14,25,C5,F4,pair,P8,O10
5,B,10,B10,88,7,O9,B16,pair,D1,P13
5,B,11,B11,35,66,E23,L14,pair,N14,C14
5,B,12,B12,7,12,A15,D2,pair,D6,P20
5,B,13,B13,7,75,A15,N8,pair,P11,F13
5,B,14,B14,14,72,C5,N2,pair,N3,G5
5,B,15,B15,87,31,O7,F16,pair,J18,C14
5,B,16,B16,59,2,I23,B6,pair,D1,J22
5,B,17,B17,86,37,O5,H4,pair,K6,N10
5,B,18,B18,90,13,O13,D4,pair,P8,D1
5,B,19,B19,18,14,C13,D6,pair,O5,D7
5,B,20,B20,32,82,E17,N22,pair,I19,P23
5,B,21,B21,66,32,K13,F18,pair,C19,G8
5,B,22,B22,88,8,O9,B18,pair,P13,N10
5,B,23,B23,86,29,O5,F12,pair,H20,B12
5,C,2,C2,0,86,A1,P6,pair,C12,A11
5,C,3,C3,62,6,K5,B14,pair,J24,L11
5,C,4,C4,54,9,I13,B20,pair,D6,M14
5,C,5,C5,43,8,G15,B18,pair,D15,K8
5,C,6,C6,92,0,O17,B2,pair,K6,A11
5,C,7,C7,57,37,I19,H4,pair,N21,O21
5,C,8,C8,57,82,I19,N22,pair,N21,D7
5,C,9,C9,83,92,M23,P18,pair,D11,C15
5,C,10,C10,36,50,G1,J6,pair,C8,P17
5,C,11,C11,20,38,C17,H6,pair,G17,K6
5,C,12,C12,22,35,C21,F24,pair,D15,D3
5,C,13,C13,39,49,G7,J4,pair,D6,O5
5,C,14,C14,18,0,C13,B2,pair,P23,D15
5,C,15,C15,59,11,I23,B24,pair,A5,D1
5,C,16,C16,54,12,I13,D2,pair,L6,E24
5,C,17,C17,54,28,I13,F10,pair,N23,M14
5,C,18,C18,62,81,K5,N20,pair,O24,I19
5,C,19,C19,90,38,O13,H6,pair,K10,D11
5,C,20,C20,63,72,K7,N2,pair,L23,M12
5,C,21,C21,42,86,G13,P6,pair,K15,O17
5,C,22,C22,21,42,C19,H14,pair,F2,P11
5,C,23,C23,40,73,G9,N4,pair,O24,N3
5,D,2,D2,30,19,E13,D16,pair,A19,E14
5,D,3,D3,29,36,E11,H2,pair,N23,A19
5,D,4,D4,53,15,I11,D8,pair,N3,C19
5,D,5,D5,22,47,C21,H24,pair,K3,C11
5,D,6,D6,41,57,G11,J20,pair,D1,K6
5,D,7,D7,45,90,G19,P14,pair,L11,G8
5,D,8,D8,73,65,M3,L12,pair,N23,N15
5,D,9,D9,84,28,O1,F10,pair,P1,A11
5,D,10,D10,11,71,A23,L24,pair,L24,F16
5,D,11,D11,94,45,O21,H20,pair,J24,B7
5,D,12,D12,38,17,G5,D12,pair,N19,F13
5,D,13,D13,16,61,C9,L4,pair,H20,C19
5,D,14,D14,86,87,O5,P8,pair,E14,G8
5,D,15,D15,21,4,C19,B10,pair,P20,F19
5,D,16,D16,6,23,A13,D24,pair,D6,C14
5,D,17,D17,10,13,A21,D4,pair,E24,O18
5,D,18,D18,29,13,E11,D4,pair,N24,L6
5,D,19,D19,50,11,I5,B24,pair,E3,M14
5,D,20,D20,10,60,A21,L2,pair,M23,K17
5,D,21,D21,58,70,I21,L22,pair,P8,L24
5,D,22,D22,27,47,E7,H24,pair,D7,L24
5,D,23,D23,2,11,A5,B24,pair,D6,P13
5,E,2,E2,15,54,C7,J14,pair,C20,C19
5,E,3,E3,73,69,M3,L20,pair,O7,C19
5,E,4,E4,83,15,M23,D8,pair,D6,O18
5,E,5,E5,87,74,O7,N6,pair,D1,H20
5,E,6,E6,86,80,O5,N18,pair,B7,C8
5,E,7,E7,48,44,I1,H18,pair,B4,D1
5,E,8,E8,72,63,M1,L8,pair,G5,A11
5,E,9,E9,86,42,O5,H14,pair,H20,C12
5,E,10,E10,78,27,M13,F8,pair,A5,P23
5,E,11,E11,93,41,O19,H12,pair,N14,D3
5,E,12,E12,61,4,K3,B10,pair,P8,P17
5,E,13,E13,33,0,E19,B2,pair,O5,L19
5,E,14,E14,38,0,G5,B2,pair,P20,B12
5,E,15,E15,95,64,O23,L10,pair,P13,D15
5,E,16,E16,28,67,E9,L16,pair,P16,D13
5,E,17,E17,94,82,O21,N22,pair,L6,L11
5,E,18,E18,87,57,O7,J20,pair,P8,L19
5,E,19,E19,70,33,K21,F20,pair,F19,N14
5,E,20,E20,3,39,A7,H8,pair,D6,K2
5,E,21,E21,34,6,E21,B14,pair,D6,N10
5,E,22,E22,4,72,A9,N2,pair,C8,P16
5,E,23,E23,93,36,O19,H2,pair,C15,G8
5,F,2,F2,7,57,A15,J20,pair,N3,C14
5,F,3,F3,43,21,G15,D20,pair,D13,J5
5,F,4,F4,22,10,C21,B22,pair,F19,L24
5,F,5,F5,49,53,I3,J12,pair,A19,O18
5,F,6,F6,39,0,G7,B2,pair,B15,B12
5,F,7,F7,0,1,A1,B4,pair,K11,P16
5,F,8,F8,29,35,E11,F24,pair,J18,M23
5,F,9,F9,87,81,O7,N20,pair,B24,C3
5,F,10,F10,4,2,A9,B6,pair,I19,P16
5,F,11,F11,85,39,O3,H8,pair,L6,P20
5,F,12,F12,19,83,C15,N24,pair,H20,N13
5,F,13,F13,1,26,A3,F6,pair,N21,M15
5,F,14,F14,85,12,O3,D2,pair,N3,G8
5,F,15,F15,55,2,I15,B6,pair,N10,E24
5,F,16,F16,20,83,C17,N24,pair,J18,P23
5,F,17,F17,30,52,E13,J10,pair,N3,P17
5,F,18,F18,51,74,I7,N6,pair,P20,J22
5,F,19,F19,56,25,I17,F4,pair,L6,L24
5,F,20,F20,42,51,G13,J8,pair,N21,E24
5,F,21,F21,40,17,G9,D12,pair,B24,C20
5,F,22,F22,72,1,M1,B4,pair,F17,B12
5,F,23,F23,6,60,A13,L2,mono,J24,J24
5,G,2,G2,23,59,C23,J24,pair,C11,G8
5,G,3,G3,28,10,E9,B22,pair,F19,P14
5,G,4,G4,45,18,G19,D14,pair,D1,K2
5,G,5,G5,77,88,M11,P10,pair,D7,E24
5,G,6,G6,46,82,G21,N22,pair,A19,C12
5,G,7,G7,48,29,I1,F12,pair,I19,C3
5,G,8,G8,54,25,I13,F4,pair,O24,D1
5,G,9,G9,41,11,G11,B24,pair,P11,M12
5,G,10,G10,41,8,G11,B18,pair,C20,L24
5,G,11,G11,9,50,A19,J6,pair,O17,E24
5,G,12,G12,31,29,E15,F12,pair,F17,L11
5,G,13,G13,76,37,M9,H4,pair,K17,P14
5,G,14,G14,28,7,E9,B16,pair,P1,C11
5,G,15,G15,7,11,A15,B24,pair,O17,A20
5,G,16,G16,4,54,A9,J14,pair,F7,E14
5,G,17,G17,31,45,E15,H20,pair,D20,A19
5,G,18,G18,29,49,E11,J4,pair,N23,P14
5,G,19,G19,94,44,O21,H18,pair,K15,K2
5,G,20,G20,68,73,K17,N4,pair,P23,B4
5,G,21,G21,94,41,O21,H12,pair,J24,L23
5,G,22,G22,65,24,K11,F2,pair,C19,N14
5,G,23,G23,8,18,A17,D14,pair,G17,B15
5,H,2,H2,22,91,C21,P16,pair,L19,E24
5,H,3,H3,82,72,M21,N2,pair,C3,M12
5,H,4,H4,80,86,M17,P6,pair,D20,L23
5,H,5,H5,74,25,M5,F4,pair,P16,C14
5,H,6,H6,31,18,E15,D14,pair,C3,L24
5,H,7,H7,51,42,I7,H14,pair,K6,F16
5,H,8,H8,13,91,C3,P16,pair,C8,K8
5,H,9,H9,92,48,O17,J2,pair,J18,L19
5,H,10,H10,36,8,G1,B18,pair,P14,K2
5,H,11,H11,74,50,M5,J6,pair,J18,O5
5,H,12,H12,15,53,C7,J12,pair,O10,G8
5,H,13,H13,53,90,I11,P14,pair,P20,B12
5,H,14,H14,73,25,M3,F4,pair,K15,B24
5,H,15,H15,84,78,O1,N14,pair,N24,K8
5,H,16,H16,84,31,O1,F16,pair,H20,D13
5,H,17,H17,86,23,O5,D24,pair,F19,O10
5,H,18,H18,91,21,O15,D20,pair,C8,F16
5,H,19,H19,84,37,O1,H4,pair,C19,F7
5,H,20,H20,12,21,C1,D20,pair,N23,J2
5,H,21,H21,23,84,C23,P2,pair,C12,P17
5,H,22,H22,66,11,K13,B24,pair,P1,O7
5,H,23,H23,51,85,I7,P4,pair,O7,F16
5,I,2,I2,59,44,I23,H18,pair,P20,N13
5,I,3,I3,30,18,E13,D14,pair,N24,P8
5,I,4,I4,39,80,G7,N18,pair,K15,J18
5,I,5,I5,11,14,A23,D6,pair,D20,P14
5,I,6,I6,83,16,M23,D10,pair,N15,C15
5,I,7,I7,1,49,A3,J4,pair,P13,M14
5,I,8,I8,60,20,K1,D18,pair,A5,D20
5,I,9,I9,55,58,I15,J22,pair,A5,C20
5,I,10,I10,28,20,E9,D18,pair,A19,D3
5,I,11,I11,52,26,I9,F6,pair,B4,K17
5,I,12,I12,87,65,O7,L12,pair,E3,G5
5,I,13,I13,43,40,G15,H10,pair,O24,G5
5,I,14,I14,59,32,I23,F18,pair,C14,D13
5,I,15,I15,94,13,O21,D4,pair,L24,K8
5,I,16,I16,34,8,E21,B18,pair,K15,C20
5,I,17,I17,70,19,K21,D16,pair,P13,D15
5,I,18,I18,91,51,O15,J8,pair,A5,L19
5,I,19,I19,12,48,C1,J2,pair,H20,D15
5,I,20,I20,33,18,E19,D14,pair,D1,C12
5,I,21,I21,20,54,C17,J14,pair,B7,E14
5,I,22,I22,22,56,C21,J18,pair,N3,N13
5,I,23,I23,11,27,A23,F8,pair,D6,B7
5,J,2,J2,70,71,K21,L24,pair,L24,J5
5,J,3,J3,68,41,K17,H12,pair,N23,O21
5,J,4,J4,2,33,A5,F20,pair,B24,D3
5,J,5,J5,72,74,M1,N6,pair,P1,M15
5,J,6,J6,64,84,K9,P2,pair,O17,C19
5,J,7,J7,17,82,C11,N22,pair,I19,A11
5,J,8,J8,17,73,C11,N4,pair,G17,O10
5,J,9,J9,22,33,C21,F20,pair,N23,N3
5,J,10,J10,82,40,M21,H10,pair,B12,D13
5,J,11,J11,81,59,M19,J24,pair,I19,L24
5,J,12,J12,85,15,O3,D8,pair,N21,G8
5,J,13,J13,31,81,E15,N20,pair,O17,O18
5,J,14,J14,41,35,G11,F24,pair,P8,N13
5,J,15,J15,11,46,A23,H22,pair,F2,O10
5,J,16,J16,49,61,I3,L4,pair,D15,J5
5,J,17,J17,77,93,M11,P20,pair,C15,M14
5,J,18,J18,10,91,A21,P16,pair,K10,I19
5,J,19,J19,21,67,C19,L16,pair,B12,G5
5,J,20,J20,1,85,A3,P4,pair,A5,C8
5,J,21,J21,31,60,E15,L2,mono,O24,O24
5,J,22,J22,3,90,A7,P14,pair,B4,M12
5,J,23,J23,33,82,E19,N22,pair,C8,O18
5,K,2,K2,48,86,I1,P6,pair,P1,A19
5,K,3,K3,8,69,A17,L20,pair,K15,G8
5,K,4,K4,72,44,M1,H18,pair,H20,D7
5,K,5,K5,60,27,K1,F8,pair,B7,N14
5,K,6,K6,31,55,E15,J16,pair,O24,F7
5,K,7,K7,81,35,M19,F24,pair,A19,N15
5,K,8,K8,6,11,A13,B24,pair,I19,F19
5,K,9,K9,70,54,K21,J14,pair,N19,B15
5,K,10,K10,9,57,A19,J20,pair,K10,N23
5,K,11,K11,0,53,A1,J12,pair,A19,J22
5,K,12,K12,15,95,C7,P24,pair,B4,C8
5,K,13,K13,50,63,I5,L8,pair,P14,J5
5,K,14,K14,82,3,M21,B8,pair,F19,J22
5,K,15,K15,20,3,C17,B8,pair,J24,N3
5,K,16,K16,5,46,A11,H22,pair,A19,N13
5,K,17,K17,53,50,I11,J6,pair,D1,C12
5,K,18,K18,87,83,O7,N24,pair,K11,D11
5,K,19,K19,56,81,I17,N20,pair,N23,C14
5,K,20,K20,18,89,C13,P12,pair,C11,O21
5,K,21,K21,79,86,M15,P6,pair,O17,F17
5,K,22,K22,22,86,C21,P6,pair,O24,J5
5,K,23,K23,51,49,I7,J4,pair,F2,P8
5,L,2,L2,9,21,A19,D20,pair,J24,L19
5,L,3,L3,55,52,I15,J10,pair,N23,D15
5,L,4,L4,42,34,G13,F22,pair,M15,N13
5,L,5,L5,80,6,M17,B14,pair,B7,C15
5,L,6,L6,77,69,M11,L20,pair,C8,K3
5,L,7,L7,88,62,O9,L6,pair,P20,C20
5,L,8,L8,93,38,O19,H6,pair,B24,M15
5,L,9,L9,80,89,M17,P12,pair,N19,E14
5,L,10,L10,6,27,A13,F8,pair,K8,D13
5,L,11,L11,7,82,A15,N22,pair,A5,D6
5,L,12,L12,92,64,O17,L10,pair,L23,G8
5,L,13,L13,92,35,O17,F24,pair,O5,F19
5,L,14,L14,38,12,G5,D2,pair,P8,P16
5,L,15,L15,61,8,K3,B18,pair,G17,D13
5,L,16,L16,40,2,G9,B6,pair,O7,D13
5,L,17,L17,38,69,G5,L20,pair,N3,P20
5,L,18,L18,81,70,M19,L22,pair,F19,C14
5,L,19,L19,66,85,K13,P4,pair,J24,A11
5,L,20,L20,63,71,K7,L24,pair,A20,L11
5,L,21,L21,94,86,O21,P6,pair,O24,E3
5,L,22,L22,95,88,O23,P10,pair,N21,C14
5,L,23,L23,22,15,C21,D8,pair,M12,P16
5,M,2,M2,8,50,A17,J6,pair,K17,A6
5,M,3,M3,13,15,C3,D8,pair,A5,O21
5,M,4,M4,74,91,M5,P16,pair,C19,C15
5,M,5,M5,62,14,K5,D6,pair,P8,B12
5,M,6,M6,1,38,A3,H6,pair,K10,P13
5,M,7,M7,30,49,E13,J4,pair,B12,D15
5,M,8,M8,46,44,G21,H18,pair,M23,J5
5,M,9,M9,88,69,O9,L20,pair,P1,O18
5,M,10,M10,81,3,M19,B8,pair,J24,O7
5,M,11,M11,29,26,E11,F6,pair,C3,M14
5,M,12,M12,44,78,G17,N14,pair,P1,N13
5,M,13,M13,19,30,C15,F14,pair,F7,E24
5,M,14,M14,38,67,G5,L16,pair,A20,E3
5,M,15,M15,61,75,K3,N8,pair,O17,D15
5,M,16,M16,43,5,G15,B12,pair,D7,D13
5,M,17,M17,94,76,O21,N10,pair,F13,D13
5,M,18,M18,69,54,K19,J14,pair,E3,K2
5,M,19,M19,59,92,I23,P18,pair,K17,N13
5,M,20,M20,76,47,M9,H24,pair,F17,A19
5,M,21,M21,79,52,M15,J10,pair,D3,K2
5,M,22,M22,67,83,K15,N24,pair,G17,M12
5,M,23,M23,77,95,M11,P24,pair,K11,L19
5,N,2,N2,7,1,A15,B4,pair,B24,N15
5,N,3,N3,41,82,G11,N22,pair,L19,L11
5,N,4,N4,89,36,O11,H2,pair,F17,C14
5,N,5,N5,9,54,A19,J14,pair,A20,G8
5,N,6,N6,95,29,O23,F12,pair,E3,C19
5,N,7,N7,37,44,G3,H18,pair,N24,M12
5,N,8,N8,24,29,E1,F12,pair,K15,N3
5,N,9,N9,12,39,C1,H8,pair,K10,B24
5,N,10,N10,28,72,E9,N2,pair,K10,F16
5,N,11,N11,4,42,A9,H14,pair,G5,O10
5,N,12,N12,26,59,E5,J24,pair,K11,P17
5,N,13,N13,22,19,C21,D16,pair,A20,P11
5,N,14,N14,43,1,G15,B4,pair,H20,M14
5,N,15,N15,15,52,C7,J10,pair,J18,N3
5,N,16,N16,90,95,O13,P24,pair,C8,F13
5,N,17,N17,89,48,O11,J2,pair,C12,P14
5,N,18,N18,21,46,C19,H22,pair,D3,J5
5,N,19,N19,69,56,K19,J18,pair,C8,M14
5,N,20,N20,63,49,K7,J4,pair,F7,J22
5,N,21,N21,91,4,O15,B10,pair,B7,O17
5,N,22,N22,49,23,I3,D24,pair,B24,H20
5,N,23,N23,88,16,O9,D10,pair,D20,G8
5,O,2,O2,24,59,E1,J24,pair,P11,D3
5,O,3,O3,73,87,M3,P8,pair,J24,P11
5,O,4,O4,17,39,C11,H8,pair,K10,C15
5,O,5,O5,35,79,E23,N16,pair,N21,O18
5,O,6,O6,42,87,G13,P8,pair,P20,E24
5,O,7,O7,79,25,M15,F4,pair,O7,G5
5,O,8,O8,87,79,O7,N16,pair,E3,C15
5,O,9,O9,72,20,M1,D18,pair,N23,A20
5,O,10,O10,78,92,M13,P18,pair,P8,G5
5,O,11,O11,22,34,C21,F22,pair,O17,C8
5,O,12,O12,47,18,G23,D14,pair,H20,E14
5,O,13,O13,8,56,A17,J18,pair,N19,L19
5,O,14,O14,45,49,G19,J4,pair,J5,N13
5,O,15,O15,77,13,M11,D4,pair,P13,P11
5,O,16,O16,9,33,A19,F20,pair,P23,L19
5,O,17,O17,22,32,C21,F18,pair,D3,P17
5,O,18,O18,69,92,K19,P18,pair,K11,K6
5,O,19,O19,95,59,O23,J24,pair,N3,D3
5,O,20,O20,32,0,E17,B2,pair,M23,C19
5,O,21,O21,88,27,O9,F8,pair,O17,K3
5,O,22,O22,2,35,A5,F24,pair,C11,C19
5,O,23,O23,6,74,A13,N6,pair,L19,C19
6,B,2,B2,85,56,O3,J18,pair,N24,P23
6,B,3,B3,69,7,K19,B16,pair,B15,O10
6,B,4,B4,13,49,C3,J4,pair,L19,F7
6,B,5,B5,2,8,A5,B18,pair,P11,O18
6,B,6,B6,39,50,G7,J6,pair,O24,B4
6,B,7,B7,87,45,O7,H20,pair,D3,O18
6,B,8,B8,37,83,G3,N24,pair,L6,G8
6,B,9,B9,86,61,O5,L4,pair,K15,P11
6,B,10,B10,43,54,G15,J14,pair,P1,B4
6,B,11,B11,46,34,G21,F22,pair,B4,F17
6,B,12,B12,57,40,I19,H10,pair,F17,M12
6,B,13,B13,47,49,G23,J4,pair,N19,O18
6,B,14,B14,5,48,A11,J2,pair,M23,O21
6,B,15,B15,47,92,G23,P18,pair,D13,P17
6,B,16,B16,16,5,C9,B12,pair,K17,N13
6,B,17,B17,67,48,K15,J2,pair,D1,L24
6,B,18,B18,64,7,K9,B16,pair,A20,J22
6,B,19,B19,41,9,G11,B20,pair,L19,N10
6,B,20,B20,4,9,A9,B20,pair,N19,O21
6,B,21,B21,92,62,O17,L6,pair,I19,E24
6,B,22,B22,3,9,A7,B20,pair,K15,N24
6,B,23,B23,3,51,A7,J8,pair,A11,J22
6,C,2,C2,1,39,A3,H8,pair,B24,K6
6,C,3,C3,15,79,C7,N16,pair,L19,A11
6,C,4,C4,79,85,M15,P4,pair,C11,H20
6,C,5,C5,50,2,I5,B6,pair,B7,K6
6,C,6,C6,72,55,M1,J16,pair,K15,K11
6,C,7,C7,3,60,A7,L2,pair,N24,D20
6,C,8,C8,48,87,I1,P8,pair,A5,K17
6,C,9,C9,52,46,I9,H22,pair,F13,G8
6,C,10,C10,16,30,C9,F14,pair,J24,A5
6,C,11,C11,30,40,E13,H10,pair,N3,J5
6,C,12,C12,83,87,M23,P8,pair,F17,K17
6,C,13,C13,23,35,C23,F24,pair,N15,P14
6,C,14,C14,53,88,I11,P10,pair,F19,F13
6,C,15,C15,9,16,A19,D10,pair,O5,G5
6,C,16,C16,55,73,I15,N4,pair,N24,C19
6,C,17,C17,55,79,I15,N16,pair,C8,N15
6,C,18,C18,57,43,I19,H16,pair,N3,M12
6,C,19,C19,66,75,K13,N8,pair,K11,B24
6,C,20,C20,36,2,G1,B6,pair,M14,J2
6,C,21,C21,10,88,A21,P10,pair,G5,D3
6,C,22,C22,64,83,K9,N24,pair,K15,P14
6,C,23,C23,18,59,C13,J24,pair,H20,C20
6,D,2,D2,0,79,A1,N16,pair,K15,A19
6,D,3,D3,40,32,G9,F18,pair,P13,N3
6,D,4,D4,7,81,A15,N20,pair,F2,O10
6,D,5,D5,28,70,E9,L22,pair,H20,J22
6,D,6,D6,92,16,O17,D10,pair,K10,A6
6,D,7,D7,61,3,K3,B8,mono,G5,G5
6,D,8,D8,30,59,E13,J24,pair,N23,D7
6,D,9,D9,94,91,O21,P16,pair,F17,D7
6,D,10,D10,75,83,M7,N24,pair,B7,N21
6,D,11,D11,0,55,A1,J16,pair,N15,E24
6,D,12,D12,73,12,M3,D2,pair,B7,P16
6,D,13,D13,33,94,E19,P22,pair,B15,C19
6,D,14,D14,40,47,G9,H24,pair,P23,C20
6,D,15,D15,17,46,C11,H22,pair,C14,N13
6,D,16,D16,16,13,C9,D4,pair,C12,D3
6,D,17,D17,69,46,K19,H22,pair,I19,K3
6,D,18,D18,14,45,C5,H20,pair,P16,C19
6,D,19,D19,24,40,E1,H10,pair,K10,B15
6,D,20,D20,81,45,M19,H20,pair,D15,F13
6,D,21,D21,54,66,I13,L14,pair,P1,P23
6,D,22,D22,23,64,C23,L10,pair,D13,A11
6,D,23,D23,53,45,I11,H20,pair,J18,A11
6,E,2,E2,50,0,I5,B2,pair,A5,G8
6,E,3,E3,95,7,O23,B16,pair,B24,L11
6,E,4,E4,82,17,M21,D12,pair,P13,O18
6,E,5,E5,87,55,O7,J16,mono,B7,B7
6,E,6,E6,10,92,A21,P18,pair,N24,B15
6,E,7,E7,80,83,M17,N24,pair,L24,O21
6,E,8,E8,71,23,K23,D24,pair,D11,N15
6,E,9,E9,93,23,O19,D24,pair,P8,M23
6,E,10,E10,2,41,A5,H12,pair,N21,K8
6,E,11,E11,11,63,A23,L8,pair,G5,C14
6,E,12,E12,58,95,I21,P24,pair,M15,B12
6,E,13,E13,28,29,E9,F12,pair,C8,L19
6,E,14,E14,56,61,I17,L4,pair,D1,P13
6,E,15,E15,94,88,O21,P10,pair,D11,P17
6,E,16,E16,50,68,I5,L18,pair,A20,C20
6,E,17,E17,69,40,K19,H10,pair,L24,C19
6,E,18,E18,72,93,M1,P20,pair,I19,A19
6,E,19,E19,56,23,I17,D24,pair,K6,F7
6,E,20,E20,24,37,E1,H4,pair,P11,P16
6,E,21,E21,89,5,O11,B12,pair,G17,J22
6,E,22,E22,55,39,I15,H8,pair,K15,C8
6,E,23,E23,17,63,C11,L8,pair,F7,A11
6,F,2,F2,10,75,A21,N8,pair,F17,E3
6,F,3,F3,31,37,E15,H4,pair,K17,J22
6,F,4,F4,66,77,K13,N12,pair,D11,O18
6,F,5,F5,27,25,E7,F4,pair,C11,P20
6,F,6,F6,79,0,M15,B2,pair,D7,J2
6,F,7,F7,94,71,O21,L24,pair,N10,P16
6,F,8,F8,60,56,K1,J18,pair,N19,D20
6,F,9,F9,94,6,O21,B14,pair,J24,F17
6,F,10,F10,61,31,K3,F16,pair,B15,L19
6,F,11,F11,23,87,C23,P8,pair,J24,D20
6,F,12,F12,79,27,M15,F8,pair,P23,A11
6,F,13,F13,1,12,A3,D2,pair,C12,E14
6,F,14,F14,71,46,K23,H22,pair,K15,D1
6,F,15,F15,8,76,A17,N10,pair,K15,P20
6,F,16,F16,10,6,A21,B14,pair,K17,N15
6,F,17,F17,40,71,G9,L24,pair,P1,M23
6,F,18,F18,81,64,M19,L10,pair,N24,A20
6,F,19,F19,15,72,C7,N2,pair,D1,C14
6,F,20,F20,42,75,G13,N8,pair,P23,E24
6,F,21,F21,20,0,C17,B2,pair,N3,C11
6,F,22,F22,59,3,I23,B8,pair,C12,F7
6,F,23,F23,15,21,C7,D20,pair,D6,L11
6,G,2,G2,19,81,C15,N20,pair,N23,L23
6,G,3,G3,22,72,C21,N2,pair,M15,C12
6,G,4,G4,69,47,K19,H24,pair,B15,K2
6,G,5,G5,65,34,K11,F22,mono,P20,P20
6,G,6,G6,51,17,I7,D12,pair,J18,J22
6,G,7,G7,64,68,K9,L18,pair,C3,D11
6,G,8,G8,1,91,A3,P16,pair,C11,A19
6,G,9,G9,68,50,K17,J6,pair,O5,K6
6,G,10,G10,50,84,I5,P2,pair,P20,F13
6,G,11,G11,3,4,A7,B10,pair,M12,N15
6,G,12,G12,27,8,E7,B18,pair,F17,C20
6,G,13,G13,90,86,O13,P6,pair,E14,J2
6,G,14,G14,33,45,E19,H20,pair,O24,N23
6,G,15,G15,38,2,G5,B6,pair,N24,P14
6,G,16,G16,12,43,C1,H16,pair,K15,N15
6,G,17,G17,93,46,O19,H22,pair,C15,O18
6,G,18,G18,63,14,K7,D6,pair,D11,N13
6,G,19,G19,74,0,M5,B2,pair,L19,G8
6,G,20,G20,18,37,C13,H4,pair,K8,J22
6,G,21,G21,51,50,I7,J6,pair,K11,B12
6,G,22,G22,31,73,E15,N4,pair,F17,J5
6,G,23,G23,83,3,M23,B8,pair,D20,P13
6,H,2,H2,42,21,G13,D20,mono,L23,L23
6,H,3,H3,59,42,I23,H14,pair,B24,A6
6,H,4,H4,33,12,E19,D2,pair,N3,P14
6,H,5,H5,68,67,K17,L16,pair,D1,K8
6,H,6,H6,43,87,G15,P8,pair,K15,L6
6,H,7,H7,13,23,C3,D24,pair,N19,O24
6,H,8,H8,86,85,O5,P4,pair,K6,L24
6,H,9,H9,4,64,A9,L10,pair,F19,L19
6,H,10,H10,48,83,I1,N24,pair,P20,D11
6,H,11,H11,93,0,O19,B2,pair,E14,D13
6,H,12,H12,10,71,A21,L24,pair,F19,D13
6,H,13,H13,12,74,C1,N6,pair,P1,O21
6,H,14,H14,81,66,M19,L14,pair,E3,O21
6,H,15,H15,84,81,O1,N20,pair,N13,J2
6,H,16,H16,54,6,I13,B14,pair,D15,L11
6,H,17,H17,2,50,A5,J6,pair,M23,G8
6,H,18,H18,92,8,O17,B18,pair,L6,D3
6,H,19,H19,36,49,G1,J4,pair,N19,G5
6,H,20,H20,67,73,K15,N4,pair,B12,D3
6,H,21,H21,33,53,E19,J12,pair,C11,K8
6,H,22,H22,13,4,C3,B10,pair,N24,C20
6,H,23,H23,27,0,E7,B2,pair,K10,O21
6,I,2,I2,9,26,A19,F6,pair,G5,O21
6,I,3,I3,46,20,G21,D18,pair,A19,M15
6,I,4,I4,46,32,G21,F18,pair,O5,F17
6,I,5,I5,33,27,E19,F8,pair,L23,B4
6,I,6,I6,38,27,G5,F8,pair,D1,M12
6,I,7,I7,95,41,O23,H12,pair,D15,K2
6,I,8,I8,35,41,E23,H12,pair,B24,F19
6,I,9,I9,33,67,E19,L16,pair,F17,O10
6,I,10,I10,11,47,A23,H24,pair,D1,E3
6,I,11,I11,87,24,O7,F2,pair,M23,M14
6,I,12,I12,39,31,G7,F16,pair,D20,B4
6,I,13,I13,13,54,C3,J14,pair,K8,F16
6,I,14,I14,61,69,K3,L20,pair,K3,M12
6,I,15,I15,4,85,A9,P4,pair,D7,O21
6,I,16,I16,61,36,K3,H2,pair,P1,H20
6,I,17,I17,34,71,E21,L24,pair,H20,P11
6,I,18,I18,81,74,M19,N6,pair,E3,E14
6,I,19,I19,77,22,M11,D22,pair,K15,P8
6,I,20,I20,57,3,I19,B8,pair,M23,E24
6,I,21,I21,69,62,K19,L6,pair,B12,K8
6,I,22,I22,31,23,E15,D24,pair,K3,G8
6,I,23,I23,6,54,A13,J14,pair,J18,O5
6,J,2,J2,64,42,K9,H14,pair,D20,N3
6,J,3,J3,76,23,M9,D24,pair,N23,K8
6,J,4,J4,40,30,G9,F14,pair,K3,J5
6,J,5,J5,74,12,M5,D2,pair,N23,C8
6,J,6,J6,3,11,A7,B24,pair,C3,P11
6,J,7,J7,30,57,E13,J20,pair,F19,D13
6,J,8,J8,28,64,E9,L10,pair,G17,D15
6,J,9,J9,33,34,E19,F22,pair,B4,N14
6,J,10,J10,9,80,A19,N18,pair,C11,M15
6,J,11,J11,12,6,C1,B14,pair,C8,O21
6,J,12,J12,80,51,M17,J8,pair,G17,J5
6,J,13,J13,79,76,M15,N10,pair,N21,M12
6,J,14,J14,9,75,A19,N8,pair,P20,L11
6,J,15,J15,73,80,M3,N18,pair,C19,A6
6,J,16,J16,32,30,E17,F14,pair,P13,M15
6,J,17,J17,83,39,M23,H8,pair,M15,E14
6,J,18,J18,10,53,A21,J12,pair,L24,C12
6,J,19,J19,89,45,O11,H20,pair,P16,C12
6,J,20,J20,92,33,O17,F20,pair,O24,C15
6,J,21,J21,50,22,I5,D22,pair,F7,G8
6,J,22,J22,38,40,G5,H10,pair,N23,L23
6,J,23,J23,60,16,K1,D10,pair,L23,G8
6,K,2,K2,29,21,E11,D20,pair,K17,D7
6,K,3,K3,57,78,I19,N14,pair,D11,F7
6,K,4,K4,31,84,E15,P2,pair,K6,G8
6,K,5,K5,51,24,I7,F2,pair,K10,O21
6,K,6,K6,77,54,M11,J14,pair,F13,F16
6,K,7,K7,45,78,G19,N14,pair,F17,C15
6,K,8,K8,24,42,E1,H14,pair,F17,L19
6,K,9,K9,64,25,K9,F4,pair,B4,O10
6,K,10,K10,14,87,C5,P8,pair,P11,P16
6,K,11,K11,4,8,A9,B18,pair,M23,N10
6,K,12,K12,15,20,C7,D18,pair,K11,D7
6,K,13,K13,34,29,E21,F12,pair,N23,G5
6,K,14,K14,68,49,K17,J4,pair,C3,C14
6,K,15,K15,30,41,E13,H12,pair,B4,C15
6,K,16,K16,44,21,G17,D20,pair,A20,N14
6,K,17,K17,76,42,M9,H14,pair,N24,K2
6,K,18,K18,81,20,M19,D18,pair,K15,F13
6,K,19,K19,25,59,E3,J24,pair,M12,M14
6,K,20,K20,41,63,G11,L8,pair,P1,C8
6,K,21,K21,93,37,O19,H4,pair,K8,N13
6,K,22,K22,53,78,I11,N14,pair,N21,G5
6,K,23,K23,83,60,M23,L2,pair,K11,D20
6,L,2,L2,61,30,K3,F14,pair,G17,D1
6,L,3,L3,83,14,M23,D6,pair,J24,F16
6,L,4,L4,73,89,M3,P12,pair,I19,F2
6,L,5,L5,75,30,M7,F14,pair,K15,H20
6,L,6,L6,42,82,G13,N22,pair,O7,F13
6,L,7,L7,47,4,G23,B10,pair,F2,C19
6,L,8,L8,95,70,O23,L22,pair,J18,F13
6,L,9,L9,59,60,I23,L2,pair,B24,P23
6,L,10,L10,4,46,A9,H22,pair,L6,F19
6,L,11,L11,25,95,E3,P24,pair,N21,C12
6,L,12,L12,7,95,A15,P24,pair,K3,P16
6,L,13,L13,50,76,I5,N10,pair,M12,N14
6,L,14,L14,16,3,C9,B8,pair,D7,N13
6,L,15,L15,69,73,K19,N4,pair,D6,F17
6,L,16,L16,26,43,E5,H16,pair,K3,K6
6,L,17,L17,82,44,M21,H18,pair,F2,K6
6,L,18,L18,2,48,A5,J2,pair,I19,P23
6,L,19,L19,58,43,I21,H16,pair,J24,C19
6,L,20,L20,64,13,K9,D4,pair,K6,P14
6,L,21,L21,85,25,O3,F4,pair,K11,N3
6,L,22,L22,52,59,I9,J24,pair,B15,G5
6,L,23,L23,60,87,K1,P8,pair,L19,L11
6,M,2,M2,22,39,C21,H8,pair,O7,M12
6,M,3,M3,5,19,A11,D16,pair,B15,F13
6,M,4,M4,28,56,E9,J18,pair,P23,H20
6,M,5,M5,40,18,G9,D14,pair,N3,C15
6,M,6,M6,49,67,I3,L16,pair,F17,F16
6,M,7,M7,46,8,G21,B18,pair,N23,K3
6,M,8,M8,32,29,E17,F12,pair,P20,K2
6,M,9,M9,0,16,A1,D10,pair,D6,J18
6,M,10,M10,69,19,K19,D16,pair,O24,L24
6,M,11,M11,18,65,C13,L12,pair,B7,A6
6,M,12,M12,74,78,M5,N14,pair,C15,K2
6,M,13,M13,12,26,C1,F6,pair,B15,P16
6,M,14,M14,33,6,E19,B14,pair,J24,I19
6,M,15,M15,83,7,M23,B16,pair,N23,P8
6,M,16,M16,77,45,M11,H20,pair,N24,D11
6,M,17,M17,50,59,I5,J24,pair,J24,A6
6,M,18,M18,1,32,A3,F18,pair,C12,M14
6,M,19,M19,1,92,A3,P18,pair,O7,E3
6,M,20,M20,26,49,E5,J4,pair,K15,G5
6,M,21,M21,35,81,E23,N20,pair,N23,P23
6,M,22,M22,35,85,E23,P4,pair,H20,M12
6,M,23,M23,75,2,M7,B6,pair,A19,D13
6,N,2,N2,35,6,E23,B14,pair,F2,M23
6,N,3,N3,40,59,G9,J24,pair,O18,J2
6,N,4,N4,54,21,I13,D20,pair,N24,B7
6,N,5,N5,3,43,A7,H16,pair,P11,D15
6,N,6,N6,75,18,M7,D14,pair,P13,N21
6,N,7,N7,26,58,E5,J22,pair,B12,D11
6,N,8,N8,12,56,C1,J18,pair,K10,E3
6,N,9,N9,86,83,O5,N24,pair,N19,A11
6,N,10,N10,50,35,I5,F24,pair,C12,K2
6,N,11,N11,18,70,C13,L22,pair,N19,B7
6,N,12,N12,73,8,M3,B18,pair,B12,N14
6,N,13,N13,56,66,I17,L14,pair,K15,A11
6,N,14,N14,61,18,K3,D14,pair,C12,K2
6,N,15,N15,27,87,E7,P8,pair,B24,K6
6,N,16,N16,67,10,K15,B22,pair,C12,N14
6,N,17,N17,16,83,C9,N24,pair,N23,C14
6,N,18,N18,34,39,E21,H8,pair,P13,F19
6,N,19,N19,82,7,M21,B16,pair,D1,M15
6,N,20,N20,9,61,A19,L4,pair,D1,C19
6,N,21,N21,65,79,K11,N16,pair,C12,N14
6,N,22,N22,60,90,K1,P14,pair,D7,F7
6,N,23,N23,63,45,K7,H20,pair,G17,E24
6,O,2,O2,54,89,I13,P12,pair,A5,F13
6,O,3,O3,16,0,C9,B2,pair,P16,C19
6,O,4,O4,62,79,K5,N16,pair,P13,E14
6,O,5,O5,1,15,A3,D8,pair,N24,F17
6,O,6,O6,23,14,C23,D6,pair,N24,K11
6,O,7,O7,75,16,M7,D10,pair,N14,E14
6,O,8,O8,24,15,E1,D8,pair,B4,E14
6,O,9,O9,66,30,K13,F14,pair,N24,P20
6,O,10,O10,49,80,I3,N18,pair,O5,N21
6,O,11,O11,16,68,C9,L18,pair,B15,P14
6,O,12,O12,60,81,K1,N20,pair,C8,K2
6,O,13,O13,80,31,M17,F16,pair,P23,C19
6,O,14,O14,3,14,A7,D6,pair,P13,C14
6,O,15,O15,75,68,M7,L18,pair,D20,D11
6,O,16,O16,35,82,E23,N22,mono,J22,J22
6,O,17,O17,44,90,G17,P14,pair,K17,P17
6,O,18,O18,54,51,I13,J8,pair,N19,B12
6,O,19,O19,41,39,G11,H8,pair,J18,L24
6,O,20,O20,53,6,I11,B14,pair,B24,C12
6,O,21,O21,77,21,M11,D20,pair,K15,B4
6,O,22,O22,67,90,K15,P14,pair,I19,L11
6,O,23,O23,94,51,O21,J8,pair,D1,O21
7,B,2,B2,13,20,C3,D18,pair,A20,D11
7,B,3,B3,72,18,M1,D14,pair,L19,M14
7,B,4,B4,63,15,K7,D8,pair,K15,A6
7,B,5,B5,2,31,A5,F16,pair,D15,N15
7,B,6,B6,14,42,C5,H14,pair,K11,E3
7,B,7,B7,90,89,O13,P12,pair,G17,G5
7,B,8,B8,28,92,E9,P18,pair,B4,F7
7,B,9,B9,15,94,C7,P22,pair,O5,A11
7,B,10,B10,17,38,C11,H6,pair,C20,O21
7,B,11,B11,77,42,M11,H14,pair,D6,O17
7,B,12,B12,92,38,O17,H6,pair,O21,O10
7,B,13,B13,25,55,E3,J16,pair,P1,F17
7,B,14,B14,18,64,C13,L10,pair,N3,D15
7,B,15,B15,17,64,C11,L10,pair,G5,D13
7,B,16,B16,32,14,E17,D6,pair,C3,L19
7,B,17,B17,10,16,A21,D10,pair,D20,L24
7,B,18,B18,20,14,C17,D6,pair,P1,F13
7,B,19,B19,60,10,K1,B22,pair,P23,M14
7,B,20,B20,19,78,C15,N14,pair,F17,H20
7,B,21,B21,45,41,G19,H12,pair,N23,L6
7,B,22,B22,79,65,M15,L12,pair,I19,N15
7,B,23,B23,94,12,O21,D2,pair,B7,P20
7,C,2,C2,1,75,A3,N8,pair,E3,N14
7,C,3,C3,60,13,K1,D4,pair,E3,E14
7,C,4,C4,41,2,G11,B6,pair,B4,D15
7,C,5,C5,65,31,K11,F16,pair,D20,L24
7,C,6,C6,63,59,K7,J24,pair,M23,O21
7,C,7,C7,10,19,A21,D16,pair,C8,J22
7,C,8,C8,71,24,K23,F2,pair,J24,L19
7,C,9,C9,8,95,A17,P24,pair,E14,P17
7,C,10,C10,21,51,C19,J8,pair,F16,P17
7,C,11,C11,25,5,E3,B12,pair,N19,M23
7,C,12,C12,50,73,I5,N4,pair,L19,O18
7,C,13,C13,42,14,G13,D6,pair,O7,C20
7,C,14,C14,1,47,A3,H24,pair,C12,F13
7,C,15,C15,91,57,O15,J20,pair,L19,N15
7,C,16,C16,90,24,O13,F2,pair,N24,N15
7,C,17,C17,28,12,E9,D2,pair,J22,P17
7,C,18,C18,62,45,K5,H20,pair,P8,K3
7,C,19,C19,12,45,C1,H20,pair,D7,L11
7,C,20,C20,72,65,M1,L12,pair,K10,A19
7,C,21,C21,33,56,E19,J18,pair,K6,B12
7,C,22,C22,56,62,I17,L6,pair,N23,C3
7,C,23,C23,47,40,G23,H10,pair,D13,G8
7,D,2,D2,93,54,O19,J14,pair,A5,N13
7,D,3,D3,24,89,E1,P12,pair,B12,P16
7,D,4,D4,62,38,K5,H6,pair,C3,O10
7,D,5,D5,67,60,K15,L2,pair,K10,F16
7,D,6,D6,32,77,E17,N12,pair,L6,O18
7,D,7,D7,68,74,K17,N6,pair,G17,M15
7,D,8,D8,72,82,M1,N22,pair,B24,B12
7,D,9,D9,59,46,I23,H22,pair,K10,L19
7,D,10,D10,18,51,C13,J8,pair,D6,L11
7,D,11,D11,64,30,K9,F14,pair,D15,G8
7,D,12,D12,11,52,A23,J10,pair,K17,D11
7,D,13,D13,66,82,K13,N22,pair,F2,P16
7,D,14,D14,35,9,E23,B20,pair,L23,N15
7,D,15,D15,86,20,O5,D18,pair,K6,C11
7,D,16,D16,79,60,M15,L2,pair,M23,A19
7,D,17,D17,64,70,K9,L22,pair,O7,C3
7,D,18,D18,22,6,C21,B14,pair,B24,M14
7,D,19,D19,39,58,G7,J22,pair,D11,K2
7,D,20,D20,28,22,E9,D22,pair,F17,K3
7,D,21,D21,39,64,G7,L10,pair,M12,D15
7,D,22,D22,23,78,C23,N14,pair,D1,N14
7,D,23,D23,42,71,G13,L24,pair,B24,A19
7,E,2,E2,0,65,A1,L12,pair,K15,N14
7,E,3,E3,53,69,I11,L20,pair,L6,D1
7,E,4,E4,55,19,I15,D16,pair,N24,C14
7,E,5,E5,55,11,I15,B24,mono,N13,N13
7,E,6,E6,75,40,M7,H10,pair,N21,B15
7,E,7,E7,44,16,G17,D10,pair,P11,D15
7,E,8,E8,92,78,O17,N14,pair,N24,K10
7,E,9,E9,83,13,M23,D4,pair,F16,D13
7,E,10,E10,44,76,G17,N10,pair,O24,L24
7,E,11,E11,11,64,A23,L10,pair,D1,D13
7,E,12,E12,67,33,K15,F20,pair,K15,D7
7,E,13,E13,94,67,O21,L16,pair,L23,H20
7,E,14,E14,68,82,K17,N22,pair,L24,O10
7,E,15,E15,42,85,G13,P4,pair,M12,D7
7,E,16,E16,8,15,A17,D8,pair,C3,O18
7,E,17,E17,16,62,C9,L6,pair,P13,N14
7,E,18,E18,76,20,M9,D18,pair,N19,F17
7,E,19,E19,88,14,O9,D6,pair,K10,L24
7,E,20,E20,86,52,O5,J10,pair,P14,J22
7,E,21,E21,64,38,K9,H6,pair,K11,A19
7,E,22,E22,15,71,C7,L24,pair,C14,J2
7,E,23,E23,88,81,O9,N20,pair,F19,C19
7,F,2,F2,63,95,K7,P24,pair,B7,J2
7,F,3,F3,61,41,K3,H12,pair,B15,F16
7,F,4,F4,73,74,M3,N6,pair,C3,F13
7,F,5,F5,24,91,E1,P16,pair,D20,N14
7,F,6,F6,87,93,O7,P20,pair,O17,F16
7,F,7,F7,10,48,A21,J2,pair,O7,L11
7,F,8,F8,90,17,O13,D12,pair,P13,A11
7,F,9,F9,37,33,G3,F20,pair,L6,F13
7,F,10,F10,18,1,C13,B4,pair,C14,A11
7,F,11,F11,86,33,O5,F20,pair,L23,P14
7,F,12,F12,62,66,K5,L14,pair,C12,N13
7,F,13,F13,7,22,A15,D22,pair,J22,J2
7,F,14,F14,6,59,A13,J24,pair,D13,A11
7,F,15,F15,27,67,E7,L16,pair,K11,G17
7,F,16,F16,21,10,C19,B22,pair,C14,K2
7,F,17,F17,44,68,G17,L18,pair,K10,C3
7,F,18,F18,2,29,A5,F12,pair,C19,N13
7,F,19,F19,14,26,C5,F6,pair,O5,C15
7,F,20,F20,51,65,I7,L12,pair,P16,G8
7,F,21,F21,21,62,C19,L6,pair,L24,D13
7,F,22,F22,1,24,A3,F2,pair,G17,N10
7,F,23,F23,75,41,M7,H12,pair,N19,A5
7,G,2,G2,43,66,G15,L14,pair,N24,K6
7,G,3,G3,57,7,I19,B16,pair,C8,F7
7,G,4,G4,50,31,I5,F16,pair,G8,P17
7,G,5,G5,5,42,A11,H14,pair,F2,J22
7,G,6,G6,92,31,O17,F16,pair,J24,B15
7,G,7,G7,81,28,M19,F10,pair,K15,N24
7,G,8,G8,27,1,E7,B4,pair,N14,P17
7,G,9,G9,11,69,A23,L20,pair,C8,J2
7,G,10,G10,11,49,A23,J4,pair,H20,D11
7,G,11,G11,53,16,I11,D10,pair,C8,M14
7,G,12,G12,86,0,O5,B2,pair,M14,J5
7,G,13,G13,25,43,E3,H16,pair,B24,N13
7,G,14,G14,91,88,O15,P10,pair,C3,P20
7,G,15,G15,22,51,C21,J8,pair,A20,N15
7,G,16,G16,78,9,M13,B20,pair,M23,F17
7,G,17,G17,20,12,C17,D2,pair,O18,J5
7,G,18,G18,42,52,G13,J10,pair,F2,F13
7,G,19,G19,80,20,M17,D18,pair,L23,C12
7,G,20,G20,46,41,G21,H12,pair,N10,C20
7,G,21,G21,68,84,K17,P2,pair,B24,A20
7,G,22,G22,11,48,A23,J2,pair,O17,A11
7,G,23,G23,11,29,A23,F12,pair,N3,A6
7,H,2,H2,1,46,A3,H22,pair,D20,P20
7,H,3,H3,16,67,C9,L16,pair,C11,K2
7,H,4,H4,1,64,A3,L10,pair,M23,M15
7,H,5,H5,34,7,E21,B16,pair,G17,K8
7,H,6,H6,19,76,C15,N10,pair,C11,P17
7,H,7,H7,83,21,M23,D20,pair,P11,O10
7,H,8,H8,7,62,A15,L6,pair,A5,N15
7,H,9,H9,34,59,E21,J24,pair,P14,O18
7,H,10,H10,22,44,C21,H18,pair,D6,J22
7,H,11,H11,69,48,K19,J2,pair,F19,F7
7,H,12,H12,42,90,G13,P14,pair,O24,P20
7,H,13,H13,62,21,K5,D20,pair,P11,P17
7,H,14,H14,66,10,K13,B22,pair,L24,C15
7,H,15,H15,52,27,I9,F8,pair,D6,F2
7,H,16,H16,95,24,O23,F2,pair,P16,M14
7,H,17,H17,24,43,E1,H16,pair,B7,N21
7,H,18,H18,85,36,O3,H2,pair,A5,M12
7,H,19,H19,48,0,I1,B2,pair,K3,L24
7,H,20,H20,3,71,A7,L24,pair,J24,O24
7,H,21,H21,92,73,O17,N4,pair,K6,D13
7,H,22,H22,36,37,G1,H4,pair,C19,N13
7,H,23,H23,38,39,G5,H8,pair,N10,O10
7,I,2,I2,55,62,I15,L6,pair,K3,C19
7,I,3,I3,62,10,K5,B22,pair,O24,D7
7,I,4,I4,0,82,A1,N22,pair,J24,K8
7,I,5,I5,74,86,M5,P6,pair,P20,C19
7,I,6,I6,48,58,I1,J22,pair,B12,N14
7,I,7,I7,69,11,K19,B24,pair,F2,C3
7,I,8,I8,2,10,A5,B22,pair,O5,A6
7,I,9,I9,26,24,E5,F2,pair,C20,L11
7,I,10,I10,37,58,G3,J22,pair,O5,P16
7,I,11,I11,50,26,I5,F6,pair,D11,F13
7,I,12,I12,39,17,G7,D12,pair,J24,G17
7,I,13,I13,78,30,M13,F14,pair,N15,C14
7,I,14,I14,90,37,O13,H4,pair,L23,A20
7,I,15,I15,89,20,O11,D18,pair,L24,F7
7,I,16,I16,7,71,A15,L24,pair,P20,P17
7,I,17,I17,76,33,M9,F20,pair,B4,L24
7,I,18,I18,28,32,E9,F18,pair,L19,G5
7,I,19,I19,15,43,C7,H16,pair,P13,P16
7,I,20,I20,68,58,K17,J22,pair,B7,F13
7,I,21,I21,38,72,G5,N2,pair,M23,N21
7,I,22,I22,29,18,E11,D14,pair,E3,A11
7,I,23,I23,47,79,G23,N16,pair,N21,F7
7,J,2,J2,90,94,O13,P22,pair,P17,J2
7,J,3,J3,61,19,K3,D16,pair,O17,G8
7,J,4,J4,34,84,E21,P2,pair,B7,O18
7,J,5,J5,35,86,E23,P6,pair,E3,B15
7,J,6,J6,72,52,M1,J10,pair,I19,D15
7,J,7,J7,51,76,I7,N10,pair,B4,P14
7,J,8,J8,40,46,G9,H22,pair,B4,A20
7,J,9,J9,57,5,I19,B12,pair,K17,L11
7,J,10,J10,57,58,I19,J22,pair,N23,L19
7,J,11,J11,9,79,A19,N16,pair,K11,P11
7,J,12,J12,39,9,G7,B20,pair,K10,D20
7,J,13,J13,22,57,C21,J20,pair,F17,D13
7,J,14,J14,19,18,C15,D14,pair,D11,N13
7,J,15,J15,19,87,C15,P8,pair,D1,M23
7,J,16,J16,53,39,I11,H8,pair,A5,K8
7,J,17,J17,37,55,G3,J16,pair,N19,P20
7,J,18,J18,65,88,K11,P10,pair,N24,D3
7,J,19,J19,95,21,O23,D20,pair,C8,B15
7,J,20,J20,67,29,K15,F12,pair,D20,C20
7,J,21,J21,60,6,K1,B14,pair,P8,P17
7,J,22,J22,69,39,K19,H8,pair,A5,P8
7,J,23,J23,8,82,A17,N22,pair,K15,K6
7,K,2,K2,5,76,A11,N10,pair,B24,O10
7,K,3,K3,75,55,M7,J16,pair,F2,P8
7,K,4,K4,27,79,E7,N16,pair,M15,D11
7,K,5,K5,87,43,O7,H16,pair,O5,P14
7,K,6,K6,11,70,A23,L22,pair,N19,G8
7,K,7,K7,29,65,E11,L12,pair,N19,K6
7,K,8,K8,33,84,E19,P2,pair,C19,A6
7,K,9,K9,86,1,O5,B4,pair,K3,F16
7,K,10,K10,12,30,C1,F14,pair,L24,G8
7,K,11,K11,0,46,A1,H22,pair,D1,D11
7,K,12,K12,76,16,M9,D10,pair,L19,M12
7,K,13,K13,45,59,G19,J24,pair,G5,M14
7,K,14,K14,54,2,I13,B6,pair,K15,A6
7,K,15,K15,88,90,O9,P14,pair,O24,C3
7,K,16,K16,70,75,K21,N8,pair,N21,N15
7,K,17,K17,27,94,E7,P22,pair,G17,E24
7,K,18,K18,51,11,I7,B24,pair,K15,C15
7,K,19,K19,76,32,M9,F18,pair,D1,D15
7,K,20,K20,84,72,O1,N2,pair,B24,N21
7,K,21,K21,34,67,E21,L16,pair,M12,J22
7,K,22,K22,37,20,G3,D18,pair,F2,B4
7,K,23,K23,67,61,K15,L4,pair,D20,M15
7,L,2,L2,60,80,K1,N18,pair,P20,L24
7,L,3,L3,84,29,O1,F12,pair,B7,F7
7,L,4,L4,44,53,G17,J12,pair,P11,C19
7,L,5,L5,15,90,C7,P14,pair,C8,P13
7,L,6,L6,27,57,E7,J20,pair,L24,D3
7,L,7,L7,14,43,C5,H16,pair,P1,C12
7,L,8,L8,34,95,E21,P24,pair,N15,F13
7,L,9,L9,16,1,C9,B4,pair,K15,O24
7,L,10,L10,11,15,A23,D8,pair,K6,C11
7,L,11,L11,48,17,I1,D12,pair,C3,A19
7,L,12,L12,85,82,O3,N22,pair,D6,L19
7,L,13,L13,55,37,I15,H4,pair,N21,N10
7,L,14,L14,47,53,G23,J12,pair,N14,P14
7,L,15,L15,64,28,K9,F10,pair,C8,D3
7,L,16,L16,33,85,E19,P4,pair,N14,N13
7,L,17,L17,21,29,C19,F12,pair,N23,K2
7,L,18,L18,30,39,E13,H8,pair,H20,F13
7,L,19,L19,81,87,M19,P8,pair,L19,C12
7,L,20,L20,69,21,K19,D20,pair,N23,M23
7,L,21,L21,38,43,G5,H16,pair,D1,O18
7,L,22,L22,5,77,A11,N12,pair,K15,O17
7,L,23,L23,2,64,A5,L10,pair,K10,M23
7,M,2,M2,55,68,I15,L18,pair,A19,J2
7,M,3,M3,84,92,O1,P18,pair,L19,C14
7,M,4,M4,3,10,A7,B22,pair,C20,E14
7,M,5,M5,89,26,O11,F6,pair,P8,N14
7,M,6,M6,16,49,C9,J4,pair,J24,A20
7,M,7,M7,56,65,I17,L12,pair,P13,F16
7,M,8,M8,89,34,O11,F22,pair,B15,M14
7,M,9,M9,60,74,K1,N6,pair,A19,K2
7,M,10,M10,41,74,G11,N6,pair,N10,G8
7,M,11,M11,84,21,O1,D20,pair,O5,L19
7,M,12,M12,5,38,A11,H6,mono,B24,B24
7,M,13,M13,84,19,O1,D16,pair,B24,C15
7,M,14,M14,33,44,E19,H18,pair,J18,C8
7,M,15,M15,23,68,C23,L18,pair,D20,D7
7,M,16,M16,10,33,A21,F20,pair,K17,N21
7,M,17,M17,18,95,C13,P24,pair,L23,F17
7,M,18,M18,62,50,K5,J6,pair,O24,F17
7,M,19,M19,30,85,E13,P4,pair,A19,F16
7,M,20,M20,84,59,O1,J24,pair,L19,P16
7,M,21,M21,35,28,E23,F10,pair,F19,M12
7,M,22,M22,69,78,K19,N14,pair,O24,N21
7,M,23,M23,91,75,O15,N8,pair,N14,O21
7,N,2,N2,16,48,C9,J2,pair,P20,P14
7,N,3,N3,38,44,G5,H18,pair,O5,C8
7,N,4,N4,32,90,E17,P14,pair,K6,C19
7,N,5,N5,16,28,C9,F10,pair,J24,B24
7,N,6,N6,32,12,E17,D2,pair,F13,C14
7,N,7,N7,45,79,G19,N16,pair,K15,N10
7,N,8,N8,38,80,G5,N18,pair,N24,G8
7,N,9,N9,18,92,C13,P18,pair,C3,N13
7,N,10,N10,7,28,A15,F10,pair,D3,L11
7,N,11,N11,69,28,K19,F10,pair,B24,L23
7,N,12,N12,23,74,C23,N6,pair,M15,O10
7,N,13,N13,66,73,K13,N4,pair,P16,C15
7,N,14,N14,85,32,O3,F18,pair,D20,C14
7,N,15,N15,19,28,C15,F10,pair,B7,D15
7,N,16,N16,85,0,O3,B2,pair,L23,B12
7,N,17,N17,26,25,E5,F4,pair,A5,D15
7,N,18,N18,40,82,G9,N22,pair,D7,E24
7,N,19,N19,58,46,I21,H22,pair,B24,O7
7,N,20,N20,63,51,K7,J8,pair,P8,A11
7,N,21,N21,50,16,I5,D10,pair,J22,K2
7,N,22,N22,54,72,I13,N2,pair,P13,M14
7,N,23,N23,62,72,K5,N2,pair,P13,G8
7,O,2,O2,41,24,G11,F2,pair,P11,C14
7,O,3,O3,79,56,M15,J18,pair,D7,F16
7,O,4,O4,36,65,G1,L12,pair,K10,P20
7,O,5,O5,20,60,C17,L2,pair,E3,L24
7,O,6,O6,37,4,G3,B10,pair,C20,F7
7,O,7,O7,44,64,G17,L10,pair,K17,D3
7,O,8,O8,25,6,E3,B14,pair,O7,J5
7,O,9,O9,63,91,K7,P16,pair,M14,K2
7,O,10,O10,48,38,I1,H6,pair,C19,K2
7,O,11,O11,42,67,G13,L16,pair,J18,D1
7,O,12,O12,19,5,C15,B12,pair,C3,N15
7,O,13,O13,21,78,C19,N14,pair,O24,J22
7,O,14,O14,47,1,G23,B4,pair,L24,M14
7,O,15,O15,24,48,E1,J2,pair,C3,H20
7,O,16,O16,7,50,A15,J6,pair,P20,A11
7,O,17,O17,68,64,K17,L10,pair,P14,K2
7,O,18,O18,95,84,O23,P2,pair,B24,F13
7,O,19,O19,85,49,O3,J4,pair,L23,M12
7,O,20,O20,84,82,O1,N22,pair,B4,P20
7,O,21,O21,74,46,M5,H22,pair,O7,K3
7,O,22,O22,11,90,A23,P14,pair,A5,O10
7,O,23,O23,84,22,O1,D22,pair,O17,G8
8,B,2,B2,4,7,A9,B16,pair,A19,G5
8,B,3,B3,88,31,O9,F16,pair,K11,N14
8,B,4,B4,40,20,G9,D18,pair,C3,L11
8,B,5,B5,86,67,O5,L16,pair,D7,C15
8,B,6,B6,65,89,K11,P12,pair,M23,D3
8,B,7,B7,58,75,I21,N8,pair,B7,L11
8,B,8,B8,53,57,I11,J20,pair,B4,M15
8,B,9,B9,47,22,G23,D22,pair,K15,L6
8,B,10,B10,51,15,I7,D8,pair,O7,A20
8,B,11,B11,17,58,C11,J22,pair,O21,J22
8,B,12,B12,45,16,G19,D10,pair,H20,L19
8,B,13,B13,10,43,A21,H16,pair,A6,A11
8,B,14,B14,53,28,I11,F10,pair,D6,G8
8,B,15,B15,68,6,K17,B14,pair,L23,J22
8,B,16,B16,93,86,O19,P6,pair,O17,N3
8,B,17,B17,59,51,I23,J8,pair,N15,E14
8,B,18,B18,3,56,A7,J18,pair,D11,O21
8,B,19,B19,59,43,I23,H16,pair,L6,O18
8,B,20,B20,75,0,M7,B2,pair,B7,D11
8,B,21,B21,44,77,G17,N12,pair,N15,J5
8,B,22,B22,73,72,M3,N2,pair,K10,C20
8,B,23,B23,60,88,K1,P10,pair,O17,J2
8,C,2,C2,60,18,K1,D14,pair,O7,C12
8,C,3,C3,93,56,O19,J18,pair,D13,M14
8,C,4,C4,26,20,E5,D18,pair,D20,P8
8,C,5,C5,89,27,O11,F8,pair,G17,J2
8,C,6,C6,29,16,E11,D10,pair,L23,C3
8,C,7,C7,48,6,I1,B14,pair,K11,K8
8,C,8,C8,74,66,M5,L14,pair,M23,C15
8,C,9,C9,54,42,I13,H14,pair,P23,G17
8,C,10,C10,78,83,M13,N24,pair,D6,D15
8,C,11,C11,67,51,K15,J8,pair,G17,D15
8,C,12,C12,50,43,I5,H16,pair,K17,J5
8,C,13,C13,56,73,I17,N4,pair,B24,D11
8,C,14,C14,36,7,G1,B16,pair,O7,M14
8,C,15,C15,43,45,G15,H20,pair,B24,B7
8,C,16,C16,76,51,M9,J8,pair,G17,L24
8,C,17,C17,49,91,I3,P16,pair,A5,N10
8,C,18,C18,88,79,O9,N16,pair,E3,J22
8,C,19,C19,84,74,O1,N6,pair,K15,L24
8,C,20,C20,76,64,M9,L10,pair,B4,P13
8,C,21,C21,33,20,E19,D18,pair,K10,K6
8,C,22,C22,14,57,C5,J20,pair,E3,P17
8,C,23,C23,71,70,K23,L22,pair,O5,C14
8,D,2,D2,94,36,O21,H2,pair,P8,N15
8,D,3,D3,75,38,M7,H6,pair,O24,P11
8,D,4,D4,9,8,A19,B18,pair,M12,G5
8,D,5,D5,77,20,M11,D18,pair,B4,G5
8,D,6,D6,48,46,I1,H22,pair,I19,F17
8,D,7,D7,75,14,M7,D6,pair,O10,J5
8,D,8,D8,80,41,M17,H12,pair,P20,D15
8,D,9,D9,93,81,O19,N20,pair,C8,P13
8,D,10,D10,79,74,M15,N6,pair,F2,H20
8,D,11,D11,93,1,O19,B4,pair,M23,O18
8,D,12,D12,68,46,K17,H22,pair,I19,C12
8,D,13,D13,22,11,C21,B24,pair,K6,C12
8,D,14,D14,22,50,C21,J6,pair,J18,H20
8,D,15,D15,48,15,I1,D8,pair,K17,D7
8,D,16,D16,58,41,I21,H12,pair,O7,M12
8,D,17,D17,70,35,K21,F24,pair,N19,F7
8,D,18,D18,26,57,E5,J20,mono,N24,N24
8,D,19,D19,85,83,O3,N24,pair,F16,D13
8,D,20,D20,64,48,K9,J2,pair,D1,P11
8,D,21,D21,10,59,A21,J24,pair,I19,L6
8,D,22,D22,68,54,K17,J14,pair,P1,D15
8,D,23,D23,1,40,A3,H10,pair,K17,F13
8,E,2,E2,19,61,C15,L4,pair,B4,C12
8,E,3,E3,49,60,I3,L2,pair,D1,P11
8,E,4,E4,37,36,G3,H2,pair,P23,P8
8,E,5,E5,27,37,E7,H4,pair,D1,E24
8,E,6,E6,83,36,M23,H2,pair,K6,E24
8,E,7,E7,78,46,M13,H22,pair,P23,A20
8,E,8,E8,21,13,C19,D4,pair,K11,C8
8,E,9,E9,74,40,M5,H10,pair,F7,P14
8,E,10,E10,55,81,I15,N20,pair,N19,K11
8,E,11,E11,4,95,A9,P24,pair,C20,J22
8,E,12,E12,12,85,C1,P4,pair,F16,O10
8,E,13,E13,19,13,C15,D4,pair,G17,C3
8,E,14,E14,21,5,C19,B12,pair,L6,D15
8,E,15,E15,42,91,G13,P16,pair,O5,D11
8,E,16,E16,22,95,C21,P24,pair,H20,L11
8,E,17,E17,82,89,M21,P12,pair,J24,E3
8,E,18,E18,18,41,C13,H12,pair,K10,C11
8,E,19,E19,11,37,A23,H4,pair,K3,J2
8,E,20,E20,22,82,C21,N22,pair,P8,K6
8,E,21,E21,43,51,G15,J8,pair,N3,M14
8,E,22,E22,50,4,I5,B10,pair,K6,C14
8,E,23,E23,18,11,C13,B24,pair,P14,G8
8,F,2,F2,58,39,I21,H8,pair,K2,J5
8,F,3,F3,28,17,E9,D12,pair,C15,P17
8,F,4,F4,60,89,K1,P12,pair,P1,C20
8,F,5,F5,21,17,C19,D12,pair,K3,L11
8,F,6,F6,56,74,I17,N6,pair,O10,P17
8,F,7,F7,62,30,K5,F14,pair,J18,L11
8,F,8,F8,15,40,C7,H10,pair,C20,C14
8,F,9,F9,15,50,C7,J6,pair,N24,E3
8,F,10,F10,56,52,I17,J10,pair,G17,K2
8,F,11,F11,76,82,M9,N22,pair,M23,K3
8,F,12,F12,27,21,E7,D20,pair,P11,O21
8,F,13,F13,21,8,C19,B18,pair,K11,P1
8,F,14,F14,23,66,C23,L14,pair,M12,F7
8,F,15,F15,84,89,O1,P12,pair,D3,N13
8,F,16,F16,48,80,I1,N18,pair,N23,C3
8,F,17,F17,42,84,G13,P2,pair,B15,P20
8,F,18,F18,34,25,E21,F4,pair,L6,E3
8,F,19,F19,42,64,G13,L10,pair,O17,O18
8,F,20,F20,53,31,I11,F16,pair,I19,M12
8,F,21,F21,74,6,M5,B14,pair,A19,K2
8,F,22,F22,31,34,E15,F22,pair,D1,C20
8,F,23,F23,69,4,K19,B10,pair,O21,A11
8,G,2,G2,75,62,M7,L6,pair,N15,J5
8,G,3,G3,29,61,E11,L4,pair,O17,C8
8,G,4,G4,85,59,O3,J24,pair,P1,L24
8,G,5,G5,91,82,O15,N22,pair,B15,J22
8,G,6,G6,4,14,A9,D6,pair,N21,C15
8,G,7,G7,15,10,C7,B22,pair,M14,O18
8,G,8,G8,70,74,K21,N6,pair,K10,G17
8,G,9,G9,55,65,I15,L12,pair,B24,E3
8,G,10,G10,88,74,O9,N6,pair,P1,F19
8,G,11,G11,12,89,C1,P12,pair,B12,N13
8,G,12,G12,32,68,E17,L18,pair,K11,K10
8,G,13,G13,55,76,I15,N10,pair,C8,N21
8,G,14,G14,88,58,O9,J22,pair,D15,L24
8,G,15,G15,71,72,K23,N2,pair,C12,D13
8,G,16,G16,34,52,E21,J10,pair,O24,B12
8,G,17,G17,53,38,I11,H6,pair,P1,D11
8,G,18,G18,89,51,O11,J8,pair,C8,M15
8,G,19,G19,76,78,M9,N14,pair,J18,P11
8,G,20,G20,58,84,I21,P2,pair,K3,D3
8,G,21,G21,66,48,K13,J2,pair,C20,L24
8,G,22,G22,95,67,O23,L16,pair,M23,N13
8,G,23,G23,29,71,E11,L24,pair,J24,C15
8,H,2,H2,18,47,C13,H24,pair,B7,C8
8,H,3,H3,39,70,G7,L22,pair,K10,N15
8,H,4,H4,60,3,K1,B8,pair,B15,C14
8,H,5,H5,46,26,G21,F6,pair,N14,O18
8,H,6,H6,64,55,K9,J16,pair,N3,A19
8,H,7,H7,83,88,M23,P10,pair,F2,J2
8,H,8,H8,57,74,I19,N6,pair,P16,O10
8,H,9,H9,50,28,I5,F10,pair,P1,L23
8,H,10,H10,76,85,M9,P4,pair,B7,F19
8,H,11,H11,59,94,I23,P22,pair,N23,F16
8,H,12,H12,50,8,I5,B18,pair,M23,C20
8,H,13,H13,39,84,G7,P2,pair,P1,G5
8,H,14,H14,68,94,K17,P22,pair,P11,B15
8,H,15,H15,31,0,E15,B2,pair,F2,D1
8,H,16,H16,59,61,I23,L4,pair,P23,M15
8,H,17,H17,44,63,G17,L8,pair,M23,L24
8,H,18,H18,3,19,A7,D16,pair,N19,P23
8,H,19,H19,67,12,K15,D2,pair,L19,K2
8,H,20,H20,95,79,O23,N16,pair,P8,J5
8,H,21,H21,53,2,I11,B6,pair,K15,C14
8,H,22,H22,56,94,I17,P22,pair,D6,C14
8,H,23,H23,23,26,C23,F6,pair,K17,C15
8,I,2,I2,44,59,G17,J24,pair,B15,C12
8,I,3,I3,69,77,K19,N12,pair,C11,N10
8,I,4,I4,10,32,A21,F18,pair,D1,K3
8,I,5,I5,9,43,A19,H16,pair,P1,E24
8,I,6,I6,83,78,M23,N14,pair,M23,A19
8,I,7,I7,69,43,K19,H16,pair,O24,N10
8,I,8,I8,61,2,K3,B6,pair,B4,D13
8,I,9,I9,33,30,E19,F14,pair,K15,E24
8,I,10,I10,43,26,G15,F6,pair,L19,N14
8,I,11,I11,61,43,K3,H16,pair,J24,J18
8,I,12,I12,0,39,A1,H8,pair,N21,C20
8,I,13,I13,69,22,K19,D22,pair,D20,C15
8,I,14,I14,58,92,I21,P18,pair,B24,E14
8,I,15,I15,26,71,E5,L24,pair,B12,J22
8,I,16,I16,81,75,M19,N8,pair,I19,P14
8,I,17,I17,44,4,G17,B10,pair,O7,J18
8,I,18,I18,27,33,E7,F20,pair,M23,M12
8,I,19,I19,87,89,O7,P12,pair,E3,F16
8,I,20,I20,83,20,M23,D18,pair,H20,L24
8,I,21,I21,1,20,A3,D18,pair,K10,N14
8,I,22,I22,16,25,C9,F4,pair,G17,P11
8,I,23,I23,54,48,I13,J2,pair,L6,C14
8,J,2,J2,26,46,E5,H22,pair,G5,K8
8,J,3,J3,26,8,E5,B18,pair,D1,K17
8,J,4,J4,19,84,C15,P2,pair,N23,M12
8,J,5,J5,35,24,E23,F2,pair,O5,J22
8,J,6,J6,66,81,K13,N20,pair,M12,O18
8,J,7,J7,74,51,M5,J8,pair,D6,K6
8,J,8,J8,23,40,C23,H10,pair,N24,I19
8,J,9,J9,39,16,G7,D10,pair,P1,J18
8,J,10,J10,31,87,E15,P8,pair,K15,G17
8,J,11,J11,20,36,C17,H2,pair,C3,A6
8,J,12,J12,65,37,K11,H4,pair,A20,E24
8,J,13,J13,0,19,A1,D16,pair,N19,N14
8,J,14,J14,0,40,A1,H10,pair,A19,N10
8,J,15,J15,14,8,C5,B18,pair,C19,D11
8,J,16,J16,91,47,O15,H24,pair,D20,M14
8,J,17,J17,33,75,E19,N8,pair,O7,N15
8,J,18,J18,46,27,G21,F8,pair,C20,E14
8,J,19,J19,85,13,O3,D4,pair,K15,N19
8,J,20,J20,88,9,O9,B20,mono,J18,J18
8,J,21,J21,18,52,C13,J10,pair,K15,J18
8,J,22,J22,59,55,I23,J16,pair,M23,L19
8,J,23,J23,29,30,E11,F14,pair,J24,C12
8,K,2,K2,10,52,A21,J10,pair,N19,P13
8,K,3,K3,27,20,E7,D18,pair,K10,M15
8,K,4,K4,60,4,K1,B10,pair,N24,N23
8,K,5,K5,53,87,I11,P8,pair,C12,N15
8,K,6,K6,25,70,E3,L22,pair,D20,J2
8,K,7,K7,6,66,A13,L14,pair,N19,E3
8,K,8,K8,33,3,E19,B8,pair,N19,D11
8,K,9,K9,21,72,C19,N2,pair,C19,J22
8,K,10,K10,91,17,O15,D12,pair,B12,D15
8,K,11,K11,31,14,E15,D6,pair,P8,G8
8,K,12,K12,76,55,M9,J16,pair,N14,A11
8,K,13,K13,43,50,G15,J6,pair,A5,B7
8,K,14,K14,14,74,C5,N6,pair,O5,F7
8,K,15,K15,32,37,E17,H4,pair,D13,K2
8,K,16,K16,2,81,A5,N20,pair,K17,O18
8,K,17,K17,51,59,I7,J24,pair,F2,N13
8,K,18,K18,86,3,O5,B8,pair,D6,P11
8,K,19,K19,0,81,A1,N20,pair,N3,O21
8,K,20,K20,52,74,I9,N6,pair,N14,F7
8,K,21,K21,31,91,E15,P16,pair,P23,B4
8,K,22,K22,79,63,M15,L8,pair,N15,A6
8,K,23,K23,79,30,M15,F14,pair,E3,M15
8,L,2,L2,84,36,O1,H2,pair,J24,E14
8,L,3,L3,67,4,K15,B10,pair,B7,D7
8,L,4,L4,31,56,E15,J18,pair,N23,F2
8,L,5,L5,32,80,E17,N18,pair,C15,M14
8,L,6,L6,33,38,E19,H6,pair,C8,E3
8,L,7,L7,10,38,A21,H6,pair,C20,K2
8,L,8,L8,56,68,I17,L18,pair,O24,E14
8,L,9,L9,75,27,M7,F8,pair,B4,A6
8,L,10,L10,18,77,C13,N12,pair,F17,K6
8,L,11,L11,42,32,G13,F18,pair,O17,K8
8,L,12,L12,30,88,E13,P10,pair,J24,K8
8,L,13,L13,92,2,O17,B6,pair,D1,C3
8,L,14,L14,28,9,E9,B20,pair,B15,F7
8,L,15,L15,85,45,O3,H20,pair,P11,J2
8,L,16,L16,19,4,C15,B10,pair,N3,B15
8,L,17,L17,12,62,C1,L6,pair,L6,K6
8,L,18,L18,91,9,O15,B20,pair,B7,C20
8,L,19,L19,24,23,E1,D24,pair,N3,G5
8,L,20,L20,94,66,O21,L14,pair,C15,D3
8,L,21,L21,3,41,A7,H12,pair,K15,J2
8,L,22,L22,27,41,E7,H12,pair,L23,F16
8,L,23,L23,26,77,E5,N12,pair,C8,L11
8,M,2,M2,58,52,I21,J10,pair,B12,A11
8,M,3,M3,88,73,O9,N4,pair,F17,M14
8,M,4,M4,9,4,A19,B10,pair,I19,O7
8,M,5,M5,68,69,K17,L20,pair,C14,P14
8,M,6,M6,52,56,I9,J18,pair,O7,H20
8,M,7,M7,7,76,A15,N10,pair,B24,J22
8,M,8,M8,95,87,O23,P8,pair,F17,O18
8,M,9,M9,44,56,G17,J18,pair,F16,L11
8,M,10,M10,69,72,K19,N2,pair,D20,F17
8,M,11,M11,27,40,E7,H10,pair,F2,L6
8,M,12,M12,68,2,K17,B6,pair,P8,A19
8,M,13,M13,16,44,C9,H18,pair,K3,N14
8,M,14,M14,0,5,A1,B12,pair,A19,A6
8,M,15,M15,38,42,G5,H14,pair,P20,N14
8,M,16,M16,18,19,C13,D16,pair,F2,C14
8,M,17,M17,58,35,I21,F24,pair,P1,A20
8,M,18,M18,16,65,C9,L12,pair,L24,C14
8,M,19,M19,86,31,O5,F16,pair,F2,B4
8,M,20,M20,52,67,I9,L16,pair,A19,P14
8,M,21,M21,82,66,M21,L14,pair,B15,C20
8,M,22,M22,19,75,C15,N8,pair,D20,P11
8,M,23,M23,71,73,K23,N4,pair,O24,D13
8,N,2,N2,21,9,C19,B20,pair,C19,A11
8,N,3,N3,86,92,O5,P18,pair,D11,L11
8,N,4,N4,57,52,I19,J10,pair,D6,H20
8,N,5,N5,0,30,A1,F14,pair,J18,F7
8,N,6,N6,34,70,E21,L22,pair,F19,A6
8,N,7,N7,5,28,A11,F10,pair,P8,M14
8,N,8,N8,18,74,C13,N6,pair,A5,J18
8,N,9,N9,14,33,C5,F20,pair,P1,P11
8,N,10,N10,70,78,K21,N14,pair,L6,M23
8,N,11,N11,32,52,E17,J10,pair,K10,A11
8,N,12,N12,42,13,G13,D4,pair,A5,F17
8,N,13,N13,52,37,I9,H4,pair,O21,D13
8,N,14,N14,50,77,I5,N12,pair,D20,L19
8,N,15,N15,35,26,E23,F6,pair,C19,L11
8,N,16,N16,68,3,K17,B8,pair,O24,M23
8,N,17,N17,84,77,O1,N12,pair,A19,L24
8,N,18,N18,76,62,M9,L6,pair,L23,D7
8,N,19,N19,4,5,A9,B12,pair,P8,D7
8,N,20,N20,67,70,K15,L22,pair,O24,L23
8,N,21,N21,47,12,G23,D2,pair,K3,L24
8,N,22,N22,35,47,E23,H24,pair,O17,L6
8,N,23,N23,60,49,K1,J4,pair,F7,D13
8,O,2,O2,51,38,I7,H6,pair,P8,B4
8,O,3,O3,25,23,E3,D24,pair,C11,C15
8,O,4,O4,29,22,E11,D22,pair,N23,K6
8,O,5,O5,88,84,O9,P2,pair,D20,A6
8,O,6,O6,94,95,O21,P24,pair,K15,J5
8,O,7,O7,67,38,K15,H6,pair,C19,F16
8,O,8,O8,74,85,M5,P4,pair,N19,N15
8,O,9,O9,62,78,K5,N14,pair,N23,E14
8,O,10,O10,11,8,A23,B18,pair,C19,P17
8,O,11,O11,56,10,I17,B22,pair,L11,K2
8,O,12,O12,27,49,E7,J4,pair,M12,C15
8,O,13,O13,68,93,K17,P20,pair,J24,D13
8,O,14,O14,50,74,I5,N6,pair,A5,K2
8,O,15,O15,16,42,C9,H14,pair,P1,A5
8,O,16,O16,10,94,A21,P22,pair,C3,F16
8,O,17,O17,64,40,K9,H10,pair,L6,K3
8,O,18,O18,22,94,C21,P22,pair,K2,P17
8,O,19,O19,10,74,A21,N6,pair,N10,N13
8,O,20,O20,32,33,E17,F20,pair,D11,F16
8,O,21,O21,78,34,M13,F22,pair,E3,D13
8,O,22,O22,91,14,O15,D6,pair,F7,D3
8,O,23,O23,59,5,I23,B12,pair,F7,M14
9,B,2,B2,71,92,K23,P18,pair,J24,P1
9,B,3,B3,65,55,K11,J16,pair,O17,F7
9,B,4,B4,37,65,G3,L12,pair,P13,C20
9,B,5,B5,35,83,E23,N24,pair,K3,P11
9,B,6,B6,59,76,I23,N10,pair,K15,P8
9,B,7,B7,33,64,E19,L10,pair,D6,B12
9,B,8,B8,95,85,O23,P4,pair,B4,J5
9,B,9,B9,23,65,C23,L12,pair,D20,L23
9,B,10,B10,52,2,I9,B6,pair,K15,A11
9,B,11,B11,22,8,C21,B18,pair,K11,B7
9,B,12,B12,10,87,A21,P8,pair,H20,P14
9,B,13,B13,44,81,G17,N20,pair,O7,D15
9,B,14,B14,11,7,A23,B16,pair,L19,C20
9,B,15,B15,48,73,I1,N4,pair,P13,O10
9,B,16,B16,17,24,C11,F2,pair,N3,O21
9,B,17,B17,78,7,M13,B16,pair,K17,D15
9,B,18,B18,82,1,M21,B4,pair,E24,J22
9,B,19,B19,53,63,I11,L8,pair,N23,P17
9,B,20,B20,29,73,E11,N4,pair,K17,M12
9,B,21,B21,94,61,O21,L4,pair,L24,G5
9,B,22,B22,82,74,M21,N6,pair,N3,D7
9,B,23,B23,77,90,M11,P14,pair,D6,D1
9,C,2,C2,31,68,E15,L18,pair,J18,K6
9,C,3,C3,32,6,E17,B14,pair,D6,C11
9,C,4,C4,19,82,C15,N22,pair,N23,F19
9,C,5,C5,76,18,M9,D14,pair,M23,A6
9,C,6,C6,6,65,A13,L12,pair,E24,P14
9,C,7,C7,83,71,M23,L24,pair,P20,C14
9,C,8,C8,12,53,C1,J12,pair,P14,N13
9,C,9,C9,8,63,A17,L8,pair,K15,J5
9,C,10,C10,72,67,M1,L16,pair,D20,O21
9,C,11,C11,22,46,C21,H22,pair,L23,P11
9,C,12,C12,27,52,E7,J10,pair,D7,P16
9,C,13,C13,31,6,E15,B14,pair,D20,N13
9,C,14,C14,74,88,M5,P10,pair,F2,P17
9,C,15,C15,68,31,K17,F16,pair,K10,F13
9,C,16,C16,24,84,E1,P2,pair,K15,P14
9,C,17,C17,17,74,C11,N6,pair,K15,E14
9,C,18,C18,30,15,E13,D8,pair,L6,N3
9,C,19,C19,4,61,A9,L4,pair,P8,C3
9,C,20,C20,43,18,G15,D14,pair,N3,F19
9,C,21,C21,20,13,C17,D4,pair,F13,F16
9,C,22,C22,39,81,G7,N20,pair,N3,A19
9,C,23,C23,47,75,G23,N8,pair,D11,P17
9,D,2,D2,13,93,C3,P20,pair,C12,A6
9,D,3,D3,26,17,E5,D12,pair,P8,M14
9,D,4,D4,3,79,A7,N16,pair,O17,C11
9,D,5,D5,35,93,E23,P20,pair,N24,F7
9,D,6,D6,60,1,K1,B4,pair,B24,J22
9,D,7,D7,43,19,G15,D16,pair,P23,A6
9,D,8,D8,80,30,M17,F14,pair,B4,J22
9,D,9,D9,15,45,C7,H20,pair,P8,F17
9,D,10,D10,55,92,I15,P18,pair,D11,C15
9,D,11,D11,27,84,E7,P2,pair,C3,P16
9,D,12,D12,83,46,M23,H22,pair,K6,J2
9,D,13,D13,46,18,G21,D14,pair,D7,J22
9,D,14,D14,69,13,K19,D4,pair,K15,O21
9,D,15,D15,17,43,C11,H16,pair,D20,E14
9,D,16,D16,75,60,M7,L2,pair,A5,J5
9,D,17,D17,64,76,K9,N10,pair,L23,D3
9,D,18,D18,73,56,M3,J18,pair,D6,P23
9,D,19,D19,94,20,O21,D18,pair,N3,D15
9,D,20,D20,26,93,E5,P20,pair,N19,E24
9,D,21,D21,74,48,M5,J2,pair,I19,P20
9,D,22,D22,44,38,G17,H6,pair,K15,J22
9,D,23,D23,33,65,E19,L12,pair,J24,P23
9,E,2,E2,41,49,G11,J4,pair,F7,G8
9,E,3,E3,28,42,E9,H14,pair,F13,E14
9,E,4,E4,83,63,M23,L8,pair,P23,K8
9,E,5,E5,42,50,G13,J6,pair,N14,G8
9,E,6,E6,52,14,I9,D6,pair,C19,K8
9,E,7,E7,31,4,E15,B10,pair,G17,C19
9,E,8,E8,59,85,I23,P4,pair,F2,P20
9,E,9,E9,93,27,O19,F8,pair,P23,N3
9,E,10,E10,90,19,O13,D16,pair,B24,P17
9,E,11,E11,92,3,O17,B8,pair,J18,P11
9,E,12,E12,46,91,G21,P16,pair,L19,N10
9,E,13,E13,71,42,K23,H14,pair,C8,O10
9,E,14,E14,3,95,A7,P24,pair,C3,N15
9,E,15,E15,57,2,I19,B6,pair,B12,K8
9,E,16,E16,64,46,K9,H22,pair,N14,M14
9,E,17,E17,32,66,E17,L14,pair,H20,M12
9,E,18,E18,14,84,C5,P2,pair,N3,K2
9,E,19,E19,49,36,I3,H2,pair,N3,O18
9,E,20,E20,91,16,O15,D10,pair,C12,E14
9,E,21,E21,57,44,I19,H18,pair,C8,C19
9,E,22,E22,19,26,C15,F6,pair,F17,O21
9,E,23,E23,5,67,A11,L16,pair,P11,A6
9,F,2,F2,62,13,K5,D4,pair,B12,P14
9,F,3,F3,28,89,E9,P12,pair,D6,B12
9,F,4,F4,33,81,E19,N20,pair,C3,G8
9,F,5,F5,17,76,C11,N10,pair,P1,L23
9,F,6,F6,48,9,I1,B20,pair,K11,O17
9,F,7,F7,69,51,K19,J8,pair,A20,K2
9,F,8,F8,2,87,A5,P8,pair,B15,G5
9,F,9,F9,82,35,M21,F24,pair,M23,M14
9,F,10,F10,37,39,G3,H8,pair,A20,F19
9,F,11,F11,25,69,E3,L20,pair,N24,F16
9,F,12,F12,26,42,E5,H14,pair,H20,F16
9,F,13,F13,44,45,G17,H20,pair,D20,E3
9,F,14,F14,67,37,K15,H4,pair,P20,P16
9,F,15,F15,6,28,A13,F10,pair,D15,O18
9,F,16,F16,29,87,E11,P8,pair,N23,G8
9,F,17,F17,16,31,C9,F16,pair,B12,N10
9,F,18,F18,77,2,M11,B6,pair,D15,J5
9,F,19,F19,83,84,M23,P2,pair,K3,K8
9,F,20,F20,35,67,E23,L16,pair,C3,C20
9,F,21,F21,1,95,A3,P24,pair,K15,C3
9,F,22,F22,41,55,G11,J16,pair,B24,C11
9,F,23,F23,91,61,O15,L4,pair,F13,A11
9,G,2,G2,76,29,M9,F12,pair,J18,P23
9,G,3,G3,81,54,M19,J14,pair,F13,O18
9,G,4,G4,12,47,C1,H24,pair,O7,H20
9,G,5,G5,65,20,K11,D18,pair,C3,D13
9,G,6,G6,38,32,G5,F18,pair,G17,C3
9,G,7,G7,10,66,A21,L14,pair,I19,O10
9,G,8,G8,68,35,K17,F24,pair,E3,O18
9,G,9,G9,7,13,A15,D4,pair,A11,O18
9,G,10,G10,58,24,I21,F2,pair,D20,P23
9,G,11,G11,28,8,E9,B18,pair,C11,G5
9,G,12,G12,71,28,K23,F10,pair,O17,E14
9,G,13,G13,29,19,E11,D16,pair,K6,N21
9,G,14,G14,29,95,E11,P24,pair,P8,C20
9,G,15,G15,54,11,I13,B24,pair,J18,P16
9,G,16,G16,41,29,G11,F12,pair,F2,A20
9,G,17,G17,64,15,K9,D8,pair,N24,E3
9,G,18,G18,46,54,G21,J14,pair,C14,G8
9,G,19,G19,65,60,K11,L2,pair,D20,O18
9,G,20,G20,52,42,I9,H14,pair,K3,O18
9,G,21,G21,59,86,I23,P6,pair,K11,D13
9,G,22,G22,23,9,C23,B20,pair,D15,M14
9,G,23,G23,25,35,E3,F24,pair,J18,N13
9,H,2,H2,71,43,K23,H16,pair,A19,C19
9,H,3,H3,56,64,I17,L10,pair,I19,C19
9,H,4,H4,54,0,I13,B2,pair,P23,F19
9,H,5,H5,63,39,K7,H8,pair,I19,N3
9,H,6,H6,77,55,M11,J16,pair,K10,O5
9,H,7,H7,0,45,A1,H20,pair,O24,J22
9,H,8,H8,9,90,A19,P14,pair,K11,M14
9,H,9,H9,14,5,C5,B12,pair,C8,B15
9,H,10,H10,54,64,I13,L10,pair,B4,B12
9,H,11,H11,36,68,G1,L18,pair,F2,A6
9,H,12,H12,24,13,E1,D4,pair,F17,C12
9,H,13,H13,8,90,A17,P14,pair,N23,A20
9,H,14,H14,55,3,I15,B8,pair,L23,O5
9,H,15,H15,42,78,G13,N14,pair,B7,G5
9,H,16,H16,36,18,G1,D14,pair,I19,D11
9,H,17,H17,65,14,K11,D6,pair,O17,N15
9,H,18,H18,39,51,G7,J8,pair,P20,D11
9,H,19,H19,86,63,O5,L8,pair,G8,O18
9,H,20,H20,39,67,G7,L16,pair,B4,N13
9,H,21,H21,49,62,I3,L6,pair,A5,C20
9,H,22,H22,18,30,C13,F14,pair,N21,L24
9,H,23,H23,0,68,A1,L18,pair,F19,L11
9,I,2,I2,3,44,A7,H18,pair,K15,C15
9,I,3,I3,59,0,I23,B2,pair,N24,A6
9,I,4,I4,93,29,O19,F12,pair,P8,K2
9,I,5,I5,76,91,M9,P16,pair,D20,E14
9,I,6,I6,89,14,O11,D6,pair,K15,O18
9,I,7,I7,9,15,A19,D8,pair,K17,L19
9,I,8,I8,88,10,O9,B22,pair,D13,O18
9,I,9,I9,45,76,G19,N10,pair,B24,P20
9,I,10,I10,40,24,G9,F2,pair,B7,D13
9,I,11,I11,80,73,M17,N4,pair,J18,K2
9,I,12,I12,0,76,A1,N10,pair,C19,P14
9,I,13,I13,15,23,C7,D24,pair,G17,L6
9,I,14,I14,25,8,E3,B18,pair,K6,E14
9,I,15,I15,20,39,C17,H8,pair,L23,F2
9,I,16,I16,89,25,O11,F4,pair,F2,F16
9,I,17,I17,77,82,M11,N22,pair,P8,E24
9,I,18,I18,63,33,K7,F20,pair,O17,K6
9,I,19,I19,48,34,I1,F22,pair,F19,N15
9,I,20,I20,90,6,O13,B14,pair,D20,D13
9,I,21,I21,78,68,M13,L18,pair,B24,K3
9,I,22,I22,55,91,I15,P16,pair,J18,N10
9,I,23,I23,49,25,I3,F4,pair,B4,A11
9,J,2,J2,33,15,E19,D8,pair,F17,M12
9,J,3,J3,60,86,K1,P6,pair,I19,D20
9,J,4,J4,92,56,O17,J18,pair,O17,L19
9,J,5,J5,73,46,M3,H22,pair,M12,F13
9,J,6,J6,8,39,A17,H8,pair,P13,C11
9,J,7,J7,57,28,I19,F10,pair,P23,M12
9,J,8,J8,90,51,O13,J8,pair,J24,P20
9,J,9,J9,64,86,K9,P6,pair,K3,D7
9,J,10,J10,86,62,O5,L6,pair,N23,O21
9,J,11,J11,61,25,K3,F4,pair,K15,P17
9,J,12,J12,1,42,A3,H14,pair,O24,O5
9,J,13,J13,7,59,A15,J24,pair,A19,P11
9,J,14,J14,63,78,K7,N14,pair,G8,O18
9,J,15,J15,45,43,G19,H16,pair,L6,P14
9,J,16,J16,80,74,M17,N6,pair,K15,K6
9,J,17,J17,77,29,M11,F12,pair,P1,B15
9,J,18,J18,73,81,M3,N20,pair,C20,N13
9,J,19,J19,29,38,E11,H6,pair,A6,O18
9,J,20,J20,20,67,C17,L16,pair,K11,J22
9,J,21,J21,46,4,G21,B10,pair,N3,A11
9,J,22,J22,31,8,E15,B18,pair,K3,E14
9,J,23,J23,12,38,C1,H6,pair,P11,M14
9,K,2,K2,38,46,G5,H22,pair,N21,P16
9,K,3,K3,26,29,E5,F12,pair,B7,P17
9,K,4,K4,18,85,C13,P4,pair,B15,E14
9,K,5,K5,2,91,A5,P16,pair,P16,P17
9,K,6,K6,89,18,O11,D14,pair,C3,B15
9,K,7,K7,55,15,I15,D8,pair,L23,P14
9,K,8,K8,52,45,I9,H20,pair,C3,K2
9,K,9,K9,22,9,C21,B20,pair,P16,N14
9,K,10,K10,45,14,G19,D6,pair,E24,F13
9,K,11,K11,79,18,M15,D14,pair,N3,E24
9,K,12,K12,85,48,O3,J2,pair,O24,A19
9,K,13,K13,16,22,C9,D22,pair,M23,J2
9,K,14,K14,46,87,G21,P8,pair,J22,G8
9,K,15,K15,84,44,O1,H18,pair,D6,N23
9,K,16,K16,91,54,O15,J14,pair,F17,P17
9,K,17,K17,8,60,A17,L2,pair,B15,M14
9,K,18,K18,70,1,K21,B4,pair,J24,C15
9,K,19,K19,17,9,C11,B20,pair,L6,O5
9,K,20,K20,80,48,M17,J2,pair,N23,E24
9,K,21,K21,94,28,O21,F10,pair,N23,C15
9,K,22,K22,54,32,I13,F18,pair,P8,K8
9,K,23,K23,89,23,O11,D24,pair,N23,F13
9,L,2,L2,84,86,O1,P6,pair,B4,J2
9,L,3,L3,84,79,O1,N16,pair,N19,D3
9,L,4,L4,80,17,M17,D12,pair,N23,E3
9,L,5,L5,21,30,C19,F14,pair,N24,O17
9,L,6,L6,29,82,E11,N22,pair,F17,E24
9,L,7,L7,85,84,O3,P2,pair,J18,L19
9,L,8,L8,2,66,A5,L14,pair,P23,A19
9,L,9,L9,89,56,O11,J18,pair,F13,J22
9,L,10,L10,78,13,M13,D4,pair,B7,F2
9,L,11,L11,48,95,I1,P24,pair,P1,O5
9,L,12,L12,13,90,C3,P14,pair,P11,K8
9,L,13,L13,62,76,K5,N10,pair,P23,F13
9,L,14,L14,64,65,K9,L12,pair,N3,A20
9,L,15,L15,29,59,E11,J24,pair,L24,O10
9,L,16,L16,68,75,K17,N8,pair,C11,C14
9,L,17,L17,3,40,A7,H10,pair,D20,M12
9,L,18,L18,69,10,K19,B22,pair,F7,F16
9,L,19,L19,61,40,K3,H10,pair,I19,A6
9,L,20,L20,81,91,M19,P16,pair,F19,O18
9,L,21,L21,16,76,C9,N10,pair,B15,M12
9,L,22,L22,43,37,G15,H4,pair,L23,P8
9,L,23,L23,60,61,K1,L4,pair,L23,P17
9,M,2,M2,32,86,E17,P6,pair,N3,H20
9,M,3,M3,64,37,K9,H4,pair,M12,C14
9,M,4,M4,77,58,M11,J22,pair,G5,K2
9,M,5,M5,94,49,O21,J4,pair,P23,M23
9,M,6,M6,5,68,A11,L18,pair,E3,M12
9,M,7,M7,0,35,A1,F24,pair,D1,N3
9,M,8,M8,55,89,I15,P12,pair,C3,N13
9,M,9,M9,93,72,O19,N2,pair,L19,D3
9,M,10,M10,85,11,O3,B24,pair,L19,G5
9,M,11,M11,48,12,I1,D2,pair,L23,P16
9,M,12,M12,71,7,K23,B16,pair,P13,L24
9,M,13,M13,16,69,C9,L20,pair,G17,P16
9,M,14,M14,25,39,E3,H8,pair,D1,C15
9,M,15,M15,89,85,O11,P4,pair,J18,C12
9,M,16,M16,72,89,M1,P12,pair,M12,B12
9,M,17,M17,26,55,E5,J16,pair,A5,D6
9,M,18,M18,24,11,E1,B24,pair,B7,P11
9,M,19,M19,65,23,K11,D24,pair,B4,O21
9,M,20,M20,56,91,I17,P16,pair,L6,K2
9,M,21,M21,76,90,M9,P14,mono,C14,C14
9,M,22,M22,4,87,A9,P8,pair,D6,F7
9,M,23,M23,4,47,A9,H24,pair,P8,D13
9,N,2,N2,25,62,E3,L6,pair,K3,O10
9,N,3,N3,27,88,E7,P10,pair,G17,F13
9,N,4,N4,38,28,G5,F10,pair,D6,C3
9,N,5,N5,55,83,I15,N24,pair,L6,F13
9,N,6,N6,61,11,K3,B24,pair,K6,M14
9,N,7,N7,44,40,G17,H10,mono,N10,N10
9,N,8,N8,63,66,K7,L14,pair,P11,C12
9,N,9,N9,37,17,G3,D12,pair,K11,D1
9,N,10,N10,39,33,G7,F20,pair,O5,O10
9,N,11,N11,82,9,M21,B20,pair,P1,A5
9,N,12,N12,28,80,E9,N18,pair,O10,G8
9,N,13,N13,61,37,K3,H4,pair,B7,P23
9,N,14,N14,0,62,A1,L6,pair,N14,D13
9,N,15,N15,17,44,C11,H18,pair,N24,J5
9,N,16,N16,22,67,C21,L16,pair,P16,C15
9,N,17,N17,43,16,G15,D10,pair,N21,D7
9,N,18,N18,2,78,A5,N14,pair,N24,N3
9,N,19,N19,29,1,E11,B4,pair,B12,C20
9,N,20,N20,25,38,E3,H6,pair,G8,P17
9,N,21,N21,82,41,M21,H12,pair,F19,B12
9,N,22,N22,72,37,M1,H4,pair,B7,L6
9,N,23,N23,42,46,G13,H22,pair,C19,N14
9,O,2,O2,14,81,C5,N20,pair,L6,D13
9,O,3,O3,32,85,E17,P4,pair,A19,O21
9,O,4,O4,29,42,E11,H14,pair,P20,M12
9,O,5,O5,74,10,M5,B22,pair,C8,N13
9,O,6,O6,33,47,E19,H24,pair,L11,P14
9,O,7,O7,65,3,K11,B8,pair,M23,K2
9,O,8,O8,61,46,K3,H22,pair,O24,N15
9,O,9,O9,77,25,M11,F4,pair,P8,N21
9,O,10,O10,62,8,K5,B18,pair,H20,E3
9,O,11,O11,77,7,M11,B16,pair,C12,G8
9,O,12,O12,19,51,C15,J8,pair,P16,O10
9,O,13,O13,44,8,G17,B18,pair,K15,F2
9,O,14,O14,0,34,A1,F22,pair,J24,E14
9,O,15,O15,4,25,A9,F4,pair,F17,M15
9,O,16,O16,59,56,I23,J18,pair,A19,H20
9,O,17,O17,67,72,K15,N2,pair,B12,O21
9,O,18,O18,30,65,E13,L12,pair,K3,J22
9,O,19,O19,50,54,I5,J14,pair,N19,O21
9,O,20,O20,28,57,E9,J20,pair,J24,O10
9,O,21,O21,95,17,O23,D12,pair,B24,D20
9,O,22,O22,17,84,C11,P2,pair,M23,G5
9,O,23,O23,44,49,G17,J4,pair,J24,O17
10,B,2,B2,31,70,E15,L22,pair,B7,P23
10,B,3,B3,0,49,A1,J4,pair,K11,N14
10,B,4,B4,29,5,E11,B12,pair,L23,E14
10,B,5,B5,79,21,M15,D20,pair,E3,P16
10,B,6,B6,56,9,I17,B20,pair,O24,N10
10,B,7,B7,63,90,K7,P14,pair,K6,K8
10,B,8,B8,13,74,C3,N6,pair,B4,J2
10,B,9,B9,41,89,G11,P12,pair,E24,A11
10,B,10,B10,41,83,G11,N24,pair,N23,C12
10,B,11,B11,85,58,O3,J22,pair,P23,O17
10,B,12,B12,79,26,M15,F6,pair,D20,G5
10,B,13,B13,73,67,M3,L16,pair,C8,H20
10,B,14,B14,74,71,M5,L24,pair,B24,C12
10,B,15,B15,72,23,M1,D24,pair,N24,F13
10,B,16,B16,73,50,M3,J6,pair,C11,M12
10,B,17,B17,52,44,I9,H18,pair,A20,A19
10,B,18,B18,64,94,K9,P22,pair,L19,B12
10,B,19,B19,79,89,M15,P12,pair,N21,K2
10,B,20,B20,50,36,I5,H2,pair,K15,B15
10,B,21,B21,53,3,I11,B8,pair,O24,A6
10,B,22,B22,69,83,K19,N24,pair,N24,B4
10,B,23,B23,68,10,K17,B22,pair,L23,K6
10,C,2,C2,2,16,A5,D10,pair,C3,P20
10,C,3,C3,81,38,M19,H6,pair,K6,O21
10,C,4,C4,25,12,E3,D2,pair,M23,K6
10,C,5,C5,92,21,O17,D20,pair,F2,P23
10,C,6,C6,40,36,G9,H2,pair,M23,L19
10,C,7,C7,93,68,O19,L18,pair,G17,B12
10,C,8,C8,36,70,G1,L22,pair,M23,M15
10,C,9,C9,1,51,A3,J8,pair,N3,C20
10,C,10,C10,10,9,A21,B20,pair,P23,K17
10,C,11,C11,65,54,K11,J14,pair,P1,P8
10,C,12,C12,54,69,I13,L20,pair,N23,B4
10,C,13,C13,42,9,G13,B20,pair,M15,N14
10,C,14,C14,76,50,M9,J6,pair,C3,C15
10,C,15,C15,48,92,I1,P18,pair,C8,K17
10,C,16,C16,26,83,E5,N24,pair,C11,F7
10,C,17,C17,36,26,G1,F6,pair,P13,G5
10,C,18,C18,95,42,O23,H14,pair,M23,J2
10,C,19,C19,60,5,K1,B12,pair,F19,J2
10,C,20,C20,67,75,K15,N8,pair,F2,N13
10,C,21,C21,80,93,M17,P20,pair,A5,P8
10,C,22,C22,61,63,K3,L8,pair,A11,N13
10,C,23,C23,17,34,C11,F22,mono,J5,J5
10,D,2,D2,76,57,M9,J20,pair,L23,C19
10,D,3,D3,16,56,C9,J18,pair,H20,N10
10,D,4,D4,7,26,A15,F6,pair,L23,L11
10,D,5,D5,22,54,C21,J14,pair,N19,K2
10,D,6,D6,50,80,I5,N18,pair,E24,F13
10,D,7,D7,14,10,C5,B22,pair,O5,P17
10,D,8,D8,16,38,C9,H6,pair,K15,N13
10,D,9,D9,17,54,C11,J14,pair,K6,N21
10,D,10,D10,75,74,M7,N6,pair,O7,M23
10,D,11,D11,60,8,K1,B18,pair,O10,N13
10,D,12,D12,53,36,I11,H2,pair,P1,L24
10,D,13,D13,33,13,E19,D4,pair,K10,J22
10,D,14,D14,5,11,A11,B24,pair,M15,F13
10,D,15,D15,86,21,O5,D20,pair,C14,F16
10,D,16,D16,51,48,I7,J2,pair,J18,O18
10,D,17,D17,4,73,A9,N4,pair,L24,K2
10,D,18,D18,39,71,G7,L24,pair,P16,K2
10,D,19,D19,90,27,O13,F8,pair,P23,D13
10,D,20,D20,94,74,O21,N6,pair,I19,G8
10,D,21,D21,54,75,I13,N8,pair,B15,E24
10,D,22,D22,94,33,O21,F20,pair,C20,P17
10,D,23,D23,34,24,E21,F2,pair,L24,E14
10,E,2,E2,76,68,M9,L18,pair,G17,F19
10,E,3,E3,41,73,G11,N4,pair,K15,F19
10,E,4,E4,17,32,C11,F18,pair,N10,K8
10,E,5,E5,78,95,M13,P24,pair,L23,N21
10,E,6,E6,77,74,M11,N6,pair,D7,E14
10,E,7,E7,71,53,K23,J12,mono,F16,F16
10,E,8,E8,13,64,C3,L10,pair,J24,C3
10,E,9,E9,29,91,E11,P16,pair,A5,A11
10,E,10,E10,23,25,C23,F4,pair,F2,O18
10,E,11,E11,38,57,G5,J20,pair,P8,J22
10,E,12,E12,48,64,I1,L10,pair,C15,J2
10,E,13,E13,66,70,K13,L22,pair,N15,J2
10,E,14,E14,2,36,A5,H2,pair,F17,B15
10,E,15,E15,51,34,I7,F22,pair,A5,K10
10,E,16,E16,73,71,M3,L24,pair,K8,D3
10,E,17,E17,93,28,O19,F10,mono,K10,K10
10,E,18,E18,89,90,O11,P14,pair,F7,O21
10,E,19,E19,14,62,C5,L6,pair,E3,G5
10,E,20,E20,17,87,C11,P8,pair,B4,H20
10,E,21,E21,30,79,E13,N16,pair,D6,N23
10,E,22,E22,94,64,O21,L10,pair,N23,H20
10,E,23,E23,80,78,M17,N14,pair,E3,D15
10,F,2,F2,72,29,M1,F12,pair,C12,J22
10,F,3,F3,42,93,G13,P20,pair,D6,A6
10,F,4,F4,14,65,C5,L12,pair,B4,A19
10,F,5,F5,60,69,K1,L20,pair,K11,K17
10,F,6,F6,12,93,C1,P20,pair,P23,L6
10,F,7,F7,53,64,I11,L10,pair,B24,N3
10,F,8,F8,77,38,M11,H6,pair,J18,L6
10,F,9,F9,82,29,M21,F12,pair,A19,B15
10,F,10,F10,10,26,A21,F6,pair,M12,F7
10,F,11,F11,88,65,O9,L12,pair,J22,K2
10,F,12,F12,59,26,I23,F6,pair,B15,D7
10,F,13,F13,20,52,C17,J10,pair,P8,M15
10,F,14,F14,75,4,M7,B10,pair,B24,O18
10,F,15,F15,42,19,G13,D16,pair,J24,N10
10,F,16,F16,7,89,A15,P12,pair,M12,C14
10,F,17,F17,60,9,K1,B20,pair,P20,O21
10,F,18,F18,78,4,M13,B10,pair,J18,P20
10,F,19,F19,88,20,O9,D18,pair,I19,A11
10,F,20,F20,79,29,M15,F12,pair,K10,C12
10,F,21,F21,66,24,K13,F2,pair,P1,P20
10,F,22,F22,71,4,K23,B10,pair,P23,F16
10,F,23,F23,74,45,M5,H20,pair,F2,G8
10,G,2,G2,3,58,A7,J22,pair,F17,C19
10,G,3,G3,12,54,C1,J14,pair,F19,K8
10,G,4,G4,65,42,K11,H14,pair,O5,C19
10,G,5,G5,10,23,A21,D24,pair,O7,J2
10,G,6,G6,12,76,C1,N10,pair,K11,D6
10,G,7,G7,89,76,O11,N10,pair,K6,D3
10,G,8,G8,92,94,O17,P22,pair,C14,A11
10,G,9,G9,24,75,E1,N8,pair,F2,B15
10,G,10,G10,78,28,M13,F10,pair,B15,N13
10,G,11,G11,27,64,E7,L10,pair,C8,C20
10,G,12,G12,9,35,A19,F24,pair,N24,D6
10,G,13,G13,53,18,I11,D14,pair,K8,P17
10,G,14,G14,56,57,I17,J20,pair,C19,E14
10,G,15,G15,28,36,E9,H2,pair,G17,G8
10,G,16,G16,8,91,A17,P16,pair,F2,O17
10,G,17,G17,92,60,O17,L2,pair,B15,D3
10,G,18,G18,79,94,M15,P22,pair,P23,M12
10,G,19,G19,82,37,M21,H4,pair,O21,F13
10,G,20,G20,48,59,I1,J24,pair,P1,G8
10,G,21,G21,81,85,M19,P4,pair,L23,P16
10,G,22,G22,93,34,O19,F22,pair,N23,D1
10,G,23,G23,35,10,E23,B22,pair,I19,N23
10,H,2,H2,32,45,E17,H20,pair,A19,L24
10,H,3,H3,27,56,E7,J18,pair,B24,M23
10,H,4,H4,58,87,I21,P8,pair,B7,J18
10,H,5,H5,59,65,I23,L12,pair,K11,G8
10,H,6,H6,52,69,I9,L20,pair,P8,C3
10,H,7,H7,95,68,O23,L18,pair,O24,K8
10,H,8,H8,55,78,I15,N14,pair,D15,L11
10,H,9,H9,27,68,E7,L18,pair,K10,O10
10,H,10,H10,58,25,I21,F4,pair,O24,P14
10,H,11,H11,61,71,K3,L24,pair,N3,K6
10,H,12,H12,39,11,G7,B24,pair,D13,G8
10,H,13,H13,55,25,I15,F4,pair,P23,D11
10,H,14,H14,93,91,O19,P16,pair,K11,N13
10,H,15,H15,22,28,C21,F10,pair,K11,C15
10,H,16,H16,42,8,G13,B18,pair,D11,J5
10,H,17,H17,72,88,M1,P10,pair,I19,K6
10,H,18,H18,63,84,K7,P2,pair,H20,J2
10,H,19,H19,7,42,A15,H14,pair,M15,J22
10,H,20,H20,69,0,K19,B2,pair,K11,C3
10,H,21,H21,22,58,C21,J22,pair,N19,N13
10,H,22,H22,26,22,E5,D22,pair,P8,E3
10,H,23,H23,92,9,O17,B20,pair,N21,J5
10,I,2,I2,56,88,I17,P10,pair,G17,P14
10,I,3,I3,66,27,K13,F8,pair,G17,M23
10,I,4,I4,29,40,E11,H10,pair,A20,D3
10,I,5,I5,61,0,K3,B2,pair,P1,E3
10,I,6,I6,94,65,O21,L12,pair,O10,J22
10,I,7,I7,25,77,E3,N12,pair,N10,N13
10,I,8,I8,86,54,O5,J14,pair,P16,F13
10,I,9,I9,66,60,K13,L2,pair,C3,O18
10,I,10,I10,84,43,O1,H16,pair,M12,D13
10,I,11,I11,65,38,K11,H6,pair,O17,C11
10,I,12,I12,84,27,O1,F8,pair,A5,P11
10,I,13,I13,29,74,E11,N6,pair,K6,C12
10,I,14,I14,64,36,K9,H2,pair,P16,N13
10,I,15,I15,11,57,A23,J20,pair,L19,J2
10,I,16,I16,80,7,M17,B16,pair,L23,A20
10,I,17,I17,2,38,A5,H6,pair,D11,N14
10,I,18,I18,3,47,A7,H24,pair,O7,N21
10,I,19,I19,5,26,A11,F6,pair,K6,C20
10,I,20,I20,24,94,E1,P22,pair,O17,M14
10,I,21,I21,74,94,M5,P22,pair,L23,P23
10,I,22,I22,16,6,C9,B14,pair,B4,C12
10,I,23,I23,64,56,K9,J18,pair,G17,N3
10,J,2,J2,25,0,E3,B2,pair,K17,A20
10,J,3,J3,70,57,K21,J20,pair,N24,D1
10,J,4,J4,3,33,A7,F20,pair,F16,M14
10,J,5,J5,6,85,A13,P4,pair,D20,C3
10,J,6,J6,73,44,M3,H18,pair,P16,G8
10,J,7,J7,14,61,C5,L4,pair,B7,C12
10,J,8,J8,58,3,I21,B8,pair,B24,D13
10,J,9,J9,72,56,M1,J18,pair,C15,F16
10,J,10,J10,27,13,E7,D4,pair,O7,A11
10,J,11,J11,47,55,G23,J16,pair,K10,J18
10,J,12,J12,35,11,E23,B24,pair,D20,C19
10,J,13,J13,6,84,A13,P2,pair,P11,N14
10,J,14,J14,25,46,E3,H22,pair,B15,D13
10,J,15,J15,72,62,M1,L6,pair,C11,P14
10,J,16,J16,50,66,I5,L14,pair,B15,C20
10,J,17,J17,14,22,C5,D22,pair,O17,P16
10,J,18,J18,93,47,O19,H24,pair,O17,M12
10,J,19,J19,7,48,A15,J2,pair,A6,J5
10,J,20,J20,71,22,K23,D22,pair,D11,E14
10,J,21,J21,72,26,M1,F6,pair,D15,N13
10,J,22,J22,52,75,I9,N8,pair,N19,P14
10,J,23,J23,27,95,E7,P24,pair,O24,D3
10,K,2,K2,21,28,C19,F10,pair,P11,A11
10,K,3,K3,21,94,C19,P22,pair,O5,C20
10,K,4,K4,25,34,E3,F22,pair,L23,C12
10,K,5,K5,92,20,O17,D18,pair,D11,K8
10,K,6,K6,76,61,M9,L4,pair,P20,D3
10,K,7,K7,15,80,C7,N18,pair,I19,J22
10,K,8,K8,37,24,G3,F2,pair,C3,E14
10,K,9,K9,5,83,A11,N24,pair,L11,P17
10,K,10,K10,49,83,I3,N24,pair,P20,G8
10,K,11,K11,27,2,E7,B6,pair,B24,K8
10,K,12,K12,83,95,M23,P24,pair,N15,P17
10,K,13,K13,26,88,E5,P10,pair,B4,O5
10,K,14,K14,49,77,I3,N12,pair,N23,C19
10,K,15,K15,23,45,C23,H20,pair,D20,G5
10,K,16,K16,58,4,I21,B10,pair,K10,I19
10,K,17,K17,84,60,O1,L2,pair,O10,L11
10,K,18,K18,74,80,M5,N18,pair,G17,F19
10,K,19,K19,91,67,O15,L16,pair,G5,K8
10,K,20,K20,8,78,A17,N14,pair,M23,C14
10,K,21,K21,36,83,G1,N24,pair,E3,P17
10,K,22,K22,34,5,E21,B12,pair,A5,D15
10,K,23,K23,16,43,C9,H16,pair,C15,G8
10,L,2,L2,54,38,I13,H6,pair,O5,K17
10,L,3,L3,49,58,I3,J22,pair,P8,D15
10,L,4,L4,75,86,M7,P6,pair,F19,O10
10,L,5,L5,1,41,A3,H12,pair,O21,E24
10,L,6,L6,89,40,O11,H10,pair,L6,H20
10,L,7,L7,4,39,A9,H8,pair,E24,J2
10,L,8,L8,14,48,C5,J2,pair,A5,I19
10,L,9,L9,81,65,M19,L12,pair,N23,B12
10,L,10,L10,36,19,G1,D16,pair,K11,C20
10,L,11,L11,15,74,C7,N6,pair,G17,A6
10,L,12,L12,72,43,M1,H16,pair,F7,N13
10,L,13,L13,78,20,M13,D18,pair,K11,B12
10,L,14,L14,22,41,C21,H12,pair,K10,N10
10,L,15,L15,87,41,O7,H12,pair,P13,F17
10,L,16,L16,61,56,K3,J18,pair,A5,A6
10,L,17,L17,76,93,M9,P20,pair,E3,M14
10,L,18,L18,42,10,G13,B22,pair,P16,A11
10,L,19,L19,93,31,O19,F16,pair,G17,K3
10,L,20,L20,40,81,G9,N20,pair,N15,D3
10,L,21,L21,76,70,M9,L22,pair,G5,D3
10,L,22,L22,79,80,M15,N18,pair,H20,C20
10,L,23,L23,64,32,K9,F18,pair,D20,M15
10,M,2,M2,78,47,M13,H24,pair,P23,J22
10,M,3,M3,66,92,K13,P18,pair,J18,N3
10,M,4,M4,88,17,O9,D12,pair,C3,N21
10,M,5,M5,65,85,K11,P4,pair,O17,J5
10,M,6,M6,4,71,A9,L24,pair,L19,J5
10,M,7,M7,50,33,I5,F20,pair,J5,J2
10,M,8,M8,2,40,A5,H10,pair,D11,A6
10,M,9,M9,25,45,E3,H20,pair,K11,C3
10,M,10,M10,92,72,O17,N2,pair,M23,K2
10,M,11,M11,17,16,C11,D10,pair,B24,F7
10,M,12,M12,54,34,I13,F22,pair,O7,G5
10,M,13,M13,47,29,G23,F12,pair,K10,O18
10,M,14,M14,15,35,C7,F24,pair,G5,O10
10,M,15,M15,24,34,E1,F22,pair,G5,J22
10,M,16,M16,73,40,M3,H10,pair,N3,A11
10,M,17,M17,34,77,E21,N12,pair,C15,F13
10,M,18,M18,8,28,A17,F10,pair,P20,A11
10,M,19,M19,63,74,K7,N6,pair,N14,F7
10,M,20,M20,27,39,E7,H8,pair,A5,P13
10,M,21,M21,21,71,C19,L24,pair,C3,D13
10,M,22,M22,36,47,G1,H24,pair,J18,N21
10,M,23,M23,1,23,A3,D24,pair,K6,M14
10,N,2,N2,34,66,E21,L14,pair,P1,G5
10,N,3,N3,77,85,M11,P4,pair,K11,O10
10,N,4,N4,28,52,E9,J10,pair,G17,A11
10,N,5,N5,68,23,K17,D24,pair,D20,P8
10,N,6,N6,60,54,K1,J14,pair,K15,C19
10,N,7,N7,13,6,C3,B14,pair,L19,D11
10,N,8,N8,31,27,E15,F8,pair,B15,M15
10,N,9,N9,83,75,M23,N8,pair,J24,E24
10,N,10,N10,10,8,A21,B18,pair,O5,B15
10,N,11,N11,13,18,C3,D14,pair,A20,N13
10,N,12,N12,88,3,O9,B8,pair,D6,O10
10,N,13,N13,0,14,A1,D6,pair,O7,L19
10,N,14,N14,91,37,O15,H4,mono,P13,P13
10,N,15,N15,58,17,I21,D12,pair,P1,P13
10,N,16,N16,27,59,E7,J24,pair,D6,F7
10,N,17,N17,79,84,M15,P2,pair,G17,C19
10,N,18,N18,42,53,G13,J12,pair,P16,O18
10,N,19,N19,71,35,K23,F24,pair,B24,P14
10,N,20,N20,80,53,M17,J12,pair,C3,N14
10,N,21,N21,41,5,G11,B12,pair,C12,A6
10,N,22,N22,23,72,C23,N2,pair,B12,C15
10,N,23,N23,75,61,M7,L4,pair,C20,M14
10,O,2,O2,88,52,O9,J10,pair,D20,K2
10,O,3,O3,44,57,G17,J20,pair,K17,C12
10,O,4,O4,55,77,I15,N12,pair,E24,O10
10,O,5,O5,43,3,G15,B8,pair,D15,D3
10,O,6,O6,57,89,I19,P12,pair,P20,C14
10,O,7,O7,30,55,E13,J16,pair,P13,J2
10,O,8,O8,65,21,K11,D20,pair,N19,K2
10,O,9,O9,23,4,C23,B10,pair,P8,O21
10,O,10,O10,20,31,C17,F16,pair,J24,F2
10,O,11,O11,72,6,M1,B14,pair,O17,C12
10,O,12,O12,18,80,C13,N18,pair,K10,O7
10,O,13,O13,33,88,E19,P10,pair,B15,B12
10,O,14,O14,28,93,E9,P20,pair,N19,C11
10,O,15,O15,43,15,G15,D8,pair,D6,A11
10,O,16,O16,12,15,C1,D8,pair,K10,C19
10,O,17,O17,71,82,K23,N22,pair,K6,A20
10,O,18,O18,28,68,E9,L18,pair,N21,F16
10,O,19,O19,33,19,E19,D16,pair,N19,K17
10,O,20,O20,68,63,K17,L8,pair,N23,C20
10,O,21,O21,56,33,I17,F20,pair,P8,M12
10,O,22,O22,31,65,E15,L12,pair,N24,N14
10,O,23,O23,32,70,E17,L22,pair,B7,L24
11,B,2,B2,41,59,G11,J24,pair,O5,L24
11,B,3,B3,32,40,E17,H10,pair,I19,E14
11,B,4,B4,9,49,A19,J4,pair,M23,K8
11,B,5,B5,14,94,C5,P22,pair,K6,D15
11,B,6,B6,27,14,E7,D6,pair,P13,F13
11,B,7,B7,9,30,A19,F14,pair,O7,O17
11,B,8,B8,15,76,C7,N10,pair,D6,N3
11,B,9,B9,31,94,E15,P22,pair,B4,K6
11,B,10,B10,78,65,M13,L12,pair,P23,C11
11,B,11,B11,8,55,A17,J16,pair,K11,A6
11,B,12,B12,69,29,K19,F12,pair,F16,G8
11,B,13,B13,90,47,O13,H24,pair,N23,P13
11,B,14,B14,72,41,M1,H12,pair,F2,K3
11,B,15,B15,27,10,E7,B22,pair,E14,O18
11,B,16,B16,48,66,I1,L14,pair,N10,C12
11,B,17,B17,30,6,E13,B14,pair,K6,M12
11,B,18,B18,67,76,K15,N10,pair,O21,L11
11,B,19,B19,72,17,M1,D12,pair,P11,N10
11,B,20,B20,26,82,E5,N22,pair,C20,F13
11,B,21,B21,50,44,I5,H18,pair,C20,G8
11,B,22,B22,18,57,C13,J20,pair,D20,L6
11,B,23,B23,52,7,I9,B16,pair,M12,J2
11,C,2,C2,64,17,K9,D12,pair,C14,G8
11,C,3,C3,0,18,A1,D14,pair,B24,M23
11,C,4,C4,67,41,K15,H12,pair,O7,D7
11,C,5,C5,56,49,I17,J4,pair,C8,M12
11,C,6,C6,25,87,E3,P8,pair,D15,E24
11,C,7,C7,64,77,K9,N12,pair,F19,F13
11,C,8,C8,36,23,G1,D24,pair,P1,C20
11,C,9,C9,18,49,C13,J4,pair,B12,J22
11,C,10,C10,74,29,M5,F12,pair,M15,C14
11,C,11,C11,58,21,I21,D20,pair,L23,J2
11,C,12,C12,8,31,A17,F16,pair,D20,D1
11,C,13,C13,95,61,O23,L4,pair,B24,D7
11,C,14,C14,78,75,M13,N8,pair,N10,J2
11,C,15,C15,75,80,M7,N18,pair,K6,N15
11,C,16,C16,23,3,C23,B8,pair,M12,A11
11,C,17,C17,76,52,M9,J10,pair,K11,P13
11,C,18,C18,92,90,O17,P14,pair,O21,J22
11,C,19,C19,46,31,G21,F16,pair,O24,N21
11,C,20,C20,76,94,M9,P22,pair,N3,B12
11,C,21,C21,70,59,K21,J24,pair,D6,J22
11,C,22,C22,6,43,A13,H16,pair,L23,N13
11,C,23,C23,44,54,G17,J14,pair,K17,P20
11,D,2,D2,13,62,C3,L6,pair,O7,P23
11,D,3,D3,89,69,O11,L20,pair,B24,J18
11,D,4,D4,64,24,K9,F2,pair,O5,M15
11,D,5,D5,38,10,G5,B22,pair,N19,K3
11,D,6,D6,58,56,I21,J18,pair,K6,O18
11,D,7,D7,46,85,G21,P4,pair,N24,P16
11,D,8,D8,7,74,A15,N6,pair,I19,J22
11,D,9,D9,34,0,E21,B2,pair,O7,P20
11,D,10,D10,26,4,E5,B10,pair,D20,C14
11,D,11,D11,14,90,C5,P14,pair,J18,A20
11,D,12,D12,2,67,A5,L16,pair,P1,L11
11,D,13,D13,32,39,E17,H8,pair,N21,P17
11,D,14,D14,85,57,O3,J20,mono,P17,P17
11,D,15,D15,81,42,M19,H14,pair,N24,C3
11,D,16,D16,20,91,C17,P16,pair,K10,H20
11,D,17,D17,12,9,C1,B20,pair,P23,C14
11,D,18,D18,44,1,G17,B4,pair,I19,O17
11,D,19,D19,18,7,C13,B16,pair,J24,H20
11,D,20,D20,20,86,C17,P6,pair,C12,O18
11,D,21,D21,23,56,C23,J18,pair,K10,M12
11,D,22,D22,11,73,A23,N4,pair,L11,J5
11,D,23,D23,71,30,K23,F14,pair,E3,E24
11,E,2,E2,57,80,I19,N18,pair,J24,M14
11,E,3,E3,94,47,O21,H24,pair,C15,N13
11,E,4,E4,19,20,C15,D18,pair,C8,E24
11,E,5,E5,20,33,C17,F20,pair,B15,A6
11,E,6,E6,53,30,I11,F14,pair,J24,P13
11,E,7,E7,69,84,K19,P2,mono,H20,H20
11,E,8,E8,37,85,G3,P4,pair,N23,H20
11,E,9,E9,66,93,K13,P20,pair,N3,N21
11,E,10,E10,85,66,O3,L14,pair,P11,E14
11,E,11,E11,82,6,M21,B14,pair,J24,D13
11,E,12,E12,78,45,M13,H20,pair,P8,D3
11,E,13,E13,14,34,C5,F22,pair,N24,A5
11,E,14,E14,74,44,M5,H18,pair,D6,M23
11,E,15,E15,79,40,M15,H10,pair,C11,J22
11,E,16,E16,20,2,C17,B6,pair,M12,O10
11,E,17,E17,15,13,C7,D4,pair,D20,C20
11,E,18,E18,28,38,E9,H6,pair,B4,E3
11,E,19,E19,45,13,G19,D4,pair,G17,L19
11,E,20,E20,37,68,G3,L18,pair,K10,C11
11,E,21,E21,26,6,E5,B14,pair,I19,A6
11,E,22,E22,25,49,E3,J4,pair,J18,K17
11,E,23,E23,67,49,K15,J4,pair,D1,J5
11,F,2,F2,9,29,A19,F12,pair,K15,P20
11,F,3,F3,58,83,I21,N24,pair,F2,O18
11,F,4,F4,79,20,M15,D18,pair,C8,L24
11,F,5,F5,17,37,C11,H4,pair,N21,D11
11,F,6,F6,77,41,M11,H12,pair,B7,C20
11,F,7,F7,71,95,K23,P24,pair,B4,N10
11,F,8,F8,85,67,O3,L16,pair,D20,A6
11,F,9,F9,34,80,E21,N18,pair,M15,A11
11,F,10,F10,15,5,C7,B12,pair,P8,N10
11,F,11,F11,52,23,I9,D24,pair,P1,D3
11,F,12,F12,38,33,G5,F20,pair,A6,D13
11,F,13,F13,39,47,G7,H24,pair,P13,D11
11,F,14,F14,4,58,A9,J22,pair,O24,M23
11,F,15,F15,90,44,O13,H18,pair,B12,E14
11,F,16,F16,36,33,G1,F20,mono,C19,C19
11,F,17,F17,6,20,A13,D18,pair,N3,J2
11,F,18,F18,33,21,E19,D20,pair,M15,P20
11,F,19,F19,71,18,K23,D14,pair,D13,D3
11,F,20,F20,18,94,C13,P22,pair,N14,N13
11,F,21,F21,11,3,A23,B8,pair,O24,M12
11,F,22,F22,68,81,K17,N20,pair,D20,P17
11,F,23,F23,6,70,A13,L22,pair,N10,O21
11,G,2,G2,20,61,C17,L4,pair,K11,P1
11,G,3,G3,31,9,E15,B20,pair,P1,I19
11,G,4,G4,26,79,E5,N16,pair,L23,D13
11,G,5,G5,43,76,G15,N10,pair,N24,H20
11,G,6,G6,40,63,G9,L8,pair,I19,O18
11,G,7,G7,26,12,E5,D2,pair,E14,G8
11,G,8,G8,66,61,K13,L4,pair,P20,N10
11,G,9,G9,56,85,I17,P4,pair,B24,P11
11,G,10,G10,57,68,I19,L18,pair,B12,E24
11,G,11,G11,12,25,C1,F4,pair,C19,J22
11,G,12,G12,46,65,G21,L12,pair,B4,F17
11,G,13,G13,85,6,O3,B14,pair,O7,E14
11,G,14,G14,43,58,G15,J22,pair,J18,J5
11,G,15,G15,40,48,G9,J2,pair,L23,P11
11,G,16,G16,12,95,C1,P24,pair,D15,E14
11,G,17,G17,12,10,C1,B22,pair,A5,O5
11,G,18,G18,72,25,M1,F4,pair,C12,C15
11,G,19,G19,1,50,A3,J6,pair,B12,C12
11,G,20,G20,57,32,I19,F18,pair,C3,P13
11,G,21,G21,62,26,K5,F6,pair,O5,O21
11,G,22,G22,61,52,K3,J10,pair,C14,J5
11,G,23,G23,74,28,M5,F10,pair,F2,O21
11,H,2,H2,64,71,K9,L24,pair,M23,F16
11,H,3,H3,47,69,G23,L20,pair,P13,P17
11,H,4,H4,82,25,M21,F4,pair,N10,P17
11,H,5,H5,27,22,E7,D22,pair,K11,A20
11,H,6,H6,87,17,O7,D12,pair,B24,L19
11,H,7,H7,42,94,G13,P22,pair,L6,A6
11,H,8,H8,77,5,M11,B12,pair,B7,A20
11,H,9,H9,14,73,C5,N4,pair,B24,K2
11,H,10,H10,30,47,E13,H24,pair,M23,N14
11,H,11,H11,27,5,E7,B12,pair,N3,L11
11,H,12,H12,92,4,O17,B10,pair,K15,C12
11,H,13,H13,27,6,E7,B14,pair,D15,C19
11,H,14,H14,88,64,O9,L10,pair,E3,K8
11,H,15,H15,49,2,I3,B6,pair,P23,K6
11,H,16,H16,46,63,G21,L8,pair,J18,N21
11,H,17,H17,37,84,G3,P2,pair,L23,J5
11,H,18,H18,78,86,M13,P6,pair,F2,D11
11,H,19,H19,25,90,E3,P14,pair,O7,C20
11,H,20,H20,18,73,C13,N4,pair,D1,C15
11,H,21,H21,18,93,C13,P20,pair,L24,F13
11,H,22,H22,72,42,M1,H14,pair,G5,E14
11,H,23,H23,73,54,M3,J14,pair,K8,D13
11,I,2,I2,54,73,I13,N4,pair,M23,B12
11,I,3,I3,93,6,O19,B14,pair,B7,F13
11,I,4,I4,32,46,E17,H22,pair,O17,O5
11,I,5,I5,90,84,O13,P2,pair,O7,D13
11,I,6,I6,95,90,O23,P14,pair,K17,B15
11,I,7,I7,85,78,O3,N14,pair,A6,N13
11,I,8,I8,49,10,I3,B22,pair,K11,D15
11,I,9,I9,36,73,G1,N4,pair,M15,L11
11,I,10,I10,26,66,E5,L14,pair,O24,C14
11,I,11,I11,10,65,A21,L12,pair,D20,C12
11,I,12,I12,62,53,K5,J12,pair,M15,E24
11,I,13,I13,70,30,K21,F14,pair,C12,J5
11,I,14,I14,42,41,G13,H12,pair,A19,M14
11,I,15,I15,86,17,O5,D12,pair,B24,P11
11,I,16,I16,33,5,E19,B12,pair,J24,N21
11,I,17,I17,45,88,G19,P10,pair,O7,C3
11,I,18,I18,42,35,G13,F24,pair,N10,D11
11,I,19,I19,53,75,I11,N8,pair,F19,C19
11,I,20,I20,55,43,I15,H16,pair,O5,C12
11,I,21,I21,66,71,K13,L24,pair,P8,F16
11,I,22,I22,66,56,K13,J18,pair,N23,J22
11,I,23,I23,68,39,K17,H8,pair,L6,P17
11,J,2,J2,6,48,A13,J2,pair,G17,P11
11,J,3,J3,36,46,G1,H22,pair,O5,P11
11,J,4,J4,82,31,M21,F16,pair,K17,M15
11,J,5,J5,43,41,G15,H12,pair,N19,P1
11,J,6,J6,23,21,C23,D20,pair,J18,F13
11,J,7,J7,31,51,E15,J8,pair,G17,O5
11,J,8,J8,80,85,M17,P4,pair,D15,F16
11,J,9,J9,32,24,E17,F2,pair,L24,K8
11,J,10,J10,35,7,E23,B16,pair,D15,C14
11,J,11,J11,33,43,E19,H16,pair,M12,O21
11,J,12,J12,9,76,A19,N10,pair,D1,A11
11,J,13,J13,10,56,A21,J18,pair,N21,B12
11,J,14,J14,32,79,E17,N16,pair,D11,N15
11,J,15,J15,45,28,G19,F10,pair,J24,D7
11,J,16,J16,57,12,I19,D2,pair,N3,C14
11,J,17,J17,42,76,G13,N10,pair,D7,M14
11,J,18,J18,18,75,C13,N8,pair,K17,D15
11,J,19,J19,64,0,K9,B2,pair,K17,F16
11,J,20,J20,9,69,A19,L20,pair,P13,K8
11,J,21,J21,59,72,I23,N2,pair,N21,P17
11,J,22,J22,5,14,A11,D6,pair,N24,D13
11,J,23,J23,2,85,A5,P4,pair,O17,N13
11,K,2,K2,45,62,G19,L6,pair,G17,N10
11,K,3,K3,87,82,O7,N22,pair,F13,J5
11,K,4,K4,76,63,M9,L8,mono,N3,N3
11,K,5,K5,24,73,E1,N4,pair,P8,F13
11,K,6,K6,67,66,K15,L14,pair,N23,E24
11,K,7,K7,77,83,M11,N24,pair,D20,N23
11,K,8,K8,2,1,A5,B4,pair,F7,E14
11,K,9,K9,8,41,A17,H12,pair,D6,E3
11,K,10,K10,95,63,O23,L8,pair,B4,C11
11,K,11,K11,56,37,I17,H4,pair,A5,F17
11,K,12,K12,4,74,A9,N6,pair,N23,N14
11,K,13,K13,67,92,K15,P18,pair,D6,K2
11,K,14,K14,65,25,K11,F4,pair,B24,A6
11,K,15,K15,21,36,C19,H2,pair,D6,O21
11,K,16,K16,6,83,A13,N24,pair,P20,N15
11,K,17,K17,88,19,O9,D16,pair,K6,D7
11,K,18,K18,24,54,E1,J14,pair,A20,C20
11,K,19,K19,11,4,A23,B10,pair,C19,L11
11,K,20,K20,91,66,O15,L14,pair,F17,D3
11,K,21,K21,29,64,E11,L10,pair,D1,K2
11,K,22,K22,61,81,K3,N20,pair,P8,O18
11,K,23,K23,14,56,C5,J18,pair,N23,K17
11,L,2,L2,54,3,I13,B8,pair,K10,J5
11,L,3,L3,82,27,M21,F8,pair,N24,P17
11,L,4,L4,40,21,G9,D20,pair,C8,A6
11,L,5,L5,84,68,O1,L18,pair,B15,N10
11,L,6,L6,72,85,M1,P4,pair,E3,P14
11,L,7,L7,26,73,E5,N4,pair,E3,J22
11,L,8,L8,91,34,O15,F22,pair,N21,A6
11,L,9,L9,4,80,A9,N18,pair,K3,A20
11,L,10,L10,27,26,E7,F6,pair,P13,C20
11,L,11,L11,20,34,C17,F22,pair,D20,P20
11,L,12,L12,89,73,O11,N4,mono,P16,P16
11,L,13,L13,70,10,K21,B22,pair,K11,M15
11,L,14,L14,55,48,I15,J2,pair,O5,G5
11,L,15,L15,76,36,M9,H2,pair,O24,N23
11,L,16,L16,76,39,M9,H8,pair,I19,M23
11,L,17,L17,84,75,O1,N8,pair,J18,B15
11,L,18,L18,62,35,K5,F24,pair,K15,O5
11,L,19,L19,33,35,E19,F24,pair,F2,F17
11,L,20,L20,3,69,A7,L20,pair,J24,P8
11,L,21,L21,11,30,A23,F14,pair,D1,P14
11,L,22,L22,84,76,O1,N10,pair,A6,D3
11,L,23,L23,17,25,C11,F4,pair,A5,C19
11,M,2,M2,58,49,I21,J4,pair,N19,F16
11,M,3,M3,14,54,C5,J14,pair,G17,C12
11,M,4,M4,57,30,I19,F14,pair,O17,D7
11,M,5,M5,51,18,I7,D14,pair,N21,M12
11,M,6,M6,63,68,K7,L18,pair,D15,C12
11,M,7,M7,20,23,C17,D24,pair,L23,O18
11,M,8,M8,81,30,M19,F14,pair,B7,B15
11,M,9,M9,66,88,K13,P10,pair,L23,C8
11,M,10,M10,91,77,O15,N12,pair,P1,C11
11,M,11,M11,8,68,A17,L18,pair,N23,N10
11,M,12,M12,46,17,G21,D12,pair,P16,N15
11,M,13,M13,15,69,C7,L20,pair,B7,M15
11,M,14,M14,93,43,O19,H16,pair,B12,C15
11,M,15,M15,73,28,M3,F10,pair,K17,G5
11,M,16,M16,30,28,E13,F10,pair,B15,O18
11,M,17,M17,16,19,C9,D16,pair,C19,O10
11,M,18,M18,82,18,M21,D14,pair,A19,N15
11,M,19,M19,32,81,E17,N20,pair,P1,N15
11,M,20,M20,4,63,A9,L8,pair,N3,P17
11,M,21,M21,71,48,K23,J2,pair,A20,O18
11,M,22,M22,70,95,K21,P24,pair,B24,D13
11,M,23,M23,93,71,O19,L24,pair,H20,D13
11,N,2,N2,40,64,G9,L10,pair,P13,C11
11,N,3,N3,79,32,M15,F18,pair,N14,K8
11,N,4,N4,7,73,A15,N4,pair,K11,O5
11,N,5,N5,15,26,C7,F6,pair,F16,K2
11,N,6,N6,58,23,I21,D24,pair,N19,K10
11,N,7,N7,71,60,K23,L2,pair,P13,P16
11,N,8,N8,55,22,I15,D22,pair,N19,J18
11,N,9,N9,44,74,G17,N6,pair,O17,M15
11,N,10,N10,14,70,C5,L22,pair,K15,P13
11,N,11,N11,77,57,M11,J20,pair,M23,D13
11,N,12,N12,43,72,G15,N2,pair,N10,J5
11,N,13,N13,72,91,M1,P16,pair,C3,C12
11,N,14,N14,70,24,K21,F2,pair,N3,F16
11,N,15,N15,88,35,O9,F24,pair,N3,D13
11,N,16,N16,57,76,I19,N10,pair,M15,K8
11,N,17,N17,67,53,K15,J12,pair,P13,P20
11,N,18,N18,60,95,K1,P24,pair,D1,P17
11,N,19,N19,81,52,M19,J10,pair,P11,J5
11,N,20,N20,23,60,C23,L2,pair,A5,E24
11,N,21,N21,41,69,G11,L20,pair,J24,K2
11,N,22,N22,45,15,G19,D8,pair,O10,J2
11,N,23,N23,80,12,M17,D2,pair,P1,D1
11,O,2,O2,12,86,C1,P6,pair,K6,F13
11,O,3,O3,49,65,I3,L12,pair,C3,G5
11,O,4,O4,10,78,A21,N14,pair,O18,P17
11,O,5,O5,47,43,G23,H16,pair,N19,D6
11,O,6,O6,15,87,C7,P8,pair,G17,F17
11,O,7,O7,71,78,K23,N14,pair,E3,P20
11,O,8,O8,84,1,O1,B4,pair,D20,O17
11,O,9,O9,25,83,E3,N24,pair,F13,N13
11,O,10,O10,22,53,C21,J12,pair,D20,F16
11,O,11,O11,46,77,G21,N12,pair,P23,O10
11,O,12,O12,84,30,O1,F14,pair,M12,C19
11,O,13,O13,21,49,C19,J4,pair,J24,A6
11,O,14,O14,8,9,A17,B20,pair,O5,N3
11,O,15,O15,92,45,O17,H20,pair,O5,F13
11,O,16,O16,5,59,A11,J24,pair,B24,N23
11,O,17,O17,49,47,I3,H24,pair,I19,N14
11,O,18,O18,52,17,I9,D12,pair,D20,E24
11,O,19,O19,31,76,E15,N10,pair,H20,P16
11,O,20,O20,40,8,G9,B18,pair,M23,C19
11,O,21,O21,77,81,M11,N20,pair,C8,F19
11,O,22,O22,68,29,K17,F12,pair,D7,O18
11,O,23,O23,14,20,C5,D18,pair,F2,A19
12,B,2,B2,22,12,C21,D2,pair,A5,N14
12,B,3,B3,54,95,I13,P24,pair,N10,A11
12,B,4,B4,12,1,C1,B4,pair,O24,F13
12,B,5,B5,89,12,O11,D2,pair,P23,O10
12,B,6,B6,65,90,K11,P14,pair,C19,C14
12,B,7,B7,18,69,C13,L20,pair,D15,C12
12,B,8,B8,17,68,C11,L18,pair,K15,P23
12,B,9,B9,91,93,O15,P20,pair,L19,K8
12,B,10,B10,12,41,C1,H12,pair,P1,O10
12,B,11,B11,62,51,K5,J8,pair,C8,N10
12,B,12,B12,58,2,I21,B6,pair,L19,P17
12,B,13,B13,93,7,O19,B16,pair,M15,E14
12,B,14,B14,65,12,K11,D2,pair,D20,H20
12,B,15,B15,2,71,A5,L24,pair,O5,M12
12,B,16,B16,2,7,A5,B16,pair,G17,A19
12,B,17,B17,65,15,K11,D8,pair,P20,O18
12,B,18,B18,80,87,M17,P8,pair,F16,J2
12,B,19,B19,32,20,E17,D18,pair,E3,P14
12,B,20,B20,37,21,G3,D20,pair,D20,D11
12,B,21,B21,81,82,M19,N22,pair,A5,C11
12,B,22,B22,10,39,A21,H8,pair,J24,O5
12,B,23,B23,13,38,C3,H6,pair,A20,F16
12,C,2,C2,52,29,I9,F12,pair,A19,N14
12,C,3,C3,35,64,E23,L10,pair,K11,M12
12,C,4,C4,31,79,E15,N16,pair,P1,A6
12,C,5,C5,70,63,K21,L8,pair,L23,D3
12,C,6,C6,17,27,C11,F8,pair,O5,C15
12,C,7,C7,46,69,G21,L20,pair,D20,A20
12,C,8,C8,69,24,K19,F2,pair,A19,P11
12,C,9,C9,41,72,G11,N2,pair,L6,N10
12,C,10,C10,11,86,A23,P6,pair,N15,G8
12,C,11,C11,60,36,K1,H2,pair,O7,E24
12,C,12,C12,21,68,C19,L18,pair,C15,J5
12,C,13,C13,28,15,E9,D8,pair,O21,J5
12,C,14,C14,42,48,G13,J2,pair,B4,P17
12,C,15,C15,45,29,G19,F12,pair,O5,N14
12,C,16,C16,51,53,I7,J12,pair,J18,P13
12,C,17,C17,25,1,E3,B4,pair,C8,F13
12,C,18,C18,45,73,G19,N4,pair,J24,H20
12,C,19,C19,22,37,C21,H4,pair,K15,M15
12,C,20,C20,77,0,M11,B2,pair,P23,P13
12,C,21,C21,78,12,M13,D2,pair,D7,C19
12,C,22,C22,58,79,I21,N16,pair,L24,O18
12,C,23,C23,54,39,I13,H8,pair,C11,A11
12,D,2,D2,5,0,A11,B2,pair,B15,K8
12,D,3,D3,79,11,M15,B24,pair,D1,P16
12,D,4,D4,0,20,A1,D18,pair,B15,D15
12,D,5,D5,6,13,A13,D4,pair,P20,F16
12,D,6,D6,7,3,A15,B8,pair,P16,D3
12,D,7,D7,8,49,A17,J4,pair,E24,L11
12,D,8,D8,53,84,I11,P2,pair,O7,D20
12,D,9,D9,59,12,I23,D2,pair,O7,P14
12,D,10,D10,57,17,I19,D12,pair,K11,O21
12,D,11,D11,14,30,C5,F14,pair,P8,N3
12,D,12,D12,15,1,C7,B4,pair,P13,G5
12,D,13,D13,68,92,K17,P18,pair,O17,O10
12,D,14,D14,24,32,E1,F18,pair,O5,C12
12,D,15,D15,92,30,O17,F14,pair,K17,A11
12,D,16,D16,1,8,A3,B18,pair,D20,D15
12,D,17,D17,36,94,G1,P22,pair,A20,G8
12,D,18,D18,73,60,M3,L2,pair,O24,D20
12,D,19,D19,94,70,O21,L22,pair,J24,C19
12,D,20,D20,66,91,K13,P16,pair,D3,K2
12,D,21,D21,88,4,O9,B10,pair,F7,L11
12,D,22,D22,55,1,I15,B4,pair,K10,D15
12,D,23,D23,31,26,E15,F6,pair,L23,F13
12,E,2,E2,76,4,M9,B10,pair,F7,O18
12,E,3,E3,11,87,A23,P8,pair,N24,B12
12,E,4,E4,14,93,C5,P20,pair,E14,P14
12,E,5,E5,60,58,K1,J22,pair,P1,L11
12,E,6,E6,29,0,E11,B2,pair,F17,N10
12,E,7,E7,41,40,G11,H10,pair,B7,O17
12,E,8,E8,19,17,C15,D12,pair,C3,D7
12,E,9,E9,19,38,C15,H6,pair,N19,J22
12,E,10,E10,26,48,E5,J2,pair,B15,D7
12,E,11,E11,38,94,G5,P22,pair,I19,K17
12,E,12,E12,17,40,C11,H10,pair,F17,D11
12,E,13,E13,56,13,I17,D4,pair,F13,J22
12,E,14,E14,34,76,E21,N10,pair,A19,A6
12,E,15,E15,28,45,E9,H20,pair,K10,K8
12,E,16,E16,14,52,C5,J10,pair,B24,B4
12,E,17,E17,17,20,C11,D18,pair,N10,J22
12,E,18,E18,39,63,G7,L8,pair,O17,O5
12,E,19,E19,83,28,M23,F10,pair,N19,L11
12,E,20,E20,34,37,E21,H4,pair,A5,N23
12,E,21,E21,14,68,C5,L18,pair,N3,L19
12,E,22,E22,19,41,C15,H12,pair,E3,N10
12,E,23,E23,87,90,O7,P14,pair,A20,M12
12,F,2,F2,65,49,K11,J4,pair,C20,F7
12,F,3,F3,24,58,E1,J22,pair,N21,P14
12,F,4,F4,5,57,A11,J20,pair,P23,C14
12,F,5,F5,94,16,O21,D10,pair,M23,L11
12,F,6,F6,13,10,C3,B22,pair,N3,L19
12,F,7,F7,80,45,M17,H20,pair,K10,N3
12,F,8,F8,47,54,G23,J14,pair,B15,C12
12,F,9,F9,68,89,K17,P12,pair,D6,G17
12,F,10,F10,62,5,K5,B12,pair,P13,C19
12,F,11,F11,35,59,E23,J24,pair,B12,O18
12,F,12,F12,60,11,K1,B24,pair,O21,C15
12,F,13,F13,88,59,O9,J24,pair,A20,L24
12,F,14,F14,42,69,G13,L20,pair,C19,D3
12,F,15,F15,50,72,I5,N2,pair,K3,E14
12,F,16,F16,86,91,O5,P16,pair,C14,J2
12,F,17,F17,70,72,K21,N2,pair,C8,A20
12,F,18,F18,6,91,A13,P16,pair,P13,P14
12,F,19,F19,35,29,E23,F12,pair,A19,F19
12,F,20,F20,50,42,I5,H14,pair,P11,C14
12,F,21,F21,70,60,K21,L2,pair,J18,K8
12,F,22,F22,26,70,E5,L22,pair,D13,N13
12,F,23,F23,0,47,A1,H24,pair,J18,N13
12,G,2,G2,0,90,A1,P14,pair,A5,O21
12,G,3,G3,79,83,M15,N24,pair,D20,K17
12,G,4,G4,18,15,C13,D8,pair,C20,A11
12,G,5,G5,63,5,K7,B12,pair,G17,O18
12,G,6,G6,21,54,C19,J14,pair,J24,P20
12,G,7,G7,21,45,C19,H20,pair,K11,L23
12,G,8,G8,40,1,G9,B4,pair,J18,D11
12,G,9,G9,9,65,A19,L12,pair,C8,D3
12,G,10,G10,13,42,C3,H14,pair,E3,F16
12,G,11,G11,53,48,I11,J2,pair,A5,G5
12,G,12,G12,1,27,A3,F8,pair,L6,F17
12,G,13,G13,22,77,C21,N12,pair,J24,C3
12,G,14,G14,30,92,E13,P18,pair,D1,O5
12,G,15,G15,50,49,I5,J4,pair,N19,L19
12,G,16,G16,4,6,A9,B14,pair,L6,B15
12,G,17,G17,52,21,I9,D20,pair,M15,J2
12,G,18,G18,7,60,A15,L2,pair,P20,D13
12,G,19,G19,81,39,M19,H8,pair,M23,D11
12,G,20,G20,63,34,K7,F22,pair,C20,D11
12,G,21,G21,47,90,G23,P14,pair,C14,E14
12,G,22,G22,37,78,G3,N14,pair,J24,E3
12,G,23,G23,27,77,E7,N12,pair,O7,P16
12,H,2,H2,60,34,K1,F22,pair,P23,N21
12,H,3,H3,57,48,I19,J2,pair,B24,N15
12,H,4,H4,90,76,O13,N10,pair,B7,F7
12,H,5,H5,86,68,O5,L18,pair,D13,J2
12,H,6,H6,74,23,M5,D24,pair,A20,P20
12,H,7,H7,43,12,G15,D2,pair,D1,L11
12,H,8,H8,24,49,E1,J4,pair,I19,D13
12,H,9,H9,11,0,A23,B2,pair,D6,B24
12,H,10,H10,68,25,K17,F4,pair,J24,C14
12,H,11,H11,29,23,E11,D24,pair,P1,D6
12,H,12,H12,54,58,I13,J22,pair,L23,D11
12,H,13,H13,95,26,O23,F6,pair,K10,F19
12,H,14,H14,72,48,M1,J2,pair,K8,P14
12,H,15,H15,63,43,K7,H16,pair,L23,B4
12,H,16,H16,12,84,C1,P2,pair,N23,P16
12,H,17,H17,16,36,C9,H2,pair,N3,E3
12,H,18,H18,30,54,E13,J14,pair,O24,M15
12,H,19,H19,79,37,M15,H4,pair,B4,P13
12,H,20,H20,73,30,M3,F14,pair,K11,C19
12,H,21,H21,47,3,G23,B8,pair,A6,N13
12,H,22,H22,23,12,C23,D2,pair,P8,D11
12,H,23,H23,22,81,C21,N20,pair,N19,J2
12,I,2,I2,27,3,E7,B8,pair,B24,M12
12,I,3,I3,9,3,A19,B8,pair,M23,P14
12,I,4,I4,67,1,K15,B4,pair,C11,G8
12,I,5,I5,71,9,K23,B20,pair,L6,P11
12,I,6,I6,60,44,K1,H18,pair,M12,J5
12,I,7,I7,0,80,A1,N18,pair,P20,E14
12,I,8,I8,23,17,C23,D12,pair,N23,A19
12,I,9,I9,76,45,M9,H20,pair,N19,J22
12,I,10,I10,53,12,I11,D2,pair,B7,B12
12,I,11,I11,89,32,O11,F18,pair,L24,C19
12,I,12,I12,34,74,E21,N6,pair,J24,F19
12,I,13,I13,47,77,G23,N12,pair,N19,N3
12,I,14,I14,39,69,G7,L20,pair,A20,F13
12,I,15,I15,66,50,K13,J6,pair,F7,A11
12,I,16,I16,58,10,I21,B22,pair,B15,O18
12,I,17,I17,8,24,A17,F2,pair,I19,L19
12,I,18,I18,22,63,C21,L8,pair,F2,L11
12,I,19,I19,44,41,G17,H12,pair,D6,K17
12,I,20,I20,29,75,E11,N8,pair,L19,A6
12,I,21,I21,78,50,M13,J6,pair,P13,F16
12,I,22,I22,79,24,M15,F2,pair,B15,F16
12,I,23,I23,6,82,A13,N22,pair,F2,P16
12,J,2,J2,86,15,O5,D8,pair,P23,J2
12,J,3,J3,84,40,O1,H10,pair,K3,K17
12,J,4,J4,69,37,K19,H4,pair,K11,C11
12,J,5,J5,60,70,K1,L22,pair,L19,C14
12,J,6,J6,68,47,K17,H24,pair,O24,F13
12,J,7,J7,10,82,A21,N22,pair,A20,E24
12,J,8,J8,69,26,K19,F6,pair,F7,O18
12,J,9,J9,82,53,M21,J12,pair,P8,D13
12,J,10,J10,38,88,G5,P10,pair,D1,D11
12,J,11,J11,62,23,K5,D24,pair,N24,K2
12,J,12,J12,52,95,I9,P24,pair,I19,G5
12,J,13,J13,29,34,E11,F22,pair,M15,P14
12,J,14,J14,35,56,E23,J18,pair,F7,L11
12,J,15,J15,46,84,G21,P2,pair,O7,N14
12,J,16,J16,2,46,A5,H22,pair,P8,K17
12,J,17,J17,78,90,M13,P14,pair,O5,A19
12,J,18,J18,0,77,A1,N12,pair,K6,M15
12,J,19,J19,17,56,C11,J18,pair,N3,E3
12,J,20,J20,62,83,K5,N24,pair,I19,O7
12,J,21,J21,41,3,G11,B8,pair,H20,B15
12,J,22,J22,28,23,E9,D24,pair,F17,P16
12,J,23,J23,71,54,K23,J14,pair,D15,F16
12,K,2,K2,44,43,G17,H16,pair,A11,P17
12,K,3,K3,94,75,O21,N8,pair,L23,F13
12,K,4,K4,1,62,A3,L6,pair,N24,D11
12,K,5,K5,63,77,K7,N12,pair,L6,O5
12,K,6,K6,13,48,C3,J2,pair,B7,O5
12,K,7,K7,12,16,C1,D10,pair,A19,L11
12,K,8,K8,35,57,E23,J20,mono,F7,F7
12,K,9,K9,81,21,M19,D20,pair,N10,J22
12,K,10,K10,32,73,E17,N4,pair,P16,A6
12,K,11,K11,49,66,I3,L14,pair,L19,O21
12,K,12,K12,10,14,A21,D6,pair,D7,M14
12,K,13,K13,90,62,O13,L6,pair,I19,O5
12,K,14,K14,76,2,M9,B6,pair,D20,N10
12,K,15,K15,90,21,O13,D20,pair,K3,B12
12,K,16,K16,90,22,O13,D22,pair,O17,M23
12,K,17,K17,79,14,M15,D6,pair,H20,K8
12,K,18,K18,87,3,O7,B8,pair,J22,J5
12,K,19,K19,40,42,G9,H14,pair,K6,G5
12,K,20,K20,42,73,G13,N4,pair,K11,B15
12,K,21,K21,40,26,G9,F6,pair,E3,N15
12,K,22,K22,74,95,M5,P24,pair,L23,F19
12,K,23,K23,84,26,O1,F6,pair,D6,C15
12,L,2,L2,30,71,E13,L24,pair,N19,M15
12,L,3,L3,52,16,I9,D10,pair,P23,M23
12,L,4,L4,24,17,E1,D12,pair,E3,L11
12,L,5,L5,4,38,A9,H6,pair,B15,D11
12,L,6,L6,34,31,E21,F16,pair,D20,N15
12,L,7,L7,82,43,M21,H16,pair,N15,A6
12,L,8,L8,77,52,M11,J10,pair,A5,F16
12,L,9,L9,48,85,I1,P4,pair,D7,G8
12,L,10,L10,38,11,G5,B24,pair,A20,O10
12,L,11,L11,24,95,E1,P24,pair,B7,K8
12,L,12,L12,68,85,K17,P4,pair,C3,K8
12,L,13,L13,18,31,C13,F16,pair,N19,N15
12,L,14,L14,53,95,I11,P24,pair,O7,J18
12,L,15,L15,53,61,I11,L4,pair,D20,N21
12,L,16,L16,36,64,G1,L10,pair,K17,A11
12,L,17,L17,93,48,O19,J2,pair,N24,G17
12,L,18,L18,82,68,M21,L18,pair,K11,E24
12,L,19,L19,5,43,A11,H16,pair,L23,F19
12,L,20,L20,76,8,M9,B18,pair,N19,A11
12,L,21,L21,66,87,K13,P8,pair,D15,D11
12,L,22,L22,69,55,K19,J16,pair,A5,A20
12,L,23,L23,23,43,C23,H16,pair,L23,P13
12,M,2,M2,18,76,C13,N10,pair,K15,L23
12,M,3,M3,86,72,O5,N2,pair,K11,J2
12,M,4,M4,1,74,A3,N6,pair,N15,K8
12,M,5,M5,54,17,I13,D12,pair,P20,F7
12,M,6,M6,83,81,M23,N20,pair,F17,C20
12,M,7,M7,43,33,G15,F20,pair,L23,N14
12,M,8,M8,3,88,A7,P10,pair,C11,D7
12,M,9,M9,63,17,K7,D12,mono,D15,D15
12,M,10,M10,92,12,O17,D2,pair,D20,C19
12,M,11,M11,84,10,O1,B22,pair,O7,D1
12,M,12,M12,80,28,M17,F10,pair,P23,N14
12,M,13,M13,37,67,G3,L16,pair,O7,O18
12,M,14,M14,84,67,O1,L16,pair,L6,G5
12,M,15,M15,34,20,E21,D18,pair,N15,E24
12,M,16,M16,90,93,O13,P20,pair,J24,B24
12,M,17,M17,56,90,I17,P14,pair,A5,D13
12,M,18,M18,23,11,C23,B24,pair,N14,L11
12,M,19,M19,20,29,C17,F12,pair,O17,L6
12,M,20,M20,13,70,C3,L22,pair,F19,N13
12,M,21,M21,19,16,C15,D10,pair,L24,J22
12,M,22,M22,25,71,E3,L24,pair,D7,G5
12,M,23,M23,36,27,G1,F8,pair,J18,M15
12,N,2,N2,75,45,M7,H20,pair,O7,C11
12,N,3,N3,91,49,O15,J4,pair,O24,K2
12,N,4,N4,85,92,O3,P18,pair,C3,N3
12,N,5,N5,25,91,E3,P16,pair,N24,H20
12,N,6,N6,93,89,O19,P12,pair,L19,P16
12,N,7,N7,36,82,G1,N22,pair,D20,L11
12,N,8,N8,48,11,I1,B24,pair,C11,L19
12,N,9,N9,10,93,A21,P20,pair,F19,K2
12,N,10,N10,76,87,M9,P8,pair,P1,M23
12,N,11,N11,51,93,I7,P20,pair,N21,D15
12,N,12,N12,19,52,C15,J10,pair,A6,J2
12,N,13,N13,10,35,A21,F24,pair,N19,I19
12,N,14,N14,58,80,I21,N18,pair,J24,J18
12,N,15,N15,14,86,C5,P6,pair,N23,K3
12,N,16,N16,49,42,I3,H14,pair,F2,J5
12,N,17,N17,9,47,A19,H24,pair,A5,B24
12,N,18,N18,29,17,E11,D12,pair,N21,A20
12,N,19,N19,12,17,C1,D12,pair,F2,D13
12,N,20,N20,9,56,A19,J18,pair,B24,K3
12,N,21,N21,67,45,K15,H20,pair,O17,D13
12,N,22,N22,48,78,I1,N14,pair,P20,F16
12,N,23,N23,62,15,K5,D8,pair,F17,K6
12,O,2,O2,25,22,E3,D22,pair,F17,A20
12,O,3,O3,71,14,K23,D6,pair,O7,B15
12,O,4,O4,61,48,K3,J2,pair,E3,B12
12,O,5,O5,32,72,E17,N2,pair,J24,F17
12,O,6,O6,89,63,O11,L8,pair,D3,A11
12,O,7,O7,40,72,G9,N2,pair,A6,G8
12,O,8,O8,4,34,A9,F22,pair,O7,G17
12,O,9,O9,62,9,K5,B20,pair,P20,C19
12,O,10,O10,52,10,I9,B22,pair,J24,P14
12,O,11,O11,14,16,C5,D10,pair,K6,D13
12,O,12,O12,13,65,C3,L12,pair,O7,C14
12,O,13,O13,80,14,M17,D6,pair,L23,C20
12,O,14,O14,94,25,O21,F4,pair,K17,D13
12,O,15,O15,72,12,M1,D2,pair,P16,O21
12,O,16,O16,28,49,E9,J4,pair,B4,L19
12,O,17,O17,90,31,O13,F16,pair,C15,F16
12,O,18,O18,81,67,M19,L16,pair,D6,D3
12,O,19,O19,37,81,G3,N20,pair,F7,O10
12,O,20,O20,89,3,O11,B8,mono,M12,M12
12,O,21,O21,75,5,M7,B12,pair,L6,F16
12,O,22,O22,75,85,M7,P4,pair,A20,D7
12,O,23,O23,62,71,K5,L24,pair,J24,G8
13,B,2,B2,68,26,K17,F6,pair,O17,P20
13,B,3,B3,23,33,C23,F20,pair,C11,D13
13,B,4,B4,48,88,I1,P10,pair,A19,P20
13,B,5,B5,74,17,M5,D12,pair,N24,K8
13,B,6,B6,22,40,C21,H10,pair,I19,P13
13,B,7,B7,40,67,G9,L16,pair,M14,P14
13,B,8,B8,4,17,A9,D12,pair,K10,N13
13,B,9,B9,56,95,I17,P24,pair,O5,K2
13,B,10,B10,85,43,O3,H16,pair,C19,E24
13,B,11,B11,19,73,C15,N4,pair,K3,E24
13,B,12,B12,35,70,E23,L22,pair,G17,O10
13,B,13,B13,39,6,G7,B14,pair,P16,J5
13,B,14,B14,67,26,K15,F6,mono,C12,C12
13,B,15,B15,71,26,K23,F6,pair,O17,O10
13,B,16,B16,0,9,A1,B20,pair,L23,A11
13,B,17,B17,70,42,K21,H14,pair,D20,M14
13,B,18,B18,41,91,G11,P16,pair,P13,E3
13,B,19,B19,27,90,E7,P14,pair,O17,C15
13,B,20,B20,22,78,C21,N14,pair,O7,E3
13,B,21,B21,42,77,G13,N12,pair,B7,C19
13,B,22,B22,53,47,I11,H24,pair,K3,J22
13,B,23,B23,69,89,K19,P12,pair,E14,N13
13,C,2,C2,22,68,C21,L18,pair,P8,F17
13,C,3,C3,93,53,O19,J12,pair,A5,J22
13,C,4,C4,95,52,O23,J10,pair,N10,D3
13,C,5,C5,80,36,M17,H2,pair,K10,C8
13,C,6,C6,57,65,I19,L12,pair,K11,P14
13,C,7,C7,17,52,C11,J10,pair,K15,M12
13,C,8,C8,25,68,E3,L18,pair,B15,F19
13,C,9,C9,49,34,I3,F22,pair,E3,D11
13,C,10,C10,66,69,K13,L20,pair,D20,F7
13,C,11,C11,30,67,E13,L16,pair,O21,N13
13,C,12,C12,20,79,C17,N16,pair,I19,M14
13,C,13,C13,90,67,O13,L16,pair,D3,O10
13,C,14,C14,51,68,I7,L18,pair,N24,C8
13,C,15,C15,67,56,K15,J18,pair,N3,P14
13,C,16,C16,67,55,K15,J16,pair,K3,N21
13,C,17,C17,24,76,E1,N10,pair,D6,K8
13,C,18,C18,73,93,M3,P20,pair,H20,N14
13,C,19,C19,55,16,I15,D10,pair,O21,P17
13,C,20,C20,59,14,I23,D6,pair,C3,K3
13,C,21,C21,31,16,E15,D10,pair,A6,P14
13,C,22,C22,66,17,K13,D12,pair,E24,J5
13,C,23,C23,26,18,E5,D14,pair,P13,K3
13,D,2,D2,57,49,I19,J4,pair,I19,B12
13,D,3,D3,92,34,O17,F22,pair,A20,P17
13,D,4,D4,86,25,O5,F4,pair,N10,D3
13,D,5,D5,27,38,E7,H6,pair,P23,P17
13,D,6,D6,15,93,C7,P20,pair,H20,G5
13,D,7,D7,59,34,I23,F22,pair,N10,N14
13,D,8,D8,78,1,M13,B4,pair,N24,O21
13,D,9,D9,56,67,I17,L16,pair,F19,A6
13,D,10,D10,19,40,C15,H10,pair,D20,P23
13,D,11,D11,23,38,C23,H6,pair,E3,F13
13,D,12,D12,37,16,G3,D10,pair,C20,E24
13,D,13,D13,3,68,A7,L18,pair,K10,A20
13,D,14,D14,32,34,E17,F22,pair,M23,H20
13,D,15,D15,5,39,A11,H8,pair,K15,E3
13,D,16,D16,43,61,G15,L4,pair,G17,C8
13,D,17,D17,20,46,C17,H22,pair,P23,C8
13,D,18,D18,12,79,C1,N16,pair,D6,P17
13,D,19,D19,77,28,M11,F10,pair,O5,E24
13,D,20,D20,73,23,M3,D24,pair,K15,O10
13,D,21,D21,66,94,K13,P22,pair,M12,J5
13,D,22,D22,84,16,O1,D10,pair,B4,F13
13,D,23,D23,62,57,K5,J20,pair,P16,N13
13,E,2,E2,71,25,K23,F4,pair,O5,A20
13,E,3,E3,12,80,C1,N18,pair,B7,B4
13,E,4,E4,47,6,G23,B14,pair,C11,O18
13,E,5,E5,87,71,O7,L24,pair,N14,D3
13,E,6,E6,46,78,G21,N14,pair,K6,O18
13,E,7,E7,33,8,E19,B18,pair,N21,C12
13,E,8,E8,59,89,I23,P12,pair,P23,P14
13,E,9,E9,14,53,C5,J12,pair,D15,P17
13,E,10,E10,71,17,K23,D12,pair,K15,F2
13,E,11,E11,68,83,K17,N24,pair,B24,D7
13,E,12,E12,68,59,K17,J24,pair,K17,N10
13,E,13,E13,33,22,E19,D22,pair,P16,E24
13,E,14,E14,12,4,C1,B10,pair,K8,C14
13,E,15,E15,38,55,G5,J16,pair,N19,F19
13,E,16,E16,63,24,K7,F2,pair,N19,G17
13,E,17,E17,53,32,I11,F18,pair,F16,E14
13,E,18,E18,68,42,K17,H14,pair,O21,D13
13,E,19,E19,18,86,C13,P6,pair,P8,L24
13,E,20,E20,19,50,C15,J6,pair,N15,O21
13,E,21,E21,7,72,A15,N2,pair,F2,D3
13,E,22,E22,27,15,E7,D8,pair,J24,P11
13,E,23,E23,52,38,I9,H6,pair,N24,N23
13,F,2,F2,24,7,E1,B16,pair,O17,N10
13,F,3,F3,90,42,O13,H14,pair,N14,G5
13,F,4,F4,77,1,M11,B4,pair,O7,D7
13,F,5,F5,42,29,G13,F12,pair,N19,C12
13,F,6,F6,95,4,O23,B10,pair,O24,A5
13,F,7,F7,67,86,K15,P6,pair,P1,O21
13,F,8,F8,44,7,G17,B16,pair,O10,J5
13,F,9,F9,63,54,K7,J14,pair,J18,N14
13,F,10,F10,18,22,C13,D22,pair,K3,H20
13,F,11,F11,84,5,O1,B12,pair,P17,J5
13,F,12,F12,8,53,A17,J12,pair,O24,K17
13,F,13,F13,76,65,M9,L12,pair,C3,F19
13,F,14,F14,18,56,C13,J18,pair,K6,P17
13,F,15,F15,49,84,I3,P2,pair,D11,C14
13,F,16,F16,73,13,M3,D4,pair,K15,C11
13,F,17,F17,77,87,M11,P8,pair,D1,K17
13,F,18,F18,55,6,I15,B14,pair,C11,N10
13,F,19,F19,57,79,I19,N16,pair,K15,P1
13,F,20,F20,49,37,I3,H4,pair,C12,C14
13,F,21,F21,75,52,M7,J10,pair,C14,O18
13,F,22,F22,20,32,C17,F18,pair,K15,C3
13,F,23,F23,32,22,E17,D22,pair,I19,O17
13,G,2,G2,68,60,K17,L2,pair,P8,P14
13,G,3,G3,78,57,M13,J20,pair,N19,F16
13,G,4,G4,85,31,O3,F16,pair,N14,N15
13,G,5,G5,64,22,K9,D22,pair,P11,D13
13,G,6,G6,79,91,M15,P16,pair,L19,E24
13,G,7,G7,93,21,O19,D20,pair,L24,N14
13,G,8,G8,71,49,K23,J4,pair,C11,N13
13,G,9,G9,1,34,A3,F22,pair,K3,A11
13,G,10,G10,70,76,K21,N10,pair,M23,P13
13,G,11,G11,35,68,E23,L18,pair,M12,P17
13,G,12,G12,73,21,M3,D20,pair,K17,L24
13,G,13,G13,33,87,E19,P8,pair,N24,J18
13,G,14,G14,19,6,C15,B14,pair,K3,E3
13,G,15,G15,1,29,A3,F12,pair,D20,N10
13,G,16,G16,5,53,A11,J12,pair,N15,D13
13,G,17,G17,6,29,A13,F12,pair,O21,A11
13,G,18,G18,60,29,K1,F12,pair,M15,D3
13,G,19,G19,16,21,C9,D20,pair,P8,F19
13,G,20,G20,8,11,A17,B24,pair,M12,N10
13,G,21,G21,85,54,O3,J14,pair,L23,L11
13,G,22,G22,64,33,K9,F20,pair,A11,K2
13,G,23,G23,47,41,G23,H12,pair,K11,P8
13,H,2,H2,91,70,O15,L22,pair,I19,E14
13,H,3,H3,58,37,I21,H4,pair,K10,D11
13,H,4,H4,78,33,M13,F20,pair,K11,F2
13,H,5,H5,32,74,E17,N6,pair,N14,K2
13,H,6,H6,36,1,G1,B4,pair,B7,J18
13,H,7,H7,22,93,C21,P20,pair,P20,C12
13,H,8,H8,82,21,M21,D20,pair,F2,M23
13,H,9,H9,0,17,A1,D12,pair,O24,D15
13,H,10,H10,4,82,A9,N22,pair,N24,O7
13,H,11,H11,59,21,I23,D20,pair,P20,J5
13,H,12,H12,90,66,O13,L14,pair,P13,O10
13,H,13,H13,67,58,K15,J22,pair,C19,F13
13,H,14,H14,14,47,C5,H24,pair,K10,D20
13,H,15,H15,56,55,I17,J16,pair,P1,F2
13,H,16,H16,87,60,O7,L2,pair,N19,N14
13,H,17,H17,88,36,O9,H2,pair,A19,N13
13,H,18,H18,32,95,E17,P24,pair,D6,G5
13,H,19,H19,86,78,O5,N14,pair,J24,M15
13,H,20,H20,93,45,O19,H20,pair,K11,K8
13,H,21,H21,65,13,K11,D4,pair,P17,J5
13,H,22,H22,85,53,O3,J12,pair,P20,N10
13,H,23,H23,34,69,E21,L20,pair,F19,O18
13,I,2,I2,1,65,A3,L12,pair,C8,K17
13,I,3,I3,68,36,K17,H2,pair,C11,N13
13,I,4,I4,9,48,A19,J2,pair,O24,K3
13,I,5,I5,26,87,E5,P8,pair,N10,C15
13,I,6,I6,20,5,C17,B12,pair,D20,N15
13,I,7,I7,42,74,G13,N6,pair,L11,N13
13,I,8,I8,48,71,I1,L24,pair,N14,J5
13,I,9,I9,87,11,O7,B24,pair,A20,L24
13,I,10,I10,89,54,O11,J14,pair,K10,K17
13,I,11,I11,18,83,C13,N24,pair,F19,E24
13,I,12,I12,8,58,A17,J22,pair,D1,N21
13,I,13,I13,18,27,C13,F8,pair,J18,M14
13,I,14,I14,16,51,C9,J8,pair,C3,K17
13,I,15,I15,91,40,O15,H10,pair,I19,N21
13,I,16,I16,66,44,K13,H18,pair,F2,C20
13,I,17,I17,62,18,K5,D14,pair,B24,F16
13,I,18,I18,2,51,A5,J8,pair,O24,N14
13,I,19,I19,91,26,O15,F6,pair,J18,D7
13,I,20,I20,28,74,E9,N6,pair,B12,L11
13,I,21,I21,91,74,O15,N6,pair,F13,D3
13,I,22,I22,84,57,O1,J20,pair,K6,N14
13,I,23,I23,32,44,E17,H18,pair,N21,P20
13,J,2,J2,32,59,E17,J24,pair,D1,C20
13,J,3,J3,41,52,G11,J10,pair,O24,J2
13,J,4,J4,67,34,K15,F22,pair,D6,D20
13,J,5,J5,71,31,K23,F16,pair,L6,E24
13,J,6,J6,82,65,M21,L12,pair,O24,L19
13,J,7,J7,1,58,A3,J22,pair,J24,J5
13,J,8,J8,45,50,G19,J6,pair,B7,E24
13,J,9,J9,60,68,K1,L18,pair,P23,P8
13,J,10,J10,26,53,E5,J12,pair,O5,M23
13,J,11,J11,22,66,C21,L14,pair,O17,J22
13,J,12,J12,48,57,I1,J20,pair,N21,C20
13,J,13,J13,71,40,K23,H10,pair,P8,E14
13,J,14,J14,91,29,O15,F12,pair,N15,M14
13,J,15,J15,28,37,E9,H4,pair,M12,C12
13,J,16,J16,43,62,G15,L6,pair,H20,O21
13,J,17,J17,10,83,A21,N24,pair,F7,E24
13,J,18,J18,70,94,K21,P22,pair,O7,A6
13,J,19,J19,51,20,I7,D18,pair,F2,K17
13,J,20,J20,3,24,A7,F2,pair,K6,P16
13,J,21,J21,13,80,C3,N18,pair,K15,P1
13,J,22,J22,83,10,M23,B22,pair,O7,C15
13,J,23,J23,79,46,M15,H22,pair,N24,P13
13,K,2,K2,52,89,I9,P12,pair,B15,D11
13,K,3,K3,13,8,C3,B18,pair,N19,J18
13,K,4,K4,85,4,O3,B10,pair,N19,D15
13,K,5,K5,11,34,A23,F22,pair,K11,K3
13,K,6,K6,92,50,O17,J6,pair,J24,F2
13,K,7,K7,59,77,I23,N12,pair,D6,C19
13,K,8,K8,13,84,C3,P2,pair,A5,N21
13,K,9,K9,43,71,G15,L24,pair,O24,L19
13,K,10,K10,71,58,K23,J22,pair,D11,M14
13,K,11,K11,54,50,I13,J6,pair,L23,J5
13,K,12,K12,3,50,A7,J6,pair,B24,F17
13,K,13,K13,10,45,A21,H20,pair,N24,E14
13,K,14,K14,73,27,M3,F8,pair,P11,P17
13,K,15,K15,48,68,I1,L18,pair,A20,F16
13,K,16,K16,81,53,M19,J12,mono,K11,K11
13,K,17,K17,95,33,O23,F20,pair,F17,J22
13,K,18,K18,89,83,O11,N24,pair,P23,B15
13,K,19,K19,25,32,E3,F18,pair,D6,C12
13,K,20,K20,80,9,M17,B20,pair,C8,M15
13,K,21,K21,13,95,C3,P24,pair,K3,N13
13,K,22,K22,53,21,I11,D20,pair,M12,G8
13,K,23,K23,9,12,A19,D2,pair,B4,F16
13,L,2,L2,17,35,C11,F24,pair,M15,C15
13,L,3,L3,9,71,A19,L24,pair,B15,P20
13,L,4,L4,42,66,G13,L14,pair,K3,N10
13,L,5,L5,35,65,E23,L12,pair,P23,O5
13,L,6,L6,12,24,C1,F2,pair,K11,O7
13,L,7,L7,16,95,C9,P24,pair,N10,D15
13,L,8,L8,91,39,O15,H8,pair,D1,F19
13,L,9,L9,54,45,I13,H20,pair,O21,E24
13,L,10,L10,45,11,G19,B24,pair,N24,K6
13,L,11,L11,14,85,C5,P4,pair,K6,N13
13,L,12,L12,62,91,K5,P16,pair,J24,J5
13,L,13,L13,5,7,A11,B16,pair,O5,P20
13,L,14,L14,38,47,G5,H24,pair,C20,N14
13,L,15,L15,57,53,I19,J12,pair,C19,C14
13,L,16,L16,60,2,K1,B6,pair,C15,L11
13,L,17,L17,13,43,C3,H16,pair,J24,O18
13,L,18,L18,27,58,E7,J22,pair,B7,A11
13,L,19,L19,67,21,K15,D20,pair,N10,O18
13,L,20,L20,6,22,A13,D22,pair,E3,D7
13,L,21,L21,35,90,E23,P14,pair,G5,P17
13,L,22,L22,71,38,K23,H6,pair,B4,F13
13,L,23,L23,70,65,K21,L12,pair,B15,K8
13,M,2,M2,20,47,C17,H24,pair,O24,O7
13,M,3,M3,43,29,G15,F12,pair,B15,A6
13,M,4,M4,26,31,E5,F16,pair,F2,D7
13,M,5,M5,10,5,A21,B12,pair,I19,B4
13,M,6,M6,49,82,I3,N22,pair,D6,N13
13,M,7,M7,62,93,K5,P20,pair,K15,D20
13,M,8,M8,45,7,G19,B16,pair,L23,G17
13,M,9,M9,1,17,A3,D12,pair,K11,I19
13,M,10,M10,35,19,E23,D16,pair,P23,C15
13,M,11,M11,48,13,I1,D4,pair,B12,C19
13,M,12,M12,76,56,M9,J18,pair,C3,L11
13,M,13,M13,59,45,I23,H20,pair,K10,E3
13,M,14,M14,16,54,C9,J14,pair,P11,N14
13,M,15,M15,52,63,I9,L8,pair,O7,M15
13,M,16,M16,13,11,C3,B24,pair,G17,E3
13,M,17,M17,8,87,A17,P8,pair,K11,D13
13,M,18,M18,25,92,E3,P18,pair,C19,G5
13,M,19,M19,25,75,E3,N8,pair,K2,N13
13,M,20,M20,36,24,G1,F2,pair,K6,C14
13,M,21,M21,65,83,K11,N24,pair,N24,N21
13,M,22,M22,35,73,E23,N4,pair,O7,O10
13,M,23,M23,39,45,G7,H20,pair,P1,B24
13,N,2,N2,8,57,A17,J20,pair,P17,N13
13,N,3,N3,10,3,A21,B8,pair,A5,L11
13,N,4,N4,43,6,G15,B14,pair,M12,D3
13,N,5,N5,67,19,K15,D16,pair,F7,N13
13,N,6,N6,33,59,E19,J24,pair,P23,O5
13,N,7,N7,83,0,M23,B2,pair,L24,N15
13,N,8,N8,33,70,E19,L22,pair,F19,D15
13,N,9,N9,70,17,K21,D12,pair,C11,K2
13,N,10,N10,38,21,G5,D20,pair,P23,L11
13,N,11,N11,30,22,E13,D22,pair,A5,J22
13,N,12,N12,48,76,I1,N10,pair,J18,P17
13,N,13,N13,33,14,E19,D6,pair,N23,C15
13,N,14,N14,49,40,I3,H10,pair,M23,D3
13,N,15,N15,12,69,C1,L20,pair,F13,A11
13,N,16,N16,79,50,M15,J6,pair,D6,B15
13,N,17,N17,81,24,M19,F2,pair,C11,F16
13,N,18,N18,57,84,I19,P2,pair,N10,N15
13,N,19,N19,41,81,G11,N20,pair,L24,D3
13,N,20,N20,21,85,C19,P4,pair,A5,C19
13,N,21,N21,76,59,M9,J24,pair,B12,F16
13,N,22,N22,42,36,G13,H2,pair,K17,C14
13,N,23,N23,85,74,O3,N6,pair,N23,M12
13,O,2,O2,27,74,E7,N6,pair,L23,J2
13,O,3,O3,67,82,K15,N22,pair,K15,D15
13,O,4,O4,43,93,G15,P20,pair,K3,A6
13,O,5,O5,6,40,A13,H10,pair,N3,O10
13,O,6,O6,42,57,G13,J20,pair,F17,L24
13,O,7,O7,81,95,M19,P24,pair,P23,K8
13,O,8,O8,13,79,C3,N16,pair,D7,A11
13,O,9,O9,76,84,M9,P2,pair,A19,E3
13,O,10,O10,58,6,I21,B14,pair,L19,L24
13,O,11,O11,45,93,G19,P20,pair,D6,D11
13,O,12,O12,34,2,E21,B6,pair,B7,M23
13,O,13,O13,83,24,M23,F2,pair,E3,J5
13,O,14,O14,79,43,M15,H16,pair,D1,D7
13,O,15,O15,46,2,G21,B6,pair,K11,J5
13,O,16,O16,46,80,G21,N18,pair,O7,P13
13,O,17,O17,79,23,M15,D24,pair,C8,C14
13,O,18,O18,31,92,E15,P18,pair,P1,N14
13,O,19,O19,62,77,K5,N12,pair,F2,D11
13,O,20,O20,44,18,G17,D14,pair,L19,J22
13,O,21,O21,9,60,A19,L2,pair,C12,D13
13,O,22,O22,33,58,E19,J22,pair,N24,L24
13,O,23,O23,78,21,M13,D20,pair,A6,P14
14,B,2,B2,82,16,M21,D10,pair,K10,D3
14,B,3,B3,0,87,A1,P8,pair,E24,P14
14,B,4,B4,62,27,K5,F8,pair,B4,P14
14,B,5,B5,87,28,O7,F10,pair,D1,N15
14,B,6,B6,74,3,M5,B8,pair,J18,O17
14,B,7,B7,75,26,M7,F6,pair,P1,N21
14,B,8,B8,32,25,E17,F4,mono,D1,D1
14,B,9,B9,78,91,M13,P16,pair,O21,P14
14,B,10,B10,37,88,G3,P10,pair,P8,F7
14,B,11,B11,38,29,G5,F12,pair,K3,P16
14,B,12,B12,36,42,G1,H14,pair,O17,J5
14,B,13,B13,43,94,G15,P22,pair,N21,P20
14,B,14,B14,87,69,O7,L20,pair,M12,E24
14,B,15,B15,9,53,A19,J12,pair,B24,H20
14,B,16,B16,48,70,I1,L22,pair,O5,B12
14,B,17,B17,33,55,E19,J16,pair,J18,M23
14,B,18,B18,79,49,M15,J4,pair,P1,O17
14,B,19,B19,88,55,O9,J16,pair,I19,K8
14,B,20,B20,69,60,K19,L2,pair,K11,P8
14,B,21,B21,5,94,A11,P22,pair,B7,K3
14,B,22,B22,83,66,M23,L14,pair,B7,C3
14,B,23,B23,17,75,C11,N8,pair,B4,L6
14,C,2,C2,63,13,K7,D4,pair,N24,M23
14,C,3,C3,64,43,K9,H16,pair,A5,F16
14,C,4,C4,55,26,I15,F6,pair,I19,D11
14,C,5,C5,48,49,I1,J4,pair,L23,C14
14,C,6,C6,31,13,E15,D4,pair,M12,E14
14,C,7,C7,4,84,A9,P2,pair,C8,C12
14,C,8,C8,95,81,O23,N20,pair,K10,O7
14,C,9,C9,86,18,O5,D14,pair,L6,C3
14,C,10,C10,53,40,I11,H10,pair,K15,P13
14,C,11,C11,66,65,K13,L12,pair,P1,J22
14,C,12,C12,95,93,O23,P20,pair,C8,G8
14,C,13,C13,4,91,A9,P16,pair,K6,C15
14,C,14,C14,36,88,G1,P10,pair,P8,C19
14,C,15,C15,94,0,O21,B2,pair,K6,D11
14,C,16,C16,76,89,M9,P12,pair,G5,J2
14,C,17,C17,62,70,K5,L22,pair,K2,J5
14,C,18,C18,57,64,I19,L10,pair,O24,L11
14,C,19,C19,1,87,A3,P8,mono,B4,B4
14,C,20,C20,75,78,M7,N14,pair,F16,A11
14,C,21,C21,5,65,A11,L12,pair,D6,E24
14,C,22,C22,43,10,G15,B22,pair,L6,P20
14,C,23,C23,30,78,E13,N14,pair,I19,B7
14,D,2,D2,17,8,C11,B18,pair,P8,A20
14,D,3,D3,66,40,K13,H10,pair,A19,B12
14,D,4,D4,28,31,E9,F16,pair,F2,P17
14,D,5,D5,2,28,A5,F10,pair,G17,C15
14,D,6,D6,42,58,G13,J22,pair,J24,D1
14,D,7,D7,50,5,I5,B12,pair,N21,M14
14,D,8,D8,21,43,C19,H16,pair,D1,F16
14,D,9,D9,0,7,A1,B16,pair,C8,C20
14,D,10,D10,94,43,O21,H16,pair,J24,M23
14,D,11,D11,57,22,I19,D22,pair,O21,F16
14,D,12,D12,17,23,C11,D24,pair,P23,D13
14,D,13,D13,42,1,G13,B4,pair,N23,L11
14,D,14,D14,89,49,O11,J4,pair,K15,N3
14,D,15,D15,24,79,E1,N16,pair,O21,E14
14,D,16,D16,87,62,O7,L6,pair,A6,E14
14,D,17,D17,55,7,I15,B16,pair,L24,D11
14,D,18,D18,91,86,O15,P6,pair,P13,F19
14,D,19,D19,56,63,I17,L8,pair,D1,F17
14,D,20,D20,49,20,I3,D18,pair,N23,C20
14,D,21,D21,48,81,I1,N20,pair,N19,C3
14,D,22,D22,8,19,A17,D16,pair,K11,C8
14,D,23,D23,83,57,M23,J20,pair,D1,A6
14,E,2,E2,45,66,G19,L14,pair,B4,K8
14,E,3,E3,72,36,M1,H2,pair,B24,A11
14,E,4,E4,58,88,I21,P10,pair,A19,H20
14,E,5,E5,89,50,O11,J6,pair,O21,K8
14,E,6,E6,52,47,I9,H24,pair,O7,L6
14,E,7,E7,23,29,C23,F12,pair,B7,P16
14,E,8,E8,81,78,M19,N14,pair,N21,L11
14,E,9,E9,72,47,M1,H24,pair,O5,N15
14,E,10,E10,64,10,K9,B22,pair,C15,D3
14,E,11,E11,24,9,E1,B20,pair,J18,B12
14,E,12,E12,37,12,G3,D2,pair,L6,C12
14,E,13,E13,24,83,E1,N24,pair,B4,B15
14,E,14,E14,43,30,G15,F14,pair,N19,M12
14,E,15,E15,64,27,K9,F8,pair,P11,L24
14,E,16,E16,75,87,M7,P8,pair,O7,N21
14,E,17,E17,6,3,A13,B8,pair,B4,N3
14,E,18,E18,66,57,K13,J20,pair,G5,J2
14,E,19,E19,33,36,E19,H2,pair,J24,P17
14,E,20,E20,16,18,C9,D14,pair,N21,F13
14,E,21,E21,37,49,G3,J4,pair,F17,J2
14,E,22,E22,89,91,O11,P16,pair,N23,P23
14,E,23,E23,17,48,C11,J2,pair,N19,L23
14,F,2,F2,70,0,K21,B2,pair,F19,K8
14,F,3,F3,73,0,M3,B2,pair,P23,E24
14,F,4,F4,23,10,C23,B22,pair,O24,P13
14,F,5,F5,41,86,G11,P6,pair,M15,J2
14,F,6,F6,0,6,A1,B14,pair,C11,C12
14,F,7,F7,16,37,C9,H4,pair,K10,K6
14,F,8,F8,93,8,O19,B18,pair,A19,J5
14,F,9,F9,23,22,C23,D22,pair,N24,M15
14,F,10,F10,75,67,M7,L16,pair,L6,E14
14,F,11,F11,95,3,O23,B8,pair,D11,O10
14,F,12,F12,77,79,M11,N16,pair,G17,P16
14,F,13,F13,27,82,E7,N22,pair,B24,P14
14,F,14,F14,24,60,E1,L2,pair,B4,P11
14,F,15,F15,11,80,A23,N18,pair,C20,F16
14,F,16,F16,64,49,K9,J4,pair,K3,O10
14,F,17,F17,45,68,G19,L18,pair,J18,C12
14,F,18,F18,51,10,I7,B22,pair,N23,B12
14,F,19,F19,37,50,G3,J6,pair,J18,F19
14,F,20,F20,65,87,K11,P8,pair,N23,O5
14,F,21,F21,83,49,M23,J4,pair,B4,L6
14,F,22,F22,37,82,G3,N22,pair,H20,J5
14,F,23,F23,11,41,A23,H12,pair,O7,G8
14,G,2,G2,2,72,A5,N2,pair,O5,P16
14,G,3,G3,58,60,I21,L2,pair,H20,A6
14,G,4,G4,82,4,M21,B10,pair,P1,K3
14,G,5,G5,54,35,I13,F24,pair,C3,P14
14,G,6,G6,41,12,G11,D2,pair,P16,J5
14,G,7,G7,8,43,A17,H16,pair,K15,O18
14,G,8,G8,70,50,K21,J6,pair,A20,G5
14,G,9,G9,7,77,A15,N12,pair,F2,M15
14,G,10,G10,44,22,G17,D22,pair,B4,P20
14,G,11,G11,50,41,I5,H12,pair,M14,D3
14,G,12,G12,59,64,I23,L10,pair,P23,C8
14,G,13,G13,85,55,O3,J16,pair,K10,F17
14,G,14,G14,89,81,O11,N20,pair,E14,D13
14,G,15,G15,44,34,G17,F22,pair,C20,J5
14,G,16,G16,93,67,O19,L16,pair,N19,A19
14,G,17,G17,94,89,O21,P12,pair,O24,K10
14,G,18,G18,30,3,E13,B8,pair,L24,D13
14,G,19,G19,4,13,A9,D4,pair,N24,N21
14,G,20,G20,22,55,C21,J16,pair,J18,M12
14,G,21,G21,80,60,M17,L2,pair,C20,C12
14,G,22,G22,86,46,O5,H22,pair,K3,M14
14,G,23,G23,71,93,K23,P20,pair,G17,K8
14,H,2,H2,56,51,I17,J8,pair,F2,P14
14,H,3,H3,89,1,O11,B4,pair,N15,J22
14,H,4,H4,35,3,E23,B8,pair,D20,A11
14,H,5,H5,83,89,M23,P12,pair,O24,B24
14,H,6,H6,18,44,C13,H18,pair,A19,C15
14,H,7,H7,38,54,G5,J14,pair,N19,O7
14,H,8,H8,83,62,M23,L6,pair,J18,F17
14,H,9,H9,20,50,C17,J6,pair,O5,F16
14,H,10,H10,81,73,M19,N4,pair,B4,L19
14,H,11,H11,23,76,C23,N10,pair,P13,N10
14,H,12,H12,7,31,A15,F16,pair,O17,D1
14,H,13,H13,69,86,K19,P6,pair,O7,M15
14,H,14,H14,55,66,I15,L14,pair,C11,N15
14,H,15,H15,56,34,I17,F22,pair,D15,D11
14,H,16,H16,88,94,O9,P22,pair,K2,J2
14,H,17,H17,82,26,M21,F6,pair,A20,N10
14,H,18,H18,80,70,M17,L22,pair,N19,H20
14,H,19,H19,17,81,C11,N20,pair,O17,M23
14,H,20,H20,84,35,O1,F24,pair,K10,L23
14,H,21,H21,33,92,E19,P18,pair,F19,B12
14,H,22,H22,83,65,M23,L12,pair,C3,J5
14,H,23,H23,31,20,E15,D18,pair,M15,P16
14,I,2,I2,16,26,C9,F6,pair,L23,N14
14,I,3,I3,92,29,O17,F12,pair,K10,E24
14,I,4,I4,21,48,C19,J2,pair,M23,N3
14,I,5,I5,80,84,M17,P2,pair,P11,C12
14,I,6,I6,45,56,G19,J18,pair,P1,J5
14,I,7,I7,59,17,I23,D12,pair,G17,L19
14,I,8,I8,42,40,G13,H10,pair,B24,C14
14,I,9,I9,47,86,G23,P6,pair,O24,O18
14,I,10,I10,21,88,C19,P10,pair,D1,E3
14,I,11,I11,49,14,I3,D6,pair,N24,P8
14,I,12,I12,58,22,I21,D22,pair,B12,D7
14,I,13,I13,8,27,A17,F8,pair,D6,C8
14,I,14,I14,41,71,G11,L24,pair,K15,D6
14,I,15,I15,30,56,E13,J18,pair,N14,J2
14,I,16,I16,67,64,K15,L10,pair,C12,L11
14,I,17,I17,3,2,A7,B6,pair,N24,K3
14,I,18,I18,72,77,M1,N12,pair,E14,M14
14,I,19,I19,41,92,G11,P18,pair,N19,P17
14,I,20,I20,60,50,K1,J6,pair,P23,C12
14,I,21,I21,40,23,G9,D24,pair,N21,L19
14,I,22,I22,54,14,I13,D6,pair,E3,C19
14,I,23,I23,43,86,G15,P6,pair,C11,A6
14,J,2,J2,44,51,G17,J8,pair,F17,P11
14,J,3,J3,84,56,O1,J18,pair,P16,D15
14,J,4,J4,6,87,A13,P8,pair,G17,D7
14,J,5,J5,41,80,G11,N18,pair,H20,G8
14,J,6,J6,44,60,G17,L2,pair,O24,O21
14,J,7,J7,87,64,O7,L10,pair,P1,N15
14,J,8,J8,50,94,I5,P22,pair,I19,O5
14,J,9,J9,94,42,O21,H14,pair,F2,J22
14,J,10,J10,30,29,E13,F12,pair,A20,E14
14,J,11,J11,61,35,K3,F24,pair,K3,P11
14,J,12,J12,7,34,A15,F22,pair,D20,K8
14,J,13,J13,16,17,C9,D12,pair,P23,O17
14,J,14,J14,55,45,I15,H20,pair,C8,J5
14,J,15,J15,69,12,K19,D2,pair,N23,P14
14,J,16,J16,71,32,K23,F18,pair,O24,F19
14,J,17,J17,72,78,M1,N14,pair,P20,J5
14,J,18,J18,46,89,G21,P12,mono,L24,L24
14,J,19,J19,61,77,K3,N12,pair,B4,G8
14,J,20,J20,59,47,I23,H24,pair,N19,D13
14,J,21,J21,59,28,I23,F10,pair,D1,E14
14,J,22,J22,7,90,A15,P14,pair,B24,F19
14,J,23,J23,60,48,K1,J2,pair,A20,D15
14,K,2,K2,84,11,O1,B24,pair,K6,A19
14,K,3,K3,49,0,I3,B2,pair,D6,E3
14,K,4,K4,64,1,K9,B4,pair,A19,L19
14,K,5,K5,22,25,C21,F4,pair,G17,K17
14,K,6,K6,88,44,O9,H18,pair,K15,K8
14,K,7,K7,6,75,A13,N8,pair,G17,E14
14,K,8,K8,16,92,C9,P18,pair,N19,L24
14,K,9,K9,67,15,K15,D8,pair,P8,K17
14,K,10,K10,69,6,K19,B14,pair,O7,D11
14,K,11,K11,82,64,M21,L10,pair,N10,M14
14,K,12,K12,35,77,E23,N12,pair,B7,A19
14,K,13,K13,43,75,G15,N8,pair,L23,M23
14,K,14,K14,28,84,E9,P2,pair,L6,N14
14,K,15,K15,5,34,A11,F22,pair,K17,C14
14,K,16,K16,53,74,I11,N6,pair,K11,F16
14,K,17,K17,34,43,E21,H16,pair,O24,K10
14,K,18,K18,5,95,A11,P24,pair,L19,C19
14,K,19,K19,93,94,O19,P22,pair,K6,F13
14,K,20,K20,16,47,C9,H24,pair,D15,C15
14,K,21,K21,83,52,M23,J10,pair,A20,O21
14,K,22,K22,1,79,A3,N16,mono,D3,D3
14,K,23,K23,67,6,K15,B14,pair,L24,P14
14,L,2,L2,32,36,E17,H2,pair,M15,F7
14,L,3,L3,93,64,O19,L10,pair,F16,D3
14,L,4,L4,74,39,M5,H8,pair,B12,F13
14,L,5,L5,92,19,O17,D16,pair,B4,F19
14,L,6,L6,52,85,I9,P4,pair,P8,C8
14,L,7,L7,34,35,E21,F24,pair,F13,M14
14,L,8,L8,86,40,O5,H10,pair,P20,D13
14,L,9,L9,37,89,G3,P12,pair,D7,P14
14,L,10,L10,9,78,A19,N14,pair,L6,M15
14,L,11,L11,91,53,O15,J12,pair,M15,D7
14,L,12,L12,76,21,M9,D20,pair,K15,P16
14,L,13,L13,21,92,C19,P18,pair,G17,N13
14,L,14,L14,75,92,M7,P18,pair,P11,M15
14,L,15,L15,15,36,C7,H2,pair,B4,G8
14,L,16,L16,7,51,A15,J8,pair,N24,F7
14,L,17,L17,0,2,A1,B6,pair,K11,O18
14,L,18,L18,76,58,M9,J22,pair,P8,C11
14,L,19,L19,15,2,C7,B6,pair,J22,O18
14,L,20,L20,80,18,M17,D14,pair,O21,M14
14,L,21,L21,63,29,K7,F12,pair,N23,K2
14,L,22,L22,20,6,C17,B14,pair,A5,E14
14,L,23,L23,78,76,M13,N10,pair,F17,N21
14,M,2,M2,63,85,K7,P4,pair,C11,D3
14,M,3,M3,70,89,K21,P12,pair,D11,K2
14,M,4,M4,54,26,I13,F6,pair,I19,E24
14,M,5,M5,52,64,I9,L10,pair,D7,K8
14,M,6,M6,52,12,I9,D2,pair,P13,K6
14,M,7,M7,51,28,I7,F10,pair,K17,E3
14,M,8,M8,31,3,E15,B8,pair,P13,A20
14,M,9,M9,5,49,A11,J4,pair,G17,P14
14,M,10,M10,85,20,O3,D18,pair,L23,C3
14,M,11,M11,4,12,A9,D2,pair,N10,C19
14,M,12,M12,10,77,A21,N12,pair,M15,L24
14,M,13,M13,80,32,M17,F18,pair,C20,P17
14,M,14,M14,73,37,M3,H4,pair,K15,F17
14,M,15,M15,32,19,E17,D16,pair,P11,P14
14,M,16,M16,44,14,G17,D6,pair,N24,A19
14,M,17,M17,19,45,C15,H20,pair,D6,O7
14,M,18,M18,77,18,M11,D14,pair,D1,A11
14,M,19,M19,52,48,I9,J2,pair,N23,B15
14,M,20,M20,91,68,O15,L18,pair,D20,P11
14,M,21,M21,65,70,K11,L22,pair,K17,C11
14,M,22,M22,28,16,E9,D10,pair,G5,F16
14,M,23,M23,28,5,E9,B12,pair,B24,K8
14,N,2,N2,67,31,K15,F16,pair,G8,K2
14,N,3,N3,24,10,E1,B22,pair,K8,E14
14,N,4,N4,27,72,E7,N2,pair,H20,C14
14,N,5,N5,44,88,G17,P10,pair,M23,D15
14,N,6,N6,39,86,G7,P6,pair,N24,N19
14,N,7,N7,65,44,K11,H18,pair,P8,F16
14,N,8,N8,71,33,K23,F20,pair,O7,O21
14,N,9,N9,5,91,A11,P16,pair,C12,C19
14,N,10,N10,62,16,K5,D10,pair,O24,A20
14,N,11,N11,27,93,E7,P20,pair,P8,D1
14,N,12,N12,33,57,E19,J20,pair,L6,F7
14,N,13,N13,30,9,E13,B20,pair,J24,N19
14,N,14,N14,0,32,A1,F18,pair,P8,C12
14,N,15,N15,54,91,I13,P16,pair,I19,C8
14,N,16,N16,69,17,K19,D12,pair,D11,A11
14,N,17,N17,47,74,G23,N6,pair,B12,C14
14,N,18,N18,88,49,O9,J4,pair,O24,P20
14,N,19,N19,38,1,G5,B4,pair,N10,C20
14,N,20,N20,74,47,M5,H24,pair,P16,G5
14,N,21,N21,45,87,G19,P8,pair,B4,O5
14,N,22,N22,22,17,C21,D12,pair,P1,C14
14,N,23,N23,82,58,M21,J22,pair,P1,N14
14,O,2,O2,29,63,E11,L8,pair,N19,H20
14,O,3,O3,65,61,K11,L4,pair,A6,G8
14,O,4,O4,80,27,M17,F8,pair,M15,G5
14,O,5,O5,37,27,G3,F8,pair,P11,D7
14,O,6,O6,23,27,C23,F8,pair,A5,O7
14,O,7,O7,57,88,I19,P10,pair,A5,N15
14,O,8,O8,0,26,A1,F6,pair,N15,K2
14,O,9,O9,86,36,O5,H2,pair,D13,O10
14,O,10,O10,72,35,M1,F24,pair,I19,P14
14,O,11,O11,9,87,A19,P8,pair,D1,M15
14,O,12,O12,13,16,C3,D10,pair,K15,O24
14,O,13,O13,47,73,G23,N4,pair,B12,P14
14,O,14,O14,45,30,G19,F14,pair,N23,K17
14,O,15,O15,36,62,G1,L6,pair,A5,N3
14,O,16,O16,3,53,A7,J12,pair,N15,J22
14,O,17,O17,86,38,O5,H6,pair,L19,N13
14,O,18,O18,24,63,E1,L8,pair,K3,F13
14,O,19,O19,74,18,M5,D14,pair,D7,N14
14,O,20,O20,63,52,K7,J10,pair,C20,E24
14,O,21,O21,79,93,M15,P20,pair,P23,F13
14,O,22,O22,55,60,I15,L2,pair,F7,K2
14,O,23,O23,14,29,C5,F12,pair,K17,K2
15,B,2,B2,87,14,O7,D6,pair,H20,P20
15,B,3,B3,36,40,G1,H10,pair,N3,L11
15,B,4,B4,92,85,O17,P4,pair,N15,N13
15,B,5,B5,10,21,A21,D20,pair,K6,L24
15,B,6,B6,92,23,O17,D24,pair,N19,P11
15,B,7,B7,9,94,A19,P22,pair,B24,M14
15,B,8,B8,42,25,G13,F4,pair,P8,N13
15,B,9,B9,75,24,M7,F2,pair,K8,A6
15,B,10,B10,44,24,G17,F2,pair,O24,G17
15,B,11,B11,76,71,M9,L24,pair,J18,L24
15,B,12,B12,93,58,O19,J22,pair,C8,F17
15,B,13,B13,52,80,I9,N18,pair,J24,D3
15,B,14,B14,41,43,G11,H16,pair,D1,G8
15,B,15,B15,91,81,O15,N20,pair,P20,L19
15,B,16,B16,84,55,O1,J16,pair,D6,F13
15,B,17,B17,63,82,K7,N22,pair,L24,P14
15,B,18,B18,86,84,O5,P2,pair,E24,P17
15,B,19,B19,72,70,M1,L22,pair,O17,F17
15,B,20,B20,64,82,K9,N22,pair,B4,M23
15,B,21,B21,80,5,M17,B12,pair,D20,O5
15,B,22,B22,80,56,M17,J18,pair,D11,E24
15,B,23,B23,54,44,I13,H18,pair,B7,M14
15,C,2,C2,1,54,A3,J14,pair,P11,G5
15,C,3,C3,72,9,M1,B20,pair,K11,E3
15,C,4,C4,60,78,K1,N14,pair,P1,B12
15,C,5,C5,46,59,G21,J24,pair,K11,C12
15,C,6,C6,17,95,C11,P24,pair,D20,K6
15,C,7,C7,66,34,K13,F22,pair,J18,E3
15,C,8,C8,80,25,M17,F4,pair,B24,N3
15,C,9,C9,81,49,M19,J4,pair,F2,K8
15,C,10,C10,27,19,E7,D16,pair,C11,A20
15,C,11,C11,36,57,G1,J20,pair,O17,N21
15,C,12,C12,73,83,M3,N24,pair,N23,D15
15,C,13,C13,72,31,M1,F16,pair,P23,J5
15,C,14,C14,32,76,E17,N10,pair,F13,O10
15,C,15,C15,39,62,G7,L6,pair,K15,K8
15,C,16,C16,64,74,K9,N6,pair,B15,C15
15,C,17,C17,55,21,I15,D20,pair,G17,P17
15,C,18,C18,19,32,C15,F18,pair,H20,F7
15,C,19,C19,63,92,K7,P18,pair,P13,A6
15,C,20,C20,3,45,A7,H20,pair,J22,J2
15,C,21,C21,51,71,I7,L24,pair,N3,N15
15,C,22,C22,81,5,M19,B12,pair,F2,K2
15,C,23,C23,63,62,K7,L6,pair,N19,P16
15,D,2,D2,36,80,G1,N18,pair,B7,L11
15,D,3,D3,31,52,E15,J10,pair,N23,D11
15,D,4,D4,7,33,A15,F20,pair,P11,E24
15,D,5,D5,93,11,O19,B24,pair,P23,L24
15,D,6,D6,19,68,C15,L18,pair,M12,B12
15,D,7,D7,67,17,K15,D12,pair,K17,B12
15,D,8,D8,3,81,A7,N20,pair,L6,O10
15,D,9,D9,69,38,K19,H6,pair,L23,L24
15,D,10,D10,12,82,C1,N22,pair,P1,N3
15,D,11,D11,53,27,I11,F8,pair,C8,N14
15,D,12,D12,61,78,K3,N14,pair,N24,G5
15,D,13,D13,38,50,G5,J6,pair,O7,B12
15,D,14,D14,86,81,O5,N20,pair,A5,L19
15,D,15,D15,7,53,A15,J12,pair,A19,F7
15,D,16,D16,12,33,C1,F20,pair,C14,M14
15,D,17,D17,13,92,C3,P18,pair,G17,A20
15,D,18,D18,74,54,M5,J14,pair,K15,J24
15,D,19,D19,48,41,I1,H12,pair,K8,O10
15,D,20,D20,36,51,G1,J8,pair,F19,P17
15,D,21,D21,87,51,O7,J8,pair,E3,M12
15,D,22,D22,6,1,A13,B4,pair,D13,N13
15,D,23,D23,67,9,K15,B20,pair,G17,N21
15,E,2,E2,38,15,G5,D8,pair,B12,O21
15,E,3,E3,83,90,M23,P14,pair,L23,N15
15,E,4,E4,70,16,K21,D10,pair,C8,H20
15,E,5,E5,28,73,E9,N4,pair,D1,A19
15,E,6,E6,59,50,I23,J6,pair,F7,A6
15,E,7,E7,55,72,I15,N2,pair,N23,D13
15,E,8,E8,74,92,M5,P18,pair,G5,C14
15,E,9,E9,59,19,I23,D16,pair,N19,A20
15,E,10,E10,90,10,O13,B22,pair,M15,M14
15,E,11,E11,67,87,K15,P8,pair,O17,D1
15,E,12,E12,14,66,C5,L14,pair,J24,L23
15,E,13,E13,60,14,K1,D6,pair,N24,C11
15,E,14,E14,87,50,O7,J6,pair,B12,O18
15,E,15,E15,30,5,E13,B12,pair,L24,F7
15,E,16,E16,19,11,C15,B24,pair,N10,F7
15,E,17,E17,81,22,M19,D22,pair,K17,E14
15,E,18,E18,22,74,C21,N6,pair,P23,G8
15,E,19,E19,19,93,C15,P20,pair,B4,C3
15,E,20,E20,87,30,O7,F14,pair,F13,L11
15,E,21,E21,23,44,C23,H18,pair,C8,N15
15,E,22,E22,1,69,A3,L20,pair,D6,O5
15,E,23,E23,48,3,I1,B8,pair,C19,N15
15,F,2,F2,93,52,O19,J10,pair,D7,K8
15,F,3,F3,20,65,C17,L12,pair,D11,O18
15,F,4,F4,71,6,K23,B14,pair,P23,A6
15,F,5,F5,63,69,K7,L20,pair,N19,G17
15,F,6,F6,38,83,G5,N24,pair,N24,A19
15,F,7,F7,73,76,M3,N10,pair,D6,B4
15,F,8,F8,60,83,K1,N24,pair,C12,O21
15,F,9,F9,21,59,C19,J24,pair,C19,A11
15,F,10,F10,57,19,I19,D16,pair,K10,N13
15,F,11,F11,83,12,M23,D2,pair,A19,D11
15,F,12,F12,22,18,C21,D14,pair,O17,P17
15,F,13,F13,78,32,M13,F18,pair,O24,A11
15,F,14,F14,73,29,M3,F12,pair,E14,K2
15,F,15,F15,64,20,K9,D18,pair,P1,O7
15,F,16,F16,68,51,K17,J8,pair,B4,E24
15,F,17,F17,62,31,K5,F16,pair,O21,D3
15,F,18,F18,53,11,I11,B24,pair,L24,A11
15,F,19,F19,15,38,C7,H6,pair,F17,F19
15,F,20,F20,9,55,A19,J16,pair,D1,D3
15,F,21,F21,71,56,K23,J18,pair,C3,B15
15,F,22,F22,32,63,E17,L8,pair,K11,F17
15,F,23,F23,22,7,C21,B16,pair,L23,L6
15,G,2,G2,79,92,M15,P18,pair,E3,C14
15,G,3,G3,37,19,G3,D16,pair,L11,J22
15,G,4,G4,29,12,E11,D2,pair,L19,K8
15,G,5,G5,11,54,A23,J14,pair,K15,B7
15,G,6,G6,66,53,K13,J12,pair,O7,F17
15,G,7,G7,7,84,A15,P2,pair,C11,C20
15,G,8,G8,15,22,C7,D22,pair,O18,J2
15,G,9,G9,3,20,A7,D18,pair,D20,P13
15,G,10,G10,11,81,A23,N20,pair,B7,D1
15,G,11,G11,17,89,C11,P12,pair,M23,A6
15,G,12,G12,17,50,C11,J6,pair,P16,A11
15,G,13,G13,49,44,I3,H18,pair,N21,F19
15,G,14,G14,39,52,G7,J10,pair,C3,D3
15,G,15,G15,64,4,K9,B10,pair,J18,D3
15,G,16,G16,95,66,O23,L14,pair,E3,F19
15,G,17,G17,42,79,G13,N16,pair,E3,D3
15,G,18,G18,21,73,C19,N4,pair,F2,N14
15,G,19,G19,55,34,I15,F22,pair,K8,J2
15,G,20,G20,57,41,I19,H12,pair,K3,C20
15,G,21,G21,15,59,C7,J24,pair,G17,C11
15,G,22,G22,26,50,E5,J6,pair,A5,F7
15,G,23,G23,28,24,E9,F2,pair,F2,M14
15,H,2,H2,3,0,A7,B2,pair,N24,D7
15,H,3,H3,47,37,G23,H4,pair,M12,C15
15,H,4,H4,76,1,M9,B4,pair,B24,N21
15,H,5,H5,46,14,G21,D6,pair,I19,P8
15,H,6,H6,62,67,K5,L16,pair,N19,N13
15,H,7,H7,10,31,A21,F16,pair,H20,C12
15,H,8,H8,35,74,E23,N6,pair,L19,D15
15,H,9,H9,15,81,C7,N20,pair,K11,C11
15,H,10,H10,57,31,I19,F16,pair,F13,J2
15,H,11,H11,82,38,M21,H6,pair,N10,P16
15,H,12,H12,80,15,M17,D8,pair,F17,G8
15,H,13,H13,85,62,O3,L6,pair,P11,F16
15,H,14,H14,19,47,C15,H24,pair,D3,A11
15,H,15,H15,91,25,O15,F4,pair,F2,G17
15,H,16,H16,88,18,O9,D14,pair,C19,G5
15,H,17,H17,39,92,G7,P18,pair,M23,F13
15,H,18,H18,7,44,A15,H18,pair,K17,N14
15,H,19,H19,84,54,O1,J14,pair,C12,N13
15,H,20,H20,23,89,C23,P12,pair,C14,L11
15,H,21,H21,32,31,E17,F16,pair,O24,A11
15,H,22,H22,67,11,K15,B24,pair,N19,G5
15,H,23,H23,88,63,O9,L8,pair,C19,M14
15,I,2,I2,35,18,E23,D14,pair,B7,E24
15,I,3,I3,44,3,G17,B8,pair,F2,M15
15,I,4,I4,74,27,M5,F8,pair,M23,L11
15,I,5,I5,74,20,M5,D18,pair,K10,P8
15,I,6,I6,47,28,G23,F10,pair,K8,A6
15,I,7,I7,6,33,A13,F20,pair,K15,C14
15,I,8,I8,1,76,A3,N10,pair,F7,M14
15,I,9,I9,13,7,C3,B16,pair,N21,A20
15,I,10,I10,43,67,G15,L16,pair,F2,F7
15,I,11,I11,94,79,O21,N16,pair,J18,G17
15,I,12,I12,59,95,I23,P24,pair,F19,M14
15,I,13,I13,74,93,M5,P20,pair,C8,D13
15,I,14,I14,53,46,I11,H22,pair,L6,K8
15,I,15,I15,30,16,E13,D10,pair,M15,G8
15,I,16,I16,57,94,I19,P22,pair,B7,F19
15,I,17,I17,35,75,E23,N8,pair,P11,P20
15,I,18,I18,27,35,E7,F24,pair,J18,C3
15,I,19,I19,88,41,O9,H12,pair,P23,N13
15,I,20,I20,77,63,M11,L8,pair,M14,J22
15,I,21,I21,28,88,E9,P10,pair,I19,C20
15,I,22,I22,87,26,O7,F6,pair,P1,P13
15,I,23,I23,78,17,M13,D12,pair,C11,J5
15,J,2,J2,4,29,A9,F12,pair,L6,J2
15,J,3,J3,84,13,O1,D4,pair,B4,O21
15,J,4,J4,47,57,G23,J20,pair,P1,N23
15,J,5,J5,20,76,C17,N10,pair,N24,D20
15,J,6,J6,76,75,M9,N8,pair,N23,J18
15,J,7,J7,29,48,E11,J2,pair,G17,A20
15,J,8,J8,52,33,I9,F20,pair,E3,C14
15,J,9,J9,31,17,E15,D12,pair,E24,M14
15,J,10,J10,10,46,A21,H22,pair,N15,P14
15,J,11,J11,52,8,I9,B18,pair,E24,P17
15,J,12,J12,55,10,I15,B22,pair,K11,D15
15,J,13,J13,54,4,I13,B10,pair,I19,F13
15,J,14,J14,8,13,A17,D4,pair,N15,O21
15,J,15,J15,47,23,G23,D24,pair,K15,A19
15,J,16,J16,16,14,C9,D6,pair,N23,O5
15,J,17,J17,16,94,C9,P22,pair,D15,J22
15,J,18,J18,0,12,A1,D2,pair,E24,D3
15,J,19,J19,38,6,G5,B14,pair,O5,C8
15,J,20,J20,66,51,K13,J8,pair,C3,J2
15,J,21,J21,14,76,C5,N10,pair,P8,P11
15,J,22,J22,28,35,E9,F24,pair,K17,L19
15,J,23,J23,78,58,M13,J22,pair,N3,F16
15,K,2,K2,78,8,M13,B18,pair,N19,F2
15,K,3,K3,68,38,K17,H6,pair,N10,L11
15,K,4,K4,38,48,G5,J2,pair,P8,F13
15,K,5,K5,13,94,C3,P22,pair,A5,P14
15,K,6,K6,66,31,K13,F16,pair,A19,P16
15,K,7,K7,27,46,E7,H22,pair,K15,O21
15,K,8,K8,3,64,A7,L10,pair,P8,A11
15,K,9,K9,85,46,O3,H22,pair,K3,E3
15,K,10,K10,0,21,A1,D20,pair,C11,A20
15,K,11,K11,8,22,A17,D22,pair,B12,J2
15,K,12,K12,42,44,G13,H18,pair,P1,P14
15,K,13,K13,38,65,G5,L12,pair,P23,K2
15,K,14,K14,39,30,G7,F14,pair,M15,O21
15,K,15,K15,78,35,M13,F24,pair,D20,L11
15,K,16,K16,91,62,O15,L6,pair,C8,C14
15,K,17,K17,15,39,C7,H8,pair,P23,D11
15,K,18,K18,74,5,M5,B12,pair,K17,O10
15,K,19,K19,84,94,O1,P22,pair,J24,A19
15,K,20,K20,6,89,A13,P12,pair,J18,N14
15,K,21,K21,75,13,M7,D4,pair,N15,C14
15,K,22,K22,18,54,C13,J14,pair,B24,N14
15,K,23,K23,95,8,O23,B18,pair,G17,L6
15,L,2,L2,81,72,M19,N2,pair,A20,F7
15,L,3,L3,49,27,I3,F8,pair,C12,N15
15,L,4,L4,16,84,C9,P2,pair,A19,D15
15,L,5,L5,70,91,K21,P16,pair,P23,N10
15,L,6,L6,2,95,A5,P24,pair,F17,N15
15,L,7,L7,89,92,O11,P18,pair,P1,F16
15,L,8,L8,85,16,O3,D10,pair,A19,O21
15,L,9,L9,25,10,E3,B22,pair,J24,N10
15,L,10,L10,38,31,G5,F16,pair,A20,C15
15,L,11,L11,39,34,G7,F22,pair,O7,K17
15,L,12,L12,73,88,M3,P10,pair,J24,C11
15,L,13,L13,58,0,I21,B2,pair,K6,P20
15,L,14,L14,7,93,A15,P20,pair,O7,F17
15,L,15,L15,7,0,A15,B2,pair,A11,J5
15,L,16,L16,12,22,C1,D22,pair,C12,O21
15,L,17,L17,55,75,I15,N8,pair,K11,C12
15,L,18,L18,47,39,G23,H8,pair,J24,B12
15,L,19,L19,50,52,I5,J10,pair,C11,E24
15,L,20,L20,71,10,K23,B22,pair,K3,N15
15,L,21,L21,86,58,O5,J22,pair,K11,C19
15,L,22,L22,6,68,A13,L18,pair,F13,P17
15,L,23,L23,1,48,A3,J2,pair,D20,A19
15,M,2,M2,50,32,I5,F18,pair,C3,C19
15,M,3,M3,55,4,I15,B10,pair,N23,D3
15,M,4,M4,47,85,G23,P4,pair,H20,N15
15,M,5,M5,39,32,G7,F18,pair,K11,N23
15,M,6,M6,70,49,K21,J4,pair,B4,O17
15,M,7,M7,28,48,E9,J2,pair,P23,K3
15,M,8,M8,58,63,I21,L8,pair,K11,F16
15,M,9,M9,95,92,O23,P18,pair,K10,H20
15,M,10,M10,27,9,E7,B20,pair,N21,N15
15,M,11,M11,63,22,K7,D22,pair,K11,K2
15,M,12,M12,44,2,G17,B6,pair,C8,J2
15,M,13,M13,49,90,I3,P14,pair,K17,L11
15,M,14,M14,86,53,O5,J12,pair,O24,M14
15,M,15,M15,42,23,G13,D24,pair,C11,F19
15,M,16,M16,62,82,K5,N22,pair,P13,E24
15,M,17,M17,50,71,I5,L24,pair,K17,P14
15,M,18,M18,39,7,G7,B16,pair,B4,M12
15,M,19,M19,80,62,M17,L6,pair,P20,K8
15,M,20,M20,8,89,A17,P12,pair,K8,E24
15,M,21,M21,83,23,M23,D24,pair,C19,O18
15,M,22,M22,78,44,M13,H18,pair,P23,N14
15,M,23,M23,2,9,A5,B20,pair,O24,H20
15,N,2,N2,23,41,C23,H12,pair,O7,K2
15,N,3,N3,59,18,I23,D14,pair,C8,K6
15,N,4,N4,30,53,E13,J12,pair,D15,F13
15,N,5,N5,18,34,C13,F22,pair,P16,N15
15,N,6,N6,43,69,G15,L20,pair,O24,B12
15,N,7,N7,91,58,O15,J22,pair,C20,J2
15,N,8,N8,70,37,K21,H4,pair,D6,O18
15,N,9,N9,84,20,O1,D18,pair,A20,A11
15,N,10,N10,81,80,M19,N18,pair,J24,O21
15,N,11,N11,41,38,G11,H6,pair,O5,M15
15,N,12,N12,38,61,G5,L4,pair,N24,B4
15,N,13,N13,33,40,E19,H10,pair,P11,E3
15,N,14,N14,50,79,I5,N16,pair,C19,E24
15,N,15,N15,53,14,I11,D6,pair,O21,O18
15,N,16,N16,70,14,K21,D6,pair,M12,F16
15,N,17,N17,8,16,A17,D10,pair,P20,G5
15,N,18,N18,54,5,I13,B12,pair,N24,P17
15,N,19,N19,72,4,M1,B10,pair,N21,M15
15,N,20,N20,19,42,C15,H14,pair,A5,J18
15,N,21,N21,80,21,M17,D20,pair,P1,A6
15,N,22,N22,45,94,G19,P22,pair,A20,C12
15,N,23,N23,35,61,E23,L4,pair,A5,E24
15,O,2,O2,54,63,I13,L8,pair,N19,B7
15,O,3,O3,3,65,A7,L12,pair,P16,L24
15,O,4,O4,20,53,C17,J12,pair,C12,E24
15,O,5,O5,54,53,I13,J12,pair,C11,J5
15,O,6,O6,0,92,A1,P18,pair,K11,F17
15,O,7,O7,71,55,K23,J16,pair,N14,O10
15,O,8,O8,8,67,A17,L16,pair,A19,P17
15,O,9,O9,94,52,O21,J10,pair,I19,K3
15,O,10,O10,51,12,I7,D2,pair,E14,J5
15,O,11,O11,12,36,C1,H2,pair,P13,D11
15,O,12,O12,57,59,I19,J24,pair,N19,N3
15,O,13,O13,14,21,C5,D20,pair,J18,C14
15,O,14,O14,73,61,M3,L4,pair,I19,J5
15,O,15,O15,37,57,G3,J20,pair,K3,E24
15,O,16,O16,65,57,K11,J20,pair,D7,C20
15,O,17,O17,28,46,E9,H22,pair,L23,K17
15,O,18,O18,87,38,O7,H6,pair,O17,F13
15,O,19,O19,40,84,G9,P2,pair,L6,C19
15,O,20,O20,45,23,G19,D24,pair,L6,N15
15,O,21,O21,54,8,I13,B18,pair,K11,G5
15,O,22,O22,68,86,K17,P6,pair,J24,J2
15,O,23,O23,76,86,M9,P6,pair,D6,F17
16,B,2,B2,59,10,I23,B22,pair,J24,M23
16,B,3,B3,59,88,I23,P10,pair,P11,F16
16,B,4,B4,82,83,M21,N24,pair,D6,K3
16,B,5,B5,66,64,K13,L10,pair,P23,N15
16,B,6,B6,11,26,A23,F6,pair,J24,D20
16,B,7,B7,23,54,C23,J14,pair,B12,O10
16,B,8,B8,37,10,G3,B22,pair,B7,N3
16,B,9,B9,21,41,C19,H12,pair,P23,E3
16,B,10,B10,3,15,A7,D8,pair,E3,J5
16,B,11,B11,28,58,E9,J22,pair,P8,C19
16,B,12,B12,92,59,O17,J24,pair,E24,N13
16,B,13,B13,67,25,K15,F4,pair,G17,N15
16,B,14,B14,20,28,C17,F10,pair,K3,M12
16,B,15,B15,95,5,O23,B12,pair,O7,B7
16,B,16,B16,64,61,K9,L4,pair,B7,A19
16,B,17,B17,43,31,G15,F16,pair,O24,B7
16,B,18,B18,44,80,G17,N18,pair,K15,G8
16,B,19,B19,29,78,E11,N14,pair,P8,O17
16,B,20,B20,74,55,M5,J16,pair,O7,N10
16,B,21,B21,32,71,E17,L24,pair,F17,O18
16,B,22,B22,13,29,C3,F12,pair,F2,B12
16,B,23,B23,21,74,C19,N6,pair,F2,E14
16,C,2,C2,21,58,C19,J22,pair,D6,D13
16,C,3,C3,1,89,A3,P12,pair,K6,P17
16,C,4,C4,6,5,A13,B12,pair,K11,A19
16,C,5,C5,31,2,E15,B6,pair,C14,L11
16,C,6,C6,59,35,I23,F24,pair,F7,J2
16,C,7,C7,43,73,G15,N4,pair,K17,K8
16,C,8,C8,25,74,E3,N6,pair,B12,J2
16,C,9,C9,35,55,E23,J16,pair,F19,D11
16,C,10,C10,54,93,I13,P20,pair,C8,C12
16,C,11,C11,15,7,C7,B16,pair,E24,C14
16,C,12,C12,60,65,K1,L12,pair,O5,C14
16,C,13,C13,82,55,M21,J16,pair,B24,J5
16,C,14,C14,56,78,I17,N14,pair,D7,G5
16,C,15,C15,9,36,A19,H2,pair,C14,J22
16,C,16,C16,29,76,E11,N10,pair,A11,J5
16,C,17,C17,62,17,K5,D12,pair,L19,C15
16,C,18,C18,30,42,E13,H14,pair,P16,E24
16,C,19,C19,63,8,K7,B18,pair,M23,P11
16,C,20,C20,37,30,G3,F14,pair,C11,A11
16,C,21,C21,3,22,A7,D22,pair,O7,P8
16,C,22,C22,47,60,G23,L2,pair,K11,B7
16,C,23,C23,28,81,E9,N20,pair,A5,F19
16,D,2,D2,58,89,I21,P12,pair,D20,F7
16,D,3,D3,25,89,E3,P12,mono,O18,O18
16,D,4,D4,54,68,I13,L18,pair,G5,J22
16,D,5,D5,42,37,G13,H4,pair,G17,N14
16,D,6,D6,0,74,A1,N6,pair,C11,E24
16,D,7,D7,38,76,G5,N10,pair,N23,N14
16,D,8,D8,5,54,A11,J14,pair,B7,G17
16,D,9,D9,9,84,A19,P2,pair,D6,F19
16,D,10,D10,2,21,A5,D20,pair,P11,F13
16,D,11,D11,2,88,A5,P10,pair,N3,F7
16,D,12,D12,62,0,K5,B2,pair,N24,N3
16,D,13,D13,59,33,I23,F20,pair,K11,L24
16,D,14,D14,72,53,M1,J12,pair,C14,M14
16,D,15,D15,47,9,G23,B20,pair,D3,L11
16,D,16,D16,34,91,E21,P16,pair,A5,K2
16,D,17,D17,93,50,O19,J6,pair,N24,D7
16,D,18,D18,39,19,G7,D16,pair,A5,F13
16,D,19,D19,89,39,O11,H8,pair,A19,N14
16,D,20,D20,10,63,A21,L8,pair,C15,D13
16,D,21,D21,87,7,O7,B16,pair,P20,O10
16,D,22,D22,26,7,E5,B16,pair,N19,D13
16,D,23,D23,85,19,O3,D16,pair,N19,K17
16,E,2,E2,76,72,M9,N2,pair,D11,D13
16,E,3,E3,43,70,G15,L22,pair,P13,D7
16,E,4,E4,33,16,E19,D10,pair,C8,D15
16,E,5,E5,58,71,I21,L24,pair,C11,E3
16,E,6,E6,3,74,A7,N6,pair,C11,L11
16,E,7,E7,1,83,A3,N24,pair,D1,P20
16,E,8,E8,26,37,E5,H4,pair,P23,P13
16,E,9,E9,58,30,I21,F14,pair,J18,L23
16,E,10,E10,69,16,K19,D10,pair,D13,P14
16,E,11,E11,40,69,G9,L20,pair,K11,E14
16,E,12,E12,86,74,O5,N6,pair,F17,N10
16,E,13,E13,75,21,M7,D20,pair,K8,J2
16,E,14,E14,89,70,O11,L22,pair,B4,K2
16,E,15,E15,6,64,A13,L10,pair,K11,L11
16,E,16,E16,2,94,A5,P22,pair,K11,F19
16,E,17,E17,15,61,C7,L4,pair,L19,P14
16,E,18,E18,48,19,I1,D16,pair,M12,C12
16,E,19,E19,59,66,I23,L14,pair,P1,J5
16,E,20,E20,11,24,A23,F2,pair,P8,E14
16,E,21,E21,73,85,M3,P4,pair,P11,J22
16,E,22,E22,46,30,G21,F14,pair,P11,N15
16,E,23,E23,32,69,E17,L20,pair,K11,N10
16,F,2,F2,80,72,M17,N2,pair,H20,K8
16,F,3,F3,19,29,C15,F12,pair,D20,C11
16,F,4,F4,51,2,I7,B6,pair,M15,J5
16,F,5,F5,61,67,K3,L16,pair,K11,D11
16,F,6,F6,34,15,E21,D8,pair,F16,E14
16,F,7,F7,79,33,M15,F20,pair,O21,C14
16,F,8,F8,90,72,O13,N2,pair,K3,N13
16,F,9,F9,48,18,I1,D14,pair,D20,F13
16,F,10,F10,91,44,O15,H18,pair,L24,M14
16,F,11,F11,45,20,G19,D18,pair,J24,L24
16,F,12,F12,62,88,K5,P10,pair,K15,D15
16,F,13,F13,13,73,C3,N4,pair,D6,P16
16,F,14,F14,65,62,K11,L6,pair,P11,C20
16,F,15,F15,68,4,K17,B10,pair,F19,D3
16,F,16,F16,6,10,A13,B22,pair,P23,P11
16,F,17,F17,10,7,A21,B16,pair,N10,L11
16,F,18,F18,22,31,C21,F16,pair,G17,J5
16,F,19,F19,31,1,E15,B4,pair,O7,D11
16,F,20,F20,93,42,O19,H14,pair,A20,D15
16,F,21,F21,29,15,E11,D8,pair,K10,B12
16,F,22,F22,89,15,O11,D8,pair,D15,P14
16,F,23,F23,67,7,K15,B16,pair,D1,L11
16,G,2,G2,6,55,A13,J16,pair,L6,N10
16,G,3,G3,70,8,K21,B18,pair,J18,C20
16,G,4,G4,43,91,G15,P16,pair,O7,P17
16,G,5,G5,75,3,M7,B8,pair,J18,A6
16,G,6,G6,37,31,G3,F16,pair,N19,E14
16,G,7,G7,21,40,C19,H10,pair,D3,P17
16,G,8,G8,3,54,A7,J14,pair,P11,O10
16,G,9,G9,28,87,E9,P8,pair,A11,J2
16,G,10,G10,72,83,M1,N24,pair,D7,P17
16,G,11,G11,29,84,E11,P2,pair,N21,C11
16,G,12,G12,93,74,O19,N6,pair,A5,A19
16,G,13,G13,85,60,O3,L2,pair,A20,M14
16,G,14,G14,59,13,I23,D4,pair,G5,N13
16,G,15,G15,61,6,K3,B14,pair,C8,F17
16,G,16,G16,34,11,E21,B24,pair,M12,G8
16,G,17,G17,54,37,I13,H4,pair,N24,L23
16,G,18,G18,91,92,O15,P18,pair,A20,B12
16,G,19,G19,29,83,E11,N24,pair,O24,A19
16,G,20,G20,59,36,I23,H2,pair,K10,L6
16,G,21,G21,72,3,M1,B8,pair,N24,B24
16,G,22,G22,34,1,E21,B4,pair,F19,L11
16,G,23,G23,11,6,A23,B14,pair,P8,C15
16,H,2,H2,12,28,C1,F10,pair,M15,D13
16,H,3,H3,53,59,I11,J24,pair,K10,F19
16,H,4,H4,66,8,K13,B18,pair,N19,M15
16,H,5,H5,80,42,M17,H14,pair,K3,C15
16,H,6,H6,15,30,C7,F14,pair,P13,P11
16,H,7,H7,87,91,O7,P16,pair,K11,J22
16,H,8,H8,29,25,E11,F4,pair,N24,C12
16,H,9,H9,63,9,K7,B20,pair,M23,P17
16,H,10,H10,18,5,C13,B12,pair,K10,A6
16,H,11,H11,43,68,G15,L18,pair,N24,G8
16,H,12,H12,18,9,C13,B20,pair,P20,C15
16,H,13,H13,5,24,A11,F2,pair,D15,N13
16,H,14,H14,93,61,O19,L4,pair,N24,O10
16,H,15,H15,46,1,G21,B4,pair,J24,D11
16,H,16,H16,67,95,K15,P24,pair,A19,D13
16,H,17,H17,17,90,C11,P14,pair,D6,J2
16,H,18,H18,14,9,C5,B20,pair,A20,D13
16,H,19,H19,75,12,M7,D2,pair,P13,P17
16,H,20,H20,12,31,C1,F16,pair,D11,A6
16,H,21,H21,54,74,I13,N6,pair,O7,C14
16,H,22,H22,80,0,M17,B2,pair,N19,J2
16,H,23,H23,2,86,A5,P6,pair,A20,L11
16,I,2,I2,20,55,C17,J16,pair,N19,B12
16,I,3,I3,5,23,A11,D24,pair,M23,O10
16,I,4,I4,62,60,K5,L2,pair,J18,N15
16,I,5,I5,26,69,E5,L20,pair,A6,J22
16,I,6,I6,37,46,G3,H22,pair,C8,C3
16,I,7,I7,70,23,K21,D24,pair,L24,P17
16,I,8,I8,71,90,K23,P14,pair,O7,C12
16,I,9,I9,35,95,E23,P24,pair,P8,L19
16,I,10,I10,30,75,E13,N8,pair,P13,H20
16,I,11,I11,37,87,G3,P8,pair,C3,K6
16,I,12,I12,92,76,O17,N10,pair,O18,P17
16,I,13,I13,12,94,C1,P22,pair,N21,P11
16,I,14,I14,25,44,E3,H18,pair,F2,L19
16,I,15,I15,40,68,G9,L18,pair,O5,L11
16,I,16,I16,78,61,M13,L4,pair,B4,P16
16,I,17,I17,19,60,C15,L2,pair,D20,F19
16,I,18,I18,58,8,I21,B18,pair,G17,P20
16,I,19,I19,44,69,G17,L20,pair,A5,F7
16,I,20,I20,81,34,M19,F22,pair,N19,C3
16,I,21,I21,5,21,A11,D20,pair,G5,A6
16,I,22,I22,60,12,K1,D2,pair,L23,B15
16,I,23,I23,3,7,A7,B16,pair,P8,G17
16,J,2,J2,51,9,I7,B20,pair,D6,L19
16,J,3,J3,47,68,G23,L18,pair,K6,L11
16,J,4,J4,84,90,O1,P14,pair,N23,O18
16,J,5,J5,95,83,O23,N24,pair,O24,B15
16,J,6,J6,65,46,K11,H22,pair,O21,C15
16,J,7,J7,34,88,E21,P10,pair,C20,D3
16,J,8,J8,70,83,K21,N24,pair,G5,C15
16,J,9,J9,11,12,A23,D2,pair,C15,A6
16,J,10,J10,39,61,G7,L4,pair,B7,M15
16,J,11,J11,44,42,G17,H14,pair,N23,P20
16,J,12,J12,91,41,O15,H12,pair,P11,G8
16,J,13,J13,63,64,K7,L10,pair,O7,P11
16,J,14,J14,44,95,G17,P24,pair,A20,P16
16,J,15,J15,34,50,E21,J6,pair,K11,B24
16,J,16,J16,74,34,M5,F22,pair,O24,D6
16,J,17,J17,47,11,G23,B24,pair,N19,F19
16,J,18,J18,49,43,I3,H16,pair,K6,K2
16,J,19,J19,68,43,K17,H16,pair,A5,B24
16,J,20,J20,75,77,M7,N12,pair,P11,C20
16,J,21,J21,8,54,A17,J14,pair,M23,D13
16,J,22,J22,49,76,I3,N10,pair,N19,C14
16,J,23,J23,38,89,G5,P12,pair,O17,A19
16,K,2,K2,60,21,K1,D20,pair,C3,O10
16,K,3,K3,13,1,C3,B4,pair,N24,J24
16,K,4,K4,36,54,G1,J14,pair,F2,P14
16,K,5,K5,31,77,E15,N12,pair,O24,C20
16,K,6,K6,25,2,E3,B6,pair,F17,F13
16,K,7,K7,32,8,E17,B18,pair,K6,E3
16,K,8,K8,88,23,O9,D24,pair,O5,H20
16,K,9,K9,52,28,I9,F10,pair,B7,N3
16,K,10,K10,41,36,G11,H2,pair,F2,P13
16,K,11,K11,35,20,E23,D18,pair,B24,B4
16,K,12,K12,5,51,A11,J8,pair,M12,L11
16,K,13,K13,20,44,C17,H18,pair,A11,P17
16,K,14,K14,72,32,M1,F18,pair,M23,A11
16,K,15,K15,65,11,K11,B24,pair,C8,F16
16,K,16,K16,95,58,O23,J22,pair,D11,D3
16,K,17,K17,15,64,C7,L10,pair,L6,L19
16,K,18,K18,30,50,E13,J6,pair,C12,J5
16,K,19,K19,5,32,A11,F18,pair,O17,A11
16,K,20,K20,75,81,M7,N20,pair,A19,F19
16,K,21,K21,5,69,A11,L20,pair,P1,K17
16,K,22,K22,83,22,M23,D22,pair,I19,F16
16,K,23,K23,55,20,I15,D18,pair,M12,E14
16,L,2,L2,21,86,C19,P6,pair,F13,L11
16,L,3,L3,15,44,C7,H18,pair,O24,F19
16,L,4,L4,26,61,E5,L4,pair,A19,F13
16,L,5,L5,13,31,C3,F16,pair,C19,J2
16,L,6,L6,39,94,G7,P22,pair,C8,A11
16,L,7,L7,50,21,I5,D20,pair,D20,L6
16,L,8,L8,2,75,A5,N8,pair,K11,P16
16,L,9,L9,80,44,M17,H18,pair,G17,O21
16,L,10,L10,9,86,A19,P6,pair,M23,K17
16,L,11,L11,85,81,O3,N20,pair,K10,B7
16,L,12,L12,28,25,E9,F4,pair,N15,O10
16,L,13,L13,76,6,M9,B14,pair,N19,C20
16,L,14,L14,90,32,O13,F18,pair,P16,D11
16,L,15,L15,30,43,E13,H16,pair,K8,G8
16,L,16,L16,33,60,E19,L2,pair,P23,A20
16,L,17,L17,1,28,A3,F10,pair,D15,A6
16,L,18,L18,60,28,K1,F10,pair,D7,F13
16,L,19,L19,18,33,C13,F20,pair,N23,F7
16,L,20,L20,2,3,A5,B8,pair,I19,G8
16,L,21,L21,3,30,A7,F14,pair,K10,P16
16,L,22,L22,37,62,G3,L6,pair,M15,P17
16,L,23,L23,33,50,E19,J6,pair,N24,F13
16,M,2,M2,90,60,O13,L2,pair,M12,E24
16,M,3,M3,74,57,M5,J20,pair,K3,F19
16,M,4,M4,40,55,G9,J16,pair,D15,E24
16,M,5,M5,19,69,C15,L20,pair,C8,D7
16,M,6,M6,19,27,C15,F8,pair,M23,C20
16,M,7,M7,66,47,K13,H24,pair,A5,B12
16,M,8,M8,22,79,C21,N16,pair,B12,P17
16,M,9,M9,59,71,I23,L24,pair,P23,G5
16,M,10,M10,22,45,C21,H20,pair,F13,P14
16,M,11,M11,48,39,I1,H8,pair,D15,O21
16,M,12,M12,66,86,K13,P6,pair,D15,D13
16,M,13,M13,29,46,E11,H22,pair,O5,G8
16,M,14,M14,72,27,M1,F8,pair,P1,O17
16,M,15,M15,63,41,K7,H12,pair,N10,O10
16,M,16,M16,59,62,I23,L6,pair,N21,E14
16,M,17,M17,14,80,C5,N18,pair,N23,B7
16,M,18,M18,23,20,C23,D18,pair,B24,L24
16,M,19,M19,85,9,O3,B20,pair,P20,J2
16,M,20,M20,8,36,A17,H2,pair,C15,J5
16,M,21,M21,80,61,M17,L4,pair,B24,C14
16,M,22,M22,87,78,O7,N14,pair,F19,G8
16,M,23,M23,34,28,E21,F10,pair,A5,F2
16,N,2,N2,29,81,E11,N20,pair,N23,O10
16,N,3,N3,89,8,O11,B18,pair,K17,C19
16,N,4,N4,40,37,G9,H4,pair,K15,D3
16,N,5,N5,1,77,A3,N12,pair,C11,L11
16,N,6,N6,82,48,M21,J2,pair,G5,G8
16,N,7,N7,63,60,K7,L2,pair,A6,F16
16,N,8,N8,38,49,G5,J4,pair,P13,A19
16,N,9,N9,25,21,E3,D20,pair,F2,E14
16,N,10,N10,30,60,E13,L2,pair,K8,M14
16,N,11,N11,38,63,G5,L8,pair,B7,J22
16,N,12,N12,61,70,K3,L22,pair,N19,E3
16,N,13,N13,43,83,G15,N24,pair,P1,K6
16,N,14,N14,47,56,G23,J18,pair,A6,F16
16,N,15,N15,59,8,I23,B18,pair,B24,P17
16,N,16,N16,52,50,I9,J6,pair,D20,E24
16,N,17,N17,59,70,I23,L22,pair,P13,C15
16,N,18,N18,13,60,C3,L2,pair,D11,D3
16,N,19,N19,30,74,E13,N6,pair,K10,F7
16,N,20,N20,68,20,K17,D18,pair,A19,M12
16,N,21,N21,56,72,I17,N2,pair,M12,D11
16,N,22,N22,71,89,K23,P12,pair,O5,P20
16,N,23,N23,9,41,A19,H12,pair,G17,F17
16,O,2,O2,2,82,A5,N22,pair,G5,A11
16,O,3,O3,4,62,A9,L6,pair,O5,P11
16,O,4,O4,45,89,G19,P12,pair,O24,D1
16,O,5,O5,58,67,I21,L16,pair,O17,P13
16,O,6,O6,92,49,O17,J4,pair,D1,N15
16,O,7,O7,76,54,M9,J14,pair,E3,O18
16,O,8,O8,2,70,A5,L22,pair,M15,E24
16,O,9,O9,81,60,M19,L2,pair,P11,A11
16,O,10,O10,3,1,A7,B4,pair,F19,C12
16,O,11,O11,92,24,O17,F2,pair,P16,M14
16,O,12,O12,55,84,I15,P2,pair,J18,K2
16,O,13,O13,64,92,K9,P18,pair,D13,O10
16,O,14,O14,68,0,K17,B2,pair,D7,D13
16,O,15,O15,53,42,I11,H14,pair,E14,O10
16,O,16,O16,17,6,C11,B14,pair,P1,C15
16,O,17,O17,18,28,C13,F10,pair,J24,N13
16,O,18,O18,48,8,I1,B18,pair,B12,K2
16,O,19,O19,59,53,I23,J12,pair,O24,P8
16,O,20,O20,81,26,M19,F6,pair,A20,B15
16,O,21,O21,43,7,G15,B16,pair,A5,M15
16,O,22,O22,62,4,K5,B10,pair,M15,F19
16,O,23,O23,33,31,E19,F16,pair,A19,M14
17,B,2,B2,70,86,K21,P6,pair,I19,M12
17,B,3,B3,59,63,I23,L8,pair,F19,G5
17,B,4,B4,16,27,C9,F8,pair,A19,O10
17,B,5,B5,81,25,M19,F4,pair,O17,H20
17,B,6,B6,38,56,G5,J18,pair,P13,M12
17,B,7,B7,55,64,I15,L10,pair,O24,F17
17,B,8,B8,88,37,O9,H4,pair,N19,C8
17,B,9,B9,13,81,C3,N20,pair,C12,K8
17,B,10,B10,47,25,G23,F4,pair,O24,P17
17,B,11,B11,30,25,E13,F4,pair,P1,K17
17,B,12,B12,79,17,M15,D12,pair,K8,K2
17,B,13,B13,15,58,C7,J22,pair,E14,D3
17,B,14,B14,42,43,G13,H16,pair,B24,O17
17,B,15,B15,93,70,O19,L22,pair,A20,L19
17,B,16,B16,27,11,E7,B24,pair,C14,P17
17,B,17,B17,71,83,K23,N24,pair,C3,F17
17,B,18,B18,1,31,A3,F16,pair,D6,D7
17,B,19,B19,78,31,M13,F16,pair,G17,O17
17,B,20,B20,0,31,A1,F16,pair,A20,C19
17,B,21,B21,57,45,I19,H20,pair,B24,B7
17,B,22,B22,14,64,C5,L10,pair,I19,F2
17,B,23,B23,44,12,G17,D2,pair,J18,K3
17,C,2,C2,68,34,K17,F22,pair,D7,N15
17,C,3,C3,80,91,M17,P16,pair,K15,D20
17,C,4,C4,50,20,I5,D18,pair,P1,N13
17,C,5,C5,83,25,M23,F4,pair,P11,M12
17,C,6,C6,88,66,O9,L14,pair,N24,A6
17,C,7,C7,58,50,I21,J6,pair,D3,J5
17,C,8,C8,46,75,G21,N8,pair,P8,G17
17,C,9,C9,76,48,M9,J2,pair,D15,P17
17,C,10,C10,37,92,G3,P18,pair,O7,F2
17,C,11,C11,20,24,C17,F2,pair,B24,O5
17,C,12,C12,53,80,I11,N18,pair,F2,J2
17,C,13,C13,24,33,E1,F20,pair,E3,N13
17,C,14,C14,61,44,K3,H18,pair,B7,L19
17,C,15,C15,86,7,O5,B16,pair,O24,O10
17,C,16,C16,44,70,G17,L22,pair,K10,J22
17,C,17,C17,38,62,G5,L6,pair,M15,P20
17,C,18,C18,2,45,A5,H20,pair,B24,O5
17,C,19,C19,73,49,M3,J4,pair,D15,G5
17,C,20,C20,64,6,K9,B14,mono,N15,N15
17,C,21,C21,73,34,M3,F22,pair,O7,F19
17,C,22,C22,46,5,G21,B12,pair,N19,O7
17,C,23,C23,45,9,G19,B20,pair,F17,G5
17,D,2,D2,60,42,K1,H14,pair,G17,G8
17,D,3,D3,89,52,O11,J10,pair,O7,F19
17,D,4,D4,34,42,E21,H14,pair,C11,F13
17,D,5,D5,69,58,K19,J22,pair,O24,P23
17,D,6,D6,60,37,K1,H4,pair,O24,P11
17,D,7,D7,0,61,A1,L4,pair,P11,E14
17,D,8,D8,72,66,M1,L14,pair,N19,N10
17,D,9,D9,63,6,K7,B14,pair,J18,O10
17,D,10,D10,70,52,K21,J10,pair,D6,N15
17,D,11,D11,11,68,A23,L18,pair,P8,C15
17,D,12,D12,46,73,G21,N4,pair,K3,C11
17,D,13,D13,66,0,K13,B2,pair,L24,G5
17,D,14,D14,19,89,C15,P12,mono,K6,K6
17,D,15,D15,68,24,K17,F2,pair,O5,M14
17,D,16,D16,90,7,O13,B16,pair,O24,C20
17,D,17,D17,57,11,I19,B24,pair,L23,K2
17,D,18,D18,57,20,I19,D18,pair,C3,F17
17,D,19,D19,73,86,M3,P6,pair,O5,K6
17,D,20,D20,13,28,C3,F10,pair,L6,N15
17,D,21,D21,21,90,C19,P14,pair,P8,P16
17,D,22,D22,7,35,A15,F24,pair,K17,K6
17,D,23,D23,51,1,I7,B4,pair,K11,N21
17,E,2,E2,95,25,O23,F4,pair,P16,F13
17,E,3,E3,81,11,M19,B24,pair,N24,O5
17,E,4,E4,84,52,O1,J10,pair,D6,I19
17,E,5,E5,16,52,C9,J10,pair,K17,A6
17,E,6,E6,82,20,M21,D18,pair,K11,O17
17,E,7,E7,89,66,O11,L14,pair,L6,F17
17,E,8,E8,11,13,A23,D4,pair,H20,K2
17,E,9,E9,93,14,O19,D6,pair,D3,J2
17,E,10,E10,28,0,E9,B2,pair,N21,G8
17,E,11,E11,5,16,A11,D10,pair,L23,B15
17,E,12,E12,88,71,O9,L24,pair,M23,C11
17,E,13,E13,93,16,O19,D10,pair,H20,B15
17,E,14,E14,80,50,M17,J6,pair,E3,D3
17,E,15,E15,69,50,K19,J6,pair,C3,N10
17,E,16,E16,14,32,C5,F18,pair,K6,D15
17,E,17,E17,84,32,O1,F18,pair,N3,D3
17,E,18,E18,32,60,E17,L2,pair,M23,C3
17,E,19,E19,31,15,E15,D8,pair,E14,O18
17,E,20,E20,42,26,G13,F6,pair,D6,C20
17,E,21,E21,2,26,A5,F6,pair,B7,O21
17,E,22,E22,89,80,O11,N18,pair,N14,C14
17,E,23,E23,46,47,G21,H24,pair,K3,F16
17,F,2,F2,12,27,C1,F8,pair,L6,A20
17,F,3,F3,41,13,G11,D4,pair,B15,C19
17,F,4,F4,43,56,G15,J18,pair,O17,C14
17,F,5,F5,13,5,C3,B12,pair,D1,P17
17,F,6,F6,35,53,E23,J12,pair,D3,J22
17,F,7,F7,10,89,A21,P12,pair,A19,J2
17,F,8,F8,7,63,A15,L8,pair,B24,B15
17,F,9,F9,32,65,E17,L12,pair,O5,N10
17,F,10,F10,10,42,A21,H14,pair,D20,O21
17,F,11,F11,78,11,M13,B24,pair,L6,M14
17,F,12,F12,80,55,M17,J16,pair,K10,D13
17,F,13,F13,40,49,G9,J4,pair,N19,M12
17,F,14,F14,23,79,C23,N16,pair,E3,D13
17,F,15,F15,68,55,K17,J16,pair,C8,M23
17,F,16,F16,78,80,M13,N18,pair,P13,K17
17,F,17,F17,59,57,I23,J20,pair,K11,N15
17,F,18,F18,34,53,E21,J12,pair,B15,L11
17,F,19,F19,45,10,G19,B22,pair,D6,C15
17,F,20,F20,91,38,O15,H6,pair,O24,C19
17,F,21,F21,20,93,C17,P20,pair,O17,C20
17,F,22,F22,62,42,K5,H14,pair,K11,E14
17,F,23,F23,38,36,G5,H2,pair,D6,N13
17,G,2,G2,71,52,K23,J10,mono,K15,K15
17,G,3,G3,63,20,K7,D18,pair,P1,O18
17,G,4,G4,4,60,A9,L2,pair,L19,O10
17,G,5,G5,29,31,E11,F16,pair,N3,D7
17,G,6,G6,11,36,A23,H2,pair,N24,A20
17,G,7,G7,14,78,C5,N14,pair,N24,P20
17,G,8,G8,77,34,M11,F22,pair,F7,K8
17,G,9,G9,4,18,A9,D14,pair,N10,F16
17,G,10,G10,75,22,M7,D22,pair,B7,J5
17,G,11,G11,87,63,O7,L8,pair,C20,J2
17,G,12,G12,82,80,M21,N18,pair,F2,E24
17,G,13,G13,66,78,K13,N14,pair,P1,K8
17,G,14,G14,43,79,G15,N16,pair,P1,C19
17,G,15,G15,72,10,M1,B22,pair,O24,P16
17,G,16,G16,45,75,G19,N8,pair,M15,O10
17,G,17,G17,31,33,E15,F20,pair,P8,H20
17,G,18,G18,39,44,G7,H18,pair,B4,O10
17,G,19,G19,42,3,G13,B8,pair,C19,J2
17,G,20,G20,87,48,O7,J2,pair,M14,N13
17,G,21,G21,46,68,G21,L18,pair,F17,F7
17,G,22,G22,57,60,I19,L2,pair,O17,M12
17,G,23,G23,5,52,A11,J10,pair,F19,P16
17,H,2,H2,81,15,M19,D8,pair,C8,F7
17,H,3,H3,60,46,K1,H22,pair,I19,P13
17,H,4,H4,74,1,M5,B4,pair,D11,J5
17,H,5,H5,93,62,O19,L6,pair,N23,G8
17,H,6,H6,14,37,C5,H4,pair,G5,D13
17,H,7,H7,75,19,M7,D16,pair,N3,C19
17,H,8,H8,2,39,A5,H8,pair,N21,L24
17,H,9,H9,38,91,G5,P16,pair,D11,J2
17,H,10,H10,88,38,O9,H6,pair,O5,L24
17,H,11,H11,70,38,K21,H6,pair,D1,O21
17,H,12,H12,39,89,G7,P12,pair,N10,C14
17,H,13,H13,78,87,M13,P8,pair,O24,P1
17,H,14,H14,17,93,C11,P20,pair,C20,F13
17,H,15,H15,14,36,C5,H2,pair,F19,C15
17,H,16,H16,28,94,E9,P22,pair,O5,D3
17,H,17,H17,94,85,O21,P4,pair,J18,J2
17,H,18,H18,36,56,G1,J18,pair,K6,A20
17,H,19,H19,37,18,G3,D14,pair,O7,E14
17,H,20,H20,88,82,O9,N22,pair,E3,B12
17,H,21,H21,7,66,A15,L14,pair,K10,J2
17,H,22,H22,79,8,M15,B18,pair,B4,C8
17,H,23,H23,17,62,C11,L6,pair,L23,F16
17,I,2,I2,46,16,G21,D10,pair,P1,M12
17,I,3,I3,83,58,M23,J22,pair,B24,P16
17,I,4,I4,37,53,G3,J12,pair,N24,A11
17,I,5,I5,18,6,C13,B14,pair,N23,L24
17,I,6,I6,57,21,I19,D20,pair,P8,J5
17,I,7,I7,29,79,E11,N16,pair,K10,K3
17,I,8,I8,32,88,E17,P10,pair,L6,E14
17,I,9,I9,43,88,G15,P10,pair,F2,H20
17,I,10,I10,79,58,M15,J22,pair,A19,E24
17,I,11,I11,53,79,I11,N16,pair,N23,B15
17,I,12,I12,21,82,C19,N22,pair,O24,C8
17,I,13,I13,43,34,G15,F22,pair,O17,M14
17,I,14,I14,59,93,I23,P20,pair,D20,D13
17,I,15,I15,49,95,I3,P24,pair,P11,B12
17,I,16,I16,23,69,C23,L20,pair,N15,C15
17,I,17,I17,27,81,E7,N20,pair,K17,P11
17,I,18,I18,36,20,G1,D18,pair,B4,N15
17,I,19,I19,13,25,C3,F4,mono,J2,J2
17,I,20,I20,2,0,A5,B2,pair,O5,G8
17,I,21,I21,35,91,E23,P16,pair,N21,N13
17,I,22,I22,89,53,O11,J12,pair,D7,D15
17,I,23,I23,32,75,E17,N8,pair,A19,L11
17,J,2,J2,28,95,E9,P24,pair,F19,P16
17,J,3,J3,66,76,K13,N10,pair,P8,D7
17,J,4,J4,7,32,A15,F18,pair,G17,N14
17,J,5,J5,19,64,C15,L10,pair,D7,O21
17,J,6,J6,19,94,C15,P22,pair,L23,F17
17,J,7,J7,53,49,I11,J4,pair,F2,G5
17,J,8,J8,2,5,A5,B12,pair,G17,C20
17,J,9,J9,61,55,K3,J16,pair,P1,P20
17,J,10,J10,10,55,A21,J16,pair,F17,L24
17,J,11,J11,56,46,I17,H22,pair,F7,P17
17,J,12,J12,23,19,C23,D16,pair,K15,F19
17,J,13,J13,5,89,A11,P12,pair,L19,P14
17,J,14,J14,1,90,A3,P14,pair,J24,M15
17,J,15,J15,69,53,K19,J12,pair,B15,D15
17,J,16,J16,61,45,K3,H20,pair,J24,J22
17,J,17,J17,13,89,C3,P12,pair,P1,K6
17,J,18,J18,9,68,A19,L18,pair,C20,O18
17,J,19,J19,38,95,G5,P24,pair,L6,D7
17,J,20,J20,27,16,E7,D10,pair,O7,J22
17,J,21,J21,95,43,O23,H16,pair,F16,N13
17,J,22,J22,22,73,C21,N4,pair,C3,P13
17,J,23,J23,28,30,E9,F14,pair,B7,P8
17,K,2,K2,15,63,C7,L8,pair,B7,C14
17,K,3,K3,87,92,O7,P18,pair,D15,N14
17,K,4,K4,73,3,M3,B8,pair,D20,G17
17,K,5,K5,92,74,O17,N6,pair,M23,C12
17,K,6,K6,63,93,K7,P20,pair,C3,C15
17,K,7,K7,18,43,C13,H16,pair,P23,A19
17,K,8,K8,82,86,M21,P6,pair,B24,F2
17,K,9,K9,7,2,A15,B6,pair,K15,A5
17,K,10,K10,87,39,O7,H8,pair,C8,N3
17,K,11,K11,43,80,G15,N18,pair,M23,C15
17,K,12,K12,77,26,M11,F6,pair,O5,J5
17,K,13,K13,87,53,O7,J12,pair,B24,G5
17,K,14,K14,20,7,C17,B16,pair,M12,L24
17,K,15,K15,50,69,I5,L20,pair,K3,P17
17,K,16,K16,8,73,A17,N4,pair,I19,C15
17,K,17,K17,52,83,I9,N24,pair,D6,D15
17,K,18,K18,75,23,M7,D24,pair,A20,H20
17,K,19,K19,12,14,C1,D6,pair,E24,D13
17,K,20,K20,80,11,M17,B24,pair,F2,G17
17,K,21,K21,29,41,E11,H12,pair,L23,O21
17,K,22,K22,3,94,A7,P22,pair,O21,E14
17,K,23,K23,85,70,O3,L22,pair,O7,A19
17,L,2,L2,12,13,C1,D4,pair,P23,F17
17,L,3,L3,85,50,O3,J6,pair,K15,I19
17,L,4,L4,23,15,C23,D8,pair,N3,K17
17,L,5,L5,53,34,I11,F22,pair,L23,P17
17,L,6,L6,39,28,G7,F10,pair,F17,A20
17,L,7,L7,26,78,E5,N14,pair,A5,C8
17,L,8,L8,11,23,A23,D24,pair,J24,K17
17,L,9,L9,93,49,O19,J4,pair,D1,N14
17,L,10,L10,86,5,O5,B12,pair,B7,G8
17,L,11,L11,95,45,O23,H20,pair,F16,O18
17,L,12,L12,44,93,G17,P20,pair,M15,O18
17,L,13,L13,38,93,G5,P20,pair,O17,E3
17,L,14,L14,62,92,K5,P18,pair,L24,N13
17,L,15,L15,83,70,M23,L22,pair,K11,M15
17,L,16,L16,68,62,K17,L6,pair,K10,E24
17,L,17,L17,41,25,G11,F4,pair,N21,D13
17,L,18,L18,92,77,O17,N12,pair,D3,J2
17,L,19,L19,14,27,C5,F8,pair,A5,L11
17,L,20,L20,60,92,K1,P18,pair,C20,M14
17,L,21,L21,81,40,M19,H10,pair,N21,D3
17,L,22,L22,24,1,E1,B4,pair,D3,P14
17,L,23,L23,69,44,K19,H18,pair,N24,K17
17,M,2,M2,2,30,A5,F14,pair,B24,P16
17,M,3,M3,76,80,M9,N18,pair,C3,A6
17,M,4,M4,3,13,A7,D4,pair,N19,O5
17,M,5,M5,58,12,I21,D2,pair,P13,E24
17,M,6,M6,79,69,M15,L20,pair,L6,F16
17,M,7,M7,46,15,G21,D8,pair,A5,K6
17,M,8,M8,48,74,I1,N6,pair,N14,P17
17,M,9,M9,25,72,E3,N2,pair,P23,C19
17,M,10,M10,79,82,M15,N22,pair,G17,L11
17,M,11,M11,74,43,M5,H16,pair,J24,P16
17,M,12,M12,89,93,O11,P20,pair,I19,D1
17,M,13,M13,44,72,G17,N2,pair,O7,G17
17,M,14,M14,63,32,K7,F18,pair,P8,P13
17,M,15,M15,72,7,M1,B16,pair,K10,M23
17,M,16,M16,23,83,C23,N24,pair,M14,P17
17,M,17,M17,20,66,C17,L14,pair,C11,J2
17,M,18,M18,20,42,C17,H14,pair,N14,C15
17,M,19,M19,85,24,O3,F2,pair,H20,N10
17,M,20,M20,94,17,O21,D12,pair,N3,O18
17,M,21,M21,9,1,A19,B4,pair,I19,H20
17,M,22,M22,69,87,K19,P8,pair,E3,K8
17,M,23,M23,69,45,K19,H20,pair,D1,C8
17,N,2,N2,61,86,K3,P6,pair,O17,F19
17,N,3,N3,74,21,M5,D20,pair,N24,J5
17,N,4,N4,86,75,O5,N8,pair,K6,P11
17,N,5,N5,47,91,G23,P16,pair,N15,M14
17,N,6,N6,39,78,G7,N14,pair,K10,P20
17,N,7,N7,46,51,G21,J8,pair,C12,C19
17,N,8,N8,9,20,A19,D18,pair,N19,P8
17,N,9,N9,41,31,G11,F16,pair,P8,L11
17,N,10,N10,55,57,I15,J20,pair,F2,A19
17,N,11,N11,37,11,G3,B24,pair,N19,C19
17,N,12,N12,5,31,A11,F16,pair,C19,G8
17,N,13,N13,63,80,K7,N18,pair,F16,D3
17,N,14,N14,34,48,E21,J2,pair,A5,G17
17,N,15,N15,42,59,G13,J24,pair,A5,C12
17,N,16,N16,34,47,E21,H24,pair,L23,C15
17,N,17,N17,79,5,M15,B12,pair,P11,C15
17,N,18,N18,40,41,G9,H12,pair,K17,D11
17,N,19,N19,2,89,A5,P12,pair,K17,O21
17,N,20,N20,11,82,A23,N22,pair,O5,J5
17,N,21,N21,64,62,K9,L6,pair,C11,O18
17,N,22,N22,67,89,K15,P12,pair,M23,D15
17,N,23,N23,22,36,C21,H2,pair,C8,P20
17,O,2,O2,87,46,O7,H22,pair,L23,C11
17,O,3,O3,78,94,M13,P22,pair,P23,B15
17,O,4,O4,24,92,E1,P18,pair,P16,P14
17,O,5,O5,31,63,E15,L8,pair,P20,P14
17,O,6,O6,32,51,E17,J8,pair,M23,K6
17,O,7,O7,36,9,G1,B20,pair,M14,O10
17,O,8,O8,90,0,O13,B2,pair,N19,F7
17,O,9,O9,47,34,G23,F22,pair,A5,B4
17,O,10,O10,24,90,E1,P14,pair,F2,F16
17,O,11,O11,77,78,M11,N14,pair,M14,K2
17,O,12,O12,11,62,A23,L6,pair,D20,B4
17,O,13,O13,66,72,K13,N2,pair,J18,G17
17,O,14,O14,30,95,E13,P24,pair,N19,D1
17,O,15,O15,43,22,G15,D22,pair,N24,L19
17,O,16,O16,16,58,C9,J22,pair,K11,M23
17,O,17,O17,28,91,E9,P16,pair,N24,E24
17,O,18,O18,49,28,I3,F10,pair,F2,E3
17,O,19,O19,43,64,G15,L10,pair,G8,N13
17,O,20,O20,74,64,M5,L10,pair,C14,O10
17,O,21,O21,90,81,O13,N20,pair,P8,K2
17,O,22,O22,72,68,M1,L18,pair,I19,C20
17,O,23,O23,50,67,I5,L16,pair,D20,B7
18,B,2,B2,86,93,O5,P20,pair,O7,J5
18,B,3,B3,34,64,E21,L10,pair,N19,A5
18,B,4,B4,55,90,I15,P14,pair,B24,J2
18,B,5,B5,74,83,M5,N24,pair,D1,G5
18,B,6,B6,53,92,I11,P18,pair,B15,F13
18,B,7,B7,79,81,M15,N20,pair,D6,P13
18,B,8,B8,91,72,O15,N2,pair,J18,E24
18,B,9,B9,84,6,O1,B14,pair,D7,J5
18,B,10,B10,52,36,I9,H2,pair,J18,N10
18,B,11,B11,71,50,K23,J6,pair,C8,N3
18,B,12,B12,66,63,K13,L8,pair,I19,L11
18,B,13,B13,70,15,K21,D8,pair,O17,P11
18,B,14,B14,94,34,O21,F22,pair,E3,L24
18,B,15,B15,2,69,A5,L20,pair,K8,E14
18,B,16,B16,27,30,E7,F14,pair,N23,P17
18,B,17,B17,26,39,E5,H8,pair,E24,E14
18,B,18,B18,79,64,M15,L10,pair,G5,E14
18,B,19,B19,44,62,G17,L6,pair,E14,J2
18,B,20,B20,50,89,I5,P12,pair,F17,C19
18,B,21,B21,68,18,K17,D14,pair,H20,O18
18,B,22,B22,62,84,K5,P2,pair,C8,P11
18,B,23,B23,61,64,K3,L10,pair,L6,K2
18,C,2,C2,95,20,O23,D18,pair,M12,K2
18,C,3,C3,71,81,K23,N20,pair,P13,L11
18,C,4,C4,35,80,E23,N18,pair,A11,G8
18,C,5,C5,58,51,I21,J8,pair,N19,P17
18,C,6,C6,26,15,E5,D8,pair,A20,K2
18,C,7,C7,31,7,E15,B16,pair,J24,B4
18,C,8,C8,4,21,A9,D20,pair,G5,G8
18,C,9,C9,88,5,O9,B12,pair,N23,P8
18,C,10,C10,75,73,M7,N4,pair,L24,L11
18,C,11,C11,14,3,C5,B8,pair,P1,J18
18,C,12,C12,19,21,C15,D20,pair,K10,B24
18,C,13,C13,34,3,E21,B8,pair,N24,O18
18,C,14,C14,81,37,M19,H4,pair,C19,O21
18,C,15,C15,53,8,I11,B18,pair,O7,P11
18,C,16,C16,90,91,O13,P16,pair,N19,M14
18,C,17,C17,2,63,A5,L8,pair,K3,D15
18,C,18,C18,95,16,O23,D10,pair,C12,F7
18,C,19,C19,87,76,O7,N10,pair,M14,O10
18,C,20,C20,71,51,K23,J8,pair,P1,K8
18,C,21,C21,24,53,E1,J12,pair,P20,M12
18,C,22,C22,24,6,E1,B14,pair,A5,L23
18,C,23,C23,75,47,M7,H24,pair,L24,C12
18,D,2,D2,43,60,G15,L2,pair,B7,C11
18,D,3,D3,4,68,A9,L18,pair,P20,A6
18,D,4,D4,40,61,G9,L4,pair,J24,L11
18,D,5,D5,66,43,K13,H16,pair,G17,M14
18,D,6,D6,0,51,A1,J8,pair,M15,F19
18,D,7,D7,76,24,M9,F2,pair,N24,J24
18,D,8,D8,87,10,O7,B22,pair,M12,A6
18,D,9,D9,51,36,I7,H2,pair,J18,L11
18,D,10,D10,1,14,A3,D6,pair,M15,L11
18,D,11,D11,2,44,A5,H18,pair,K15,D7
18,D,12,D12,41,58,G11,J22,pair,D6,P20
18,D,13,D13,60,0,K1,B2,pair,O5,D3
18,D,14,D14,42,49,G13,J4,pair,E3,O21
18,D,15,D15,1,57,A3,J20,pair,D6,F16
18,D,16,D16,6,52,A13,J10,pair,E3,L19
18,D,17,D17,6,80,A13,N18,pair,N14,J5
18,D,18,D18,73,62,M3,L6,pair,C11,B15
18,D,19,D19,82,46,M21,H22,pair,N21,K2
18,D,20,D20,95,69,O23,L20,pair,K3,L19
18,D,21,D21,82,62,M21,L6,pair,N21,M14
18,D,22,D22,19,46,C15,H22,pair,O24,B15
18,D,23,D23,60,62,K1,L6,pair,P8,O18
18,E,2,E2,1,86,A3,P6,pair,E24,C15
18,E,3,E3,43,0,G15,B2,pair,M15,P16
18,E,4,E4,81,31,M19,F16,pair,B15,O21
18,E,5,E5,15,65,C7,L12,pair,H20,M14
18,E,6,E6,14,4,C5,B10,pair,L6,P16
18,E,7,E7,25,81,E3,N20,pair,F7,J22
18,E,8,E8,4,49,A9,J4,pair,J18,C19
18,E,9,E9,67,36,K15,H2,pair,D7,C15
18,E,10,E10,4,57,A9,J20,pair,A5,O10
18,E,11,E11,95,39,O23,H8,pair,M12,C19
18,E,12,E12,95,73,O23,N4,pair,B7,A6
18,E,13,E13,23,58,C23,J22,pair,P13,L19
18,E,14,E14,35,27,E23,F8,pair,J24,K6
18,E,15,E15,63,2,K7,B6,pair,N19,J5
18,E,16,E16,20,92,C17,P18,pair,O24,L23
18,E,17,E17,50,85,I5,P4,pair,L19,F13
18,E,18,E18,1,93,A3,P20,pair,O24,B24
18,E,19,E19,88,68,O9,L18,pair,K11,N15
18,E,20,E20,95,94,O23,P22,pair,K11,F13
18,E,21,E21,47,31,G23,F16,pair,J24,D15
18,E,22,E22,32,49,E17,J4,pair,N23,P11
18,E,23,E23,32,50,E17,J6,pair,D15,F7
18,F,2,F2,72,11,M1,B24,pair,L23,G17
18,F,3,F3,94,38,O21,H6,pair,C3,E24
18,F,4,F4,69,30,K19,F14,pair,B7,D3
18,F,5,F5,83,17,M23,D12,pair,D1,N13
18,F,6,F6,35,54,E23,J14,pair,L6,J5
18,F,7,F7,39,5,G7,B12,pair,J24,F13
18,F,8,F8,4,41,A9,H12,pair,F2,N14
18,F,9,F9,92,95,O17,P24,pair,P23,N21
18,F,10,F10,4,27,A9,F8,mono,L11,L11
18,F,11,F11,54,43,I13,H16,pair,D20,K6
18,F,12,F12,24,14,E1,D6,pair,B24,D1
18,F,13,F13,5,36,A11,H2,pair,O7,K17
18,F,14,F14,73,1,M3,B4,pair,L11,J22
18,F,15,F15,74,8,M5,B18,pair,L23,E24
18,F,16,F16,1,2,A3,B6,pair,B4,J22
18,F,17,F17,83,27,M23,F8,pair,B7,F16
18,F,18,F18,84,23,O1,D24,pair,G17,J22
18,F,19,F19,9,38,A19,H6,pair,J18,K6
18,F,20,F20,64,66,K9,L14,pair,P20,C20
18,F,21,F21,64,31,K9,F16,pair,C12,D11
18,F,22,F22,24,50,E1,J6,pair,M15,P17
18,F,23,F23,92,42,O17,H14,pair,I19,F13
18,G,2,G2,28,83,E9,N24,pair,L6,L11
18,G,3,G3,46,83,G21,N24,pair,O17,L24
18,G,4,G4,60,39,K1,H8,pair,N10,L24
18,G,5,G5,37,3,G3,B8,pair,C20,N15
18,G,6,G6,88,24,O9,F2,pair,E3,C20
18,G,7,G7,15,89,C7,P12,pair,N23,J22
18,G,8,G8,35,76,E23,N10,pair,A5,K6
18,G,9,G9,91,83,O15,N24,pair,P11,M14
18,G,10,G10,5,40,A11,H10,pair,O17,N3
18,G,11,G11,40,58,G9,J22,pair,P13,J5
18,G,12,G12,67,0,K15,B2,pair,N21,O10
18,G,13,G13,11,21,A23,D20,pair,B15,F7
18,G,14,G14,38,23,G5,D24,pair,K10,E14
18,G,15,G15,70,20,K21,D18,pair,B4,C14
18,G,16,G16,14,75,C5,N8,pair,K17,G8
18,G,17,G17,7,87,A15,P8,pair,J24,N23
18,G,18,G18,64,72,K9,N2,pair,C11,N14
18,G,19,G19,10,40,A21,H10,pair,D15,J2
18,G,20,G20,50,3,I5,B8,pair,J24,O17
18,G,21,G21,54,29,I13,F12,pair,M15,N15
18,G,22,G22,23,91,C23,P16,pair,F19,F16
18,G,23,G23,94,37,O21,H4,pair,K17,F7
18,H,2,H2,69,35,K19,F24,pair,H20,G5
18,H,3,H3,26,81,E5,N20,pair,P1,D20
18,H,4,H4,42,95,G13,P24,pair,N24,J2
18,H,5,H5,93,90,O19,P14,pair,F16,O10
18,H,6,H6,2,27,A5,F8,pair,O24,J18
18,H,7,H7,66,80,K13,N18,pair,A5,B4
18,H,8,H8,61,21,K3,D20,pair,L6,C15
18,H,9,H9,75,88,M7,P10,pair,P23,K17
18,H,10,H10,3,28,A7,F10,pair,A11,J2
18,H,11,H11,4,24,A9,F2,pair,B7,P17
18,H,12,H12,29,90,E11,P14,pair,O7,N3
18,H,13,H13,80,23,M17,D24,pair,N3,B15
18,H,14,H14,51,72,I7,N2,pair,C19,N15
18,H,15,H15,72,75,M1,N8,pair,N19,C14
18,H,16,H16,41,76,G11,N10,pair,D20,C15
18,H,17,H17,21,15,C19,D8,pair,E14,D3
18,H,18,H18,2,6,A5,B14,pair,F17,A6
18,H,19,H19,43,38,G15,H6,pair,P11,A6
18,H,20,H20,27,91,E7,P16,pair,D11,D13
18,H,21,H21,23,1,C23,B4,pair,O5,J2
18,H,22,H22,37,8,G3,B18,pair,K17,D13
18,H,23,H23,58,69,I21,L20,pair,O7,M14
18,I,2,I2,8,20,A17,D18,pair,C8,C11
18,I,3,I3,87,95,O7,P24,pair,I19,D13
18,I,4,I4,58,93,I21,P20,pair,B7,N13
18,I,5,I5,24,35,E1,F24,pair,C20,D15
18,I,6,I6,35,63,E23,L8,pair,N10,F16
18,I,7,I7,5,30,A11,F14,pair,M12,K2
18,I,8,I8,38,26,G5,F6,pair,K3,F7
18,I,9,I9,66,23,K13,D24,pair,F13,P17
18,I,10,I10,45,36,G19,H2,pair,I19,D7
18,I,11,I11,53,60,I11,L2,pair,A19,C20
18,I,12,I12,38,58,G5,J22,pair,P20,D7
18,I,13,I13,2,60,A5,L2,pair,B7,D11
18,I,14,I14,93,40,O19,H10,pair,K15,O7
18,I,15,I15,88,40,O9,H10,pair,O21,F13
18,I,16,I16,2,57,A5,J20,pair,K15,K3
18,I,17,I17,6,63,A13,L8,pair,M12,P14
18,I,18,I18,67,78,K15,N14,pair,L23,G5
18,I,19,I19,95,91,O23,P16,pair,K3,K2
18,I,20,I20,7,68,A15,L18,pair,N24,P11
18,I,21,I21,5,17,A11,D12,pair,O21,G8
18,I,22,I22,68,7,K17,B16,pair,D1,M12
18,I,23,I23,82,59,M21,J24,pair,C11,F13
18,J,2,J2,56,83,I17,N24,pair,B4,G17
18,J,3,J3,39,54,G7,J14,pair,I19,D1
18,J,4,J4,58,11,I21,B24,mono,O21,O21
18,J,5,J5,76,69,M9,L20,pair,O17,E3
18,J,6,J6,24,64,E1,L10,pair,K17,L24
18,J,7,J7,49,3,I3,B8,pair,K11,E24
18,J,8,J8,8,62,A17,L6,pair,O7,K8
18,J,9,J9,4,70,A9,L22,pair,K15,F7
18,J,10,J10,40,12,G9,D2,pair,K17,M14
18,J,11,J11,25,64,E3,L10,pair,N21,F19
18,J,12,J12,5,22,A11,D22,pair,E3,C12
18,J,13,J13,29,72,E11,N2,pair,M12,K8
18,J,14,J14,85,77,O3,N12,pair,D7,N15
18,J,15,J15,76,41,M9,H12,pair,E3,D7
18,J,16,J16,26,23,E5,D24,pair,F17,B15
18,J,17,J17,46,3,G21,B8,pair,P1,M15
18,J,18,J18,51,26,I7,F6,pair,K15,A20
18,J,19,J19,74,24,M5,F2,pair,F2,G8
18,J,20,J20,70,22,K21,D22,pair,D15,A11
18,J,21,J21,5,90,A11,P14,pair,C8,B12
18,J,22,J22,30,38,E13,H6,pair,I19,N10
18,J,23,J23,8,47,A17,H24,pair,L23,A11
18,K,2,K2,65,47,K11,H24,pair,C11,P11
18,K,3,K3,69,23,K19,D24,pair,N19,B4
18,K,4,K4,24,57,E1,J20,pair,N3,F13
18,K,5,K5,26,9,E5,B20,pair,D7,K2
18,K,6,K6,32,13,E17,D4,pair,N19,D3
18,K,7,K7,4,81,A9,N20,pair,N19,O10
18,K,8,K8,47,24,G23,F2,pair,C11,B12
18,K,9,K9,35,2,E23,B6,pair,N23,L11
18,K,10,K10,84,51,O1,J8,pair,B4,L11
18,K,11,K11,83,42,M23,H14,pair,K15,L19
18,K,12,K12,85,27,O3,F8,pair,O21,K2
18,K,13,K13,7,91,A15,P16,pair,B7,F2
18,K,14,K14,4,20,A9,D18,pair,B24,C8
18,K,15,K15,53,91,I11,P16,pair,K10,P8
18,K,16,K16,71,63,K23,L8,pair,P1,P11
18,K,17,K17,18,78,C13,N14,pair,C11,C15
18,K,18,K18,54,47,I13,H24,pair,D1,N10
18,K,19,K19,93,87,O19,P8,pair,I19,P16
18,K,20,K20,1,36,A3,H2,pair,E3,F7
18,K,21,K21,60,63,K1,L8,pair,L23,P20
18,K,22,K22,68,32,K17,F18,pair,A20,B12
18,K,23,K23,4,90,A9,P14,pair,G5,F16
18,L,2,L2,3,6,A7,B14,pair,E24,G8
18,L,3,L3,76,17,M9,D12,pair,L19,D11
18,L,4,L4,32,38,E17,H6,pair,D6,D13
18,L,5,L5,58,33,I21,F20,pair,O17,K2
18,L,6,L6,79,67,M15,L16,pair,D20,J18
18,L,7,L7,93,75,O19,N8,pair,A19,D7
18,L,8,L8,22,23,C21,D24,pair,L6,D7
18,L,9,L9,26,21,E5,D20,pair,B24,E24
18,L,10,L10,15,3,C7,B8,pair,F17,D7
18,L,11,L11,63,31,K7,F16,pair,P13,J5
18,L,12,L12,30,64,E13,L10,pair,C8,O18
18,L,13,L13,24,86,E1,P6,pair,K6,A19
18,L,14,L14,54,78,I13,N14,pair,I19,C11
18,L,15,L15,17,51,C11,J8,pair,K10,B4
18,L,16,L16,84,70,O1,L22,pair,N21,A11
18,L,17,L17,2,76,A5,N10,pair,K8,C15
18,L,18,L18,68,19,K17,D16,pair,N3,K8
18,L,19,L19,33,63,E19,L8,pair,D20,G8
18,L,20,L20,91,7,O15,B16,pair,P13,D3
18,L,21,L21,33,69,E19,L20,pair,O7,P13
18,L,22,L22,31,95,E15,P24,pair,K10,D1
18,L,23,L23,80,19,M17,D16,pair,K6,N14
18,M,2,M2,8,34,A17,F22,pair,P16,L24
18,M,3,M3,68,8,K17,B18,pair,P11,F7
18,M,4,M4,43,14,G15,D6,pair,P11,L19
18,M,5,M5,20,81,C17,N20,pair,F7,K2
18,M,6,M6,72,80,M1,N18,pair,O10,P14
18,M,7,M7,78,88,M13,P10,pair,O7,N3
18,M,8,M8,11,17,A23,D12,pair,P11,N10
18,M,9,M9,46,71,G21,L24,pair,J18,E14
18,M,10,M10,20,84,C17,P2,pair,D20,B15
18,M,11,M11,85,7,O3,B16,pair,C15,J22
18,M,12,M12,0,67,A1,L16,pair,N10,G8
18,M,13,M13,28,59,E9,J24,pair,E24,A6
18,M,14,M14,31,32,E15,F18,pair,H20,B12
18,M,15,M15,65,40,K11,H10,pair,B7,O5
18,M,16,M16,47,13,G23,D4,pair,L6,K17
18,M,17,M17,23,71,C23,L24,pair,B24,E24
18,M,18,M18,77,72,M11,N2,pair,H20,A11
18,M,19,M19,53,19,I11,D16,pair,D1,D3
18,M,20,M20,65,26,K11,F6,pair,L19,F16
18,M,21,M21,4,37,A9,H4,pair,O10,K2
18,M,22,M22,6,15,A13,D8,pair,C11,D7
18,M,23,M23,14,58,C5,J22,pair,N10,K2
18,N,2,N2,28,2,E9,B6,pair,E24,N13
18,N,3,N3,36,14,G1,D6,pair,C19,J5
18,N,4,N4,13,77,C3,N12,mono,A11,A11
18,N,5,N5,86,11,O5,B24,pair,B4,M14
18,N,6,N6,31,83,E15,N24,pair,K11,O21
18,N,7,N7,34,58,E21,J22,pair,A19,K8
18,N,8,N8,26,45,E5,H20,pair,P23,P20
18,N,9,N9,38,7,G5,B16,pair,A5,K10
18,N,10,N10,93,69,O19,L20,pair,A5,O17
18,N,11,N11,12,81,C1,N20,pair,C11,M14
18,N,12,N12,68,91,K17,P16,pair,N23,G17
18,N,13,N13,8,59,A17,J24,pair,N3,D11
18,N,14,N14,18,62,C13,L6,pair,D7,C19
18,N,15,N15,56,11,I17,B24,pair,N19,D7
18,N,16,N16,44,13,G17,D4,pair,A20,C14
18,N,17,N17,47,14,G23,D6,pair,H20,L24
18,N,18,N18,78,25,M13,F4,pair,E3,J2
18,N,19,N19,83,61,M23,L4,pair,F2,N3
18,N,20,N20,46,22,G21,D22,pair,N23,N13
18,N,21,N21,24,8,E1,B18,pair,M15,C20
18,N,22,N22,55,32,I15,F18,pair,P23,F17
18,N,23,N23,92,18,O17,D14,pair,P8,P20
18,O,2,O2,82,12,M21,D2,pair,K15,C8
18,O,3,O3,95,9,O23,B20,pair,M15,G8
18,O,4,O4,74,72,M5,N2,pair,O17,P17
18,O,5,O5,89,59,O11,J24,pair,K8,D3
18,O,6,O6,11,35,A23,F24,pair,O24,D3
18,O,7,O7,36,91,G1,P16,pair,G17,M23
18,O,8,O8,74,30,M5,F14,pair,F17,D13
18,O,9,O9,50,90,I5,P14,pair,K11,A11
18,O,10,O10,49,16,I3,D10,pair,K10,C20
18,O,11,O11,70,48,K21,J2,pair,J18,A19
18,O,12,O12,66,18,K13,D14,pair,D7,D3
18,O,13,O13,51,40,I7,H10,pair,P8,O10
18,O,14,O14,43,92,G15,P18,pair,G17,C15
18,O,15,O15,52,71,I9,L24,pair,L19,D7
18,O,16,O16,60,15,K1,D8,pair,L6,N3
18,O,17,O17,3,72,A7,N2,pair,I19,F7
18,O,18,O18,76,26,M9,F6,pair,N21,A6
18,O,19,O19,57,36,I19,H2,pair,E3,N15
18,O,20,O20,51,60,I7,L2,pair,P8,F19
18,O,21,O21,41,42,G11,H14,pair,K10,D1
18,O,22,O22,15,78,C7,N14,pair,H20,D3
18,O,23,O23,82,88,M21,P10,pair,L6,F7
19,B,2,B2,76,73,M9,N4,pair,O5,K8
19,B,3,B3,8,70,A17,L22,pair,P14,J5
19,B,4,B4,28,47,E9,H24,pair,D6,M12
19,B,5,B5,53,5,I11,B12,pair,K11,P14
19,B,6,B6,14,24,C5,F2,pair,A6,P17
19,B,7,B7,42,81,G13,N20,pair,P8,E24
19,B,8,B8,42,89,G13,P12,pair,L23,O18
19,B,9,B9,77,9,M11,B20,pair,A5,L23
19,B,10,B10,83,30,M23,F14,pair,L23,F2
19,B,11,B11,53,54,I11,J14,pair,D7,D11
19,B,12,B12,15,8,C7,B18,pair,P11,D11
19,B,13,B13,89,78,O11,N14,pair,D6,P14
19,B,14,B14,28,66,E9,L14,pair,O7,D3
19,B,15,B15,50,30,I5,F14,pair,H20,C19
19,B,16,B16,80,37,M17,H4,pair,H20,J2
19,B,17,B17,82,39,M21,H8,pair,B7,B4
19,B,18,B18,20,37,C17,H4,pair,D20,F17
19,B,19,B19,66,62,K13,L6,pair,C19,P17
19,B,20,B20,56,24,I17,F2,pair,I19,L23
19,B,21,B21,91,24,O15,F2,pair,P13,A19
19,B,22,B22,52,40,I9,H10,pair,D20,M23
19,B,23,B23,18,39,C13,H8,pair,N21,H20
19,C,2,C2,30,12,E13,D2,pair,K3,N21
19,C,3,C3,36,32,G1,F18,pair,P23,L19
19,C,4,C4,32,23,E17,D24,pair,F17,E14
19,C,5,C5,78,41,M13,H12,pair,H20,J5
19,C,6,C6,72,51,M1,J8,pair,C8,A19
19,C,7,C7,59,31,I23,F16,pair,B4,D3
19,C,8,C8,47,59,G23,J24,pair,P16,K8
19,C,9,C9,6,41,A13,H12,pair,M23,O10
19,C,10,C10,72,2,M1,B6,pair,J18,F16
19,C,11,C11,50,23,I5,D24,pair,O7,D20
19,C,12,C12,88,25,O9,F4,pair,B12,L24
19,C,13,C13,11,66,A23,L14,pair,E14,L11
19,C,14,C14,22,20,C21,D18,pair,M23,E14
19,C,15,C15,85,1,O3,B4,mono,P14,P14
19,C,16,C16,38,84,G5,P2,pair,P20,J22
19,C,17,C17,42,6,G13,B14,pair,A20,B15
19,C,18,C18,22,87,C21,P8,pair,D20,P16
19,C,19,C19,56,53,I17,J12,pair,N10,C14
19,C,20,C20,19,55,C15,J16,pair,E14,J5
19,C,21,C21,59,6,I23,B14,pair,N19,K11
19,C,22,C22,47,67,G23,L16,pair,C3,K2
19,C,23,C23,39,18,G7,D14,pair,C12,G5
19,D,2,D2,5,60,A11,L2,pair,N3,E14
19,D,3,D3,24,27,E1,F8,pair,P20,N13
19,D,4,D4,10,86,A21,P6,pair,G5,L11
19,D,5,D5,12,2,C1,B6,mono,A20,A20
19,D,6,D6,22,3,C21,B8,pair,L23,N3
19,D,7,D7,2,79,A5,N16,pair,P1,K10
19,D,8,D8,49,73,I3,N4,pair,B24,O17
19,D,9,D9,90,55,O13,J16,pair,N15,A11
19,D,10,D10,68,21,K17,D20,pair,K3,F7
19,D,11,D11,89,88,O11,P10,pair,A5,B15
19,D,12,D12,91,33,O15,F20,pair,B7,G8
19,D,13,D13,24,66,E1,L14,pair,M12,N13
19,D,14,D14,28,40,E9,H10,pair,C15,P14
19,D,15,D15,49,94,I3,P22,pair,N24,F2
19,D,16,D16,51,95,I7,P24,pair,K3,K2
19,D,17,D17,13,58,C3,J22,pair,F7,P14
19,D,18,D18,33,9,E19,B20,pair,B12,J5
19,D,19,D19,48,27,I1,F8,pair,L24,E14
19,D,20,D20,80,4,M17,B10,pair,F2,N3
19,D,21,D21,7,17,A15,D12,pair,N24,L11
19,D,22,D22,72,73,M1,N4,pair,P1,D7
19,D,23,D23,38,79,G5,N16,pair,A19,J22
19,E,2,E2,94,31,O21,F16,pair,B4,K3
19,E,3,E3,25,57,E3,J20,pair,O17,D11
19,E,4,E4,59,20,I23,D18,pair,J18,C8
19,E,5,E5,33,29,E19,F12,pair,F19,D7
19,E,6,E6,37,70,G3,L22,pair,L6,G5
19,E,7,E7,16,78,C9,N14,pair,P8,J2
19,E,8,E8,93,39,O19,H8,pair,E3,D11
19,E,9,E9,46,13,G21,D4,pair,D1,F19
19,E,10,E10,55,9,I15,B20,pair,D6,L23
19,E,11,E11,58,16,I21,D10,pair,G5,P14
19,E,12,E12,60,31,K1,F16,pair,H20,P17
19,E,13,E13,46,43,G21,H16,pair,K15,D3
19,E,14,E14,94,22,O21,D22,pair,P13,O21
19,E,15,E15,76,0,M9,B2,pair,K8,G8
19,E,16,E16,66,35,K13,F24,pair,N15,A11
19,E,17,E17,40,88,G9,P10,pair,K10,D3
19,E,18,E18,22,71,C21,L24,pair,O17,B12
19,E,19,E19,28,78,E9,N14,pair,K3,G5
19,E,20,E20,32,9,E17,B20,pair,N19,C15
19,E,21,E21,69,9,K19,B20,pair,D6,P8
19,E,22,E22,79,59,M15,J24,pair,A11,P14
19,E,23,E23,31,93,E15,P20,pair,D6,F13
19,F,2,F2,67,5,K15,B12,pair,K10,C14
19,F,3,F3,94,24,O21,F2,pair,L24,A6
19,F,4,F4,22,64,C21,L10,pair,K10,D13
19,F,5,F5,1,72,A3,N2,mono,D11,D11
19,F,6,F6,33,7,E19,B16,pair,P8,O5
19,F,7,F7,42,56,G13,J18,pair,J24,J22
19,F,8,F8,55,69,I15,L20,pair,K3,C20
19,F,9,F9,35,17,E23,D12,pair,P1,A19
19,F,10,F10,37,34,G3,F22,pair,M12,D11
19,F,11,F11,5,6,A11,B14,pair,B12,G8
19,F,12,F12,85,23,O3,D24,pair,E3,O10
19,F,13,F13,0,58,A1,J22,pair,F19,A11
19,F,14,F14,48,53,I1,J12,mono,O10,O10
19,F,15,F15,34,19,E21,D16,pair,O17,D3
19,F,16,F16,53,13,I11,D4,pair,D6,N14
19,F,17,F17,93,10,O19,B22,pair,L23,K3
19,F,18,F18,44,79,G17,N16,pair,G17,P17
19,F,19,F19,95,49,O23,J4,pair,D1,P16
19,F,20,F20,46,52,G21,J10,pair,G17,F13
19,F,21,F21,23,80,C23,N18,pair,K17,M12
19,F,22,F22,34,18,E21,D14,pair,N3,K3
19,F,23,F23,61,92,K3,P18,pair,N24,B7
19,G,2,G2,77,32,M11,F18,pair,O24,J18
19,G,3,G3,13,44,C3,H18,pair,J24,O18
19,G,4,G4,21,87,C19,P8,mono,C20,C20
19,G,5,G5,64,19,K9,D16,pair,F17,P14
19,G,6,G6,40,95,G9,P24,pair,D6,F16
19,G,7,G7,7,83,A15,N24,pair,J18,G5
19,G,8,G8,7,43,A15,H16,pair,B4,K2
19,G,9,G9,27,24,E7,F2,pair,A5,P16
19,G,10,G10,22,60,C21,L2,pair,N24,O7
19,G,11,G11,15,68,C7,L18,pair,C20,K8
19,G,12,G12,81,44,M19,H18,pair,I19,K2
19,G,13,G13,45,32,G19,F18,pair,C20,D13
19,G,14,G14,76,11,M9,B24,pair,J24,B4
19,G,15,G15,18,38,C13,H6,pair,N23,C12
19,G,16,G16,11,43,A23,H16,pair,D20,O5
19,G,17,G17,70,5,K21,B12,pair,J18,D15
19,G,18,G18,72,64,M1,L10,pair,K15,N14
19,G,19,G19,1,71,A3,L24,pair,C11,E14
19,G,20,G20,25,15,E3,D8,pair,K10,B4
19,G,21,G21,89,67,O11,L16,pair,K10,N21
19,G,22,G22,8,29,A17,F12,pair,N3,L24
19,G,23,G23,17,49,C11,J4,pair,D6,P14
19,H,2,H2,90,87,O13,P8,mono,A19,A19
19,H,3,H3,64,80,K9,N18,pair,O10,J2
19,H,4,H4,52,91,I9,P16,pair,B4,O18
19,H,5,H5,89,84,O11,P2,pair,L11,J2
19,H,6,H6,92,17,O17,D12,pair,N23,F19
19,H,7,H7,23,18,C23,D14,pair,C11,P16
19,H,8,H8,91,2,O15,B6,pair,D1,E14
19,H,9,H9,69,1,K19,B4,pair,F2,F19
19,H,10,H10,51,0,I7,B2,pair,K15,L11
19,H,11,H11,28,50,E9,J6,pair,I19,G17
19,H,12,H12,9,72,A19,N2,pair,C15,A11
19,H,13,H13,84,33,O1,F20,pair,C15,O18
19,H,14,H14,58,66,I21,L14,pair,K17,C15
19,H,15,H15,95,48,O23,J2,pair,C20,J5
19,H,16,H16,31,54,E15,J14,pair,K10,K17
19,H,17,H17,26,38,E5,H6,pair,D6,P23
19,H,18,H18,86,6,O5,B14,pair,M23,E24
19,H,19,H19,5,79,A11,N16,pair,A20,D11
19,H,20,H20,87,66,O7,L14,pair,L6,C20
19,H,21,H21,36,89,G1,P12,pair,C20,C19
19,H,22,H22,34,13,E21,D4,pair,D20,B15
19,H,23,H23,61,23,K3,D24,pair,F2,N21
19,I,2,I2,76,3,M9,B8,pair,D13,K2
19,I,3,I3,33,37,E19,H4,pair,F17,D15
19,I,4,I4,88,33,O9,F20,pair,P11,J22
19,I,5,I5,95,75,O23,N8,pair,P16,C20
19,I,6,I6,10,54,A21,J14,pair,N13,J2
19,I,7,I7,7,37,A15,H4,pair,K6,P16
19,I,8,I8,3,5,A7,B12,pair,D6,N15
19,I,9,I9,41,4,G11,B10,pair,D6,M15
19,I,10,I10,66,37,K13,H4,pair,D20,J22
19,I,11,I11,1,81,A3,N20,pair,P13,D3
19,I,12,I12,63,23,K7,D24,pair,L6,O21
19,I,13,I13,78,69,M13,L20,pair,O10,O18
19,I,14,I14,4,55,A9,J16,pair,P11,N13
19,I,15,I15,21,81,C19,N20,pair,N3,N14
19,I,16,I16,38,75,G5,N8,pair,P8,K3
19,I,17,I17,66,79,K13,N16,pair,J18,B4
19,I,18,I18,0,91,A1,P16,pair,D7,C12
19,I,19,I19,67,63,K15,L8,pair,B12,F7
19,I,20,I20,44,0,G17,B2,pair,E3,P20
19,I,21,I21,36,15,G1,D8,pair,H20,D15
19,I,22,I22,30,69,E13,L20,pair,F7,F13
19,I,23,I23,14,7,C5,B16,pair,D20,M23
19,J,2,J2,83,18,M23,D14,pair,P1,D13
19,J,3,J3,42,80,G13,N18,pair,P1,B7
19,J,4,J4,69,57,K19,J20,pair,I19,N3
19,J,5,J5,92,13,O17,D4,pair,B7,M14
19,J,6,J6,29,54,E11,J14,pair,B15,O10
19,J,7,J7,17,79,C11,N16,pair,B24,O21
19,J,8,J8,47,21,G23,D20,pair,K15,I19
19,J,9,J9,14,39,C5,H8,pair,O5,K8
19,J,10,J10,7,23,A15,D24,pair,N15,O10
19,J,11,J11,63,46,K7,H22,pair,N21,D3
19,J,12,J12,73,35,M3,F24,pair,J24,K2
19,J,13,J13,73,68,M3,L18,pair,D6,G17
19,J,14,J14,50,95,I5,P24,pair,F19,G5
19,J,15,J15,44,50,G17,J6,pair,O5,M23
19,J,16,J16,17,41,C11,H12,pair,D6,L24
19,J,17,J17,24,46,E1,H22,pair,J18,C11
19,J,18,J18,84,3,O1,B8,pair,N3,K3
19,J,19,J19,12,34,C1,F22,pair,G17,C8
19,J,20,J20,21,38,C19,H6,pair,D3,G8
19,J,21,J21,38,19,G5,D16,pair,N15,L11
19,J,22,J22,28,69,E9,L20,pair,D15,C14
19,J,23,J23,0,23,A1,D24,pair,N19,P8
19,K,2,K2,3,31,A7,F16,pair,L24,N15
19,K,3,K3,85,14,O3,D6,pair,I19,N23
19,K,4,K4,94,77,O21,N12,pair,E14,L11
19,K,5,K5,74,22,M5,D22,pair,P16,K8
19,K,6,K6,83,32,M23,F18,pair,C11,M15
19,K,7,K7,29,88,E11,P10,pair,F19,N13
19,K,8,K8,80,68,M17,L18,pair,O24,N3
19,K,9,K9,64,93,K9,P20,pair,A20,A11
19,K,10,K10,51,57,I7,J20,pair,K15,N23
19,K,11,K11,78,48,M13,J2,pair,E3,M15
19,K,12,K12,33,72,E19,N2,pair,D7,N10
19,K,13,K13,27,73,E7,N4,pair,N24,F19
19,K,14,K14,56,5,I17,B12,pair,N24,M14
19,K,15,K15,54,79,I13,N16,pair,D13,J22
19,K,16,K16,59,24,I23,F2,pair,B7,M12
19,K,17,K17,93,30,O19,F14,pair,B12,L11
19,K,18,K18,53,24,I11,F2,pair,K10,B12
19,K,19,K19,92,65,O17,L12,pair,K17,P11
19,K,20,K20,52,76,I9,N10,pair,L6,F19
19,K,21,K21,82,33,M21,F20,pair,B4,P17
19,K,22,K22,67,23,K15,D24,pair,A5,C3
19,K,23,K23,95,2,O23,B6,pair,C3,P17
19,L,2,L2,86,16,O5,D10,pair,C3,C19
19,L,3,L3,14,44,C5,H18,pair,C3,J22
19,L,4,L4,20,10,C17,B22,pair,L23,A6
19,L,5,L5,34,83,E21,N24,pair,D15,O18
19,L,6,L6,42,31,G13,F16,pair,F17,F7
19,L,7,L7,5,35,A11,F24,mono,N19,N19
19,L,8,L8,60,94,K1,P22,pair,N23,N10
19,L,9,L9,92,63,O17,L8,pair,K10,P14
19,L,10,L10,77,43,M11,H16,pair,N19,D1
19,L,11,L11,13,27,C3,F8,pair,C11,O10
19,L,12,L12,45,40,G19,H10,pair,F2,K8
19,L,13,L13,87,75,O7,N8,pair,P1,O5
19,L,14,L14,69,25,K19,F4,pair,N19,K8
19,L,15,L15,90,52,O13,J10,pair,M23,G8
19,L,16,L16,8,5,A17,B12,pair,B24,C20
19,L,17,L17,45,80,G19,N18,pair,F13,O10
19,L,18,L18,90,53,O13,J12,pair,N23,J5
19,L,19,L19,38,85,G5,P4,pair,C20,A6
19,L,20,L20,79,6,M15,B14,pair,C3,D15
19,L,21,L21,30,20,E13,D18,pair,F2,C11
19,L,22,L22,76,31,M9,F16,pair,E24,O18
19,L,23,L23,67,28,K15,F10,pair,A19,N10
19,M,2,M2,32,18,E17,D14,pair,A5,M12
19,M,3,M3,12,57,C1,J20,pair,F2,M12
19,M,4,M4,18,26,C13,F6,pair,C8,D15
19,M,5,M5,86,39,O5,H8,pair,B24,N10
19,M,6,M6,80,82,M17,N22,pair,E24,C14
19,M,7,M7,91,15,O15,D8,pair,N19,F13
19,M,8,M8,84,41,O1,H12,pair,N14,J22
19,M,9,M9,17,69,C11,L20,pair,N3,A20
19,M,10,M10,11,42,A23,H14,pair,F13,M14
19,M,11,M11,36,75,G1,N8,pair,P1,G17
19,M,12,M12,0,3,A1,B8,pair,A5,M14
19,M,13,M13,46,94,G21,P22,pair,K15,J22
19,M,14,M14,3,82,A7,N22,pair,P20,J2
19,M,15,M15,45,54,G19,J14,pair,D20,J18
19,M,16,M16,53,22,I11,D22,pair,P23,N3
19,M,17,M17,60,79,K1,N16,pair,F2,C11
19,M,18,M18,51,94,I7,P22,pair,L23,O17
19,M,19,M19,68,72,K17,N2,pair,M12,N14
19,M,20,M20,44,5,G17,B12,pair,N24,L11
19,M,21,M21,41,44,G11,H18,pair,F2,C15
19,M,22,M22,40,50,G9,J6,pair,L19,A6
19,M,23,M23,15,77,C7,N12,pair,A19,P14
19,N,2,N2,94,11,O21,B24,pair,K11,K17
19,N,3,N3,63,28,K7,F10,pair,D7,D15
19,N,4,N4,88,75,O9,N8,pair,G8,J2
19,N,5,N5,68,80,K17,N18,pair,K17,N21
19,N,6,N6,4,19,A9,D16,pair,P20,C12
19,N,7,N7,7,86,A15,P6,pair,M14,G8
19,N,8,N8,32,89,E17,P12,pair,G17,C14
19,N,9,N9,67,27,K15,F8,pair,K10,A11
19,N,10,N10,35,34,E23,F22,pair,N19,P14
19,N,11,N11,72,69,M1,L20,pair,B7,C15
19,N,12,N12,25,60,E3,L2,pair,D20,D3
19,N,13,N13,27,92,E7,P18,pair,P14,J22
19,N,14,N14,81,93,M19,P20,pair,N23,A6
19,N,15,N15,51,46,I7,H22,pair,N21,O10
19,N,16,N16,29,58,E11,J22,pair,C12,O10
19,N,17,N17,33,62,E19,L6,pair,L24,N14
19,N,18,N18,64,63,K9,L8,pair,J24,O7
19,N,19,N19,57,73,I19,N4,pair,C19,D3
19,N,20,N20,54,52,I13,J10,pair,A6,K2
19,N,21,N21,51,45,I7,H20,pair,G17,F7
19,N,22,N22,29,14,E11,D6,pair,P13,O21
19,N,23,N23,50,51,I5,J8,pair,P1,D3
19,O,2,O2,69,36,K19,H2,pair,N24,O24
19,O,3,O3,36,69,G1,L20,pair,F17,P11
19,O,4,O4,46,28,G21,F10,pair,G17,P13
19,O,5,O5,39,95,G7,P24,pair,D20,N21
19,O,6,O6,75,70,M7,L22,pair,D20,C8
19,O,7,O7,48,31,I1,F16,pair,B4,D7
19,O,8,O8,32,21,E17,D20,pair,O21,A6
19,O,9,O9,9,40,A19,H10,pair,B4,B12
19,O,10,O10,87,80,O7,N18,pair,D13,J5
19,O,11,O11,73,9,M3,B20,pair,K10,O17
19,O,12,O12,49,85,I3,P4,pair,E3,N13
19,O,13,O13,49,68,I3,L18,pair,P8,M23
19,O,14,O14,19,0,C15,B2,pair,P13,J22
19,O,15,O15,62,54,K5,J14,pair,L6,M12
19,O,16,O16,86,60,O5,L2,pair,O21,P14
19,O,17,O17,1,16,A3,D10,pair,H20,E3
19,O,18,O18,95,27,O23,F8,pair,O24,E24
19,O,19,O19,12,73,C1,N4,pair,F7,C15
19,O,20,O20,74,2,M5,B6,pair,D20,P17
19,O,21,O21,40,51,G9,J8,pair,K17,N15
19,O,22,O22,80,59,M17,J24,pair,F2,O17
19,O,23,O23,16,11,C9,B24,pair,O7,P17
20,B,2,B2,42,11,G13,B24,pair,D1,N14
20,B,3,B3,47,58,G23,J22,pair,D7,A6
20,B,4,B4,38,13,G5,D4,pair,B7,P14
20,B,5,B5,24,93,E1,P20,pair,F2,N10
20,B,6,B6,38,3,G5,B8,pair,N3,B12
20,B,7,B7,72,38,M1,H6,pair,K8,F13
20,B,8,B8,58,27,I21,F8,pair,O7,B7
20,B,9,B9,41,54,G11,J14,pair,A5,O21
20,B,10,B10,37,28,G3,F10,mono,L19,L19
20,B,11,B11,67,30,K15,F14,pair,P11,F16
20,B,12,B12,78,89,M13,P12,pair,F2,C19
20,B,13,B13,41,78,G11,N14,pair,K6,L11
20,B,14,B14,81,86,M19,P6,pair,F17,D11
20,B,15,B15,87,37,O7,H4,pair,J24,M15
20,B,16,B16,18,68,C13,L18,pair,L23,O17
20,B,17,B17,69,41,K19,H12,pair,F16,A11
20,B,18,B18,89,60,O11,L2,pair,G17,M12
20,B,19,B19,83,29,M23,F12,pair,K3,F13
20,B,20,B20,87,67,O7,L16,pair,L6,L19
20,B,21,B21,95,18,O23,D14,pair,F7,O21
20,B,22,B22,56,86,I17,P6,pair,C19,O21
20,B,23,B23,52,87,I9,P8,pair,M15,K2
20,C,2,C2,58,68,I21,L18,pair,F17,B12
20,C,3,C3,30,7,E13,B16,pair,A5,E3
20,C,4,C4,16,73,C9,N4,pair,O24,M15
20,C,5,C5,84,24,O1,F2,pair,N3,O10
20,C,6,C6,15,73,C7,N4,pair,B7,J5
20,C,7,C7,88,87,O9,P8,pair,N15,F16
20,C,8,C8,81,18,M19,D14,pair,K6,P14
20,C,9,C9,31,5,E15,B12,pair,B4,F19
20,C,10,C10,85,41,O3,H12,pair,C3,E3
20,C,11,C11,90,73,O13,N4,pair,O17,N21
20,C,12,C12,69,81,K19,N20,pair,N21,J2
20,C,13,C13,6,56,A13,J18,pair,I19,N21
20,C,14,C14,45,44,G19,H18,pair,C19,O18
20,C,15,C15,35,40,E23,H10,pair,P8,A11
20,C,16,C16,71,12,K23,D2,pair,B4,K3
20,C,17,C17,82,78,M21,N14,pair,B4,A19
20,C,18,C18,80,54,M17,J14,pair,N21,N10
20,C,19,C19,37,93,G3,P20,pair,K15,N24
20,C,20,C20,29,57,E11,J20,pair,A5,H20
20,C,21,C21,30,37,E13,H4,pair,D6,D20
20,C,22,C22,24,72,E1,N2,pair,C11,P17
20,C,23,C23,39,83,G7,N24,pair,J24,M12
20,D,2,D2,10,58,A21,J22,pair,O5,K6
20,D,3,D3,53,29,I11,F12,pair,C8,P20
20,D,4,D4,26,91,E5,P16,pair,D13,P14
20,D,5,D5,59,27,I23,F8,pair,D20,K3
20,D,6,D6,35,46,E23,H22,pair,B7,C8
20,D,7,D7,62,94,K5,P22,pair,E3,J5
20,D,8,D8,90,14,O13,D6,pair,D1,C19
20,D,9,D9,3,92,A7,P18,pair,N23,L19
20,D,10,D10,58,76,I21,N10,pair,N10,E14
20,D,11,D11,53,41,I11,H12,pair,D7,F13
20,D,12,D12,3,76,A7,N10,pair,O24,P16
20,D,13,D13,90,70,O13,L22,pair,L11,J2
20,D,14,D14,92,11,O17,B24,pair,I19,C12
20,D,15,D15,9,70,A19,L22,pair,D1,A19
20,D,16,D16,21,1,C19,B4,pair,P23,L11
20,D,17,D17,49,30,I3,F14,pair,B12,D11
20,D,18,D18,63,7,K7,B16,pair,B7,P11
20,D,19,D19,79,36,M15,H2,pair,K11,I19
20,D,20,D20,35,16,E23,D10,pair,N10,N15
20,D,21,D21,19,39,C15,H8,pair,N10,A6
20,D,22,D22,85,34,O3,F22,pair,O7,O21
20,D,23,D23,19,74,C15,N6,pair,O24,C19
20,E,2,E2,75,49,M7,J4,pair,A5,L6
20,E,3,E3,23,82,C23,N22,pair,B24,F16
20,E,4,E4,21,56,C19,J18,pair,N24,L19
20,E,5,E5,64,52,K9,J10,pair,D6,N21
20,E,6,E6,53,73,I11,N4,pair,F13,P14
20,E,7,E7,29,8,E11,B18,pair,J24,D7
20,E,8,E8,73,51,M3,J8,pair,F17,D3
20,E,9,E9,57,71,I19,L24,pair,P8,O21
20,E,10,E10,30,2,E13,B6,pair,K11,N23
20,E,11,E11,31,44,E15,H18,pair,C8,O10
20,E,12,E12,54,33,I13,F20,pair,A20,M12
20,E,13,E13,83,85,M23,P4,pair,O18,N13
20,E,14,E14,32,16,E17,D10,pair,K15,O21
20,E,15,E15,92,66,O17,L14,pair,K11,D13
20,E,16,E16,9,37,A19,H4,pair,N24,C12
20,E,17,E17,71,34,K23,F22,pair,F13,O10
20,E,18,E18,71,47,K23,H24,pair,C11,D11
20,E,19,E19,57,91,I19,P16,pair,K10,O21
20,E,20,E20,26,75,E5,N8,pair,F17,J22
20,E,21,E21,90,74,O13,N6,pair,N3,P16
20,E,22,E22,16,91,C9,P16,pair,P23,O21
20,E,23,E23,27,53,E7,J12,pair,D7,F7
20,F,2,F2,41,15,G11,D8,pair,K10,L6
20,F,3,F3,13,50,C3,J6,pair,A5,N10
20,F,4,F4,42,2,G13,B6,pair,P16,F16
20,F,5,F5,85,91,O3,P16,pair,F2,O18
20,F,6,F6,6,69,A13,L20,pair,D20,J22
20,F,7,F7,91,85,O15,P4,pair,C11,O21
20,F,8,F8,68,78,K17,N14,pair,K8,E24
20,F,9,F9,21,52,C19,J10,pair,O17,P17
20,F,10,F10,17,0,C11,B2,pair,A5,K8
20,F,11,F11,58,73,I21,N4,pair,K10,F7
20,F,12,F12,6,21,A13,D20,pair,B12,O18
20,F,13,F13,57,38,I19,H6,pair,M12,N15
20,F,14,F14,85,38,O3,H6,pair,L19,G8
20,F,15,F15,58,57,I21,J20,pair,F2,C14
20,F,16,F16,37,45,G3,H20,pair,N19,A19
20,F,17,F17,71,36,K23,H2,pair,K11,C20
20,F,18,F18,57,83,I19,N24,pair,P16,J5
20,F,19,F19,0,27,A1,F8,pair,K6,N21
20,F,20,F20,54,60,I13,L2,pair,G5,F16
20,F,21,F21,45,38,G19,H6,pair,P23,J22
20,F,22,F22,54,88,I13,P10,pair,N19,E24
20,F,23,F23,23,51,C23,J8,pair,G5,P14
20,G,2,G2,10,12,A21,D2,pair,N3,N21
20,G,3,G3,61,7,K3,B16,pair,D6,P8
20,G,4,G4,37,69,G3,L20,pair,K15,A19
20,G,5,G5,58,42,I21,H14,pair,L19,J2
20,G,6,G6,53,76,I11,N10,pair,B7,D1
20,G,7,G7,24,4,E1,B10,pair,O7,A11
20,G,8,G8,71,5,K23,B12,pair,B4,C3
20,G,9,G9,78,82,M13,N22,pair,K15,D6
20,G,10,G10,81,9,M19,B20,pair,F17,O21
20,G,11,G11,86,64,O5,L10,pair,P8,E3
20,G,12,G12,69,68,K19,L18,pair,L23,C19
20,G,13,G13,74,79,M5,N16,pair,K3,A11
20,G,14,G14,65,93,K11,P20,pair,M23,L24
20,G,15,G15,15,25,C7,F4,pair,E3,E24
20,G,16,G16,84,42,O1,H14,pair,N24,G17
20,G,17,G17,30,48,E13,J2,pair,N23,N13
20,G,18,G18,84,83,O1,N24,pair,H20,P16
20,G,19,G19,40,31,G9,F16,pair,A20,P14
20,G,20,G20,78,81,M13,N20,pair,N15,O10
20,G,21,G21,41,22,G11,D22,pair,N21,N14
20,G,22,G22,66,9,K13,B20,pair,D1,P20
20,G,23,G23,53,66,I11,L14,pair,D20,F17
20,H,2,H2,8,30,A17,F14,pair,P1,A11
20,H,3,H3,47,30,G23,F14,pair,A20,K8
20,H,4,H4,92,68,O17,L18,pair,B15,M12
20,H,5,H5,17,22,C11,D22,pair,O7,C8
20,H,6,H6,95,54,O23,J14,pair,L6,G8
20,H,7,H7,95,78,O23,N14,pair,P20,L19
20,H,8,H8,40,70,G9,L22,pair,B7,P8
20,H,9,H9,62,24,K5,F2,pair,O17,K8
20,H,10,H10,59,82,I23,N22,pair,O7,A19
20,H,11,H11,48,40,I1,H10,pair,D3,N13
20,H,12,H12,75,48,M7,J2,pair,N3,P20
20,H,13,H13,44,26,G17,F6,pair,L23,L6
20,H,14,H14,40,65,G9,L12,pair,D7,G8
20,H,15,H15,5,33,A11,F20,pair,N19,F13
20,H,16,H16,75,71,M7,L24,pair,E24,J2
20,H,17,H17,92,61,O17,L4,pair,P11,K2
20,H,18,H18,62,3,K5,B8,pair,B24,O10
20,H,19,H19,21,2,C19,B6,pair,N3,J5
20,H,20,H20,9,18,A19,D14,pair,N21,C14
20,H,21,H21,65,84,K11,P2,pair,K17,G5
20,H,22,H22,26,35,E5,F24,pair,G8,J2
20,H,23,H23,10,25,A21,F4,pair,A5,H20
20,I,2,I2,12,20,C1,D18,pair,F7,A6
20,I,3,I3,11,93,A23,P20,pair,C20,N13
20,I,4,I4,39,72,G7,N2,pair,O24,K8
20,I,5,I5,43,84,G15,P2,pair,D6,L23
20,I,6,I6,38,8,G5,B18,pair,K8,L11
20,I,7,I7,33,1,E19,B4,pair,C3,P11
20,I,8,I8,55,31,I15,F16,pair,O5,C19
20,I,9,I9,69,52,K19,J10,pair,O17,K3
20,I,10,I10,88,86,O9,P6,pair,O21,P17
20,I,11,I11,48,72,I1,N2,pair,N10,G5
20,I,12,I12,83,82,M23,N22,pair,K10,K2
20,I,13,I13,41,61,G11,L4,pair,C20,K2
20,I,14,I14,71,80,K23,N18,pair,N24,P8
20,I,15,I15,46,67,G21,L16,pair,N24,N10
20,I,16,I16,85,93,O3,P20,pair,P20,A11
20,I,17,I17,69,65,K19,L12,pair,O7,C15
20,I,18,I18,17,71,C11,L24,pair,M15,K2
20,I,19,I19,82,87,M21,P8,pair,C11,C15
20,I,20,I20,85,80,O3,N18,pair,K6,C19
20,I,21,I21,40,43,G9,H16,pair,K6,G8
20,I,22,I22,2,14,A5,D6,pair,K15,N21
20,I,23,I23,47,84,G23,P2,pair,D6,O7
20,J,2,J2,18,32,C13,F18,pair,G5,C15
20,J,3,J3,30,24,E13,F2,pair,N10,O18
20,J,4,J4,72,49,M1,J4,pair,D1,M14
20,J,5,J5,80,3,M17,B8,pair,N15,K2
20,J,6,J6,33,78,E19,N14,pair,N15,D13
20,J,7,J7,81,51,M19,J8,pair,K15,G5
20,J,8,J8,45,51,G19,J8,pair,K11,P13
20,J,9,J9,62,49,K5,J4,pair,P8,P13
20,J,10,J10,42,83,G13,N24,pair,C3,L24
20,J,11,J11,57,70,I19,L22,pair,B15,F19
20,J,12,J12,39,41,G7,H12,pair,L6,M14
20,J,13,J13,77,40,M11,H10,pair,N19,C15
20,J,14,J14,43,85,G15,P4,pair,N19,N14
20,J,15,J15,42,27,G13,F8,pair,D20,F13
20,J,16,J16,33,71,E19,L24,pair,O21,K2
20,J,17,J17,51,89,I7,P12,pair,K17,P20
20,J,18,J18,71,15,K23,D8,pair,N24,M14
20,J,19,J19,47,42,G23,H14,pair,P8,C20
20,J,20,J20,45,61,G19,L4,pair,B4,C14
20,J,21,J21,69,32,K19,F18,pair,N24,G5
20,J,22,J22,73,79,M3,N16,pair,B24,F2
20,J,23,J23,95,22,O23,D22,pair,G17,H20
20,K,2,K2,52,73,I9,N4,pair,O21,C15
20,K,3,K3,93,65,O19,L12,pair,E14,J22
20,K,4,K4,89,35,O11,F24,pair,N24,A6
20,K,5,K5,39,14,G7,D6,pair,F16,O18
20,K,6,K6,19,63,C15,L8,pair,A20,N15
20,K,7,K7,62,22,K5,D22,pair,D7,J2
20,K,8,K8,75,33,M7,F20,pair,N14,A6
20,K,9,K9,56,70,I17,L22,pair,K6,E24
20,K,10,K10,34,78,E21,N14,pair,O7,L24
20,K,11,K11,47,44,G23,H18,pair,I19,O21
20,K,12,K12,85,73,O3,N4,pair,B12,N13
20,K,13,K13,95,31,O23,F16,pair,E3,G8
20,K,14,K14,5,25,A11,F4,pair,B15,L11
20,K,15,K15,77,27,M11,F8,pair,C12,D3
20,K,16,K16,23,55,C23,J16,pair,B4,L24
20,K,17,K17,54,7,I13,B16,pair,M23,O10
20,K,18,K18,68,66,K17,L14,pair,P11,N10
20,K,19,K19,51,7,I7,B16,pair,B12,O21
20,K,20,K20,15,29,C7,F12,pair,L23,C8
20,K,21,K21,64,26,K9,F6,pair,D1,J5
20,K,22,K22,93,55,O19,J16,pair,K6,D7
20,K,23,K23,82,76,M21,N10,pair,J22,N13
20,L,2,L2,49,74,I3,N6,pair,H20,P14
20,L,3,L3,25,85,E3,P4,pair,P14,G8
20,L,4,L4,6,50,A13,J6,pair,B4,B12
20,L,5,L5,4,79,A9,N16,pair,M23,F17
20,L,6,L6,29,80,E11,N18,pair,M12,B12
20,L,7,L7,23,0,C23,B2,mono,B12,B12
20,L,8,L8,34,65,E21,L12,pair,O24,P1
20,L,9,L9,35,42,E23,H14,pair,K6,A11
20,L,10,L10,85,75,O3,N8,pair,K15,M14
20,L,11,L11,8,94,A17,P22,pair,P8,A6
20,L,12,L12,5,20,A11,D18,pair,N23,O18
20,L,13,L13,20,87,C17,P8,pair,K10,M12
20,L,14,L14,43,2,G15,B6,pair,K10,A20
20,L,15,L15,25,78,E3,N14,pair,K10,O10
20,L,16,L16,88,54,O9,J14,pair,N23,P17
20,L,17,L17,89,37,O11,H4,pair,B7,C14
20,L,18,L18,30,90,E13,P14,pair,C3,G5
20,L,19,L19,34,60,E21,L2,pair,J24,A6
20,L,20,L20,93,73,O19,N4,pair,K8,C14
20,L,21,L21,62,36,K5,H2,pair,D13,P17
20,L,22,L22,2,23,A5,D24,pair,L23,C11
20,L,23,L23,49,13,I3,D4,pair,P8,K6
20,M,2,M2,78,3,M13,B8,pair,F2,P23
20,M,3,M3,85,29,O3,F12,pair,N24,J18
20,M,4,M4,25,33,E3,F20,pair,B4,D1
20,M,5,M5,47,15,G23,D8,pair,K11,L6
20,M,6,M6,88,21,O9,D20,pair,F19,N10
20,M,7,M7,1,67,A3,L16,pair,D20,O17
20,M,8,M8,50,46,I5,H22,pair,N24,A20
20,M,9,M9,69,85,K19,P4,pair,K15,B15
20,M,10,M10,67,32,K15,F18,pair,C3,N15
20,M,11,M11,86,59,O5,J24,pair,N14,J22
20,M,12,M12,0,94,A1,P22,pair,P1,B12
20,M,13,M13,23,57,C23,J20,pair,I19,L6
20,M,14,M14,39,88,G7,P10,pair,K11,G17
20,M,15,M15,91,78,O15,N14,pair,C11,C19
20,M,16,M16,24,28,E1,F10,pair,O17,E24
20,M,17,M17,39,38,G7,H6,pair,F17,H20
20,M,18,M18,55,95,I15,P24,pair,N19,L24
20,M,19,M19,53,51,I11,J8,pair,P13,D13
20,M,20,M20,42,30,G13,F14,pair,K10,G5
20,M,21,M21,20,85,C17,P4,pair,K10,A6
20,M,22,M22,17,53,C11,J12,pair,G5,L11
20,M,23,M23,6,42,A13,H14,pair,B4,M15
20,N,2,N2,76,19,M9,D16,pair,P1,D20
20,N,3,N3,54,27,I13,F8,pair,O24,P17
20,N,4,N4,52,65,I9,L12,pair,B4,A6
20,N,5,N5,12,70,C1,L22,pair,P23,E24
20,N,6,N6,37,61,G3,L4,pair,I19,F7
20,N,7,N7,68,15,K17,D8,pair,K15,E14
20,N,8,N8,14,19,C5,D16,pair,L23,E24
20,N,9,N9,28,63,E9,L8,pair,K15,C20
20,N,10,N10,11,1,A23,B4,pair,O7,N13
20,N,11,N11,56,1,I17,B4,pair,B24,H20
20,N,12,N12,71,88,K23,P10,pair,A19,P16
20,N,13,N13,7,41,A15,H12,pair,P1,B12
20,N,14,N14,90,26,O13,F6,pair,K10,M15
20,N,15,N15,36,90,G1,P14,pair,A20,G5
20,N,16,N16,66,54,K13,J14,pair,B24,G8
20,N,17,N17,39,73,G7,N4,pair,D15,P14
20,N,18,N18,92,89,O17,P12,pair,D1,N10
20,N,19,N19,76,25,M9,F4,pair,B12,C15
20,N,20,N20,60,45,K1,H20,pair,A5,F19
20,N,21,N21,10,90,A21,P14,pair,N19,N21
20,N,22,N22,3,23,A7,D24,pair,D6,A6
20,N,23,N23,90,64,O13,L10,pair,K8,M14
20,O,2,O2,11,20,A23,D18,pair,O21,D3
20,O,3,O3,94,32,O21,F18,pair,P23,M23
20,O,4,O4,36,25,G1,F4,pair,B7,A20
20,O,5,O5,23,36,C23,H2,pair,K3,K17
20,O,6,O6,87,27,O7,F8,pair,P23,D15
20,O,7,O7,32,17,E17,D12,pair,A20,G8
20,O,8,O8,43,46,G15,H22,pair,D6,M14
20,O,9,O9,24,25,E1,F4,pair,D6,B15
20,O,10,O10,80,35,M17,F24,pair,B12,D11
20,O,11,O11,7,9,A15,B20,pair,D20,J5
20,O,12,O12,47,66,G23,L14,pair,D1,K6
20,O,13,O13,1,60,A3,L2,pair,B7,M23
20,O,14,O14,13,24,C3,F2,pair,O17,C20
20,O,15,O15,0,73,A1,N4,pair,A19,P17
20,O,16,O16,50,70,I5,L22,pair,J18,J22
20,O,17,O17,79,28,M15,F10,pair,N23,A11
20,O,18,O18,52,32,I9,F18,pair,I19,C14
20,O,19,O19,62,63,K5,L8,pair,D1,D15
20,O,20,O20,14,89,C5,P12,pair,O7,O5
20,O,21,O21,46,60,G21,L2,pair,L23,D3
20,O,22,O22,83,73,M23,N4,pair,K15,L24
20,O,23,O23,90,49,O13,J4,pair,L6,M12
21,B,2,B2,82,95,M21,P24,pair,A6,K2
21,B,3,B3,50,87,I5,P8,pair,D13,L11
21,B,4,B4,8,25,A17,F4,pair,C8,N14
21,B,5,B5,6,9,A13,B20,pair,K15,D13
21,B,6,B6,43,36,G15,H2,pair,P14,J2
21,B,7,B7,61,90,K3,P14,pair,F2,P20
21,B,8,B8,95,51,O23,J8,pair,J18,P20
21,B,9,B9,29,47,E11,H24,pair,K10,P17
21,B,10,B10,95,77,O23,N12,pair,B4,G5
21,B,11,B11,21,33,C19,F20,pair,K10,N13
21,B,12,B12,74,49,M5,J4,pair,K11,J2
21,B,13,B13,55,46,I15,H22,pair,K15,A5
21,B,14,B14,32,27,E17,F8,pair,K11,M23
21,B,15,B15,41,75,G11,N8,pair,D1,M14
21,B,16,B16,32,64,E17,L10,pair,N10,K8
21,B,17,B17,44,36,G17,H2,pair,A5,K10
21,B,18,B18,23,67,C23,L16,pair,P13,G5
21,B,19,B19,6,71,A13,L24,pair,G17,G8
21,B,20,B20,48,4,I1,B10,pair,D3,L11
21,B,21,B21,73,63,M3,L8,pair,B4,C11
21,B,22,B22,84,95,O1,P24,mono,I19,I19
21,B,23,B23,85,35,O3,F24,pair,K8,J5
21,C,2,C2,49,70,I3,L22,pair,C8,C15
21,C,3,C3,76,38,M9,H6,pair,A5,P13
21,C,4,C4,74,90,M5,P14,pair,P20,E14
21,C,5,C5,54,36,I13,H2,pair,L6,L19
21,C,6,C6,44,31,G17,F16,pair,K3,O21
21,C,7,C7,28,1,E9,B4,pair,P23,A20
21,C,8,C8,26,0,E5,B2,pair,O21,L11
21,C,9,C9,24,81,E1,N20,pair,B7,B15
21,C,10,C10,73,53,M3,J12,pair,G17,A19
21,C,11,C11,24,31,E1,F16,pair,P11,C15
21,C,12,C12,58,72,I21,N2,pair,O21,M14
21,C,13,C13,79,95,M15,P24,pair,O17,D3
21,C,14,C14,47,19,G23,D16,pair,I19,E3
21,C,15,C15,63,37,K7,H4,pair,N24,P16
21,C,16,C16,44,82,G17,N22,pair,N3,H20
21,C,17,C17,66,39,K13,H8,pair,N24,L23
21,C,18,C18,70,43,K21,H16,pair,A5,I19
21,C,19,C19,77,3,M11,B8,pair,K10,N23
21,C,20,C20,64,69,K9,L20,pair,D1,C11
21,C,21,C21,39,57,G7,J20,pair,F7,J5
21,C,22,C22,21,12,C19,D2,pair,D1,N21
21,C,23,C23,49,87,I3,P8,pair,B15,N15
21,D,2,D2,51,80,I7,N18,pair,B12,D7
21,D,3,D3,16,40,C9,H10,pair,K15,N13
21,D,4,D4,42,28,G13,F10,pair,O17,N14
21,D,5,D5,36,61,G1,L4,pair,A11,P14
21,D,6,D6,89,46,O11,H22,pair,B24,N23
21,D,7,D7,19,12,C15,D2,pair,P1,P23
21,D,8,D8,20,25,C17,F4,pair,F19,K2
21,D,9,D9,56,7,I17,B16,pair,F17,F13
21,D,10,D10,16,32,C9,F18,pair,N23,O5
21,D,11,D11,40,27,G9,F8,pair,B15,P16
21,D,12,D12,51,16,I7,D10,pair,A20,K8
21,D,13,D13,11,40,A23,H10,pair,F13,G8
21,D,14,D14,56,28,I17,F10,pair,D15,K8
21,D,15,D15,90,8,O13,B18,pair,K11,O5
21,D,16,D16,64,50,K9,J6,pair,O17,A20
21,D,17,D17,76,7,M9,B16,pair,L23,P23
21,D,18,D18,74,61,M5,L4,pair,J24,P8
21,D,19,D19,51,54,I7,J14,pair,L24,A11
21,D,20,D20,8,7,A17,B16,pair,K6,L19
21,D,21,D21,21,11,C19,B24,pair,O7,D3
21,D,22,D22,6,93,A13,P20,pair,M15,C12
21,D,23,D23,5,74,A11,N6,pair,A5,P16
21,E,2,E2,63,56,K7,J18,pair,D7,N10
21,E,3,E3,16,90,C9,P14,pair,D1,P11
21,E,4,E4,57,15,I19,D8,pair,K17,H20
21,E,5,E5,35,44,E23,H18,pair,P1,D11
21,E,6,E6,37,5,G3,B12,pair,B4,N21
21,E,7,E7,70,87,K21,P8,pair,D13,P14
21,E,8,E8,2,24,A5,F2,pair,C14,J5
21,E,9,E9,55,27,I15,F8,pair,N21,E3
21,E,10,E10,53,70,I11,L22,pair,C3,A11
21,E,11,E11,36,76,G1,N10,pair,L6,K3
21,E,12,E12,21,26,C19,F6,pair,B15,J2
21,E,13,E13,57,77,I19,N12,pair,M14,L11
21,E,14,E14,79,61,M15,L4,pair,C15,E14
21,E,15,E15,71,13,K23,D4,pair,B15,N13
21,E,16,E16,30,32,E13,F18,pair,K11,L6
21,E,17,E17,43,20,G15,D18,pair,O17,D15
21,E,18,E18,30,84,E13,P2,pair,C11,O18
21,E,19,E19,77,10,M11,B22,pair,K15,M15
21,E,20,E20,37,6,G3,B14,pair,K3,J2
21,E,21,E21,89,22,O11,D22,pair,J18,C15
21,E,22,E22,75,91,M7,P16,pair,L23,C11
21,E,23,E23,5,37,A11,H4,pair,L6,K6
21,F,2,F2,29,3,E11,B8,pair,O5,K3
21,F,3,F3,66,5,K13,B12,pair,M12,O18
21,F,4,F4,56,29,I17,F12,mono,D7,D7
21,F,5,F5,64,85,K9,P4,pair,D11,F13
21,F,6,F6,34,46,E21,H22,pair,O24,C12
21,F,7,F7,40,77,G9,N12,pair,J24,B24
21,F,8,F8,65,6,K11,B14,pair,D20,K2
21,F,9,F9,52,94,I9,P22,pair,B15,J22
21,F,10,F10,39,26,G7,F6,pair,P1,B15
21,F,11,F11,46,36,G21,H2,pair,F19,F13
21,F,12,F12,41,84,G11,P2,pair,F2,K2
21,F,13,F13,51,61,I7,L4,pair,M15,L11
21,F,14,F14,79,71,M15,L24,pair,K3,A20
21,F,15,F15,26,89,E5,P12,pair,P23,N10
21,F,16,F16,64,9,K9,B20,pair,O24,L6
21,F,17,F17,86,82,O5,N22,pair,J24,M14
21,F,18,F18,84,4,O1,B10,pair,K11,A20
21,F,19,F19,20,95,C17,P24,pair,D7,C20
21,F,20,F20,30,21,E13,D20,pair,L6,D3
21,F,21,F21,0,71,A1,L24,pair,F2,M12
21,F,22,F22,27,36,E7,H2,pair,P20,A6
21,F,23,F23,80,52,M17,J10,pair,M15,C15
21,G,2,G2,66,3,K13,B8,pair,B4,P16
21,G,3,G3,71,0,K23,B2,pair,C12,G5
21,G,4,G4,79,87,M15,P8,pair,O5,P11
21,G,5,G5,15,47,C7,H24,pair,K6,F13
21,G,6,G6,84,49,O1,J4,pair,B24,B15
21,G,7,G7,75,28,M7,F10,pair,B24,J5
21,G,8,G8,65,30,K11,F14,pair,P23,F13
21,G,9,G9,17,36,C11,H2,pair,K11,L24
21,G,10,G10,26,19,E5,D16,pair,G17,K8
21,G,11,G11,23,81,C23,N20,pair,B4,B15
21,G,12,G12,86,43,O5,H16,pair,J18,K3
21,G,13,G13,48,55,I1,J16,pair,K8,P17
21,G,14,G14,19,2,C15,B6,pair,H20,C15
21,G,15,G15,95,44,O23,H18,pair,M14,J2
21,G,16,G16,69,34,K19,F22,pair,D6,E14
21,G,17,G17,82,61,M21,L4,pair,D1,C14
21,G,18,G18,56,54,I17,J14,pair,B7,F2
21,G,19,G19,0,85,A1,P4,pair,C20,P17
21,G,20,G20,31,85,E15,P4,pair,K3,E3
21,G,21,G21,23,53,C23,J12,pair,C8,C19
21,G,22,G22,92,41,O17,H12,pair,P13,H20
21,G,23,G23,78,26,M13,F6,pair,G8,O18
21,H,2,H2,66,49,K13,J4,pair,E3,M14
21,H,3,H3,7,47,A15,H24,pair,L6,C12
21,H,4,H4,33,77,E19,N12,pair,C20,O18
21,H,5,H5,34,36,E21,H2,pair,A6,P14
21,H,6,H6,87,85,O7,P4,pair,K11,G5
21,H,7,H7,65,77,K11,N12,pair,N24,C8
21,H,8,H8,22,75,C21,N8,pair,B7,K8
21,H,9,H9,34,4,E21,B10,pair,O17,P14
21,H,10,H10,32,54,E17,J14,pair,M12,D15
21,H,11,H11,25,66,E3,L14,pair,K15,C12
21,H,12,H12,33,32,E19,F18,pair,B24,L11
21,H,13,H13,2,15,A5,D8,pair,B12,P16
21,H,14,H14,37,52,G3,J10,pair,B12,L24
21,H,15,H15,50,39,I5,H8,pair,D11,F7
21,H,16,H16,49,57,I3,J20,pair,O24,E3
21,H,17,H17,10,95,A21,P24,pair,H20,A11
21,H,18,H18,8,92,A17,P18,pair,N3,J22
21,H,19,H19,0,24,A1,F2,pair,O5,B15
21,H,20,H20,65,91,K11,P16,pair,N3,C19
21,H,21,H21,86,19,O5,D16,pair,M12,D13
21,H,22,H22,82,56,M21,J18,pair,N3,L24
21,H,23,H23,68,88,K17,P10,pair,A19,C15
21,I,2,I2,87,47,O7,H24,pair,O5,D11
21,I,3,I3,57,29,I19,F12,pair,B15,G8
21,I,4,I4,35,31,E23,F16,pair,I19,P8
21,I,5,I5,90,59,O13,J24,pair,M15,A11
21,I,6,I6,91,32,O15,F18,pair,D6,L6
21,I,7,I7,78,2,M13,B6,pair,D1,F16
21,I,8,I8,49,31,I3,F16,pair,K8,O18
21,I,9,I9,18,61,C13,L4,pair,E3,D7
21,I,10,I10,46,86,G21,P6,pair,O17,K6
21,I,11,I11,15,62,C7,L6,pair,O5,N15
21,I,12,I12,71,74,K23,N6,pair,E24,D3
21,I,13,I13,66,25,K13,F4,pair,L24,J22
21,I,14,I14,51,27,I7,F8,pair,B12,D3
21,I,15,I15,50,27,I5,F8,pair,B4,K2
21,I,16,I16,37,35,G3,F24,pair,O24,K3
21,I,17,I17,90,3,O13,B8,pair,I19,B15
21,I,18,I18,87,15,O7,D8,pair,J18,O10
21,I,19,I19,79,12,M15,D2,pair,P23,L6
21,I,20,I20,28,54,E9,J14,pair,K15,F13
21,I,21,I21,5,85,A11,P4,pair,P1,D13
21,I,22,I22,47,35,G23,F24,pair,K17,F16
21,I,23,I23,5,72,A11,N2,pair,N24,E3
21,J,2,J2,71,77,K23,N12,pair,A19,D11
21,J,3,J3,93,77,O19,N12,pair,P13,N21
21,J,4,J4,76,66,M9,L14,pair,G17,K17
21,J,5,J5,19,8,C15,B18,pair,D1,C19
21,J,6,J6,1,82,A3,N22,pair,D6,D11
21,J,7,J7,58,47,I21,H24,pair,F17,A20
21,J,8,J8,24,36,E1,H2,pair,H20,M15
21,J,9,J9,95,13,O23,D4,pair,N19,B15
21,J,10,J10,60,93,K1,P20,pair,F17,N10
21,J,11,J11,45,24,G19,F2,pair,L6,A20
21,J,12,J12,40,80,G9,N18,pair,B24,P13
21,J,13,J13,9,14,A19,D6,pair,F19,F7
21,J,14,J14,67,50,K15,J6,pair,B7,P16
21,J,15,J15,3,70,A7,L22,pair,K11,A6
21,J,16,J16,6,78,A13,N14,pair,O24,K17
21,J,17,J17,61,9,K3,B20,pair,A20,C19
21,J,18,J18,92,58,O17,J22,pair,K11,M14
21,J,19,J19,87,2,O7,B6,pair,D7,L11
21,J,20,J20,2,93,A5,P20,pair,E3,O10
21,J,21,J21,28,77,E9,N12,pair,M15,D11
21,J,22,J22,13,22,C3,D22,pair,M15,C12
21,J,23,J23,41,65,G11,L12,pair,B15,D7
21,K,2,K2,46,49,G21,J4,pair,A20,B15
21,K,3,K3,65,71,K11,L24,pair,K11,D6
21,K,4,K4,9,92,A19,P18,pair,K10,D15
21,K,5,K5,75,53,M7,J12,pair,B4,N14
21,K,6,K6,92,82,O17,N22,pair,D11,E24
21,K,7,K7,43,95,G15,P24,pair,N21,E14
21,K,8,K8,85,18,O3,D14,pair,J24,E3
21,K,9,K9,9,95,A19,P24,pair,M12,G5
21,K,10,K10,48,21,I1,D20,pair,F19,O21
21,K,11,K11,78,22,M13,D22,pair,G17,F19
21,K,12,K12,90,28,O13,F10,pair,N19,N10
21,K,13,K13,37,29,G3,F12,pair,N3,N13
21,K,14,K14,14,28,C5,F10,pair,D6,C12
21,K,15,K15,52,77,I9,N12,pair,K6,C15
21,K,16,K16,30,0,E13,B2,pair,P1,N14
21,K,17,K17,42,63,G13,L8,pair,P20,L19
21,K,18,K18,75,1,M7,B4,pair,C11,M12
21,K,19,K19,35,4,E23,B10,pair,F16,J5
21,K,20,K20,84,91,O1,P16,pair,N19,G8
21,K,21,K21,14,79,C5,N16,pair,E14,M14
21,K,22,K22,80,57,M17,J20,pair,F2,N13
21,K,23,K23,24,71,E1,L24,pair,N10,F13
21,L,2,L2,35,51,E23,J8,pair,B4,E24
21,L,3,L3,79,48,M15,J2,pair,H20,J5
21,L,4,L4,35,48,E23,J2,pair,N14,F7
21,L,5,L5,65,45,K11,H20,pair,D7,P16
21,L,6,L6,9,32,A19,F18,pair,P1,D6
21,L,7,L7,25,7,E3,B16,pair,I19,E14
21,L,8,L8,77,65,M11,L12,pair,P11,P16
21,L,9,L9,1,73,A3,N4,pair,A5,O7
21,L,10,L10,95,60,O23,L2,pair,O24,B24
21,L,11,L11,74,65,M5,L12,pair,B24,M15
21,L,12,L12,44,20,G17,D18,pair,K6,O10
21,L,13,L13,2,84,A5,P2,pair,O24,D13
21,L,14,L14,56,89,I17,P12,pair,C8,G5
21,L,15,L15,13,35,C3,F24,pair,F17,C11
21,L,16,L16,10,62,A21,L6,pair,F2,E24
21,L,17,L17,94,19,O21,D16,pair,K10,K17
21,L,18,L18,22,49,C21,J4,pair,K6,J2
21,L,19,L19,63,76,K7,N10,pair,N21,D15
21,L,20,L20,31,24,E15,F2,pair,F2,P23
21,L,21,L21,62,34,K5,F22,pair,D1,D7
21,L,22,L22,65,95,K11,P24,pair,B12,P17
21,L,23,L23,69,67,K19,L16,pair,P17,J2
21,M,2,M2,49,4,I3,B10,pair,D13,G8
21,M,3,M3,52,30,I9,F14,pair,N10,C15
21,M,4,M4,0,44,A1,H18,pair,P13,F7
21,M,5,M5,61,62,K3,L6,pair,L11,K2
21,M,6,M6,19,48,C15,J2,pair,N19,D6
21,M,7,M7,35,62,E23,L6,pair,O24,P1
21,M,8,M8,27,86,E7,P6,pair,B24,J18
21,M,9,M9,57,93,I19,P20,pair,A20,H20
21,M,10,M10,43,77,G15,N12,pair,F19,N10
21,M,11,M11,51,39,I7,H8,pair,K6,D11
21,M,12,M12,82,13,M21,D4,pair,M12,A6
21,M,13,M13,75,44,M7,H18,pair,C12,F7
21,M,14,M14,48,69,I1,L20,pair,N23,F16
21,M,15,M15,38,20,G5,D18,pair,F7,C14
21,M,16,M16,22,83,C21,N24,pair,D20,F16
21,M,17,M17,37,66,G3,L14,pair,D11,E14
21,M,18,M18,73,19,M3,D16,pair,M12,O10
21,M,19,M19,71,84,K23,P2,pair,O24,P14
21,M,20,M20,69,49,K19,J4,pair,D20,B12
21,M,21,M21,5,13,A11,D4,pair,L6,A6
21,M,22,M22,1,43,A3,H16,pair,K8,C14
21,M,23,M23,41,1,G11,B4,pair,K10,D7
21,N,2,N2,58,13,I21,D4,pair,B7,G8
21,N,3,N3,22,27,C21,F8,pair,O24,P14
21,N,4,N4,17,1,C11,B4,pair,G17,O18
21,N,5,N5,13,86,C3,P6,pair,M15,C19
21,N,6,N6,52,57,I9,J20,pair,P8,G5
21,N,7,N7,12,46,C1,H22,pair,F2,L6
21,N,8,N8,92,26,O17,F6,pair,L6,O21
21,N,9,N9,95,35,O23,F24,pair,O24,F7
21,N,10,N10,56,60,I17,L2,pair,L23,A20
21,N,11,N11,1,25,A3,F4,pair,O7,N23
21,N,12,N12,59,39,I23,H8,pair,O5,F7
21,N,13,N13,8,12,A17,D2,pair,N21,K8
21,N,14,N14,30,1,E13,B4,pair,K17,A19
21,N,15,N15,82,15,M21,D8,pair,F16,M14
21,N,16,N16,39,22,G7,D22,pair,K17,P20
21,N,17,N17,72,21,M1,D20,pair,G5,F7
21,N,18,N18,37,56,G3,J18,pair,D15,G5
21,N,19,N19,30,63,E13,L8,pair,K15,F7
21,N,20,N20,27,66,E7,L14,pair,E3,O10
21,N,21,N21,54,41,I13,H12,pair,G17,D1
21,N,22,N22,30,33,E13,F20,pair,B7,D13
21,N,23,N23,21,75,C19,N8,pair,B24,P20
21,O,2,O2,13,61,C3,L4,pair,K6,D15
21,O,3,O3,4,26,A9,F6,pair,L6,M14
21,O,4,O4,88,85,O9,P4,pair,P1,D11
21,O,5,O5,61,73,K3,N4,pair,M12,J5
21,O,6,O6,62,2,K5,B6,pair,O17,N15
21,O,7,O7,24,61,E1,L4,pair,P23,D1
21,O,8,O8,11,76,A23,N10,pair,F13,E14
21,O,9,O9,9,85,A19,P4,pair,P8,L6
21,O,10,O10,50,24,I5,F2,pair,L23,C19
21,O,11,O11,49,46,I3,H22,pair,C11,O10
21,O,12,O12,19,34,C15,F22,pair,C19,F13
21,O,13,O13,63,73,K7,N4,pair,P13,N14
21,O,14,O14,14,15,C5,D8,pair,E3,F7
21,O,15,O15,15,88,C7,P10,pair,O24,E24
21,O,16,O16,56,15,I17,D8,pair,O17,J22
21,O,17,O17,15,37,C7,H4,pair,N14,G8
21,O,18,O18,78,39,M13,H8,pair,M23,F16
21,O,19,O19,75,54,M7,J14,pair,D20,G17
21,O,20,O20,3,38,A7,H6,pair,G17,D11
21,O,21,O21,54,13,I13,D4,pair,O24,F16
21,O,22,O22,87,6,O7,B14,pair,G17,D11
21,O,23,O23,40,14,G9,D6,pair,N14,K2
22,B,2,B2,63,0,K7,B2,pair,N19,O21
22,B,3,B3,36,17,G1,D12,pair,G5,A6
22,B,4,B4,39,75,G7,N8,pair,C19,O10
22,B,5,B5,23,52,C23,J10,pair,K10,O5
22,B,6,B6,72,50,M1,J6,pair,N23,P13
22,B,7,B7,68,22,K17,D22,pair,L23,J22
22,B,8,B8,62,28,K5,F10,pair,A6,L11
22,B,9,B9,80,92,M17,P18,pair,G17,P20
22,B,10,B10,91,6,O15,B14,pair,L23,F19
22,B,11,B11,39,27,G7,F8,pair,F19,J5
22,B,12,B12,67,69,K15,L20,pair,J24,P16
22,B,13,B13,30,62,E13,L6,pair,M15,M12
22,B,14,B14,75,34,M7,F22,pair,P13,O10
22,B,15,B15,85,47,O3,H24,pair,L23,A6
22,B,16,B16,21,6,C19,B14,pair,A6,J5
22,B,17,B17,47,83,G23,N24,pair,P8,D11
22,B,18,B18,32,93,E17,P20,pair,C3,N3
22,B,19,B19,14,77,C5,N12,pair,N3,M14
22,B,20,B20,30,35,E13,F24,pair,N24,O18
22,B,21,B21,0,52,A1,J10,pair,B4,A20
22,B,22,B22,15,60,C7,L2,pair,D13,M14
22,B,23,B23,33,52,E19,J10,pair,D7,K2
22,C,2,C2,85,5,O3,B12,pair,A20,J22
22,C,3,C3,87,22,O7,D22,pair,J24,O10
22,C,4,C4,7,67,A15,L16,pair,I19,O10
22,C,5,C5,23,70,C23,L22,pair,I19,F19
22,C,6,C6,90,16,O13,D10,pair,B7,C14
22,C,7,C7,78,38,M13,H6,pair,N3,M12
22,C,8,C8,5,63,A11,L8,pair,P8,M15
22,C,9,C9,32,48,E17,J2,pair,B7,N14
22,C,10,C10,4,44,A9,H18,pair,B12,C12
22,C,11,C11,4,66,A9,L14,pair,M23,M12
22,C,12,C12,56,21,I17,D20,pair,B12,D13
22,C,13,C13,56,87,I17,P8,pair,P16,K2
22,C,14,C14,71,67,K23,L16,pair,N24,D7
22,C,15,C15,38,53,G5,J12,pair,J18,A20
22,C,16,C16,32,67,E17,L16,pair,N24,E24
22,C,17,C17,67,46,K15,H22,pair,C8,M15
22,C,18,C18,77,15,M11,D8,pair,L23,O10
22,C,19,C19,1,0,A3,B2,pair,H20,B12
22,C,20,C20,88,6,O9,B14,pair,N21,E3
22,C,21,C21,78,52,M13,J10,pair,O24,N23
22,C,22,C22,40,4,G9,B10,pair,D20,F2
22,C,23,C23,25,76,E3,N10,pair,N10,P17
22,D,2,D2,42,55,G13,J16,pair,L6,D7
22,D,3,D3,93,88,O19,P10,pair,C19,J5
22,D,4,D4,74,33,M5,F20,pair,O7,F7
22,D,5,D5,16,50,C9,J6,pair,K11,K17
22,D,6,D6,32,94,E17,P22,pair,C8,M14
22,D,7,D7,93,19,O19,D16,pair,N21,P14
22,D,8,D8,12,23,C1,D24,pair,G17,N3
22,D,9,D9,66,90,K13,P14,pair,P8,O17
22,D,10,D10,32,61,E17,L4,pair,A20,A19
22,D,11,D11,20,15,C17,D8,pair,P1,F17
22,D,12,D12,30,80,E13,N18,pair,C3,F16
22,D,13,D13,12,55,C1,J16,pair,P1,J18
22,D,14,D14,52,19,I9,D16,pair,N15,K8
22,D,15,D15,91,12,O15,D2,pair,M23,P11
22,D,16,D16,82,30,M21,F14,pair,H20,G8
22,D,17,D17,27,34,E7,F22,pair,E14,N13
22,D,18,D18,30,14,E13,D6,pair,D6,P17
22,D,19,D19,36,92,G1,P18,pair,D15,E24
22,D,20,D20,58,44,I21,H18,pair,I19,M14
22,D,21,D21,56,0,I17,B2,pair,E24,O18
22,D,22,D22,55,63,I15,L8,pair,O7,B4
22,D,23,D23,2,32,A5,F18,pair,C11,C14
22,E,2,E2,49,64,I3,L10,pair,P1,B4
22,E,3,E3,45,37,G19,H4,pair,N21,L19
22,E,4,E4,30,93,E13,P20,pair,F2,B15
22,E,5,E5,93,83,O19,N24,pair,N23,M14
22,E,6,E6,73,26,M3,F6,pair,C11,E24
22,E,7,E7,57,47,I19,H24,pair,J18,G8
22,E,8,E8,75,37,M7,H4,pair,C14,N13
22,E,9,E9,32,47,E17,H24,pair,N14,G5
22,E,10,E10,4,83,A9,N24,pair,H20,J2
22,E,11,E11,15,42,C7,H14,pair,A20,N10
22,E,12,E12,40,56,G9,J18,pair,M12,C19
22,E,13,E13,85,69,O3,L20,pair,P8,D11
22,E,14,E14,18,20,C13,D18,pair,A20,D15
22,E,15,E15,45,27,G19,F8,pair,N15,O18
22,E,16,E16,41,68,G11,L18,pair,K17,E3
22,E,17,E17,51,37,I7,H4,pair,H20,N13
22,E,18,E18,56,84,I17,P2,pair,N10,N15
22,E,19,E19,43,28,G15,F10,pair,O7,K8
22,E,20,E20,6,31,A13,F16,pair,P20,G8
22,E,21,E21,93,92,O19,P18,pair,C20,O21
22,E,22,E22,78,40,M13,H10,pair,A5,L23
22,E,23,E23,67,54,K15,J14,pair,K10,N15
22,F,2,F2,91,0,O15,B2,pair,K3,C15
22,F,3,F3,32,35,E17,F24,pair,F2,F19
22,F,4,F4,17,86,C11,P6,pair,K2,J2
22,F,5,F5,45,81,G19,N20,pair,N21,N13
22,F,6,F6,15,9,C7,B20,pair,N19,B24
22,F,7,F7,84,34,O1,F22,pair,B7,F16
22,F,8,F8,67,88,K15,P10,pair,K10,F2
22,F,9,F9,82,34,M21,F22,pair,D6,G5
22,F,10,F10,38,35,G5,F24,pair,K3,P17
22,F,11,F11,11,31,A23,F16,pair,A11,K2
22,F,12,F12,39,42,G7,H14,pair,D20,C3
22,F,13,F13,4,3,A9,B8,pair,L19,L24
22,F,14,F14,52,58,I9,J22,pair,N19,O18
22,F,15,F15,78,59,M13,J24,pair,O24,D15
22,F,16,F16,53,58,I11,J22,pair,F17,K17
22,F,17,F17,73,84,M3,P2,pair,O24,B4
22,F,18,F18,93,44,O19,H18,pair,B7,E14
22,F,19,F19,36,95,G1,P24,pair,I19,P17
22,F,20,F20,26,13,E5,D4,pair,O5,G5
22,F,21,F21,51,19,I7,D16,pair,G5,P17
22,F,22,F22,77,44,M11,H18,pair,G5,C14
22,F,23,F23,40,44,G9,H18,pair,K10,C8
22,G,2,G2,76,35,M9,F24,pair,O17,F16
22,G,3,G3,62,11,K5,B24,pair,O24,C15
22,G,4,G4,31,78,E15,N14,pair,G17,C20
22,G,5,G5,58,34,I21,F22,pair,I19,G8
22,G,6,G6,58,48,I21,J2,pair,B4,E14
22,G,7,G7,88,92,O9,P18,pair,M15,D15
22,G,8,G8,36,31,G1,F16,pair,L6,C8
22,G,9,G9,4,33,A9,F20,pair,B4,P13
22,G,10,G10,60,33,K1,F20,pair,L6,D11
22,G,11,G11,67,93,K15,P20,pair,D1,K8
22,G,12,G12,77,4,M11,B10,pair,B4,K3
22,G,13,G13,75,90,M7,P14,pair,F13,E14
22,G,14,G14,84,46,O1,H22,pair,K15,O5
22,G,15,G15,28,53,E9,J12,pair,I19,P20
22,G,16,G16,16,71,C9,L24,pair,E24,K2
22,G,17,G17,0,43,A1,H16,pair,O17,L11
22,G,18,G18,33,49,E19,J4,pair,K15,D13
22,G,19,G19,62,85,K5,P4,pair,C3,L19
22,G,20,G20,89,77,O11,N12,pair,N19,K2
22,G,21,G21,8,17,A17,D12,pair,K15,K2
22,G,22,G22,24,51,E1,J8,pair,K10,L24
22,G,23,G23,22,2,C21,B6,pair,C3,M14
22,H,2,H2,3,34,A7,F22,pair,K17,D7
22,H,3,H3,83,8,M23,B18,pair,N21,C12
22,H,4,H4,52,4,I9,B10,pair,D11,N13
22,H,5,H5,8,14,A17,D6,pair,C19,C14
22,H,6,H6,40,38,G9,H6,pair,L19,O10
22,H,7,H7,88,51,O9,J8,mono,O7,O7
22,H,8,H8,61,87,K3,P8,pair,N14,E24
22,H,9,H9,15,32,C7,F18,pair,M23,N15
22,H,10,H10,79,15,M15,D8,pair,P1,F16
22,H,11,H11,8,71,A17,L24,pair,N19,C11
22,H,12,H12,64,14,K9,D6,pair,P23,C12
22,H,13,H13,79,39,M15,H8,pair,N24,L19
22,H,14,H14,58,29,I21,F12,pair,K11,N21
22,H,15,H15,1,3,A3,B8,pair,A5,B7
22,H,16,H16,80,1,M17,B4,pair,P23,F16
22,H,17,H17,74,77,M5,N12,pair,K3,D7
22,H,18,H18,94,7,O21,B16,mono,N14,N14
22,H,19,H19,3,61,A7,L4,mono,K8,K8
22,H,20,H20,4,23,A9,D24,pair,N24,J22
22,H,21,H21,47,50,G23,J6,pair,B7,O18
22,H,22,H22,58,81,I21,N20,pair,C15,D13
22,H,23,H23,50,48,I5,J2,pair,N23,D3
22,I,2,I2,12,71,C1,L24,pair,E24,J22
22,I,3,I3,58,65,I21,L12,pair,N24,K17
22,I,4,I4,42,12,G13,D2,pair,F2,K3
22,I,5,I5,89,55,O11,J16,pair,C12,J5
22,I,6,I6,78,37,M13,H4,pair,N23,K2
22,I,7,I7,0,11,A1,B24,pair,P13,K8
22,I,8,I8,21,89,C19,P12,pair,K3,N14
22,I,9,I9,80,46,M17,H22,pair,L23,M12
22,I,10,I10,38,37,G5,H4,pair,D7,D3
22,I,11,I11,40,60,G9,L2,pair,N21,G5
22,I,12,I12,86,51,O5,J8,pair,L23,O5
22,I,13,I13,26,10,E5,B22,pair,A5,D20
22,I,14,I14,42,47,G13,H24,pair,P1,D7
22,I,15,I15,13,68,C3,L18,pair,N23,J18
22,I,16,I16,4,22,A9,D22,pair,F2,F19
22,I,17,I17,55,56,I15,J18,pair,L11,J5
22,I,18,I18,65,36,K11,H2,pair,J24,E14
22,I,19,I19,81,33,M19,F20,pair,K3,A6
22,I,20,I20,62,7,K5,B16,pair,O17,N10
22,I,21,I21,34,75,E21,N8,pair,B4,N10
22,I,22,I22,90,58,O13,J22,pair,P1,J2
22,I,23,I23,56,4,I17,B10,pair,F2,D3
22,J,2,J2,16,72,C9,N2,pair,G17,B12
22,J,3,J3,65,67,K11,L16,pair,M12,F16
22,J,4,J4,27,78,E7,N14,pair,K3,O18
22,J,5,J5,73,32,M3,F18,pair,L6,D11
22,J,6,J6,23,88,C23,P10,pair,P1,N3
22,J,7,J7,75,64,M7,L10,pair,F13,D13
22,J,8,J8,5,47,A11,H24,pair,C3,C15
22,J,9,J9,5,80,A11,N18,pair,M23,P13
22,J,10,J10,50,91,I5,P16,pair,N10,D13
22,J,11,J11,35,23,E23,D24,pair,K6,M15
22,J,12,J12,48,61,I1,L4,pair,D15,C15
22,J,13,J13,87,52,O7,J10,pair,E3,M15
22,J,14,J14,87,12,O7,D2,pair,P14,K2
22,J,15,J15,94,54,O21,J14,pair,K17,J2
22,J,16,J16,5,3,A11,B8,pair,N24,F13
22,J,17,J17,49,52,I3,J10,pair,P16,G5
22,J,18,J18,84,15,O1,D8,pair,I19,D7
22,J,19,J19,16,85,C9,P4,pair,C3,C20
22,J,20,J20,94,1,O21,B4,pair,B7,A11
22,J,21,J21,73,33,M3,F20,pair,L6,A19
22,J,22,J22,36,93,G1,P20,pair,F17,N13
22,J,23,J23,78,84,M13,P2,pair,O5,E24
22,K,2,K2,90,36,O13,H2,pair,K11,K2
22,K,3,K3,2,17,A5,D12,pair,P1,L23
22,K,4,K4,46,70,G21,L22,pair,N24,F19
22,K,5,K5,72,13,M1,D4,pair,D6,N23
22,K,6,K6,24,22,E1,D22,pair,P1,G17
22,K,7,K7,3,93,A7,P20,pair,C12,D11
22,K,8,K8,80,38,M17,H6,pair,K11,F19
22,K,9,K9,34,62,E21,L6,pair,P11,G5
22,K,10,K10,27,63,E7,L8,pair,M23,J2
22,K,11,K11,6,37,A13,H4,pair,B24,C8
22,K,12,K12,4,67,A9,L16,pair,P1,N10
22,K,13,K13,37,71,G3,L24,pair,D6,J5
22,K,14,K14,9,52,A19,J10,pair,J18,K8
22,K,15,K15,12,61,C1,L4,pair,C8,C15
22,K,16,K16,85,65,O3,L12,pair,K17,F19
22,K,17,K17,51,83,I7,N24,pair,K3,M15
22,K,18,K18,69,15,K19,D8,pair,D7,F7
22,K,19,K19,33,68,E19,L18,pair,N24,C20
22,K,20,K20,74,87,M5,P8,pair,J18,M12
22,K,21,K21,84,87,O1,P8,pair,B12,C14
22,K,22,K22,44,46,G17,H22,pair,O17,D11
22,K,23,K23,46,88,G21,P10,pair,N24,N21
22,L,2,L2,9,34,A19,F22,pair,P11,K8
22,L,3,L3,10,36,A21,H2,pair,K15,M23
22,L,4,L4,21,23,C19,D24,pair,B24,O18
22,L,5,L5,30,17,E13,D12,pair,P16,D15
22,L,6,L6,24,3,E1,B8,pair,N10,F7
22,L,7,L7,6,7,A13,B16,pair,D6,N14
22,L,8,L8,28,33,E9,F20,pair,C20,F7
22,L,9,L9,60,72,K1,N2,pair,L6,D15
22,L,10,L10,54,46,I13,H22,pair,L11,P14
22,L,11,L11,59,49,I23,J4,pair,B15,N14
22,L,12,L12,6,86,A13,P6,pair,P8,N15
22,L,13,L13,43,89,G15,P12,pair,K11,J18
22,L,14,L14,35,52,E23,J10,pair,L23,D1
22,L,15,L15,59,87,I23,P8,pair,O7,G8
22,L,16,L16,12,75,C1,N8,pair,D15,A6
22,L,17,L17,20,49,C17,J4,pair,N15,F13
22,L,18,L18,88,77,O9,N12,pair,I19,N13
22,L,19,L19,91,36,O15,H2,pair,O10,K2
22,L,20,L20,27,61,E7,L4,pair,D20,O18
22,L,21,L21,18,50,C13,J6,pair,C3,P16
22,L,22,L22,41,66,G11,L14,pair,D11,G5
22,L,23,L23,60,71,K1,L24,pair,K15,A20
22,M,2,M2,1,63,A3,L8,pair,A19,E3
22,M,3,M3,19,59,C15,J24,pair,J24,F19
22,M,4,M4,7,8,A15,B18,pair,L24,C15
22,M,5,M5,91,76,O15,N10,pair,K11,F13
22,M,6,M6,32,42,E17,H14,pair,G17,O5
22,M,7,M7,71,91,K23,P16,pair,K8,J5
22,M,8,M8,61,80,K3,N18,pair,M12,P14
22,M,9,M9,19,35,C15,F24,pair,N21,D13
22,M,10,M10,88,12,O9,D2,pair,I19,B4
22,M,11,M11,23,93,C23,P20,pair,B24,M23
22,M,12,M12,83,93,M23,P20,pair,C11,M12
22,M,13,M13,57,81,I19,N20,pair,L6,J22
22,M,14,M14,3,59,A7,J24,pair,K10,N10
22,M,15,M15,92,22,O17,D22,pair,D6,C14
22,M,16,M16,93,32,O19,F18,pair,N3,A6
22,M,17,M17,39,93,G7,P20,pair,I19,F17
22,M,18,M18,80,77,M17,N12,pair,K3,H20
22,M,19,M19,14,82,C5,N22,pair,P13,C12
22,M,20,M20,89,71,O11,L24,pair,C3,K8
22,M,21,M21,17,31,C11,F16,pair,L19,N14
22,M,22,M22,52,68,I9,L18,pair,B15,D13
22,M,23,M23,26,5,E5,B12,pair,P1,O21
22,N,2,N2,28,4,E9,B10,pair,C3,B12
22,N,3,N3,46,39,G21,H8,pair,N3,P11
22,N,4,N4,93,17,O19,D12,pair,P13,M15
22,N,5,N5,4,76,A9,N10,pair,L19,G8
22,N,6,N6,87,72,O7,N2,pair,D6,N21
22,N,7,N7,74,52,M5,J10,pair,N23,L6
22,N,8,N8,82,73,M21,N4,pair,F19,J22
22,N,9,N9,16,2,C9,B6,pair,H20,J22
22,N,10,N10,5,86,A11,P6,pair,L23,J22
22,N,11,N11,52,41,I9,H12,pair,N15,G8
22,N,12,N12,62,32,K5,F18,pair,K10,F17
22,N,13,N13,25,65,E3,L12,pair,K15,F16
22,N,14,N14,39,40,G7,H10,pair,K15,E14
22,N,15,N15,58,28,I21,F10,pair,O24,D7
22,N,16,N16,66,68,K13,L18,pair,O5,L11
22,N,17,N17,8,64,A17,L10,pair,C8,J22
22,N,18,N18,26,34,E5,F22,pair,F7,K8
22,N,19,N19,87,44,O7,H18,pair,P13,K3
22,N,20,N20,39,24,G7,F2,pair,A20,N13
22,N,21,N21,12,44,C1,H18,pair,K6,A6
22,N,22,N22,18,55,C13,J16,pair,N10,D11
22,N,23,N23,77,71,M11,L24,pair,D6,N3
22,O,2,O2,10,18,A21,D14,pair,M23,D7
22,O,3,O3,28,61,E9,L4,pair,N24,B24
22,O,4,O4,61,68,K3,L18,pair,K15,M12
22,O,5,O5,87,9,O7,B20,pair,L24,F13
22,O,6,O6,73,92,M3,P18,pair,A5,K17
22,O,7,O7,10,68,A21,L18,pair,D20,H20
22,O,8,O8,46,11,G21,B24,pair,E3,K8
22,O,9,O9,26,30,E5,F14,mono,O5,O5
22,O,10,O10,8,51,A17,J8,pair,N21,B12
22,O,11,O11,68,71,K17,L24,pair,L6,K2
22,O,12,O12,18,45,C13,H20,pair,P13,L11
22,O,13,O13,77,30,M11,F14,pair,O17,D7
22,O,14,O14,7,18,A15,D14,pair,A5,C12
22,O,15,O15,77,94,M11,P22,pair,N14,J5
22,O,16,O16,39,91,G7,P16,pair,D7,L11
22,O,17,O17,75,51,M7,J8,pair,C8,N21
22,O,18,O18,19,3,C15,B8,pair,B12,M14
22,O,19,O19,20,1,C17,B4,pair,B15,F16
22,O,20,O20,30,11,E13,B24,pair,O17,L19
22,O,21,O21,31,12,E15,D2,pair,K11,D11
22,O,22,O22,15,18,C7,D14,pair,C11,C12
22,O,23,O23,59,25,I23,F4,pair,K15,D11
23,B,2,B2,38,81,G5,N20,pair,P1,P23
23,B,3,B3,42,15,G13,D8,pair,P23,M12
23,B,4,B4,19,56,C15,J18,pair,H20,D7
23,B,5,B5,81,23,M19,D24,pair,H20,F13
23,B,6,B6,91,84,O15,P2,pair,K10,B15
23,B,7,B7,47,70,G23,L22,pair,D6,D3
23,B,8,B8,14,1,C5,B4,pair,C3,L24
23,B,9,B9,0,37,A1,H4,pair,I19,J18
23,B,10,B10,65,39,K11,H8,pair,P20,J22
23,B,11,B11,71,19,K23,D16,pair,B4,C20
23,B,12,B12,84,53,O1,J12,pair,F16,D13
23,B,13,B13,54,77,I13,N12,pair,C12,N13
23,B,14,B14,87,29,O7,F12,pair,L6,K17
23,B,15,B15,44,30,G17,F14,pair,D15,J22
23,B,16,B16,3,89,A7,P12,pair,C14,P17
23,B,17,B17,47,82,G23,N22,pair,D11,A11
23,B,18,B18,70,25,K21,F4,pair,I19,D7
23,B,19,B19,82,32,M21,F18,pair,K17,F19
23,B,20,B20,23,5,C23,B12,pair,D1,H20
23,B,21,B21,81,58,M19,J22,pair,O7,B12
23,B,22,B22,61,60,K3,L2,pair,P16,N14
23,B,23,B23,20,62,C17,L6,pair,C3,P20
23,C,2,C2,28,71,E9,L24,mono,C3,C3
23,C,3,C3,37,60,G3,L2,pair,P13,B12
23,C,4,C4,10,15,A21,D8,pair,D11,P14
23,C,5,C5,79,62,M15,L6,pair,F2,K6
23,C,6,C6,44,10,G17,B22,pair,C11,F19
23,C,7,C7,46,29,G21,F12,pair,C14,D13
23,C,8,C8,2,20,A5,D18,pair,K10,P13
23,C,9,C9,4,93,A9,P20,pair,N14,P17
23,C,10,C10,11,77,A23,N12,pair,B24,G5
23,C,11,C11,74,19,M5,D16,pair,C3,D7
23,C,12,C12,86,76,O5,N10,pair,O5,P17
23,C,13,C13,74,14,M5,D6,pair,G5,G8
23,C,14,C14,78,5,M13,B12,pair,N24,O17
23,C,15,C15,79,75,M15,N8,pair,K3,N14
23,C,16,C16,32,83,E17,N24,pair,N14,F13
23,C,17,C17,42,17,G13,D12,pair,O5,A6
23,C,18,C18,27,50,E7,J6,pair,B7,J2
23,C,19,C19,61,58,K3,J22,pair,J18,B15
23,C,20,C20,40,16,G9,D10,pair,L23,O5
23,C,21,C21,43,52,G15,J10,pair,P23,C11
23,C,22,C22,88,57,O9,J20,pair,G5,O18
23,C,23,C23,86,14,O5,D6,pair,J24,C8
23,D,2,D2,23,24,C23,F2,pair,D1,N3
23,D,3,D3,85,89,O3,P12,pair,L19,C14
23,D,4,D4,69,64,K19,L10,pair,B7,D3
23,D,5,D5,82,75,M21,N8,pair,A5,C11
23,D,6,D6,47,38,G23,H6,pair,J24,L24
23,D,7,D7,53,68,I11,L18,pair,C20,N15
23,D,8,D8,73,43,M3,H16,pair,A5,L24
23,D,9,D9,5,87,A11,P8,pair,G17,F7
23,D,10,D10,79,88,M15,P10,pair,N24,B12
23,D,11,D11,49,1,I3,B4,pair,N21,A11
23,D,12,D12,12,58,C1,J22,pair,K3,A19
23,D,13,D13,41,79,G11,N16,pair,K15,F19
23,D,14,D14,69,31,K19,F16,pair,D7,N13
23,D,15,D15,79,73,M15,N4,pair,K10,P11
23,D,16,D16,36,71,G1,L24,pair,A20,D7
23,D,17,D17,61,29,K3,F12,pair,D1,A6
23,D,18,D18,42,18,G13,D14,pair,K17,E14
23,D,19,D19,70,12,K21,D2,pair,P20,O18
23,D,20,D20,0,42,A1,H14,pair,P13,A6
23,D,21,D21,61,76,K3,N10,pair,C3,D11
23,D,22,D22,94,78,O21,N14,pair,M15,F16
23,D,23,D23,34,22,E21,D22,pair,O24,O17
23,E,2,E2,41,37,G11,H4,pair,A20,M15
23,E,3,E3,70,85,K21,P4,pair,K11,D3
23,E,4,E4,17,80,C11,N18,pair,D1,F17
23,E,5,E5,35,33,E23,F20,pair,B7,A19
23,E,6,E6,6,53,A13,J12,pair,F2,N21
23,E,7,E7,63,83,K7,N24,pair,J24,C20
23,E,8,E8,24,30,E1,F14,pair,D20,M12
23,E,9,E9,80,66,M17,L14,pair,F2,N15
23,E,10,E10,76,92,M9,P18,pair,N19,E3
23,E,11,E11,34,94,E21,P22,pair,L6,K6
23,E,12,E12,49,22,I3,D22,pair,O7,C19
23,E,13,E13,70,2,K21,B6,pair,P11,J5
23,E,14,E14,50,64,I5,L10,pair,P11,N15
23,E,15,E15,15,12,C7,D2,pair,K15,E3
23,E,16,E16,90,41,O13,H12,pair,L6,C15
23,E,17,E17,71,11,K23,B24,pair,C3,J5
23,E,18,E18,38,52,G5,J10,pair,E3,F16
23,E,19,E19,48,20,I1,D18,pair,D1,D11
23,E,20,E20,54,92,I13,P18,pair,P23,E14
23,E,21,E21,4,35,A9,F24,pair,P23,K3
23,E,22,E22,76,81,M9,N20,pair,D6,C20
23,E,23,E23,44,29,G17,F12,pair,L19,D15
23,F,2,F2,14,51,C5,J8,pair,A5,K3
23,F,3,F3,81,17,M19,D12,pair,C3,P17
23,F,4,F4,7,88,A15,P10,pair,B4,N13
23,F,5,F5,23,37,C23,H4,pair,D6,N14
23,F,6,F6,85,68,O3,L18,pair,L23,N15
23,F,7,F7,51,92,I7,P18,pair,M14,J5
23,F,8,F8,64,58,K9,J22,pair,P11,E24
23,F,9,F9,9,44,A19,H18,pair,N21,O21
23,F,10,F10,60,67,K1,L16,pair,L23,D13
23,F,11,F11,64,53,K9,J12,pair,C20,C15
23,F,12,F12,80,88,M17,P10,pair,J24,O24
23,F,13,F13,8,26,A17,F6,pair,O17,N14
23,F,14,F14,52,31,I9,F16,pair,K17,M15
23,F,15,F15,48,37,I1,H4,pair,K10,P14
23,F,16,F16,69,33,K19,F20,pair,E3,C20
23,F,17,F17,36,35,G1,F24,pair,K6,H20
23,F,18,F18,23,34,C23,F22,pair,F19,L24
23,F,19,F19,83,79,M23,N16,pair,A5,P23
23,F,20,F20,52,60,I9,L2,pair,C20,P14
23,F,21,F21,68,65,K17,L12,pair,P11,F19
23,F,22,F22,46,12,G21,D2,pair,N19,C12
23,F,23,F23,75,93,M7,P20,pair,F16,O18
23,G,2,G2,18,81,C13,N20,pair,N14,J2
23,G,3,G3,13,30,C3,F14,pair,K15,P17
23,G,4,G4,9,51,A19,J8,pair,N14,G8
23,G,5,G5,73,36,M3,H2,pair,K11,F7
23,G,6,G6,57,42,I19,H14,pair,P11,B15
23,G,7,G7,18,79,C13,N16,pair,P8,F16
23,G,8,G8,79,3,M15,B8,pair,O7,F7
23,G,9,G9,4,45,A9,H20,pair,L23,M23
23,G,10,G10,55,51,I15,J8,pair,B7,B4
23,G,11,G11,53,83,I11,N24,pair,E3,K2
23,G,12,G12,52,92,I9,P18,pair,D6,P17
23,G,13,G13,44,92,G17,P18,pair,J24,N3
23,G,14,G14,76,22,M9,D22,pair,O24,F2
23,G,15,G15,48,75,I1,N8,pair,B15,K2
23,G,16,G16,45,64,G19,L10,pair,E3,C15
23,G,17,G17,79,72,M15,N2,pair,O5,N3
23,G,18,G18,17,94,C11,P22,pair,I19,A20
23,G,19,G19,64,44,K9,H18,pair,N3,C11
23,G,20,G20,73,58,M3,J22,pair,B4,E3
23,G,21,G21,47,52,G23,J10,pair,P13,K2
23,G,22,G22,45,65,G19,L12,pair,D20,O10
23,G,23,G23,20,21,C17,D20,pair,K8,P14
23,H,2,H2,53,52,I11,J10,pair,N19,D7
23,H,3,H3,56,14,I17,D6,pair,N10,C19
23,H,4,H4,64,34,K9,F22,pair,N24,M23
23,H,5,H5,13,36,C3,H2,pair,N23,N13
23,H,6,H6,75,10,M7,B22,pair,B7,D7
23,H,7,H7,3,17,A7,D12,pair,K17,F13
23,H,8,H8,34,44,E21,H18,pair,F2,J22
23,H,9,H9,29,24,E11,F2,pair,N23,A6
23,H,10,H10,18,53,C13,J12,pair,P1,G5
23,H,11,H11,40,10,G9,B22,pair,P23,F17
23,H,12,H12,21,91,C19,P16,pair,A11,N13
23,H,13,H13,22,4,C21,B10,pair,K15,D6
23,H,14,H14,63,61,K7,L4,pair,G5,N15
23,H,15,H15,19,1,C15,B4,pair,K2,N13
23,H,16,H16,19,33,C15,F20,pair,C11,N13
23,H,17,H17,1,44,A3,H18,pair,D1,P13
23,H,18,H18,89,43,O11,H16,pair,K11,D6
23,H,19,H19,83,56,M23,J18,pair,K10,K3
23,H,20,H20,62,48,K5,J2,pair,C15,K2
23,H,21,H21,70,55,K21,J16,pair,L6,J2
23,H,22,H22,22,38,C21,H6,pair,A5,P13
23,H,23,H23,85,8,O3,B18,pair,K17,D3
23,I,2,I2,82,24,M21,F2,pair,J18,J5
23,I,3,I3,51,35,I7,F24,pair,O7,J2
23,I,4,I4,16,53,C9,J12,pair,L19,E14
23,I,5,I5,93,13,O19,D4,pair,P1,L24
23,I,6,I6,29,7,E11,B16,pair,K15,B15
23,I,7,I7,82,28,M21,F10,pair,K6,O21
23,I,8,I8,53,77,I11,N12,pair,B4,D11
23,I,9,I9,11,65,A23,L12,pair,F7,L11
23,I,10,I10,10,11,A21,B24,pair,D7,K8
23,I,11,I11,8,35,A17,F24,pair,P8,B4
23,I,12,I12,21,19,C19,D16,pair,N19,O10
23,I,13,I13,82,60,M21,L2,pair,L23,B12
23,I,14,I14,92,91,O17,P16,pair,D6,M15
23,I,15,I15,84,50,O1,J6,pair,D1,D15
23,I,16,I16,19,58,C15,J22,pair,F17,J22
23,I,17,I17,22,52,C21,J10,pair,F19,C15
23,I,18,I18,66,6,K13,B14,pair,L19,J2
23,I,19,I19,23,92,C23,P18,pair,N23,P16
23,I,20,I20,63,47,K7,H24,pair,L19,M14
23,I,21,I21,71,21,K23,D20,pair,I19,D1
23,I,22,I22,81,69,M19,L20,pair,N14,O10
23,I,23,I23,34,51,E21,J8,pair,C14,P14
23,J,2,J2,91,52,O15,J10,pair,B15,L19
23,J,3,J3,40,9,G9,B20,pair,D20,O10
23,J,4,J4,46,90,G21,P14,pair,B7,J22
23,J,5,J5,51,70,I7,L22,pair,O21,J5
23,J,6,J6,3,67,A7,L16,pair,K15,M12
23,J,7,J7,56,43,I17,H16,pair,K17,K2
23,J,8,J8,45,12,G19,D2,pair,N23,J2
23,J,9,J9,54,19,I13,D16,pair,J24,K2
23,J,10,J10,76,9,M9,B20,pair,O5,N14
23,J,11,J11,24,52,E1,J10,pair,O17,A19
23,J,12,J12,51,32,I7,F18,pair,K17,K8
23,J,13,J13,5,78,A11,N14,pair,K11,F19
23,J,14,J14,78,62,M13,L6,pair,A20,P17
23,J,15,J15,79,70,M15,L22,pair,L23,P13
23,J,16,J16,30,72,E13,N2,pair,M23,F13
23,J,17,J17,14,23,C5,D24,pair,F17,K3
23,J,18,J18,93,3,O19,B8,pair,E24,G8
23,J,19,J19,64,41,K9,H12,pair,K6,M12
23,J,20,J20,5,45,A11,H20,pair,O21,J5
23,J,21,J21,11,33,A23,F20,pair,N23,F13
23,J,22,J22,91,90,O15,P14,pair,F17,A11
23,J,23,J23,16,87,C9,P8,pair,C3,K8
23,K,2,K2,85,94,O3,P22,pair,N24,L11
23,K,3,K3,17,83,C11,N24,pair,D20,K2
23,K,4,K4,62,95,K5,P24,pair,L24,C15
23,K,5,K5,86,44,O5,H18,pair,C20,O21
23,K,6,K6,88,45,O9,H20,pair,P23,M15
23,K,7,K7,18,91,C13,P16,pair,J18,F2
23,K,8,K8,66,1,K13,B4,pair,K11,B12
23,K,9,K9,24,88,E1,P10,pair,P13,G8
23,K,10,K10,83,9,M23,B20,pair,O7,C8
23,K,11,K11,3,87,A7,P8,pair,N15,F7
23,K,12,K12,83,2,M23,B6,pair,K15,B7
23,K,13,K13,26,32,E5,F18,pair,O24,B12
23,K,14,K14,89,95,O11,P24,pair,C8,N14
23,K,15,K15,28,44,E9,H18,pair,G5,N13
23,K,16,K16,59,4,I23,B10,pair,K6,F7
23,K,17,K17,66,12,K13,D2,pair,P1,E24
23,K,18,K18,73,41,M3,H12,pair,K8,D13
23,K,19,K19,24,12,E1,D2,pair,G17,N10
23,K,20,K20,8,38,A17,H6,pair,M23,N3
23,K,21,K21,62,25,K5,F4,mono,N21,N21
23,K,22,K22,40,85,G9,P4,pair,P13,K2
23,K,23,K23,66,45,K13,H20,pair,K6,F19
23,L,2,L2,11,58,A23,J22,pair,O17,M14
23,L,3,L3,11,60,A23,L2,pair,A5,E24
23,L,4,L4,22,85,C21,P4,pair,O24,D6
23,L,5,L5,1,61,A3,L4,pair,C8,B15
23,L,6,L6,54,65,I13,L12,pair,P11,P20
23,L,7,L7,35,87,E23,P8,pair,B7,C19
23,L,8,L8,90,68,O13,L18,pair,K10,C19
23,L,9,L9,32,56,E17,J18,pair,O17,O21
23,L,10,L10,67,91,K15,P16,pair,F16,G8
23,L,11,L11,13,63,C3,L8,pair,J18,F2
23,L,12,L12,10,27,A21,F8,pair,B15,K2
23,L,13,L13,45,25,G19,F4,pair,F2,F16
23,L,14,L14,37,38,G3,H6,mono,M23,M23
23,L,15,L15,26,41,E5,H12,pair,J18,L23
23,L,16,L16,60,41,K1,H12,pair,O21,O18
23,L,17,L17,37,25,G3,F4,pair,N3,M14
23,L,18,L18,22,16,C21,D10,pair,K6,F16
23,L,19,L19,92,84,O17,P2,pair,L19,D13
23,L,20,L20,60,22,K1,D22,pair,K17,P17
23,L,21,L21,55,67,I15,L16,pair,K11,C15
23,L,22,L22,41,94,G11,P22,pair,O21,C14
23,L,23,L23,84,45,O1,H20,pair,D15,C14
23,M,2,M2,29,32,E11,F18,pair,F17,L19
23,M,3,M3,61,94,K3,P22,pair,K6,F16
23,M,4,M4,40,52,G9,J10,pair,A5,G5
23,M,5,M5,40,22,G9,D22,pair,C14,J22
23,M,6,M6,19,79,C15,N16,pair,K6,N15
23,M,7,M7,59,37,I23,H4,pair,K17,E24
23,M,8,M8,88,50,O9,J6,pair,O18,J2
23,M,9,M9,51,41,I7,H12,pair,P16,D11
23,M,10,M10,47,65,G23,L12,pair,K3,C14
23,M,11,M11,5,61,A11,L4,pair,C3,M12
23,M,12,M12,92,71,O17,L24,pair,P1,P14
23,M,13,M13,76,14,M9,D6,pair,L6,H20
23,M,14,M14,54,20,I13,D18,pair,E3,O18
23,M,15,M15,89,65,O11,L12,pair,O24,K17
23,M,16,M16,30,8,E13,B18,pair,O5,A11
23,M,17,M17,61,47,K3,H24,pair,K15,C8
23,M,18,M18,1,45,A3,H20,pair,P8,C8
23,M,19,M19,28,21,E9,D20,pair,P11,C19
23,M,20,M20,18,24,C13,F2,pair,A5,P11
23,M,21,M21,29,67,E11,L16,pair,K6,J2
23,M,22,M22,1,94,A3,P22,pair,N19,F2
23,M,23,M23,15,86,C7,P6,pair,O24,A5
23,N,2,N2,61,16,K3,D10,pair,P11,M14
23,N,3,N3,52,0,I9,B2,pair,J24,P17
23,N,4,N4,11,59,A23,J24,pair,C8,C19
23,N,5,N5,89,31,O11,F16,pair,C15,P17
23,N,6,N6,4,30,A9,F14,pair,N21,N14
23,N,7,N7,48,67,I1,L16,mono,D20,D20
23,N,8,N8,0,84,A1,P2,pair,P8,E14
23,N,9,N9,75,84,M7,P2,pair,A5,L6
23,N,10,N10,50,60,I5,L2,pair,D20,K3
23,N,11,N11,13,52,C3,J10,pair,L6,D1
23,N,12,N12,61,39,K3,H8,pair,B7,F7
23,N,13,N13,32,84,E17,P2,pair,P1,D20
23,N,14,N14,80,71,M17,L24,pair,M15,G5
23,N,15,N15,89,82,O11,N22,pair,B24,G5
23,N,16,N16,61,26,K3,F6,pair,J24,N14
23,N,17,N17,80,16,M17,D10,pair,N15,O18
23,N,18,N18,84,18,O1,D14,pair,C19,D13
23,N,19,N19,22,0,C21,B2,pair,L19,F7
23,N,20,N20,65,4,K11,B10,pair,B4,D7
23,N,21,N21,33,79,E19,N16,pair,L23,P16
23,N,22,N22,85,90,O3,P14,pair,E3,B12
23,N,23,N23,48,14,I1,D6,pair,M14,N13
23,O,2,O2,82,63,M21,L8,pair,F7,C15
23,O,3,O3,86,56,O5,J18,pair,C8,A6
23,O,4,O4,12,40,C1,H10,pair,B4,H20
23,O,5,O5,2,83,A5,N24,pair,G17,K3
23,O,6,O6,1,66,A3,L14,pair,C11,D13
23,O,7,O7,44,37,G17,H4,pair,K15,L11
23,O,8,O8,82,57,M21,J20,pair,M23,F19
23,O,9,O9,68,70,K17,L22,pair,N19,A11
23,O,10,O10,10,24,A21,F2,pair,N14,A6
23,O,11,O11,78,16,M13,D10,pair,C3,M15
23,O,12,O12,3,83,A7,N24,pair,B15,A11
23,O,13,O13,27,44,E7,H18,pair,B7,O18
23,O,14,O14,94,69,O21,L20,pair,K11,F7
23,O,15,O15,74,7,M5,B16,pair,E3,C12
23,O,16,O16,11,88,A23,P10,pair,P1,C15
23,O,17,O17,65,94,K11,P22,pair,A5,D1
23,O,18,O18,25,41,E3,H12,pair,K17,J5
23,O,19,O19,36,21,G1,D20,pair,K17,M14
23,O,20,O20,75,17,M7,D12,pair,C12,F16
23,O,21,O21,79,44,M15,H18,pair,K17,G8
23,O,22,O22,51,66,I7,L14,pair,F13,J2
23,O,23,O23,48,2,I1,B6,pair,D20,J2
24,B,2,B2,10,85,A21,P4,pair,D13,J2
24,B,3,B3,13,78,C3,N14,pair,K3,D3
24,B,4,B4,62,90,K5,P14,pair,K10,N3
24,B,5,B5,90,78,O13,N14,mono,P8,P8
24,B,6,B6,91,20,O15,D18,pair,A5,E14
24,B,7,B7,43,81,G15,N20,pair,N10,N14
24,B,8,B8,47,16,G23,D10,pair,P16,N14
24,B,9,B9,11,95,A23,P24,pair,O5,J22
24,B,10,B10,87,35,O7,F24,pair,K2,J2
24,B,11,B11,29,62,E11,L6,pair,B24,J2
24,B,12,B12,27,45,E7,H20,pair,K17,H20
24,B,13,B13,25,18,E3,D14,pair,J18,M15
24,B,14,B14,78,71,M13,L24,pair,L24,O18
24,B,15,B15,90,23,O13,D24,pair,O7,D15
24,B,16,B16,35,21,E23,D20,pair,P23,P20
24,B,17,B17,54,10,I13,B22,pair,A5,M14
24,B,18,B18,88,32,O9,F18,pair,F2,O17
24,B,19,B19,73,20,M3,D18,pair,A5,O5
24,B,20,B20,1,59,A3,J24,pair,F2,C3
24,B,21,B21,71,27,K23,F8,pair,A20,D7
24,B,22,B22,16,8,C9,B18,pair,D20,P14
24,B,23,B23,40,83,G9,N24,pair,O5,D15
24,C,2,C2,40,25,G9,F4,pair,J24,P14
24,C,3,C3,35,38,E23,H6,pair,M12,G8
24,C,4,C4,7,39,A15,H8,pair,B4,K17
24,C,5,C5,82,71,M21,L24,pair,N21,C15
24,C,6,C6,59,79,I23,N16,pair,P23,G17
24,C,7,C7,15,49,C7,J4,pair,D1,A11
24,C,8,C8,9,19,A19,D16,pair,L6,N14
24,C,9,C9,91,69,O15,L20,pair,C12,P17
24,C,10,C10,83,38,M23,H6,pair,N21,L11
24,C,11,C11,40,53,G9,J12,pair,C8,K8
24,C,12,C12,90,33,O13,F20,pair,M14,J2
24,C,13,C13,84,47,O1,H24,pair,J18,E24
24,C,14,C14,93,26,O19,F6,pair,K15,H20
24,C,15,C15,27,28,E7,F10,pair,D11,J2
24,C,16,C16,86,41,O5,H12,pair,P13,C15
24,C,17,C17,54,31,I13,F16,pair,C20,D15
24,C,18,C18,63,58,K7,J22,pair,O21,K2
24,C,19,C19,85,40,O3,H10,pair,O5,E24
24,C,20,C20,42,0,G13,B2,pair,D15,A6
24,C,21,C21,39,66,G7,L14,pair,A5,L19
24,C,22,C22,67,85,K15,P4,pair,C19,L11
24,C,23,C23,50,53,I5,J12,pair,A5,B15
24,D,2,D2,22,42,C21,H14,pair,B24,P8
24,D,3,D3,81,1,M19,B4,pair,A11,L11
24,D,4,D4,6,38,A13,H6,pair,P23,O17
24,D,5,D5,49,63,I3,L8,pair,N23,N21
24,D,6,D6,58,40,I21,H10,pair,P20,G8
24,D,7,D7,67,40,K15,H10,pair,B24,F19
24,D,8,D8,19,65,C15,L12,pair,P13,J5
24,D,9,D9,65,68,K11,L18,pair,K10,B7
24,D,10,D10,91,63,O15,L8,pair,P8,B15
24,D,11,D11,20,22,C17,D22,pair,P23,A11
24,D,12,D12,34,41,E21,H12,pair,C3,P17
24,D,13,D13,0,10,A1,B22,pair,B7,N3
24,D,14,D14,77,14,M11,D6,pair,B7,B15
24,D,15,D15,19,36,C15,H2,pair,P20,D3
24,D,16,D16,90,61,O13,L4,pair,C20,A11
24,D,17,D17,61,28,K3,F10,pair,A20,C12
24,D,18,D18,6,90,A13,P14,pair,K6,G5
24,D,19,D19,86,28,O5,F10,pair,P23,N3
24,D,20,D20,30,76,E13,N10,pair,D20,A20
24,D,21,D21,54,62,I13,L6,pair,F2,F7
24,D,22,D22,12,90,C1,P14,pair,N24,L6
24,D,23,D23,50,45,I5,H20,mono,K17,K17
24,E,2,E2,77,31,M11,F16,pair,C8,G5
24,E,3,E3,93,57,O19,J20,pair,M15,F13
24,E,4,E4,39,60,G7,L2,pair,D3,G8
24,E,5,E5,88,1,O9,B4,pair,A20,F7
24,E,6,E6,77,66,M11,L14,pair,C12,K8
24,E,7,E7,18,71,C13,L24,pair,P1,O18
24,E,8,E8,15,66,C7,L14,pair,P16,P17
24,E,9,E9,82,8,M21,B18,pair,N14,P14
24,E,10,E10,6,46,A13,H22,pair,N3,F13
24,E,11,E11,51,23,I7,D24,pair,C12,F16
24,E,12,E12,1,70,A3,L22,pair,D20,J22
24,E,13,E13,41,93,G11,P20,pair,B4,N13
24,E,14,E14,6,30,A13,F14,pair,C8,C3
24,E,15,E15,3,16,A7,D10,pair,N23,A11
24,E,16,E16,10,4,A21,B10,pair,G17,O21
24,E,17,E17,51,81,I7,N20,pair,E3,N14
24,E,18,E18,13,32,C3,F18,pair,F17,D11
24,E,19,E19,6,26,A13,F6,pair,C8,O21
24,E,20,E20,11,25,A23,F4,pair,G17,F17
24,E,21,E21,82,93,M21,P20,pair,F2,D3
24,E,22,E22,87,21,O7,D20,pair,K10,C11
24,E,23,E23,52,61,I9,L4,pair,F17,N15
24,F,2,F2,7,30,A15,F14,pair,A5,D7
24,F,3,F3,9,31,A19,F16,pair,N14,M14
24,F,4,F4,49,24,I3,F2,pair,I19,D13
24,F,5,F5,55,33,I15,F20,pair,J18,M12
24,F,6,F6,4,32,A9,F18,pair,P8,L6
24,F,7,F7,38,66,G5,L14,mono,F2,F2
24,F,8,F8,55,53,I15,J12,pair,O17,D15
24,F,9,F9,95,19,O23,D16,pair,B7,C3
24,F,10,F10,84,73,O1,N4,pair,A20,P20
24,F,11,F11,52,13,I9,D4,pair,E24,O10
24,F,12,F12,51,21,I7,D20,pair,B24,D15
24,F,13,F13,25,50,E3,J6,pair,K8,O10
24,F,14,F14,35,37,E23,H4,pair,N19,N21
24,F,15,F15,95,32,O23,F18,pair,N21,P16
24,F,16,F16,51,14,I7,D6,pair,M12,L11
24,F,17,F17,7,25,A15,F4,pair,A6,G8
24,F,18,F18,33,41,E19,H12,pair,B24,G17
24,F,19,F19,38,16,G5,D10,pair,P23,N15
24,F,20,F20,35,50,E23,J6,pair,P13,P20
24,F,21,F21,77,60,M11,L2,pair,F2,F13
24,F,22,F22,41,6,G11,B14,pair,F17,E14
24,F,23,F23,90,5,O13,B12,pair,C11,E14
24,G,2,G2,32,78,E17,N14,pair,K11,P8
24,G,3,G3,84,39,O1,H8,pair,H20,L11
24,G,4,G4,31,88,E15,P10,pair,C11,D15
24,G,5,G5,65,48,K11,J2,pair,F17,K17
24,G,6,G6,45,6,G19,B14,pair,A5,A6
24,G,7,G7,58,14,I21,D6,pair,L23,L19
24,G,8,G8,70,69,K21,L20,pair,J18,K17
24,G,9,G9,57,85,I19,P4,pair,A19,J5
24,G,10,G10,88,78,O9,N14,pair,O24,P13
24,G,11,G11,57,46,I19,H22,pair,E24,M14
24,G,12,G12,11,55,A23,J16,pair,A20,C14
24,G,13,G13,24,67,E1,L16,pair,K3,F16
24,G,14,G14,35,12,E23,D2,pair,K3,L19
24,G,15,G15,37,90,G3,P14,pair,A19,P14
24,G,16,G16,43,53,G15,J12,pair,E3,N15
24,G,17,G17,61,93,K3,P20,pair,M15,D15
24,G,18,G18,15,17,C7,D12,pair,L11,J5
24,G,19,G19,81,84,M19,P2,pair,K6,P17
24,G,20,G20,88,61,O9,L4,pair,E3,P17
24,G,21,G21,94,46,O21,H22,pair,P23,O18
24,G,22,G22,54,80,I13,N18,pair,P11,E3
24,G,23,G23,92,27,O17,F8,pair,N10,A6
24,H,2,H2,17,4,C11,B10,pair,N19,G17
24,H,3,H3,8,1,A17,B4,pair,P20,B12
24,H,4,H4,26,68,E5,L18,pair,C3,L19
24,H,5,H5,93,51,O19,J8,pair,O24,K2
24,H,6,H6,85,61,O3,L4,pair,L24,P17
24,H,7,H7,59,78,I23,N14,pair,A6,E14
24,H,8,H8,55,85,I15,P4,pair,B24,C20
24,H,9,H9,59,23,I23,D24,pair,K17,O21
24,H,10,H10,86,48,O5,J2,mono,B15,B15
24,H,11,H11,20,59,C17,J24,pair,N3,K3
24,H,12,H12,93,24,O19,F2,mono,E24,E24
24,H,13,H13,22,13,C21,D4,pair,F13,J5
24,H,14,H14,22,92,C21,P18,pair,B7,A6
24,H,15,H15,92,70,O17,L22,pair,K11,L23
24,H,16,H16,2,54,A5,J14,pair,L6,C20
24,H,17,H17,55,12,I15,D2,pair,P14,P17
24,H,18,H18,18,67,C13,L16,pair,B24,P11
24,H,19,H19,68,95,K17,P24,pair,B7,M12
24,H,20,H20,36,34,G1,F22,pair,F7,D3
24,H,21,H21,52,34,I9,F22,pair,F19,D15
24,H,22,H22,9,22,A19,D22,pair,M23,P11
24,H,23,H23,56,3,I17,B8,pair,B7,L19
24,I,2,I2,11,72,A23,N2,pair,C12,K2
24,I,3,I3,4,89,A9,P12,pair,K11,G17
24,I,4,I4,74,69,M5,L20,pair,M23,A20
24,I,5,I5,7,54,A15,J14,pair,P11,D7
24,I,6,I6,31,75,E15,N8,pair,P8,O5
24,I,7,I7,83,86,M23,P6,pair,N19,P1
24,I,8,I8,8,74,A17,N6,pair,O7,N3
24,I,9,I9,51,25,I7,F4,pair,I19,D15
24,I,10,I10,60,17,K1,D12,pair,N23,P16
24,I,11,I11,47,72,G23,N2,pair,D6,K6
24,I,12,I12,15,24,C7,F2,pair,B15,D3
24,I,13,I13,39,13,G7,D4,pair,L19,N15
24,I,14,I14,6,95,A13,P24,pair,D7,C14
24,I,15,I15,44,86,G17,P6,pair,H20,N13
24,I,16,I16,50,88,I5,P10,pair,J18,N10
24,I,17,I17,22,84,C21,P2,pair,C8,A11
24,I,18,I18,23,95,C23,P24,pair,A19,E24
24,I,19,I19,15,57,C7,J20,pair,N3,G8
24,I,20,I20,21,32,C19,F18,pair,B24,N10
24,I,21,I21,9,74,A19,N6,pair,F17,J5
24,I,22,I22,75,46,M7,H22,pair,N24,B15
24,I,23,I23,85,17,O3,D12,pair,K3,D7
24,J,2,J2,8,93,A17,P20,pair,B4,F17
24,J,3,J3,1,22,A3,D22,pair,O5,C11
24,J,4,J4,2,13,A5,D4,pair,B4,F7
24,J,5,J5,52,15,I9,D8,pair,C11,N15
24,J,6,J6,49,41,I3,H12,pair,L23,K6
24,J,7,J7,49,26,I3,F6,pair,A20,P16
24,J,8,J8,80,22,M17,D22,pair,E24,L11
24,J,9,J9,89,86,O11,P6,pair,B24,D1
24,J,10,J10,17,65,C11,L12,pair,L24,A6
24,J,11,J11,9,46,A19,H22,pair,P20,O18
24,J,12,J12,54,57,I13,J20,pair,N15,E14
24,J,13,J13,31,36,E15,H2,pair,P8,G5
24,J,14,J14,24,87,E1,P8,pair,C3,K6
24,J,15,J15,53,82,I11,N22,pair,C8,E14
24,J,16,J16,2,77,A5,N12,pair,E14,A11
24,J,17,J17,65,72,K11,N2,pair,D1,C3
24,J,18,J18,86,34,O5,F22,pair,B7,B12
24,J,19,J19,19,53,C15,J12,pair,P1,B7
24,J,20,J20,63,26,K7,F6,pair,K3,N21
24,J,21,J21,3,32,A7,F18,pair,P17,N13
24,J,22,J22,53,62,I11,L6,pair,C8,K2
24,J,23,J23,69,3,K19,B8,pair,B7,L6
24,K,2,K2,25,86,E3,P6,pair,D15,J2
24,K,3,K3,71,37,K23,H4,pair,O5,N14
24,K,4,K4,36,58,G1,J22,pair,K15,C19
24,K,5,K5,91,30,O15,F14,pair,M23,K6
24,K,6,K6,42,16,G13,D10,pair,G17,E3
24,K,7,K7,43,65,G15,L12,pair,H20,L19
24,K,8,K8,89,68,O11,L18,pair,A19,C20
24,K,9,K9,94,10,O21,B22,pair,O21,A11
24,K,10,K10,65,59,K11,J24,pair,O24,A19
24,K,11,K11,89,30,O11,F14,pair,D20,G5
24,K,12,K12,10,76,A21,N10,pair,J18,P8
24,K,13,K13,89,57,O11,J20,pair,A20,P16
24,K,14,K14,30,13,E13,D4,pair,H20,O21
24,K,15,K15,65,80,K11,N18,pair,J18,B4
24,K,16,K16,31,49,E15,J4,pair,B24,O7
24,K,17,K17,36,12,G1,D2,pair,C8,M23
24,K,18,K18,51,77,I7,N12,pair,L6,L11
24,K,19,K19,83,47,M23,H24,pair,J18,J2
24,K,20,K20,49,12,I3,D2,pair,N21,A20
24,K,21,K21,68,48,K17,J2,pair,D20,P23
24,K,22,K22,95,38,O23,H6,pair,A19,F16
24,K,23,K23,37,13,G3,D4,pair,O24,N13
24,L,2,L2,37,80,G3,N18,pair,K6,A6
24,L,3,L3,76,74,M9,N6,pair,K17,M15
24,L,4,L4,48,42,I1,H14,pair,M12,F13
24,L,5,L5,79,2,M15,B6,pair,P1,M12
24,L,6,L6,45,4,G19,B10,pair,P8,C14
24,L,7,L7,10,44,A21,H18,pair,F2,F17
24,L,8,L8,1,80,A3,N18,pair,N19,B4
24,L,9,L9,37,1,G3,B4,pair,B12,F16
24,L,10,L10,82,94,M21,P22,pair,B7,F17
24,L,11,L11,60,73,K1,N4,pair,L23,P20
24,L,12,L12,34,9,E21,B20,pair,B24,O21
24,L,13,L13,60,82,K1,N22,pair,O24,L23
24,L,14,L14,8,66,A17,L14,pair,K11,N13
24,L,15,L15,89,47,O11,H24,pair,C8,J2
24,L,16,L16,92,37,O17,H4,pair,N14,A11
24,L,17,L17,63,50,K7,J6,pair,L6,O18
24,L,18,L18,68,87,K17,P8,pair,N24,O7
24,L,19,L19,11,45,A23,H20,pair,P1,F7
24,L,20,L20,48,33,I1,F20,pair,M12,L11
24,L,21,L21,56,31,I17,F16,pair,L23,J2
24,L,22,L22,2,49,A5,J4,pair,B12,K2
24,L,23,L23,40,7,G9,B16,pair,J18,C11
24,M,2,M2,63,86,K7,P6,pair,L6,D3
24,M,3,M3,64,59,K9,J24,pair,F17,B15
24,M,4,M4,25,20,E3,D18,pair,F2,B15
24,M,5,M5,91,31,O15,F16,pair,O17,N10
24,M,6,M6,27,4,E7,B10,pair,F19,A11
24,M,7,M7,26,1,E5,B4,pair,N19,F19
24,M,8,M8,81,0,M19,B2,pair,K6,E24
24,M,9,M9,61,14,K3,D6,pair,N24,A5
24,M,10,M10,17,15,C11,D8,pair,J18,P13
24,M,11,M11,30,66,E13,L14,pair,O17,M15
24,M,12,M12,76,5,M9,B12,pair,D20,F19
24,M,13,M13,63,53,K7,J12,pair,D1,O18
24,M,14,M14,39,82,G7,N22,pair,D7,G5
24,M,15,M15,79,45,M15,H20,pair,C12,E24
24,M,16,M16,38,41,G5,H12,pair,A20,A6
24,M,17,M17,37,51,G3,J8,pair,F7,P17
24,M,18,M18,23,94,C23,P22,pair,B24,N21
24,M,19,M19,83,37,M23,H4,pair,C11,A11
24,M,20,M20,28,55,E9,J16,pair,A19,O10
24,M,21,M21,87,88,O7,P10,pair,L23,L19
24,M,22,M22,63,75,K7,N8,pair,C3,E24
24,M,23,M23,40,35,G9,F24,pair,N24,C3
24,N,2,N2,45,82,G19,N22,pair,D11,F7
24,N,3,N3,77,75,M11,N8,pair,F7,C14
24,N,4,N4,43,55,G15,J16,pair,K15,K3
24,N,5,N5,9,7,A19,B16,pair,F7,O21
24,N,6,N6,26,92,E5,P18,pair,F2,D15
24,N,7,N7,83,80,M23,N18,pair,P23,C12
24,N,8,N8,4,77,A9,N12,pair,M12,D7
24,N,9,N9,77,37,M11,H4,pair,G5,J5
24,N,10,N10,0,56,A1,J18,pair,N10,E14
24,N,11,N11,11,51,A23,J8,pair,F19,C20
24,N,12,N12,18,46,C13,H22,pair,K17,C14
24,N,13,N13,36,87,G1,P8,pair,L23,B15
24,N,14,N14,67,3,K15,B8,pair,B15,M15
24,N,15,N15,6,49,A13,J4,pair,P13,N13
24,N,16,N16,37,95,G3,P24,pair,C11,F16
24,N,17,N17,85,88,O3,P10,pair,B7,D15
24,N,18,N18,55,40,I15,H10,pair,P1,I19
24,N,19,N19,50,25,I5,F4,pair,K15,J5
24,N,20,N20,59,30,I23,F14,pair,C8,K3
24,N,21,N21,47,64,G23,L10,pair,F2,C15
24,N,22,N22,80,67,M17,L16,pair,L23,K2
24,N,23,N23,57,6,I19,B14,pair,K15,K17
24,O,2,O2,37,42,G3,H14,pair,L19,B12
24,O,3,O3,36,52,G1,J10,pair,P16,O10
24,O,4,O4,39,2,G7,B6,pair,N24,P16
24,O,5,O5,25,3,E3,B8,pair,P1,K10
24,O,6,O6,55,54,I15,J14,pair,D11,J22
24,O,7,O7,26,80,E5,N18,pair,C19,E14
24,O,8,O8,65,73,K11,N4,pair,F2,C8
24,O,9,O9,51,22,I7,D22,pair,P11,M15
24,O,10,O10,74,75,M5,N8,pair,L6,C11
24,O,11,O11,12,11,C1,B24,pair,O17,P20
24,O,12,O12,47,7,G23,B16,pair,M23,P13
24,O,13,O13,3,86,A7,P6,pair,G5,M14
24,O,14,O14,71,64,K23,L10,pair,D6,O10
24,O,15,O15,52,11,I9,B24,pair,D6,P16
24,O,16,O16,90,46,O13,H22,pair,O5,F17
24,O,17,O17,10,84,A21,P2,pair,L23,M23
24,O,18,O18,86,57,O5,J20,pair,N24,N13
24,O,19,O19,91,45,O15,H20,pair,H20,O10
24,O,20,O20,83,4,M23,B10,pair,O7,P8
24,O,21,O21,93,33,O19,F20,pair,E24,M14
24,O,22,O22,26,67,E5,L16,pair,M23,D11
24,O,23,O23,64,57,K9,J20,pair,F7,K8
25,B,2,B2,26,51,E5,J8,pair,P23,M14
25,B,3,B3,69,79,K19,N16,pair,P13,K17
25,B,4,B4,8,3,A17,B8,pair,G17,F7
25,B,5,B5,38,92,G5,P18,pair,N15,L11
25,B,6,B6,44,58,G17,J22,pair,O5,N13
25,B,7,B7,94,87,O21,P8,pair,J24,I19
25,B,8,B8,80,47,M17,H24,pair,F13,D13
25,B,9,B9,79,66,M15,L14,pair,D20,L19
25,B,10,B10,49,75,I3,N8,pair,O21,A6
25,B,11,B11,66,41,K13,H12,pair,L6,F7
25,B,12,B12,92,87,O17,P8,pair,D7,D15
25,B,13,B13,89,42,O11,H14,pair,N14,F16
25,B,14,B14,0,72,A1,N2,pair,C8,J5
25,B,15,B15,21,84,C19,P2,pair,F2,K17
25,B,16,B16,4,78,A9,N14,pair,J18,F19
25,B,17,B17,13,56,C3,J18,pair,K10,L11
25,B,18,B18,71,57,K23,J20,pair,N19,O18
25,B,19,B19,62,55,K5,J16,pair,O21,O18
25,B,20,B20,50,29,I5,F12,pair,A20,F7
25,B,21,B21,75,43,M7,H16,pair,M12,E24
25,B,22,B22,54,61,I13,L4,pair,N3,F19
25,B,23,B23,71,2,K23,B6,pair,F2,A20
25,C,2,C2,56,93,I17,P20,pair,E3,G8
25,C,3,C3,59,90,I23,P14,pair,J18,L6
25,C,4,C4,47,61,G23,L4,pair,K17,F7
25,C,5,C5,46,58,G21,J22,pair,L6,A20
25,C,6,C6,78,74,M13,N6,pair,P13,K8
25,C,7,C7,13,88,C3,P10,pair,K15,L6
25,C,8,C8,14,60,C5,L2,pair,O17,E14
25,C,9,C9,0,70,A1,L22,pair,C3,J2
25,C,10,C10,46,37,G21,H4,pair,K3,F19
25,C,11,C11,20,48,C17,J2,pair,P16,M14
25,C,12,C12,79,35,M15,F24,pair,N23,N3
25,C,13,C13,16,34,C9,F22,pair,C8,C11
25,C,14,C14,75,7,M7,B16,pair,D3,P14
25,C,15,C15,56,12,I17,D2,pair,K3,K17
25,C,16,C16,93,12,O19,D2,pair,O5,F19
25,C,17,C17,75,15,M7,D8,pair,M15,J5
25,C,18,C18,20,75,C17,N8,pair,L11,N13
25,C,19,C19,95,23,O23,D24,pair,D6,M15
25,C,20,C20,87,32,O7,F18,pair,L19,K2
25,C,21,C21,16,39,C9,H8,pair,N14,P14
25,C,22,C22,44,28,G17,F10,pair,C11,N14
25,C,23,C23,38,68,G5,L18,pair,E24,C15
25,D,2,D2,23,90,C23,P14,pair,K3,E14
25,D,3,D3,47,5,G23,B12,pair,P20,D11
25,D,4,D4,52,22,I9,D22,pair,J24,K6
25,D,5,D5,25,13,E3,D4,pair,C14,E14
25,D,6,D6,4,86,A9,P6,pair,A5,D7
25,D,7,D7,42,61,G13,L4,pair,P11,B12
25,D,8,D8,84,93,O1,P20,pair,E14,A11
25,D,9,D9,62,73,K5,N4,pair,P1,N23
25,D,10,D10,55,86,I15,P6,pair,D13,O10
25,D,11,D11,31,43,E15,H16,pair,L6,P17
25,D,12,D12,39,29,G7,F12,pair,N19,N10
25,D,13,D13,41,88,G11,P10,pair,M23,P20
25,D,14,D14,95,40,O23,H10,pair,F2,C20
25,D,15,D15,25,61,E3,L4,pair,P16,A6
25,D,16,D16,50,55,I5,J16,pair,O21,D3
25,D,17,D17,83,48,M23,J2,pair,N24,F17
25,D,18,D18,38,86,G5,P6,pair,O24,L19
25,D,19,D19,69,18,K19,D14,pair,F2,C19
25,D,20,D20,50,62,I5,L6,pair,D7,P14
25,D,21,D21,39,4,G7,B10,pair,N24,J2
25,D,22,D22,75,94,M7,P22,pair,D1,D7
25,D,23,D23,33,95,E19,P24,pair,L19,O18
25,E,2,E2,72,28,M1,F10,pair,H20,D15
25,E,3,E3,46,72,G21,N2,pair,A5,K8
25,E,4,E4,80,75,M17,N8,pair,D6,D13
25,E,5,E5,39,77,G7,N12,pair,P1,F16
25,E,6,E6,0,4,A1,B10,pair,M15,D3
25,E,7,E7,95,74,O23,N6,pair,B4,N3
25,E,8,E8,12,83,C1,N24,pair,B24,K17
25,E,9,E9,31,47,E15,H24,pair,E24,O10
25,E,10,E10,79,9,M15,B20,pair,A19,D15
25,E,11,E11,62,47,K5,H24,pair,C20,J22
25,E,12,E12,65,32,K11,F18,pair,F17,C12
25,E,13,E13,69,61,K19,L4,mono,G17,G17
25,E,14,E14,15,70,C7,L22,pair,O24,K6
25,E,15,E15,86,10,O5,B22,pair,K11,M12
25,E,16,E16,34,68,E21,L18,pair,O24,C8
25,E,17,E17,84,61,O1,L4,pair,N21,K2
25,E,18,E18,74,76,M5,N10,pair,K15,K8
25,E,19,E19,29,4,E11,B10,pair,O5,J5
25,E,20,E20,16,66,C9,L14,pair,D20,D15
25,E,21,E21,13,17,C3,D12,pair,P13,N15
25,E,22,E22,4,69,A9,L20,pair,B4,C3
25,E,23,E23,88,60,O9,L2,pair,K15,O18
25,F,2,F2,94,68,O21,L18,pair,C3,P14
25,F,3,F3,28,62,E9,L6,pair,N24,D3
25,F,4,F4,74,42,M5,H14,pair,P8,D7
25,F,5,F5,93,5,O19,B12,pair,P1,M15
25,F,6,F6,60,47,K1,H24,pair,D6,O7
25,F,7,F7,45,46,G19,H22,pair,D1,C8
25,F,8,F8,65,18,K11,D14,pair,L19,N10
25,F,9,F9,71,1,K23,B4,pair,F13,M14
25,F,10,F10,35,0,E23,B2,pair,N15,F16
25,F,11,F11,65,53,K11,J12,pair,A5,A19
25,F,12,F12,23,28,C23,F10,pair,C11,B15
25,F,13,F13,73,91,M3,P16,pair,K15,L24
25,F,14,F14,36,28,G1,F10,pair,K10,K8
25,F,15,F15,3,27,A7,F8,pair,B4,F16
25,F,16,F16,24,85,E1,P4,pair,N10,O10
25,F,17,F17,54,56,I13,J18,pair,F7,E24
25,F,18,F18,91,1,O15,B4,pair,N19,O5
25,F,19,F19,28,19,E9,D16,pair,C8,J5
25,F,20,F20,55,0,I15,B2,pair,D6,K17
25,F,21,F21,75,89,M7,P12,pair,P23,F19
25,F,22,F22,51,31,I7,F16,pair,N3,D11
25,F,23,F23,78,51,M13,J8,pair,O21,G8
25,G,2,G2,42,68,G13,L18,pair,A5,F2
25,G,3,G3,90,69,O13,L20,pair,J18,P23
25,G,4,G4,60,53,K1,J12,pair,K15,M14
25,G,5,G5,48,10,I1,B22,pair,C11,P16
25,G,6,G6,53,20,I11,D18,pair,E14,P17
25,G,7,G7,72,46,M1,H22,pair,B24,L24
25,G,8,G8,66,42,K13,H14,pair,A5,N3
25,G,9,G9,11,61,A23,L4,pair,D6,K2
25,G,10,G10,5,18,A11,D14,pair,K15,A6
25,G,11,G11,31,28,E15,F10,pair,P16,D3
25,G,12,G12,81,63,M19,L8,pair,D15,O21
25,G,13,G13,45,77,G19,N12,pair,N19,P8
25,G,14,G14,22,80,C21,N18,pair,O17,C19
25,G,15,G15,74,41,M5,H12,pair,N19,K3
25,G,16,G16,59,16,I23,D10,pair,O18,J5
25,G,17,G17,58,38,I21,H6,pair,P20,M12
25,G,18,G18,65,5,K11,B12,pair,A19,C14
25,G,19,G19,90,12,O13,D2,pair,O24,P8
25,G,20,G20,22,30,C21,F14,pair,B7,M14
25,G,21,G21,33,73,E19,N4,pair,J18,D3
25,G,22,G22,71,62,K23,L6,pair,A5,C14
25,G,23,G23,21,64,C19,L10,pair,P11,O18
25,H,2,H2,95,71,O23,L24,pair,O7,A6
25,H,3,H3,69,88,K19,P10,pair,A5,J2
25,H,4,H4,70,9,K21,B20,pair,N14,F16
25,H,5,H5,70,39,K21,H8,pair,K10,J5
25,H,6,H6,46,42,G21,H14,pair,K3,B12
25,H,7,H7,6,36,A13,H2,pair,N23,G17
25,H,8,H8,29,85,E11,P4,pair,D3,N13
25,H,9,H9,69,70,K19,L22,pair,B24,N14
25,H,10,H10,57,18,I19,D14,pair,D3,O18
25,H,11,H11,88,46,O9,H22,pair,A11,J22
25,H,12,H12,66,15,K13,D8,pair,M23,B12
25,H,13,H13,65,76,K11,N10,pair,O7,L23
25,H,14,H14,6,47,A13,H24,pair,B15,E14
25,H,15,H15,29,70,E11,L22,pair,P1,E3
25,H,16,H16,26,27,E5,F8,pair,A6,D13
25,H,17,H17,46,48,G21,J2,pair,C19,C15
25,H,18,H18,8,77,A17,N12,pair,B7,O10
25,H,19,H19,89,11,O11,B24,pair,K15,N19
25,H,20,H20,18,23,C13,D24,pair,K10,D20
25,H,21,H21,73,16,M3,D10,pair,J24,E24
25,H,22,H22,57,33,I19,F20,pair,B4,M14
25,H,23,H23,26,11,E5,B24,pair,I19,J2
25,I,2,I2,24,70,E1,L22,pair,P8,D15
25,I,3,I3,64,29,K9,F12,pair,F17,P17
25,I,4,I4,70,68,K21,L18,pair,J22,P17
25,I,5,I5,53,33,I11,F20,pair,H20,N14
25,I,6,I6,48,60,I1,L2,pair,I19,C11
25,I,7,I7,84,8,O1,B18,pair,C11,G5
25,I,8,I8,44,66,G17,L14,pair,N24,I19
25,I,9,I9,8,33,A17,F20,pair,O17,N21
25,I,10,I10,11,5,A23,B12,pair,B12,C19
25,I,11,I11,20,89,C17,P12,pair,P11,E3
25,I,12,I12,30,89,E13,P12,pair,M23,M14
25,I,13,I13,38,51,G5,J8,pair,G5,F7
25,I,14,I14,91,5,O15,B12,pair,D3,A11
25,I,15,I15,27,89,E7,P12,pair,P1,P11
25,I,16,I16,31,10,E15,B22,pair,L19,C12
25,I,17,I17,48,47,I1,H24,pair,A5,N10
25,I,18,I18,61,33,K3,F20,pair,B12,D7
25,I,19,I19,37,91,G3,P16,pair,P8,O5
25,I,20,I20,47,26,G23,F6,pair,L6,N13
25,I,21,I21,37,47,G3,H24,pair,C3,P11
25,I,22,I22,50,83,I5,N24,pair,J24,C12
25,I,23,I23,90,92,O13,P18,pair,A19,F19
25,J,2,J2,48,62,I1,L6,pair,N15,A6
25,J,3,J3,5,8,A11,B18,pair,K17,K6
25,J,4,J4,14,11,C5,B24,pair,N14,A11
25,J,5,J5,60,32,K1,F18,pair,G17,C12
25,J,6,J6,29,53,E11,J12,pair,O5,A20
25,J,7,J7,73,31,M3,F16,pair,G17,C15
25,J,8,J8,59,9,I23,B20,pair,D13,O18
25,J,9,J9,29,93,E11,P20,pair,N19,N23
25,J,10,J10,7,49,A15,J4,pair,A19,D11
25,J,11,J11,57,14,I19,D6,pair,P23,P11
25,J,12,J12,44,73,G17,N4,pair,C3,G8
25,J,13,J13,50,18,I5,D14,pair,P23,N13
25,J,14,J14,75,20,M7,D18,pair,C8,P14
25,J,15,J15,36,10,G1,B22,pair,B4,A11
25,J,16,J16,53,4,I11,B10,pair,D6,K3
25,J,17,J17,7,4,A15,B10,pair,K15,P1
25,J,18,J18,70,80,K21,N18,pair,L6,P14
25,J,19,J19,61,50,K3,J6,pair,J22,P17
25,J,20,J20,81,56,M19,J18,pair,P13,P16
25,J,21,J21,57,8,I19,B18,pair,D15,G8
25,J,22,J22,24,47,E1,H24,pair,D6,F2
25,J,23,J23,58,53,I21,J12,pair,K11,D3
25,K,2,K2,55,42,I15,H14,pair,M15,M14
25,K,3,K3,81,6,M19,B14,pair,N19,C20
25,K,4,K4,94,29,O21,F12,pair,D20,C12
25,K,5,K5,36,84,G1,P2,pair,B24,L23
25,K,6,K6,22,76,C21,N10,pair,M12,D15
25,K,7,K7,56,36,I17,H2,pair,A20,P11
25,K,8,K8,89,28,O11,F10,pair,A5,A20
25,K,9,K9,32,55,E17,J16,pair,I19,B24
25,K,10,K10,83,19,M23,D16,pair,N10,O21
25,K,11,K11,31,30,E15,F14,pair,P8,J5
25,K,12,K12,90,75,O13,N8,pair,P20,D15
25,K,13,K13,9,28,A19,F10,pair,P14,J2
25,K,14,K14,17,29,C11,F12,pair,I19,D15
25,K,15,K15,95,89,O23,P12,pair,N23,D13
25,K,16,K16,52,53,I9,J12,pair,F16,M14
25,K,17,K17,71,45,K23,H20,pair,A5,D11
25,K,18,K18,89,79,O11,N16,pair,P13,P14
25,K,19,K19,50,82,I5,N22,pair,C19,P17
25,K,20,K20,50,6,I5,B14,pair,K8,D3
25,K,21,K21,33,86,E19,P6,pair,O5,O18
25,K,22,K22,91,35,O15,F24,pair,P1,J2
25,K,23,K23,94,59,O21,J24,pair,P23,P14
25,L,2,L2,58,26,I21,F6,pair,N10,J2
25,L,3,L3,55,14,I15,D6,pair,P20,D7
25,L,4,L4,37,41,G3,H12,pair,G5,O21
25,L,5,L5,6,24,A13,F2,pair,B7,C20
25,L,6,L6,22,69,C21,L20,pair,O7,P8
25,L,7,L7,4,15,A9,D8,pair,P16,J2
25,L,8,L8,11,74,A23,N6,pair,N3,M15
25,L,9,L9,7,15,A15,D8,pair,M15,K8
25,L,10,L10,87,42,O7,H14,pair,F2,L19
25,L,11,L11,68,53,K17,J12,pair,J24,P1
25,L,12,L12,57,26,I19,F6,pair,O10,J22
25,L,13,L13,49,56,I3,J18,pair,D6,C3
25,L,14,L14,26,36,E5,H2,pair,D20,C3
25,L,15,L15,1,53,A3,J12,pair,L11,G8
25,L,16,L16,57,75,I19,N8,pair,F2,J2
25,L,17,L17,44,11,G17,B24,pair,D3,O10
25,L,18,L18,41,21,G11,D20,pair,C8,G8
25,L,19,L19,1,33,A3,F20,pair,K10,A19
25,L,20,L20,94,84,O21,P2,pair,N19,C11
25,L,21,L21,66,83,K13,N24,pair,K10,J18
25,L,22,L22,16,41,C9,H12,pair,K10,C3
25,L,23,L23,27,7,E7,B16,pair,C11,A20
25,M,2,M2,89,4,O11,B10,pair,M12,A11
25,M,3,M3,6,32,A13,F18,pair,N24,O24
25,M,4,M4,88,22,O9,D22,pair,P23,K3
25,M,5,M5,26,14,E5,D6,pair,M14,K2
25,M,6,M6,74,35,M5,F24,pair,N24,O10
25,M,7,M7,11,94,A23,P22,pair,G17,A19
25,M,8,M8,90,83,O13,N24,pair,P20,J2
25,M,9,M9,30,45,E13,H20,pair,C11,J2
25,M,10,M10,5,62,A11,L6,pair,J24,O21
25,M,11,M11,60,64,K1,L10,pair,P1,N10
25,M,12,M12,29,37,E11,H4,pair,C8,A19
25,M,13,M13,6,0,A13,B2,pair,A5,O17
25,M,14,M14,53,43,I11,H16,pair,C8,O21
25,M,15,M15,68,16,K17,D10,pair,D6,C8
25,M,16,M16,35,13,E23,D4,pair,O5,C3
25,M,17,M17,30,73,E13,N4,pair,B4,G5
25,M,18,M18,29,86,E11,P6,pair,D20,N3
25,M,19,M19,68,1,K17,B4,pair,O17,O5
25,M,20,M20,49,5,I3,B12,pair,N23,F16
25,M,21,M21,36,59,G1,J24,pair,K3,P20
25,M,22,M22,50,57,I5,J20,pair,J18,F16
25,M,23,M23,73,10,M3,B22,pair,K15,F17
25,N,2,N2,36,67,G1,L16,pair,O7,M23
25,N,3,N3,12,68,C1,L18,pair,F19,K8
25,N,4,N4,71,85,K23,P4,pair,O24,O10
25,N,5,N5,39,20,G7,D18,pair,M15,P17
25,N,6,N6,64,79,K9,N16,pair,O17,J22
25,N,7,N7,27,18,E7,D14,pair,A19,G8
25,N,8,N8,9,93,A19,P20,pair,N23,B4
25,N,9,N9,24,0,E1,B2,pair,L23,N10
25,N,10,N10,59,74,I23,N6,pair,M15,D7
25,N,11,N11,82,11,M21,B24,pair,G17,K6
25,N,12,N12,20,4,C17,B10,pair,A6,P17
25,N,13,N13,18,87,C13,P8,pair,P1,C11
25,N,14,N14,72,79,M1,N16,pair,L23,B12
25,N,15,N15,22,65,C21,L12,pair,B4,J5
25,N,16,N16,51,58,I7,J22,pair,P23,B12
25,N,17,N17,44,55,G17,J16,pair,F2,N15
25,N,18,N18,53,81,I11,N20,pair,P16,P14
25,N,19,N19,1,56,A3,J18,pair,N23,E3
25,N,20,N20,81,46,M19,H22,pair,N3,P16
25,N,21,N21,81,10,M19,B22,pair,B4,N10
25,N,22,N22,12,64,C1,L10,pair,P23,F7
25,N,23,N23,54,24,I13,F2,pair,M23,D3
25,O,2,O2,69,91,K19,P16,pair,B7,P13
25,O,3,O3,57,69,I19,L20,pair,P23,B4
25,O,4,O4,34,21,E21,D20,pair,N19,N23
25,O,5,O5,83,34,M23,F22,pair,L6,G5
25,O,6,O6,91,8,O15,B18,pair,P8,A19
25,O,7,O7,61,84,K3,P2,pair,N10,K2
25,O,8,O8,34,79,E21,N16,pair,E3,D3
25,O,9,O9,34,81,E21,N20,pair,P8,J2
25,O,10,O10,74,26,M5,F6,pair,A19,F13
25,O,11,O11,91,55,O15,J16,pair,F2,L24
25,O,12,O12,31,61,E15,L4,pair,B12,G8
25,O,13,O13,72,94,M1,P22,pair,M15,A6
25,O,14,O14,53,25,I11,F4,pair,N24,D1
25,O,15,O15,14,0,C5,B2,pair,B24,O7
25,O,16,O16,3,36,A7,H2,pair,F2,E14
25,O,17,O17,21,63,C19,L8,pair,D15,E14
25,O,18,O18,44,91,G17,P16,pair,H20,D11
25,O,19,O19,52,81,I9,N20,pair,J18,K2
25,O,20,O20,20,57,C17,J20,pair,L6,M23
25,O,21,O21,64,91,K9,P16,pair,A6,A11
25,O,22,O22,9,23,A19,D24,pair,D20,P16
25,O,23,O23,34,17,E21,D12,pair,P23,O18
26,B,2,B2,52,25,I9,F4,pair,P11,N14
26,B,3,B3,48,77,I1,N12,pair,G8,J5
26,B,4,B4,58,18,I21,D14,pair,K3,J5
26,B,5,B5,0,78,A1,N14,pair,C11,H20
26,B,6,B6,21,70,C19,L22,pair,F2,J5
26,B,7,B7,69,90,K19,P14,pair,J24,D13
26,B,8,B8,12,78,C1,N14,pair,F13,J2
26,B,9,B9,94,40,O21,H10,pair,N24,F2
26,B,10,B10,91,71,O15,L24,pair,C8,F7
26,B,11,B11,80,40,M17,H10,pair,C3,O21
26,B,12,B12,93,20,O19,D18,mono,E14,E14
26,B,13,B13,49,54,I3,J14,pair,K10,B12
26,B,14,B14,81,7,M19,B16,pair,L24,N14
26,B,15,B15,86,22,O5,D22,pair,P16,D13
26,B,16,B16,59,1,I23,B4,pair,L19,J22
26,B,17,B17,78,70,M13,L22,pair,J22,J2
26,B,18,B18,84,64,O1,L10,pair,P8,K6
26,B,19,B19,41,28,G11,F10,pair,O5,B12
26,B,20,B20,86,27,O5,F8,pair,O17,C3
26,B,21,B21,65,78,K11,N14,pair,O24,N10
26,B,22,B22,24,78,E1,N14,pair,N21,P16
26,B,23,B23,8,6,A17,B14,pair,K6,F7
26,C,2,C2,77,84,M11,P2,pair,B24,K3
26,C,3,C3,65,51,K11,J8,pair,I19,C15
26,C,4,C4,17,91,C11,P16,pair,K17,A19
26,C,5,C5,82,45,M21,H20,pair,K17,L24
26,C,6,C6,30,87,E13,P8,pair,B24,A11
26,C,7,C7,7,36,A15,H2,pair,C8,K2
26,C,8,C8,27,54,E7,J14,pair,P20,O21
26,C,9,C9,38,78,G5,N14,pair,C15,F13
26,C,10,C10,27,32,E7,F18,pair,K15,J2
26,C,11,C11,45,83,G19,N24,pair,P23,G17
26,C,12,C12,87,1,O7,B4,pair,C20,K2
26,C,13,C13,59,15,I23,D8,pair,G17,J22
26,C,14,C14,31,67,E15,L16,pair,B15,G8
26,C,15,C15,2,73,A5,N4,pair,J22,G8
26,C,16,C16,77,59,M11,J24,pair,I19,N21
26,C,17,C17,21,16,C19,D10,pair,J24,G5
26,C,18,C18,26,47,E5,H24,pair,C11,P16
26,C,19,C19,25,51,E3,J8,pair,A5,M23
26,C,20,C20,30,44,E13,H18,pair,D1,L24
26,C,21,C21,1,68,A3,L18,pair,P8,N15
26,C,22,C22,55,44,I15,H18,pair,L6,J5
26,C,23,C23,49,92,I3,P18,pair,G17,A11
26,D,2,D2,13,47,C3,H24,mono,P1,P1
26,D,3,D3,74,84,M5,P2,pair,O5,C20
26,D,4,D4,7,19,A15,D16,pair,A5,P16
26,D,5,D5,24,45,E1,H20,pair,P1,F19
26,D,6,D6,90,45,O13,H20,pair,K10,M15
26,D,7,D7,10,81,A21,N20,pair,O7,F13
26,D,8,D8,36,0,G1,B2,pair,O7,L11
26,D,9,D9,44,27,G17,F8,pair,L6,N14
26,D,10,D10,3,85,A7,P4,pair,P1,F13
26,D,11,D11,67,39,K15,H8,pair,P20,C15
26,D,12,D12,3,55,A7,J16,pair,N10,J22
26,D,13,D13,91,23,O15,D24,pair,O21,E24
26,D,14,D14,6,57,A13,J20,pair,O24,L11
26,D,15,D15,74,58,M5,J22,pair,D6,P13
26,D,16,D16,85,22,O3,D22,pair,N3,C15
26,D,17,D17,76,53,M9,J12,pair,P8,L19
26,D,18,D18,8,23,A17,D24,pair,A20,O21
26,D,19,D19,93,18,O19,D14,pair,L19,C20
26,D,20,D20,92,67,O17,L16,pair,P13,N14
26,D,21,D21,39,12,G7,D2,pair,C8,M12
26,D,22,D22,40,39,G9,H8,pair,B24,F2
26,D,23,D23,5,73,A11,N4,pair,J18,E3
26,E,2,E2,56,71,I17,L24,pair,D1,F16
26,E,3,E3,16,93,C9,P20,pair,K11,N14
26,E,4,E4,92,44,O17,H18,pair,K10,P14
26,E,5,E5,29,68,E11,L18,pair,P1,C12
26,E,6,E6,84,0,O1,B2,pair,P23,B12
26,E,7,E7,1,7,A3,B16,pair,F19,F16
26,E,8,E8,81,48,M19,J2,pair,O5,M14
26,E,9,E9,81,16,M19,D10,pair,M14,P17
26,E,10,E10,70,53,K21,J12,pair,F7,J2
26,E,11,E11,2,74,A5,N6,pair,C12,C14
26,E,12,E12,26,65,E5,L12,pair,D6,C15
26,E,13,E13,36,39,G1,H8,pair,O5,O10
26,E,14,E14,7,5,A15,B12,pair,I19,B24
26,E,15,E15,91,59,O15,J24,pair,B12,G5
26,E,16,E16,44,48,G17,J2,pair,K8,F13
26,E,17,E17,57,92,I19,P18,pair,K10,G8
26,E,18,E18,91,11,O15,B24,pair,C12,C15
26,E,19,E19,0,59,A1,J24,pair,K6,N13
26,E,20,E20,19,24,C15,F2,pair,G17,L24
26,E,21,E21,21,34,C19,F22,pair,A20,J22
26,E,22,E22,86,45,O5,H20,pair,K6,J22
26,E,23,E23,30,86,E13,P6,pair,N24,O17
26,F,2,F2,61,95,K3,P24,pair,I19,L24
26,F,3,F3,44,15,G17,D8,pair,L6,E24
26,F,4,F4,58,31,I21,F16,pair,A19,L19
26,F,5,F5,57,23,I19,D24,pair,N3,N13
26,F,6,F6,13,37,C3,H4,pair,K11,O10
26,F,7,F7,93,60,O19,L2,pair,B24,L11
26,F,8,F8,72,40,M1,H10,pair,F16,E14
26,F,9,F9,24,56,E1,J18,pair,D6,E3
26,F,10,F10,16,79,C9,N16,pair,K15,L23
26,F,11,F11,38,4,G5,B10,pair,C14,K2
26,F,12,F12,5,15,A11,D8,pair,P1,P14
26,F,13,F13,85,21,O3,D20,pair,G17,J2
26,F,14,F14,66,22,K13,D22,pair,K15,N13
26,F,15,F15,95,62,O23,L6,pair,L19,D13
26,F,16,F16,11,22,A23,D22,pair,N21,E14
26,F,17,F17,0,95,A1,P24,pair,P20,P16
26,F,18,F18,59,69,I23,L20,pair,E3,C12
26,F,19,F19,6,12,A13,D2,pair,N23,L6
26,F,20,F20,87,5,O7,B12,pair,A19,F16
26,F,21,F21,36,60,G1,L2,pair,A6,E14
26,F,22,F22,78,10,M13,B22,pair,K15,O10
26,F,23,F23,54,94,I13,P22,pair,D7,N14
26,G,2,G2,66,58,K13,J22,pair,N19,P23
26,G,3,G3,48,56,I1,J18,pair,H20,K2
26,G,4,G4,10,79,A21,N16,pair,L23,M15
26,G,5,G5,94,8,O21,B18,pair,K3,P17
26,G,6,G6,71,61,K23,L4,pair,A5,P17
26,G,7,G7,81,27,M19,F8,pair,N21,F13
26,G,8,G8,25,94,E3,P22,pair,A5,C15
26,G,9,G9,13,12,C3,D2,pair,C3,C11
26,G,10,G10,35,58,E23,J22,pair,B7,K6
26,G,11,G11,57,61,I19,L4,pair,G5,J22
26,G,12,G12,30,81,E13,N20,pair,F19,O18
26,G,13,G13,18,3,C13,B8,pair,F2,E3
26,G,14,G14,65,81,K11,N20,pair,L24,A11
26,G,15,G15,14,46,C5,H22,pair,F19,K2
26,G,16,G16,79,47,M15,H24,pair,P8,C20
26,G,17,G17,63,40,K7,H10,pair,E3,A6
26,G,18,G18,64,21,K9,D20,pair,I19,P13
26,G,19,G19,69,71,K19,L24,pair,P13,M12
26,G,20,G20,75,58,M7,J22,pair,P20,F7
26,G,21,G21,93,66,O19,L14,pair,L19,N13
26,G,22,G22,54,18,I13,D14,pair,G17,B15
26,G,23,G23,89,2,O11,B6,pair,M23,N15
26,H,2,H2,4,59,A9,J24,pair,C8,A11
26,H,3,H3,90,43,O13,H16,pair,B4,P17
26,H,4,H4,67,84,K15,P2,pair,K15,L23
26,H,5,H5,76,44,M9,H18,pair,L19,D7
26,H,6,H6,77,64,M11,L10,pair,A5,A19
26,H,7,H7,85,72,O3,N2,pair,O17,O18
26,H,8,H8,31,41,E15,H12,pair,K17,C12
26,H,9,H9,24,74,E1,N6,pair,N23,G5
26,H,10,H10,80,95,M17,P24,pair,M23,D15
26,H,11,H11,6,61,A13,L4,pair,N24,M15
26,H,12,H12,20,68,C17,L18,pair,M23,F7
26,H,13,H13,18,29,C13,F12,pair,N3,K6
26,H,14,H14,10,47,A21,H24,pair,J24,P1
26,H,15,H15,94,53,O21,J12,pair,A19,D3
26,H,16,H16,45,71,G19,L24,pair,C15,N13
26,H,17,H17,81,8,M19,B18,pair,O5,O18
26,H,18,H18,17,70,C11,L22,pair,K15,E3
26,H,19,H19,42,70,G13,L22,pair,M12,A11
26,H,20,H20,35,30,E23,F14,pair,M12,O18
26,H,21,H21,47,32,G23,F18,pair,J18,L23
26,H,22,H22,34,73,E21,N4,pair,I19,D3
26,H,23,H23,40,45,G9,H20,pair,C14,F16
26,I,2,I2,8,81,A17,N20,pair,A5,P11
26,I,3,I3,88,11,O9,B24,pair,D1,D13
26,I,4,I4,55,94,I15,P22,pair,D6,G8
26,I,5,I5,14,40,C5,H10,pair,K17,A20
26,I,6,I6,39,15,G7,D8,pair,I19,M23
26,I,7,I7,0,64,A1,L10,pair,K10,C3
26,I,8,I8,56,38,I17,H6,pair,F17,J2
26,I,9,I9,17,21,C11,D20,pair,I19,F13
26,I,10,I10,68,12,K17,D2,pair,P1,O10
26,I,11,I11,89,33,O11,F20,pair,N14,O18
26,I,12,I12,61,17,K3,D12,pair,E24,F16
26,I,13,I13,51,69,I7,L20,pair,B15,J5
26,I,14,I14,93,9,O19,B20,pair,P23,P16
26,I,15,I15,20,82,C17,N22,pair,P14,J5
26,I,16,I16,60,51,K1,J8,pair,A19,C12
26,I,17,I17,40,75,G9,N8,pair,O24,N15
26,I,18,I18,55,29,I15,F12,pair,D6,J18
26,I,19,I19,66,20,K13,D18,pair,M15,B12
26,I,20,I20,79,31,M15,F16,pair,C8,A20
26,I,21,I21,21,0,C19,B2,pair,B15,P14
26,I,22,I22,72,90,M1,P14,pair,K3,G8
26,I,23,I23,2,42,A5,H14,pair,D7,P16
26,J,2,J2,26,56,E5,J18,pair,F17,M15
26,J,3,J3,13,67,C3,L16,pair,H20,O21
26,J,4,J4,43,35,G15,F24,pair,C11,C20
26,J,5,J5,45,5,G19,B12,pair,O24,G5
26,J,6,J6,65,63,K11,L8,pair,C19,F13
26,J,7,J7,21,27,C19,F8,pair,D1,N10
26,J,8,J8,32,92,E17,P18,pair,O24,J22
26,J,9,J9,19,85,C15,P4,pair,B12,J5
26,J,10,J10,79,22,M15,D22,pair,O17,C19
26,J,11,J11,62,69,K5,L20,pair,K10,G17
26,J,12,J12,5,64,A11,L10,pair,N23,H20
26,J,13,J13,30,36,E13,H2,pair,O5,C19
26,J,14,J14,84,2,O1,B6,pair,B12,E14
26,J,15,J15,4,50,A9,J6,pair,P17,N13
26,J,16,J16,4,51,A9,J8,pair,F13,A6
26,J,17,J17,55,82,I15,N22,pair,H20,D3
26,J,18,J18,82,77,M21,N12,pair,P1,O5
26,J,19,J19,11,53,A23,J12,pair,B15,J5
26,J,20,J20,46,9,G21,B20,pair,B12,E24
26,J,21,J21,5,84,A11,P2,pair,B15,A11
26,J,22,J22,11,2,A23,B6,pair,P13,E24
26,J,23,J23,50,15,I5,D8,pair,C11,P11
26,K,2,K2,7,21,A15,D20,pair,N10,L24
26,K,3,K3,36,53,G1,J12,pair,M15,A6
26,K,4,K4,62,52,K5,J10,pair,C14,G8
26,K,5,K5,14,63,C5,L8,pair,N24,O10
26,K,6,K6,77,12,M11,D2,pair,K3,C12
26,K,7,K7,62,40,K5,H10,pair,D3,O18
26,K,8,K8,65,75,K11,N8,pair,J24,M14
26,K,9,K9,19,37,C15,H4,pair,M23,O18
26,K,10,K10,75,65,M7,L12,pair,K11,L19
26,K,11,K11,47,62,G23,L6,pair,F2,A11
26,K,12,K12,22,26,C21,F6,pair,F16,P14
26,K,13,K13,53,17,I11,D12,pair,A20,A11
26,K,14,K14,19,9,C15,B20,pair,M23,P17
26,K,15,K15,0,48,A1,J2,pair,K15,N10
26,K,16,K16,75,72,M7,N2,mono,F19,F19
26,K,17,K17,38,5,G5,B12,pair,H20,P14
26,K,18,K18,95,15,O23,D8,pair,K3,D3
26,K,19,K19,10,37,A21,H4,pair,P1,M14
26,K,20,K20,57,34,I19,F22,pair,B24,G17
26,K,21,K21,70,44,K21,H18,pair,A20,N10
26,K,22,K22,60,24,K1,F2,pair,A11,P14
26,K,23,K23,45,60,G19,L2,pair,B24,D11
26,L,2,L2,18,17,C13,D12,pair,C12,G8
26,L,3,L3,0,93,A1,P20,pair,P1,F2
26,L,4,L4,39,3,G7,B8,pair,A5,M15
26,L,5,L5,64,23,K9,D24,pair,G17,N13
26,L,6,L6,8,44,A17,H18,pair,F17,F16
26,L,7,L7,11,16,A23,D10,pair,D7,M14
26,L,8,L8,1,55,A3,J16,pair,G17,A6
26,L,9,L9,56,41,I17,H12,pair,B7,G17
26,L,10,L10,59,73,I23,N4,pair,B4,D13
26,L,11,L11,46,61,G21,L4,pair,A19,D13
26,L,12,L12,56,76,I17,N10,mono,F13,F13
26,L,13,L13,23,31,C23,F16,pair,B4,C19
26,L,14,L14,89,7,O11,B16,pair,I19,O10
26,L,15,L15,52,20,I9,D18,pair,D20,L24
26,L,16,L16,2,4,A5,B10,pair,D20,N3
26,L,17,L17,69,20,K19,D18,pair,D15,O10
26,L,18,L18,48,50,I1,J6,pair,J24,P17
26,L,19,L19,68,45,K17,H20,pair,O17,K2
26,L,20,L20,88,34,O9,F22,pair,C12,P17
26,L,21,L21,17,88,C11,P10,pair,K8,J22
26,L,22,L22,16,7,C9,B16,pair,B7,H20
26,L,23,L23,49,29,I3,F12,pair,C19,P14
26,M,2,M2,51,73,I7,N4,pair,J18,E14
26,M,3,M3,31,90,E15,P14,pair,D1,G5
26,M,4,M4,85,26,O3,F6,pair,A19,A11
26,M,5,M5,93,80,O19,N18,pair,C19,K2
26,M,6,M6,43,63,G15,L8,pair,D13,A11
26,M,7,M7,3,12,A7,D2,pair,K15,K10
26,M,8,M8,46,93,G21,P20,pair,D20,N23
26,M,9,M9,35,1,E23,B4,pair,B12,P14
26,M,10,M10,48,93,I1,P20,pair,J24,J2
26,M,11,M11,90,1,O13,B4,pair,I19,O18
26,M,12,M12,48,63,I1,L8,pair,M23,C14
26,M,13,M13,95,14,O23,D6,pair,D1,A20
26,M,14,M14,20,94,C17,P22,pair,D1,B12
26,M,15,M15,11,75,A23,N8,pair,D11,F16
26,M,16,M16,51,62,I7,L6,pair,N24,O24
26,M,17,M17,77,91,M11,P16,pair,K10,P17
26,M,18,M18,19,7,C15,B16,pair,K15,P11
26,M,19,M19,48,90,I1,P14,pair,P23,F16
26,M,20,M20,26,94,E5,P22,pair,P11,P14
26,M,21,M21,1,21,A3,D20,pair,H20,N15
26,M,22,M22,80,76,M17,N10,pair,P14,O18
26,M,23,M23,9,24,A19,F2,pair,O7,E3
26,N,2,N2,38,73,G5,N4,pair,J24,K11
26,N,3,N3,84,14,O1,D6,pair,L24,K8
26,N,4,N4,35,45,E23,H20,pair,B4,P14
26,N,5,N5,60,23,K1,D24,pair,C11,L19
26,N,6,N6,87,59,O7,J24,pair,C20,O18
26,N,7,N7,59,38,I23,H6,pair,K11,J18
26,N,8,N8,74,67,M5,L16,pair,N24,H20
26,N,9,N9,32,41,E17,H12,pair,N10,J5
26,N,10,N10,79,34,M15,F22,pair,L23,M14
26,N,11,N11,45,2,G19,B6,pair,A5,B15
26,N,12,N12,44,75,G17,N8,pair,J18,O21
26,N,13,N13,4,92,A9,P18,pair,F2,M12
26,N,14,N14,1,9,A3,B20,pair,C19,A11
26,N,15,N15,82,79,M21,N16,pair,D20,C12
26,N,16,N16,74,73,M5,N4,pair,O5,E14
26,N,17,N17,7,56,A15,J18,pair,L6,D13
26,N,18,N18,53,23,I11,D24,pair,N23,C15
26,N,19,N19,18,72,C13,N2,pair,B7,P11
26,N,20,N20,62,39,K5,H8,pair,A5,A20
26,N,21,N21,72,76,M1,N10,pair,B24,N13
26,N,22,N22,45,34,G19,F22,pair,A20,L19
26,N,23,N23,71,3,K23,B8,pair,C3,C12
26,O,2,O2,81,83,M19,N24,pair,P8,N3
26,O,3,O3,7,70,A15,L22,pair,D7,K2
26,O,4,O4,49,69,I3,L20,pair,K3,N10
26,O,5,O5,91,65,O15,L12,pair,B7,E24
26,O,6,O6,31,21,E15,D20,pair,A19,G5
26,O,7,O7,41,67,G11,L16,pair,K11,O17
26,O,8,O8,19,43,C15,H16,pair,M12,K8
26,O,9,O9,65,86,K11,P6,pair,N24,D6
26,O,10,O10,56,80,I17,N18,pair,K10,I19
26,O,11,O11,15,11,C7,B24,pair,C3,F16
26,O,12,O12,40,91,G9,P16,pair,F7,P17
26,O,13,O13,86,30,O5,F14,pair,K15,P17
26,O,14,O14,59,81,I23,N20,pair,B7,O10
26,O,15,O15,44,89,G17,P12,pair,O24,F2
26,O,16,O16,1,19,A3,D16,pair,D11,A11
26,O,17,O17,44,52,G17,J10,pair,J24,C14
26,O,18,O18,4,31,A9,F16,pair,J24,D11
26,O,19,O19,5,88,A11,P10,pair,O17,C20
26,O,20,O20,21,79,C19,N16,pair,M12,A6
26,O,21,O21,87,86,O7,P6,pair,O24,N14
26,O,22,O22,15,31,C7,F16,pair,F7,F13
26,O,23,O23,72,92,M1,P18,pair,O7,L23
27,B,2,B2,10,67,A21,L16,pair,M12,E14
27,B,3,B3,57,63,I19,L8,pair,D6,L24
27,B,4,B4,10,17,A21,D12,pair,O24,F7
27,B,5,B5,58,19,I21,D16,pair,A5,P20
27,B,6,B6,26,16,E5,D10,pair,J24,P23
27,B,7,B7,89,41,O11,H12,pair,C15,O18
27,B,8,B8,36,29,G1,F12,pair,D1,B12
27,B,9,B9,34,16,E21,D10,pair,O17,D13
27,B,10,B10,13,69,C3,L20,pair,A19,M15
27,B,11,B11,24,68,E1,L18,pair,A19,K8
27,B,12,B12,57,55,I19,J16,pair,P11,N13
27,B,13,B13,77,39,M11,H8,pair,M12,D11
27,B,14,B14,85,2,O3,B6,pair,P13,B12
27,B,15,B15,36,45,G1,H20,pair,E3,P16
27,B,16,B16,75,79,M7,N16,pair,N14,E14
27,B,17,B17,77,35,M11,F24,pair,L6,B15
27,B,18,B18,49,48,I3,J2,pair,C3,N3
27,B,19,B19,46,76,G21,N10,pair,J22,N13
27,B,20,B20,80,2,M17,B6,pair,A20,P20
27,B,21,B21,83,54,M23,J14,pair,K10,C15
27,B,22,B22,91,87,O15,P8,pair,O7,A6
27,B,23,B23,23,47,C23,H24,pair,K10,B4
27,C,2,C2,22,24,C21,F2,pair,J24,D6
27,C,3,C3,26,90,E5,P14,pair,C8,E24
27,C,4,C4,12,65,C1,L12,pair,J18,N15
27,C,5,C5,58,1,I21,B4,pair,O7,N13
27,C,6,C6,16,77,C9,N12,pair,B7,L24
27,C,7,C7,31,38,E15,H6,pair,C20,F16
27,C,8,C8,34,27,E21,F8,pair,D20,C8
27,C,9,C9,6,39,A13,H8,pair,I19,C12
27,C,10,C10,38,22,G5,D22,pair,P1,D15
27,C,11,C11,66,52,K13,J10,pair,P11,N15
27,C,12,C12,25,84,E3,P2,pair,F19,L19
27,C,13,C13,83,1,M23,B4,pair,D6,D7
27,C,14,C14,90,57,O13,J20,pair,D20,G17
27,C,15,C15,15,48,C7,J2,pair,D1,F13
27,C,16,C16,74,16,M5,D10,pair,I19,J5
27,C,17,C17,21,24,C19,F2,pair,A19,C20
27,C,18,C18,4,11,A9,B24,pair,C11,N14
27,C,19,C19,8,75,A17,N8,pair,K11,D7
27,C,20,C20,8,45,A17,H20,pair,O7,J18
27,C,21,C21,44,19,G17,D16,pair,L23,A6
27,C,22,C22,56,18,I17,D14,pair,L23,D15
27,C,23,C23,70,31,K21,F16,pair,J18,K3
27,D,2,D2,47,0,G23,B2,pair,K10,E14
27,D,3,D3,72,58,M1,J22,pair,F19,N13
27,D,4,D4,79,78,M15,N14,pair,L19,O10
27,D,5,D5,52,79,I9,N16,pair,A5,D3
27,D,6,D6,26,40,E5,H10,pair,A20,G5
27,D,7,D7,93,95,O19,P24,pair,M14,P17
27,D,8,D8,91,60,O15,L2,pair,L24,D3
27,D,9,D9,4,43,A9,H16,pair,A5,O18
27,D,10,D10,42,88,G13,P10,pair,K6,J22
27,D,11,D11,74,13,M5,D4,pair,P11,K8
27,D,12,D12,43,27,G15,F8,pair,K17,C20
27,D,13,D13,34,32,E21,F18,pair,K11,P20
27,D,14,D14,82,70,M21,L22,pair,D15,N13
27,D,15,D15,65,28,K11,F10,pair,O24,L6
27,D,16,D16,41,45,G11,H20,pair,J24,B15
27,D,17,D17,19,67,C15,L16,pair,J24,N23
27,D,18,D18,57,51,I19,J8,pair,B24,B15
27,D,19,D19,57,95,I19,P24,pair,D20,E24
27,D,20,D20,6,17,A13,D12,pair,G17,O17
27,D,21,D21,62,80,K5,N18,pair,K6,P20
27,D,22,D22,7,79,A15,N16,pair,F7,C15
27,D,23,D23,56,42,I17,H14,pair,A5,N13
27,E,2,E2,44,39,G17,H8,pair,K10,D6
27,E,3,E3,8,88,A17,P10,pair,L24,G8
27,E,4,E4,6,73,A13,N4,pair,F17,P14
27,E,5,E5,69,5,K19,B12,pair,K10,M14
27,E,6,E6,88,0,O9,B2,pair,P13,F13
27,E,7,E7,14,17,C5,D12,pair,F2,G8
27,E,8,E8,87,16,O7,D10,pair,N24,K3
27,E,9,E9,22,21,C21,D20,pair,J24,J18
27,E,10,E10,73,55,M3,J16,pair,O7,C11
27,E,11,E11,85,44,O3,H18,pair,L6,J5
27,E,12,E12,75,42,M7,H14,pair,O7,K2
27,E,13,E13,53,72,I11,N2,pair,K3,F13
27,E,14,E14,62,29,K5,F12,pair,K11,J5
27,E,15,E15,70,11,K21,B24,pair,L19,F13
27,E,16,E16,62,58,K5,J22,pair,G17,C8
27,E,17,E17,1,78,A3,N14,pair,N23,B4
27,E,18,E18,12,63,C1,L8,pair,F19,A6
27,E,19,E19,49,89,I3,P12,pair,N10,K2
27,E,20,E20,12,88,C1,P10,pair,K6,N10
27,E,21,E21,0,83,A1,N24,pair,B24,K17
27,E,22,E22,56,16,I17,D10,pair,C3,J5
27,E,23,E23,90,35,O13,F24,pair,P13,N3
27,F,2,F2,88,89,O9,P12,pair,C3,F7
27,F,3,F3,25,88,E3,P10,pair,P23,A6
27,F,4,F4,95,47,O23,H24,pair,P23,G5
27,F,5,F5,21,55,C19,J16,pair,B24,C19
27,F,6,F6,63,12,K7,D2,pair,A5,F16
27,F,7,F7,20,74,C17,N6,pair,J18,M14
27,F,8,F8,2,52,A5,J10,pair,P1,L19
27,F,9,F9,58,9,I21,B20,pair,N23,N21
27,F,10,F10,4,1,A9,B4,pair,K11,A5
27,F,11,F11,21,44,C19,H18,pair,B7,A20
27,F,12,F12,17,45,C11,H20,pair,P1,K2
27,F,13,F13,56,92,I17,P18,pair,N3,M12
27,F,14,F14,54,15,I13,D8,pair,G17,J2
27,F,15,F15,76,30,M9,F14,pair,L19,J22
27,F,16,F16,90,48,O13,J2,pair,B7,J5
27,F,17,F17,91,27,O15,F8,pair,P23,P13
27,F,18,F18,35,32,E23,F18,pair,C12,M14
27,F,19,F19,90,9,O13,B20,pair,N3,C12
27,F,20,F20,1,35,A3,F24,pair,D7,C12
27,F,21,F21,72,45,M1,H20,pair,P20,F19
27,F,22,F22,2,43,A5,H16,pair,J18,D7
27,F,23,F23,5,1,A11,B4,pair,M12,C20
27,G,2,G2,27,69,E7,L20,pair,A20,P14
27,G,3,G3,34,23,E21,D24,pair,M15,O21
27,G,4,G4,73,90,M3,P14,pair,M23,P14
27,G,5,G5,79,51,M15,J8,pair,N23,K17
27,G,6,G6,1,52,A3,J10,pair,A6,N13
27,G,7,G7,15,67,C7,L16,pair,N21,M12
27,G,8,G8,3,78,A7,N14,pair,K6,A19
27,G,9,G9,13,21,C3,D20,pair,G17,K2
27,G,10,G10,48,5,I1,B12,pair,G17,M15
27,G,11,G11,39,35,G7,F24,pair,P8,P14
27,G,12,G12,49,33,I3,F20,pair,F2,P16
27,G,13,G13,84,38,O1,H6,pair,D20,N21
27,G,14,G14,6,14,A13,D6,pair,D20,P14
27,G,15,G15,94,35,O21,F24,pair,D6,F19
27,G,16,G16,59,54,I23,J14,pair,M23,A11
27,G,17,G17,70,46,K21,H22,pair,A19,N14
27,G,18,G18,95,56,O23,J18,pair,F13,P17
27,G,19,G19,68,11,K17,B24,pair,O24,P23
27,G,20,G20,34,85,E21,P4,pair,K3,K8
27,G,21,G21,69,95,K19,P24,pair,F17,C14
27,G,22,G22,86,47,O5,H24,pair,E3,N14
27,G,23,G23,3,73,A7,N4,pair,K15,P23
27,H,2,H2,41,53,G11,J12,pair,C20,G8
27,H,3,H3,46,55,G21,J16,pair,A20,J2
27,H,4,H4,93,82,O19,N22,pair,A6,M14
27,H,5,H5,54,22,I13,D22,pair,K15,P11
27,H,6,H6,75,32,M7,F18,pair,P1,P16
27,H,7,H7,51,4,I7,B10,pair,O24,N13
27,H,8,H8,64,78,K9,N14,pair,L24,A6
27,H,9,H9,48,84,I1,P2,pair,F17,O10
27,H,10,H10,9,11,A19,B24,pair,F17,F16
27,H,11,H11,72,60,M1,L2,pair,D20,D1
27,H,12,H12,45,53,G19,J12,pair,L11,N13
27,H,13,H13,0,8,A1,B18,pair,F2,L11
27,H,14,H14,3,18,A7,D14,pair,N23,M23
27,H,15,H15,81,32,M19,F18,pair,O24,J2
27,H,16,H16,30,94,E13,P22,pair,L24,G8
27,H,17,H17,92,6,O17,B14,pair,F7,J22
27,H,18,H18,29,89,E11,P12,pair,O17,C15
27,H,19,H19,27,29,E7,F12,pair,A19,C19
27,H,20,H20,89,0,O11,B2,pair,I19,K17
27,H,21,H21,21,60,C19,L2,pair,K15,K6
27,H,22,H22,28,6,E9,B14,pair,N3,C20
27,H,23,H23,80,90,M17,P14,pair,A20,O18
27,I,2,I2,56,22,I17,D22,pair,C3,D11
27,I,3,I3,23,49,C23,J4,pair,C12,E24
27,I,4,I4,56,35,I17,F24,pair,D15,F7
27,I,5,I5,47,27,G23,F8,pair,P1,A11
27,I,6,I6,15,85,C7,P4,pair,N19,D20
27,I,7,I7,63,35,K7,F24,pair,L11,O18
27,I,8,I8,86,12,O5,D2,pair,H20,E24
27,I,9,I9,41,10,G11,B22,pair,O21,O10
27,I,10,I10,40,86,G9,P6,pair,G17,M23
27,I,11,I11,70,82,K21,N22,pair,K10,C14
27,I,12,I12,25,26,E3,F6,mono,A6,A6
27,I,13,I13,57,90,I19,P14,pair,N23,P23
27,I,14,I14,28,3,E9,B8,pair,D20,N14
27,I,15,I15,88,67,O9,L16,pair,K3,C15
27,I,16,I16,45,22,G19,D22,pair,A11,J22
27,I,17,I17,2,12,A5,D2,pair,C3,N13
27,I,18,I18,17,2,C11,B6,pair,A5,E3
27,I,19,I19,26,76,E5,N10,pair,P23,C3
27,I,20,I20,70,21,K21,D20,pair,K15,D1
27,I,21,I21,21,35,C19,F24,pair,B7,F19
27,I,22,I22,68,79,K17,N16,pair,L6,K3
27,I,23,I23,65,7,K11,B16,pair,C19,N15
27,J,2,J2,70,32,K21,F18,pair,C14,J5
27,J,3,J3,74,62,M5,L6,pair,C15,C14
27,J,4,J4,87,13,O7,D4,pair,O24,M23
27,J,5,J5,30,68,E13,L18,pair,O17,D3
27,J,6,J6,74,70,M5,L22,pair,F2,M14
27,J,7,J7,89,29,O11,F12,pair,K10,L23
27,J,8,J8,24,18,E1,D14,pair,K3,C12
27,J,9,J9,58,36,I21,H2,pair,O5,P20
27,J,10,J10,69,14,K19,D6,pair,C3,N10
27,J,11,J11,16,59,C9,J24,pair,O24,J18
27,J,12,J12,63,70,K7,L22,pair,J18,L24
27,J,13,J13,8,48,A17,J2,pair,F7,A6
27,J,14,J14,28,27,E9,F8,pair,L19,D7
27,J,15,J15,42,20,G13,D18,pair,L19,E14
27,J,16,J16,36,4,G1,B10,pair,L24,D13
27,J,17,J17,83,41,M23,H12,pair,C20,O10
27,J,18,J18,51,78,I7,N14,pair,D20,G8
27,J,19,J19,63,18,K7,D14,pair,N21,D11
27,J,20,J20,82,92,M21,P18,pair,I19,H20
27,J,21,J21,60,76,K1,N10,pair,F17,M14
27,J,22,J22,15,4,C7,B10,pair,N19,L19
27,J,23,J23,70,6,K21,B14,pair,K6,L24
27,K,2,K2,68,9,K17,B20,pair,L24,J5
27,K,3,K3,65,69,K11,L20,pair,O17,C12
27,K,4,K4,72,8,M1,B18,pair,F2,O5
27,K,5,K5,81,68,M19,L18,pair,C12,F13
27,K,6,K6,68,5,K17,B12,pair,L23,C14
27,K,7,K7,3,84,A7,P2,pair,O17,N13
27,K,8,K8,55,28,I15,F10,pair,D20,D13
27,K,9,K9,73,18,M3,D14,pair,K15,I19
27,K,10,K10,52,43,I9,H16,pair,O17,K3
27,K,11,K11,40,11,G9,B24,pair,C8,N10
27,K,12,K12,58,32,I21,F18,pair,D6,H20
27,K,13,K13,72,86,M1,P6,pair,I19,K2
27,K,14,K14,33,11,E19,B24,pair,L23,E3
27,K,15,K15,67,81,K15,N20,pair,K6,D7
27,K,16,K16,90,29,O13,F12,pair,I19,B7
27,K,17,K17,6,4,A13,B10,pair,B15,C15
27,K,18,K18,40,92,G9,P18,pair,L23,F7
27,K,19,K19,12,42,C1,H14,pair,P20,C12
27,K,20,K20,39,90,G7,P14,pair,O17,K6
27,K,21,K21,46,40,G21,H10,pair,P16,J22
27,K,22,K22,12,19,C1,D16,pair,C19,F7
27,K,23,K23,20,27,C17,F8,pair,O5,A19
27,L,2,L2,6,92,A13,P18,pair,M15,L19
27,L,3,L3,35,84,E23,P2,pair,F19,D3
27,L,4,L4,90,82,O13,N22,pair,C11,P20
27,L,5,L5,17,13,C11,D4,pair,N10,P14
27,L,6,L6,15,55,C7,J16,pair,L6,N10
27,L,7,L7,68,44,K17,H18,pair,D1,J2
27,L,8,L8,9,66,A19,L14,pair,K11,C14
27,L,9,L9,89,61,O11,L4,pair,K3,N15
27,L,10,L10,65,74,K11,N6,pair,L24,F16
27,L,11,L11,21,66,C19,L14,pair,M23,K3
27,L,12,L12,26,33,E5,F20,pair,N21,J2
27,L,13,L13,90,34,O13,F22,pair,C8,N21
27,L,14,L14,77,92,M11,P18,pair,B4,F13
27,L,15,L15,85,28,O3,F10,pair,D11,P17
27,L,16,L16,60,30,K1,F14,pair,K3,B15
27,L,17,L17,78,79,M13,N16,pair,L23,E14
27,L,18,L18,42,54,G13,J14,pair,O24,J5
27,L,19,L19,37,72,G3,N2,pair,P11,D3
27,L,20,L20,33,54,E19,J14,pair,C3,P16
27,L,21,L21,0,66,A1,L14,pair,A6,P17
27,L,22,L22,67,44,K15,H18,pair,J18,A11
27,L,23,L23,20,73,C17,N4,pair,I19,O18
27,M,2,M2,46,25,G21,F4,pair,P16,G5
27,M,3,M3,91,3,O15,B8,pair,J22,G8
27,M,4,M4,20,45,C17,H20,pair,P11,G5
27,M,5,M5,8,21,A17,D20,pair,P20,M14
27,M,6,M6,8,4,A17,B10,pair,B7,P20
27,M,7,M7,86,49,O5,J4,pair,D1,P14
27,M,8,M8,19,49,C15,J4,pair,J18,C3
27,M,9,M9,64,8,K9,B18,pair,D6,B12
27,M,10,M10,63,44,K7,H18,pair,K3,N10
27,M,11,M11,49,21,I3,D20,mono,G8,G8
27,M,12,M12,60,52,K1,J10,pair,F2,F7
27,M,13,M13,48,89,I1,P12,pair,C14,P14
27,M,14,M14,48,30,I1,F14,pair,A5,N3
27,M,15,M15,75,50,M7,J6,pair,A19,O18
27,M,16,M16,37,15,G3,D8,pair,D6,B24
27,M,17,M17,52,88,I9,P10,pair,P11,C12
27,M,18,M18,91,19,O15,D16,pair,N19,C19
27,M,19,M19,62,20,K5,D18,pair,C11,A6
27,M,20,M20,43,4,G15,B10,pair,D11,G8
27,M,21,M21,52,55,I9,J16,pair,L19,D3
27,M,22,M22,79,42,M15,H14,pair,L23,L6
27,M,23,M23,81,4,M19,B10,pair,C11,O10
27,N,2,N2,23,73,C23,N4,pair,F17,M15
27,N,3,N3,40,76,G9,N10,pair,K3,D13
27,N,4,N4,83,77,M23,N12,pair,B7,O21
27,N,5,N5,20,19,C17,D16,pair,K8,M14
27,N,6,N6,26,63,E5,L8,pair,C19,D11
27,N,7,N7,72,0,M1,B2,pair,D1,N13
27,N,8,N8,65,8,K11,B18,pair,O5,P17
27,N,9,N9,55,30,I15,F14,pair,F2,D13
27,N,10,N10,20,8,C17,B18,pair,N21,B15
27,N,11,N11,23,85,C23,P4,pair,D11,J2
27,N,12,N12,86,4,O5,B10,pair,P16,N15
27,N,13,N13,2,90,A5,P14,pair,P8,A19
27,N,14,N14,48,51,I1,J8,pair,B15,L24
27,N,15,N15,34,38,E21,H6,pair,K15,K3
27,N,16,N16,32,62,E17,L6,pair,B4,D1
27,N,17,N17,89,17,O11,D12,pair,J18,P14
27,N,18,N18,73,14,M3,D6,pair,F2,G5
27,N,19,N19,72,33,M1,F20,pair,C11,P20
27,N,20,N20,25,30,E3,F14,pair,O10,O18
27,N,21,N21,26,86,E5,P6,pair,K10,D15
27,N,22,N22,94,5,O21,B12,pair,K11,B15
27,N,23,N23,5,71,A11,L24,pair,K3,D11
27,O,2,O2,45,63,G19,L8,pair,P13,K6
27,O,3,O3,43,57,G15,J20,pair,G17,K2
27,O,4,O4,57,50,I19,J6,pair,I19,J22
27,O,5,O5,90,40,O13,H10,pair,K10,P11
27,O,6,O6,22,88,C21,P10,pair,D15,D13
27,O,7,O7,1,37,A3,H4,pair,C8,C20
27,O,8,O8,73,52,M3,J10,pair,B24,P23
27,O,9,O9,45,85,G19,P4,pair,L24,L11
27,O,10,O10,33,23,E19,D24,pair,M23,L19
27,O,11,O11,94,30,O21,F14,pair,P23,K17
27,O,12,O12,74,37,M5,H4,pair,P20,F7
27,O,13,O13,49,78,I3,N14,pair,O5,P13
27,O,14,O14,45,17,G19,D12,pair,K10,L19
27,O,15,O15,52,86,I9,P6,pair,L23,K3
27,O,16,O16,30,23,E13,D24,pair,K3,C19
27,O,17,O17,22,61,C21,L4,pair,O5,J2
27,O,18,O18,3,46,A7,H22,pair,B4,O17
27,O,19,O19,13,46,C3,H22,pair,M15,J2
27,O,20,O20,12,87,C1,P8,pair,M23,J22
27,O,21,O21,18,58,C13,J22,pair,K15,F17
27,O,22,O22,80,81,M17,N20,pair,F19,C14
27,O,23,O23,27,76,E7,N10,pair,C12,A11
28,B,2,B2,45,48,G19,J2,pair,H20,N14
28,B,3,B3,14,35,C5,F24,pair,N10,A11
28,B,4,B4,0,88,A1,P10,pair,B7,M15
28,B,5,B5,69,76,K19,N10,pair,L6,E3
28,B,6,B6,23,86,C23,P6,pair,L24,C14
28,B,7,B7,84,58,O1,J22,pair,L19,C15
28,B,8,B8,74,31,M5,F16,pair,D1,C11
28,B,9,B9,81,62,M19,L6,pair,F13,A6
28,B,10,B10,86,13,O5,D4,pair,K10,N15
28,B,11,B11,18,82,C13,N22,pair,C3,N21
28,B,12,B12,64,87,K9,P8,pair,A19,L19
28,B,13,B13,41,62,G11,L6,pair,J22,O18
28,B,14,B14,34,86,E21,P6,pair,P23,M14
28,B,15,B15,94,23,O21,D24,pair,G5,K2
28,B,16,B16,3,66,A7,L14,pair,N21,O18
28,B,17,B17,42,24,G13,F2,pair,B24,M15
28,B,18,B18,51,56,I7,J18,pair,B4,C12
28,B,19,B19,76,10,M9,B22,pair,G17,D15
28,B,20,B20,65,22,K11,D22,pair,N3,K17
28,B,21,B21,30,70,E13,L22,pair,D1,O10
28,B,22,B22,71,94,K23,P22,pair,N23,O18
28,B,23,B23,68,27,K17,F8,pair,C8,E14
28,C,2,C2,63,87,K7,P8,pair,K15,J22
28,C,3,C3,64,35,K9,F24,pair,M14,O18
28,C,4,C4,37,73,G3,N4,pair,A19,J2
28,C,5,C5,36,79,G1,N16,pair,C20,D3
28,C,6,C6,75,6,M7,B14,pair,D1,L19
28,C,7,C7,53,65,I11,L12,pair,D1,N3
28,C,8,C8,43,47,G15,H24,pair,M14,A11
28,C,9,C9,41,70,G11,L22,pair,F19,C12
28,C,10,C10,72,54,M1,J14,pair,C3,G5
28,C,11,C11,57,25,I19,F4,pair,C8,K6
28,C,12,C12,56,75,I17,N8,pair,F2,L24
28,C,13,C13,71,29,K23,F12,pair,F2,C11
28,C,14,C14,46,56,G21,J18,pair,N24,C12
28,C,15,C15,15,0,C7,B2,pair,J18,P20
28,C,16,C16,62,37,K5,H4,pair,I19,O7
28,C,17,C17,26,44,E5,H18,pair,J24,O5
28,C,18,C18,86,65,O5,L12,pair,P8,P14
28,C,19,C19,64,75,K9,N8,pair,A19,P20
28,C,20,C20,46,21,G21,D20,pair,O7,B4
28,C,21,C21,54,82,I13,N22,pair,B4,L24
28,C,22,C22,17,85,C11,P4,pair,J18,C19
28,C,23,C23,87,68,O7,L18,pair,O17,O21
28,D,2,D2,80,58,M17,J22,pair,B24,B7
28,D,3,D3,56,39,I17,H8,pair,D11,K2
28,D,4,D4,31,11,E15,B24,pair,L23,G5
28,D,5,D5,76,15,M9,D8,pair,D15,L11
28,D,6,D6,35,89,E23,P12,pair,P23,O21
28,D,7,D7,52,62,I9,L6,pair,A20,E3
28,D,8,D8,57,24,I19,F2,pair,O17,C11
28,D,9,D9,17,57,C11,J20,pair,K11,P14
28,D,10,D10,37,74,G3,N6,pair,M23,J5
28,D,11,D11,64,54,K9,J14,pair,H20,P20
28,D,12,D12,81,47,M19,H24,pair,D1,E24
28,D,13,D13,24,55,E1,J16,pair,J18,N21
28,D,14,D14,82,23,M21,D24,pair,D6,K17
28,D,15,D15,29,52,E11,J10,pair,N19,O17
28,D,16,D16,40,13,G9,D4,pair,B4,E3
28,D,17,D17,92,88,O17,P10,pair,C8,P16
28,D,18,D18,77,23,M11,D24,pair,P13,A11
28,D,19,D19,79,77,M15,N12,pair,E24,D13
28,D,20,D20,20,11,C17,B24,pair,B24,J2
28,D,21,D21,9,59,A19,J24,pair,K15,N23
28,D,22,D22,12,3,C1,B8,mono,O17,O17
28,D,23,D23,35,5,E23,B12,pair,B4,C15
28,E,2,E2,38,70,G5,L22,pair,F2,K2
28,E,3,E3,40,28,G9,F10,mono,L6,L6
28,E,4,E4,72,30,M1,F14,pair,O7,A11
28,E,5,E5,81,79,M19,N16,pair,D20,A11
28,E,6,E6,4,16,A9,D10,pair,N23,F17
28,E,7,E7,17,5,C11,B12,pair,C15,A11
28,E,8,E8,41,18,G11,D14,pair,P23,A11
28,E,9,E9,88,48,O9,J2,pair,C20,O10
28,E,10,E10,25,17,E3,D12,pair,N24,M14
28,E,11,E11,51,84,I7,P2,pair,N15,P17
28,E,12,E12,7,85,A15,P4,pair,L24,D11
28,E,13,E13,16,46,C9,H22,pair,O5,E3
28,E,14,E14,77,19,M11,D16,pair,L19,C20
28,E,15,E15,44,35,G17,F24,pair,J24,F17
28,E,16,E16,92,46,O17,H22,pair,G5,E24
28,E,17,E17,66,26,K13,F6,pair,C15,P14
28,E,18,E18,47,76,G23,N10,pair,N10,D15
28,E,19,E19,36,85,G1,P4,pair,B4,C8
28,E,20,E20,73,15,M3,D8,pair,N3,D11
28,E,21,E21,23,77,C23,N12,pair,P1,L6
28,E,22,E22,16,15,C9,D8,pair,B24,D20
28,E,23,E23,20,64,C17,L10,pair,P11,O10
28,F,2,F2,65,9,K11,B20,pair,F19,D7
28,F,3,F3,31,71,E15,L24,pair,J18,F13
28,F,4,F4,73,48,M3,J2,pair,B4,O18
28,F,5,F5,7,38,A15,H6,pair,O7,A20
28,F,6,F6,3,25,A7,F4,pair,N23,P14
28,F,7,F7,16,4,C9,B10,pair,B24,B12
28,F,8,F8,45,69,G19,L20,pair,B7,M23
28,F,9,F9,12,49,C1,J4,pair,D20,C11
28,F,10,F10,72,5,M1,B12,pair,K6,L11
28,F,11,F11,62,19,K5,D16,pair,A19,J5
28,F,12,F12,45,31,G19,F16,pair,M14,G8
28,F,13,F13,76,60,M9,L2,pair,F19,D11
28,F,14,F14,35,43,E23,H16,pair,O17,F7
28,F,15,F15,41,30,G11,F14,pair,A5,B24
28,F,16,F16,60,40,K1,H10,pair,B7,K17
28,F,17,F17,52,6,I9,B14,pair,F2,C14
28,F,18,F18,81,55,M19,J16,pair,N3,E3
28,F,19,F19,13,51,C3,J8,pair,J18,K17
28,F,20,F20,89,94,O11,P22,pair,B15,C15
28,F,21,F21,49,88,I3,P10,pair,B4,K6
28,F,22,F22,73,94,M3,P22,pair,M14,J22
28,F,23,F23,4,40,A9,H10,pair,F17,N13
28,G,2,G2,59,91,I23,P16,pair,L24,J2
28,G,3,G3,16,9,C9,B20,pair,C8,P20
28,G,4,G4,78,53,M13,J12,pair,D20,L6
28,G,5,G5,14,38,C5,H6,pair,O7,J22
28,G,6,G6,20,71,C17,L24,pair,D3,P14
28,G,7,G7,22,1,C21,B4,pair,N21,G5
28,G,8,G8,28,90,E9,P14,pair,O7,K17
28,G,9,G9,94,14,O21,D6,pair,K11,F2
28,G,10,G10,28,11,E9,B24,pair,F16,A11
28,G,11,G11,37,2,G3,B6,pair,N24,E14
28,G,12,G12,25,53,E3,J12,pair,O17,F7
28,G,13,G13,61,5,K3,B12,pair,J24,L6
28,G,14,G14,42,62,G13,L6,pair,J24,I19
28,G,15,G15,87,77,O7,N12,pair,C20,D11
28,G,16,G16,45,74,G19,N6,pair,A5,C3
28,G,17,G17,95,36,O23,H2,pair,F17,G8
28,G,18,G18,12,29,C1,F12,pair,N24,O21
28,G,19,G19,61,88,K3,P10,pair,J24,F7
28,G,20,G20,73,66,M3,L14,pair,O24,P16
28,G,21,G21,63,10,K7,B22,pair,C11,E14
28,G,22,G22,85,37,O3,H4,pair,K6,B15
28,G,23,G23,49,7,I3,B16,pair,G8,J5
28,H,2,H2,6,2,A13,B6,pair,P8,G8
28,H,3,H3,39,74,G7,N6,pair,N14,O18
28,H,4,H4,86,89,O5,P12,pair,A5,F2
28,H,5,H5,74,11,M5,B24,pair,L24,F16
28,H,6,H6,33,83,E19,N24,pair,N24,C15
28,H,7,H7,63,57,K7,J20,pair,C12,E14
28,H,8,H8,36,22,G1,D22,pair,D3,J2
28,H,9,H9,17,14,C11,D6,pair,K11,C14
28,H,10,H10,58,7,I21,B16,pair,F2,P13
28,H,11,H11,27,60,E7,L2,pair,B24,P14
28,H,12,H12,76,28,M9,F10,pair,O17,P16
28,H,13,H13,81,2,M19,B6,pair,D6,P23
28,H,14,H14,31,82,E15,N22,pair,C8,C3
28,H,15,H15,61,13,K3,D4,pair,N3,F16
28,H,16,H16,94,73,O21,N4,pair,M23,L11
28,H,17,H17,60,91,K1,P16,pair,D6,C11
28,H,18,H18,51,63,I7,L8,pair,F19,N15
28,H,19,H19,53,35,I11,F24,pair,O24,C14
28,H,20,H20,42,72,G13,N2,pair,B24,E14
28,H,21,H21,30,61,E13,L4,pair,O24,G17
28,H,22,H22,70,81,K21,N20,pair,G17,C19
28,H,23,H23,39,56,G7,J18,pair,N21,E24
28,I,2,I2,10,41,A21,H12,pair,C15,D3
28,I,3,I3,36,38,G1,H6,pair,I19,N10
28,I,4,I4,14,69,C5,L20,pair,O17,J2
28,I,5,I5,49,38,I3,H6,pair,C11,J2
28,I,6,I6,64,47,K9,H24,pair,P20,C15
28,I,7,I7,21,57,C19,J20,pair,L24,G5
28,I,8,I8,25,29,E3,F12,pair,C8,P17
28,I,9,I9,0,50,A1,J6,pair,G17,K6
28,I,10,I10,32,57,E17,J20,pair,O24,A6
28,I,11,I11,19,77,C15,N12,mono,F17,F17
28,I,12,I12,51,82,I7,N22,pair,N24,N19
28,I,13,I13,12,91,C1,P16,pair,D6,D1
28,I,14,I14,47,89,G23,P12,pair,K3,J5
28,I,15,I15,92,54,O17,J14,pair,P1,P8
28,I,16,I16,28,41,E9,H12,pair,M15,N14
28,I,17,I17,19,86,C15,P6,pair,J18,D15
28,I,18,I18,19,88,C15,P10,pair,O7,L6
28,I,19,I19,37,23,G3,D24,pair,P13,F13
28,I,20,I20,53,93,I11,P20,pair,N21,F16
28,I,21,I21,33,66,E19,L14,pair,L19,G5
28,I,22,I22,55,71,I15,L24,pair,I19,P20
28,I,23,I23,90,65,O13,L12,pair,D15,C19
28,J,2,J2,0,13,A1,D4,pair,N19,A6
28,J,3,J3,3,57,A7,J20,pair,A19,A6
28,J,4,J4,55,23,I15,D24,pair,N19,I19
28,J,5,J5,70,93,K21,P20,pair,L23,O21
28,J,6,J6,8,0,A17,B2,pair,O24,L24
28,J,7,J7,67,52,K15,J10,pair,L23,K17
28,J,8,J8,73,11,M3,B24,pair,E14,K2
28,J,9,J9,7,46,A15,H22,pair,F7,G8
28,J,10,J10,16,82,C9,N22,pair,H20,E24
28,J,11,J11,65,33,K11,F20,pair,C19,C15
28,J,12,J12,57,39,I19,H8,pair,E24,J2
28,J,13,J13,67,77,K15,N12,pair,O17,H20
28,J,14,J14,33,46,E19,H22,pair,C3,E24
28,J,15,J15,13,85,C3,P4,pair,K3,K6
28,J,16,J16,11,67,A23,L16,pair,P23,E3
28,J,17,J17,29,27,E11,F8,pair,N10,M14
28,J,18,J18,6,79,A13,N16,pair,M12,N15
28,J,19,J19,5,12,A11,D2,pair,N24,C14
28,J,20,J20,55,5,I15,B12,pair,M15,D13
28,J,21,J21,91,73,O15,N4,pair,L24,F13
28,J,22,J22,31,53,E15,J12,pair,I19,P8
28,J,23,J23,88,2,O9,B6,pair,K15,K17
28,K,2,K2,34,63,E21,L8,pair,F17,E3
28,K,3,K3,15,92,C7,P18,pair,A5,B12
28,K,4,K4,1,30,A3,F14,pair,N10,C14
28,K,5,K5,63,67,K7,L16,pair,D1,H20
28,K,6,K6,52,9,I9,B20,pair,D6,M14
28,K,7,K7,25,11,E3,B24,pair,O24,G8
28,K,8,K8,64,89,K9,P12,pair,L6,E3
28,K,9,K9,92,75,O17,N8,pair,M23,E14
28,K,10,K10,31,58,E15,J22,pair,N19,A6
28,K,11,K11,44,85,G17,P4,pair,J24,N15
28,K,12,K12,76,40,M9,H10,pair,M23,N3
28,K,13,K13,44,87,G17,P8,pair,N3,C12
28,K,14,K14,61,57,K3,J20,pair,G5,F13
28,K,15,K15,17,28,C11,F10,pair,K17,F16
28,K,16,K16,30,46,E13,H22,pair,D1,J22
28,K,17,K17,18,2,C13,B6,pair,G17,F16
28,K,18,K18,41,47,G11,H24,pair,K11,D20
28,K,19,K19,79,55,M15,J16,pair,N21,M15
28,K,20,K20,71,76,K23,N10,pair,L19,C12
28,K,21,K21,78,19,M13,D16,pair,D11,P14
28,K,22,K22,16,33,C9,F20,pair,P8,N3
28,K,23,K23,90,80,O13,N18,pair,O24,C19
28,L,2,L2,51,87,I7,P8,pair,L6,O21
28,L,3,L3,94,62,O21,L6,pair,K15,M23
28,L,4,L4,0,69,A1,L20,pair,P20,O21
28,L,5,L5,9,17,A19,D12,pair,E3,F19
28,L,6,L6,16,88,C9,P10,pair,O5,N21
28,L,7,L7,80,29,M17,F12,pair,O7,E24
28,L,8,L8,35,39,E23,H8,pair,C11,K8
28,L,9,L9,58,78,I21,N14,pair,M12,F13
28,L,10,L10,29,45,E11,H20,pair,D6,K8
28,L,11,L11,94,27,O21,F8,pair,L23,L24
28,L,12,L12,28,43,E9,H16,pair,P11,N13
28,L,13,L13,41,64,G11,L10,pair,D20,F2
28,L,14,L14,21,47,C19,H24,pair,B12,J2
28,L,15,L15,93,85,O19,P4,pair,K6,K2
28,L,16,L16,33,91,E19,P16,pair,P1,L6
28,L,17,L17,64,2,K9,B6,pair,K3,B15
28,L,18,L18,8,83,A17,N24,pair,B24,K2
28,L,19,L19,92,36,O17,H2,pair,D6,D7
28,L,20,L20,0,63,A1,L8,pair,C14,M14
28,L,21,L21,36,66,G1,L14,pair,J24,C11
28,L,22,L22,72,24,M1,F2,pair,O24,E14
28,L,23,L23,82,69,M21,L20,pair,J18,H20
28,M,2,M2,55,17,I15,D12,pair,N21,C19
28,M,3,M3,56,82,I17,N22,pair,O7,C12
28,M,4,M4,15,33,C7,F20,pair,I19,K6
28,M,5,M5,10,50,A21,J6,pair,J18,N13
28,M,6,M6,36,3,G1,B8,pair,D13,O18
28,M,7,M7,20,58,C17,J22,pair,K8,L11
28,M,8,M8,84,48,O1,J2,pair,D15,K2
28,M,9,M9,88,15,O9,D8,pair,B15,P17
28,M,10,M10,42,39,G13,H8,pair,K17,E14
28,M,11,M11,25,40,E3,H10,pair,A6,J22
28,M,12,M12,56,17,I17,D12,pair,F17,L19
28,M,13,M13,33,25,E19,F4,pair,C8,F16
28,M,14,M14,37,64,G3,L10,pair,C11,L11
28,M,15,M15,77,53,M11,J12,pair,J24,N21
28,M,16,M16,41,26,G11,F6,pair,D13,J22
28,M,17,M17,25,4,E3,B10,pair,M15,C19
28,M,18,M18,61,42,K3,H14,pair,C20,G8
28,M,19,M19,7,69,A15,L20,pair,K15,A5
28,M,20,M20,29,69,E11,L20,pair,D20,H20
28,M,21,M21,87,33,O7,F20,pair,A20,E14
28,M,22,M22,10,30,A21,F14,pair,N24,O5
28,M,23,M23,72,84,M1,P2,pair,O5,D13
28,N,2,N2,46,38,G21,H6,pair,F17,K2
28,N,3,N3,46,95,G21,P24,pair,C3,F19
28,N,4,N4,13,26,C3,F6,pair,A6,J2
28,N,5,N5,27,51,E7,J8,pair,P23,P17
28,N,6,N6,90,79,O13,N16,pair,K11,L23
28,N,7,N7,95,1,O23,B4,pair,M23,N21
28,N,8,N8,21,77,C19,N12,pair,J24,P23
28,N,9,N9,43,42,G15,H14,pair,N21,B12
28,N,10,N10,7,58,A15,J22,pair,O7,K6
28,N,11,N11,17,11,C11,B24,mono,A5,A5
28,N,12,N12,67,62,K15,L6,pair,P20,K8
28,N,13,N13,62,12,K5,D2,pair,L23,O18
28,N,14,N14,70,73,K21,N4,pair,N24,J22
28,N,15,N15,9,13,A19,D4,pair,M12,J2
28,N,16,N16,62,74,K5,N6,pair,B7,K3
28,N,17,N17,5,56,A11,J18,pair,N19,P20
28,N,18,N18,20,16,C17,D10,pair,G17,D13
28,N,19,N19,11,18,A23,D14,pair,A5,P14
28,N,20,N20,37,40,G3,H10,pair,B4,F7
28,N,21,N21,78,49,M13,J4,pair,G5,N15
28,N,22,N22,21,53,C19,J12,pair,N21,P17
28,N,23,N23,94,90,O21,P14,pair,O7,P16
28,O,2,O2,11,10,A23,B22,pair,L24,J5
28,O,3,O3,67,59,K15,J24,pair,J18,H20
28,O,4,O4,16,80,C9,N18,pair,B24,J5
28,O,5,O5,19,14,C15,D6,pair,I19,B12
28,O,6,O6,2,55,A5,J16,pair,C3,G8
28,O,7,O7,59,48,I23,J2,pair,P11,D11
28,O,8,O8,61,72,K3,N2,pair,I19,G17
28,O,9,O9,70,61,K21,L4,pair,F19,C19
28,O,10,O10,81,76,M19,N10,pair,P20,K8
28,O,11,O11,16,45,C9,H20,pair,K8,A11
28,O,12,O12,2,59,A5,J24,pair,N19,P14
28,O,13,O13,44,71,G17,L24,pair,K15,N15
28,O,14,O14,72,81,M1,N20,pair,M23,N10
28,O,15,O15,20,69,C17,L20,pair,C8,D7
28,O,16,O16,73,82,M3,N22,pair,F19,D7
28,O,17,O17,70,77,K21,N12,pair,M12,N10
28,O,18,O18,53,7,I11,B16,pair,G5,L11
28,O,19,O19,80,79,M17,N16,pair,N23,P8
28,O,20,O20,81,29,M19,F12,pair,A20,M14
28,O,21,O21,28,26,E9,F6,pair,E24,L11
28,O,22,O22,83,59,M23,J24,pair,N19,B4
28,O,23,O23,21,69,C19,L20,pair,E3,E14
29,B,2,B2,7,64,A15,L10,pair,F2,C12
29,B,3,B3,45,57,G19,J20,pair,O17,P11
29,B,4,B4,2,92,A5,P18,pair,O5,C11
29,B,5,B5,75,66,M7,L14,pair,N19,D6
29,B,6,B6,93,15,O19,D8,pair,O24,B4
29,B,7,B7,15,14,C7,D6,pair,C3,N10
29,B,8,B8,73,5,M3,B12,pair,E3,D11
29,B,9,B9,61,65,K3,L12,pair,P13,A20
29,B,10,B10,85,95,O3,P24,pair,P16,E14
29,B,11,B11,4,94,A9,P22,pair,C19,D11
29,B,12,B12,5,41,A11,H12,pair,K3,P11
29,B,13,B13,23,46,C23,H22,pair,F2,F17
29,B,14,B14,12,77,C1,N12,pair,D1,K6
29,B,15,B15,24,82,E1,N22,pair,P20,P17
29,B,16,B16,13,40,C3,H10,pair,O24,O7
29,B,17,B17,41,23,G11,D24,pair,A5,A6
29,B,18,B18,21,39,C19,H8,pair,F17,C15
29,B,19,B19,50,47,I5,H24,pair,O24,K8
29,B,20,B20,51,29,I7,F12,pair,F17,P20
29,B,21,B21,17,55,C11,J16,pair,A19,G8
29,B,22,B22,87,8,O7,B18,pair,C19,K8
29,B,23,B23,69,63,K19,L8,pair,C14,J2
29,C,2,C2,2,37,A5,H4,pair,A5,N15
29,C,3,C3,82,19,M21,D16,pair,O5,N10
29,C,4,C4,74,9,M5,B20,pair,B24,P23
29,C,5,C5,2,65,A5,L12,pair,H20,O18
29,C,6,C6,81,41,M19,H12,pair,N23,K8
29,C,7,C7,41,34,G11,F22,pair,K11,N3
29,C,8,C8,55,70,I15,L22,pair,L11,J22
29,C,9,C9,19,91,C15,P16,pair,J18,F17
29,C,10,C10,33,24,E19,F2,pair,D7,D11
29,C,11,C11,62,61,K5,L4,pair,B7,K2
29,C,12,C12,74,4,M5,B10,pair,C8,D3
29,C,13,C13,6,8,A13,B18,pair,L24,F7
29,C,14,C14,11,38,A23,H6,pair,I19,K2
29,C,15,C15,37,75,G3,N8,pair,L23,A19
29,C,16,C16,9,5,A19,B12,pair,N21,F16
29,C,17,C17,80,24,M17,F2,pair,B4,K8
29,C,18,C18,51,75,I7,N8,pair,J24,F13
29,C,19,C19,78,0,M13,B2,pair,C11,A6
29,C,20,C20,66,13,K13,D4,pair,F13,J5
29,C,21,C21,64,12,K9,D2,pair,B24,A6
29,C,22,C22,71,65,K23,L12,pair,P11,P14
29,C,23,C23,83,69,M23,L20,pair,F13,K2
29,D,2,D2,62,43,K5,H16,pair,M15,O21
29,D,3,D3,94,93,O21,P20,pair,B12,G5
29,D,4,D4,7,29,A15,F12,pair,B24,D20
29,D,5,D5,19,66,C15,L14,pair,J24,A20
29,D,6,D6,66,29,K13,F12,pair,J24,C19
29,D,7,D7,23,39,C23,H8,pair,N15,E24
29,D,8,D8,49,19,I3,D16,pair,N19,P16
29,D,9,D9,65,52,K11,J10,pair,N3,A6
29,D,10,D10,74,32,M5,F18,pair,O7,N14
29,D,11,D11,52,54,I9,J14,pair,C3,C11
29,D,12,D12,58,61,I21,L4,pair,N19,M23
29,D,13,D13,40,74,G9,N6,pair,N19,P11
29,D,14,D14,4,10,A9,B22,pair,K17,B15
29,D,15,D15,83,35,M23,F24,pair,D6,A20
29,D,16,D16,22,5,C21,B12,pair,D7,P17
29,D,17,D17,25,42,E3,H14,pair,B12,N13
29,D,18,D18,6,35,A13,F24,pair,P23,K2
29,D,19,D19,82,14,M21,D6,pair,C3,C14
29,D,20,D20,63,81,K7,N20,pair,C11,P11
29,D,21,D21,56,77,I17,N12,pair,N15,J22
29,D,22,D22,68,52,K17,J10,pair,B4,K8
29,D,23,D23,34,87,E21,P8,pair,J24,N13
29,E,2,E2,42,7,G13,B16,pair,A5,J5
29,E,3,E3,55,47,I15,H24,pair,L19,K8
29,E,4,E4,90,77,O13,N12,pair,F13,O18
29,E,5,E5,20,35,C17,F24,pair,K3,F7
29,E,6,E6,37,79,G3,N16,pair,O24,C12
29,E,7,E7,73,6,M3,B14,pair,K6,A20
29,E,8,E8,68,37,K17,H4,pair,N3,D7
29,E,9,E9,84,17,O1,D12,pair,A5,J5
29,E,10,E10,10,1,A21,B4,pair,C12,J22
29,E,11,E11,13,33,C3,F20,pair,M15,C20
29,E,12,E12,73,59,M3,J24,pair,L23,F17
29,E,13,E13,43,82,G15,N22,pair,J18,B12
29,E,14,E14,4,65,A9,L12,pair,D6,D3
29,E,15,E15,76,49,M9,J4,pair,J24,H20
29,E,16,E16,84,66,O1,L14,pair,K6,A11
29,E,17,E17,46,35,G21,F24,pair,N19,P13
29,E,18,E18,24,44,E1,H18,pair,L23,N10
29,E,19,E19,7,65,A15,L12,pair,E3,L19
29,E,20,E20,54,49,I13,J4,pair,B4,G17
29,E,21,E21,33,17,E19,D12,pair,K3,M14
29,E,22,E22,49,45,I3,H20,pair,N24,O18
29,E,23,E23,10,2,A21,B6,pair,P13,D7
29,F,2,F2,77,86,M11,P6,pair,A5,B7
29,F,3,F3,8,52,A17,J10,pair,F2,N10
29,F,4,F4,23,62,C23,L6,pair,F17,K6
29,F,5,F5,2,18,A5,D14,pair,K11,P13
29,F,6,F6,25,73,E3,N4,pair,C12,C19
29,F,7,F7,81,12,M19,D2,pair,H20,M14
29,F,8,F8,26,3,E5,B8,pair,H20,A6
29,F,9,F9,69,2,K19,B6,pair,N3,E24
29,F,10,F10,61,38,K3,H6,pair,O7,P20
29,F,11,F11,86,35,O5,F24,pair,B24,O10
29,F,12,F12,31,80,E15,N18,pair,O7,K3
29,F,13,F13,61,54,K3,J14,pair,L24,N15
29,F,14,F14,77,73,M11,N4,pair,J24,P20
29,F,15,F15,78,72,M13,N2,pair,C8,A20
29,F,16,F16,9,83,A19,N24,pair,P13,E3
29,F,17,F17,17,33,C11,F20,pair,C8,L24
29,F,18,F18,92,39,O17,H8,pair,O7,G8
29,F,19,F19,48,1,I1,B4,pair,C11,B12
29,F,20,F20,13,19,C3,D16,pair,P8,C11
29,F,21,F21,2,80,A5,N18,pair,O17,L24
29,F,22,F22,4,48,A9,J2,pair,M23,J5
29,F,23,F23,65,16,K11,D10,pair,P8,A20
29,G,2,G2,55,74,I15,N6,pair,P13,A6
29,G,3,G3,16,35,C9,F24,pair,A5,P23
29,G,4,G4,43,24,G15,F2,pair,A11,P17
29,G,5,G5,88,80,O9,N18,pair,K6,C14
29,G,6,G6,56,69,I17,L20,pair,O5,O21
29,G,7,G7,41,0,G11,B2,pair,K15,P8
29,G,8,G8,59,68,I23,L18,pair,L19,O18
29,G,9,G9,53,85,I11,P4,pair,P11,G8
29,G,10,G10,89,38,O11,H6,pair,F19,N15
29,G,11,G11,59,7,I23,B16,pair,P11,D13
29,G,12,G12,16,57,C9,J20,pair,H20,D7
29,G,13,G13,20,26,C17,F6,pair,P13,H20
29,G,14,G14,62,41,K5,H12,pair,P8,D13
29,G,15,G15,72,71,M1,L24,pair,P1,P13
29,G,16,G16,37,43,G3,H16,pair,K11,N15
29,G,17,G17,71,86,K23,P6,pair,O7,A20
29,G,18,G18,66,21,K13,D20,pair,C11,J22
29,G,19,G19,82,36,M21,H2,pair,I19,D20
29,G,20,G20,9,81,A19,N20,pair,L23,P8
29,G,21,G21,40,57,G9,J20,pair,K11,F16
29,G,22,G22,5,82,A11,N22,pair,P11,E24
29,G,23,G23,40,33,G9,F20,pair,K17,F13
29,H,2,H2,4,0,A9,B2,pair,N19,P17
29,H,3,H3,46,62,G21,L6,pair,L6,C8
29,H,4,H4,15,46,C7,H22,pair,M15,D11
29,H,5,H5,50,81,I5,N20,pair,L23,K8
29,H,6,H6,54,30,I13,F14,pair,N23,C11
29,H,7,H7,77,8,M11,B18,pair,F17,K2
29,H,8,H8,49,11,I3,B24,pair,I19,G5
29,H,9,H9,7,6,A15,B14,pair,C20,D13
29,H,10,H10,40,66,G9,L14,pair,L19,F16
29,H,11,H11,21,65,C19,L12,pair,B24,C11
29,H,12,H12,95,53,O23,J12,pair,B15,J22
29,H,13,H13,9,0,A19,B2,pair,D11,F13
29,H,14,H14,46,45,G21,H20,pair,F2,G5
29,H,15,H15,35,8,E23,B18,pair,L6,H20
29,H,16,H16,78,60,M13,L2,pair,M12,D7
29,H,17,H17,10,64,A21,L10,pair,C15,O10
29,H,18,H18,36,13,G1,D4,pair,M23,N21
29,H,19,H19,83,43,M23,H16,pair,A5,J2
29,H,20,H20,90,2,O13,B6,pair,N24,K10
29,H,21,H21,47,10,G23,B22,pair,P1,J22
29,H,22,H22,30,51,E13,J8,pair,L24,E14
29,H,23,H23,66,19,K13,D16,pair,P16,P14
29,I,2,I2,32,11,E17,B24,pair,I19,C8
29,I,3,I3,32,43,E17,H16,pair,L23,M14
29,I,4,I4,66,38,K13,H6,pair,N19,K10
29,I,5,I5,60,77,K1,N12,pair,N14,E14
29,I,6,I6,28,79,E9,N16,pair,O24,D11
29,I,7,I7,92,83,O17,N24,pair,J18,P14
29,I,8,I8,91,28,O15,F10,pair,C20,A11
29,I,9,I9,57,4,I19,B10,pair,F13,O18
29,I,10,I10,60,26,K1,F6,pair,N15,F7
29,I,11,I11,86,8,O5,B18,pair,C20,N13
29,I,12,I12,33,51,E19,J8,pair,D11,L11
29,I,13,I13,20,90,C17,P14,pair,O7,D7
29,I,14,I14,44,84,G17,P2,pair,C19,P14
29,I,15,I15,56,20,I17,D18,pair,B24,J18
29,I,16,I16,41,48,G11,J2,pair,B12,N10
29,I,17,I17,53,94,I11,P22,pair,K11,B4
29,I,18,I18,45,42,G19,H14,pair,D20,J5
29,I,19,I19,94,81,O21,N20,pair,C20,M14
29,I,20,I20,29,20,E11,D18,pair,N3,L19
29,I,21,I21,7,94,A15,P22,pair,C19,F7
29,I,22,I22,85,86,O3,P6,pair,N21,C15
29,I,23,I23,20,40,C17,H10,pair,O24,E24
29,J,2,J2,49,18,I3,D14,pair,K11,D15
29,J,3,J3,1,18,A3,D14,pair,N14,C15
29,J,4,J4,13,72,C3,N2,pair,I19,J2
29,J,5,J5,46,92,G21,P18,pair,K17,E24
29,J,6,J6,15,56,C7,J18,pair,B24,C3
29,J,7,J7,67,65,K15,L12,pair,D1,B15
29,J,8,J8,45,3,G19,B8,pair,P1,J5
29,J,9,J9,24,5,E1,B12,pair,O24,P8
29,J,10,J10,74,89,M5,P12,pair,N21,D3
29,J,11,J11,56,58,I17,J22,pair,C12,A11
29,J,12,J12,7,16,A15,D10,pair,N21,H20
29,J,13,J13,62,59,K5,J24,pair,C14,O10
29,J,14,J14,67,71,K15,L24,pair,C11,M14
29,J,15,J15,49,55,I3,J16,pair,D6,J18
29,J,16,J16,56,32,I17,F18,pair,P11,D13
29,J,17,J17,38,30,G5,F14,pair,O17,B15
29,J,18,J18,7,10,A15,B22,pair,N14,O21
29,J,19,J19,33,93,E19,P20,pair,L6,B15
29,J,20,J20,60,57,K1,J20,pair,C12,G5
29,J,21,J21,84,80,O1,N18,pair,K8,N13
29,J,22,J22,19,92,C15,P18,pair,D20,F16
29,J,23,J23,77,49,M11,J4,pair,K11,B4
29,K,2,K2,31,19,E15,D16,pair,H20,L24
29,K,3,K3,29,9,E11,B20,pair,D15,E14
29,K,4,K4,82,0,M21,B2,pair,P8,P11
29,K,5,K5,36,55,G1,J16,pair,F17,E24
29,K,6,K6,72,87,M1,P8,pair,L6,K8
29,K,7,K7,82,91,M21,P16,pair,L6,P13
29,K,8,K8,61,79,K3,N16,pair,M23,C12
29,K,9,K9,79,19,M15,D16,pair,N24,N19
29,K,10,K10,41,20,G11,D18,pair,A5,D13
29,K,11,K11,48,25,I1,F4,pair,F19,D3
29,K,12,K12,38,59,G5,J24,pair,A5,M23
29,K,13,K13,68,30,K17,F14,pair,D6,D1
29,K,14,K14,57,86,I19,P6,pair,N21,A11
29,K,15,K15,51,88,I7,P10,pair,O17,M15
29,K,16,K16,20,51,C17,J8,pair,B7,H20
29,K,17,K17,44,9,G17,B20,pair,K10,P23
29,K,18,K18,58,82,I21,N22,pair,D11,G5
29,K,19,K19,41,46,G11,H22,pair,L23,D11
29,K,20,K20,83,55,M23,J16,pair,C3,B12
29,K,21,K21,63,4,K7,B10,pair,N23,O10
29,K,22,K22,65,92,K11,P18,pair,K11,D7
29,K,23,K23,15,41,C7,H12,pair,O5,F7
29,L,2,L2,81,14,M19,D6,pair,L11,P17
29,L,3,L3,15,34,C7,F22,pair,O17,K8
29,L,4,L4,65,2,K11,B6,pair,K11,D1
29,L,5,L5,95,80,O23,N18,pair,D7,E14
29,L,6,L6,26,62,E5,L6,pair,N19,A20
29,L,7,L7,22,70,C21,L22,pair,N15,D13
29,L,8,L8,61,12,K3,D2,pair,M23,P16
29,L,9,L9,62,33,K5,F20,pair,E24,A11
29,L,10,L10,85,71,O3,L24,pair,I19,C11
29,L,11,L11,40,54,G9,J14,pair,K6,O18
29,L,12,L12,82,52,M21,J10,pair,N23,E24
29,L,13,L13,41,14,G11,D6,pair,F19,C15
29,L,14,L14,80,69,M17,L20,pair,M12,O10
29,L,15,L15,24,20,E1,D18,pair,B24,E3
29,L,16,L16,57,0,I19,B2,pair,O5,P13
29,L,17,L17,64,90,K9,P14,pair,P1,C8
29,L,18,L18,10,80,A21,N18,pair,D6,A11
29,L,19,L19,30,77,E13,N12,pair,D15,D13
29,L,20,L20,59,29,I23,F12,pair,P23,C3
29,L,21,L21,64,11,K9,B24,pair,C11,F7
29,L,22,L22,4,88,A9,P10,pair,G17,K3
29,L,23,L23,58,59,I21,J24,pair,P20,G5
29,M,2,M2,53,71,I11,L24,pair,L23,N14
29,M,3,M3,92,86,O17,P6,pair,A19,C14
29,M,4,M4,47,87,G23,P8,pair,F19,P14
29,M,5,M5,27,80,E7,N18,pair,F17,J5
29,M,6,M6,2,68,A5,L18,mono,D6,D6
29,M,7,M7,67,22,K15,D22,pair,A19,D15
29,M,8,M8,51,33,I7,F20,pair,C11,C14
29,M,9,M9,92,14,O17,D6,pair,N24,M12
29,M,10,M10,40,90,G9,P14,pair,P23,D7
29,M,11,M11,56,40,I17,H10,pair,P16,D11
29,M,12,M12,28,82,E9,N22,pair,M23,C14
29,M,13,M13,61,74,K3,N6,pair,B7,G17
29,M,14,M14,6,51,A13,J8,pair,P20,P17
29,M,15,M15,12,92,C1,P18,pair,D1,J5
29,M,16,M16,73,39,M3,H8,pair,O24,E3
29,M,17,M17,46,53,G21,J12,pair,D6,A20
29,M,18,M18,91,56,O15,J18,pair,P23,F19
29,M,19,M19,62,86,K5,P6,pair,D20,K17
29,M,20,M20,64,18,K9,D14,pair,N19,P13
29,M,21,M21,38,25,G5,F4,pair,P11,O18
29,M,22,M22,78,23,M13,D24,pair,N24,C14
29,M,23,M23,88,47,O9,H24,pair,B4,A6
29,N,2,N2,85,3,O3,B8,pair,B12,N15
29,N,3,N3,19,62,C15,L6,pair,N24,D13
29,N,4,N4,29,51,E11,J8,pair,C8,A19
29,N,5,N5,52,1,I9,B4,pair,K6,N15
29,N,6,N6,94,2,O21,B6,pair,N23,L24
29,N,7,N7,21,93,C19,P20,pair,J24,A20
29,N,8,N8,92,5,O17,B12,pair,C12,O10
29,N,9,N9,64,45,K9,H20,pair,B7,C11
29,N,10,N10,23,48,C23,J2,pair,I19,C19
29,N,11,N11,74,36,M5,H2,pair,O7,O5
29,N,12,N12,45,1,G19,B4,pair,M23,C15
29,N,13,N13,45,84,G19,P2,pair,K11,N10
29,N,14,N14,1,11,A3,B24,pair,C11,C20
29,N,15,N15,75,76,M7,N10,pair,A20,F13
29,N,16,N16,24,41,E1,H12,pair,P1,K6
29,N,17,N17,81,61,M19,L4,pair,B4,N15
29,N,18,N18,85,10,O3,B22,pair,C8,L24
29,N,19,N19,74,60,M5,L2,pair,B4,G17
29,N,20,N20,86,79,O5,N16,pair,K15,P13
29,N,21,N21,54,1,I13,B4,pair,D6,M23
29,N,22,N22,61,59,K3,J24,pair,B12,A6
29,N,23,N23,57,10,I19,B22,pair,D7,O10
29,O,2,O2,55,59,I15,J24,pair,F13,P14
29,O,3,O3,77,47,M11,H24,pair,A11,O18
29,O,4,O4,43,32,G15,F18,pair,C11,G5
29,O,5,O5,89,24,O11,F2,pair,J24,K10
29,O,6,O6,14,41,C5,H12,pair,P11,L11
29,O,7,O7,13,2,C3,B6,pair,C3,A20
29,O,8,O8,77,48,M11,J2,pair,K3,P14
29,O,9,O9,75,35,M7,F24,pair,K15,N10
29,O,10,O10,70,3,K21,B8,pair,D15,K8
29,O,11,O11,18,36,C13,H2,pair,O5,O21
29,O,12,O12,62,65,K5,L12,pair,J18,P11
29,O,13,O13,46,64,G21,L10,pair,O24,G5
29,O,14,O14,68,17,K17,D12,pair,P17,J2
29,O,15,O15,26,84,E5,P2,pair,K3,L19
29,O,16,O16,42,5,G13,B12,pair,O21,G8
29,O,17,O17,47,48,G23,J2,pair,O7,D1
29,O,18,O18,90,11,O13,B24,pair,A19,P16
29,O,19,O19,6,16,A13,D10,pair,B4,K6
29,O,20,O20,9,6,A19,B14,pair,K10,A20
29,O,21,O21,89,10,O11,B22,pair,F2,E3
29,O,22,O22,92,28,O17,F10,pair,B12,D15
29,O,23,O23,34,26,E21,F6,pair,A20,E24
30,B,2,B2,90,71,O13,L24,pair,D20,N10
30,B,3,B3,77,70,M11,L22,pair,O7,F2
30,B,4,B4,35,94,E23,P22,pair,H20,C14
30,B,5,B5,78,36,M13,H2,pair,D1,G8
30,B,6,B6,78,73,M13,N4,pair,N21,J5
30,B,7,B7,86,70,O5,L22,pair,P1,F7
30,B,8,B8,47,2,G23,B6,pair,B7,E3
30,B,9,B9,23,16,C23,D10,pair,H20,A6
30,B,10,B10,87,84,O7,P2,pair,D6,M12
30,B,11,B11,65,10,K11,B22,pair,K10,N14
30,B,12,B12,53,67,I11,L16,pair,J24,N10
30,B,13,B13,15,27,C7,F8,pair,I19,L11
30,B,14,B14,88,72,O9,N2,pair,H20,F19
30,B,15,B15,11,50,A23,J6,pair,P1,L11
30,B,16,B16,69,75,K19,N8,pair,K11,G8
30,B,17,B17,87,4,O7,B10,pair,F16,L11
30,B,18,B18,36,63,G1,L8,pair,E3,C15
30,B,19,B19,4,28,A9,F10,pair,N15,A11
30,B,20,B20,80,39,M17,H8,pair,K15,C11
30,B,21,B21,95,50,O23,J6,pair,A6,O18
30,B,22,B22,12,67,C1,L16,pair,K15,K11
30,B,23,B23,70,18,K21,D14,pair,K10,A11
30,C,2,C2,39,23,G7,D24,pair,O24,P17
30,C,3,C3,6,45,A13,H20,pair,K11,N21
30,C,4,C4,47,80,G23,N18,pair,N24,C8
30,C,5,C5,77,62,M11,L6,pair,B12,K2
30,C,6,C6,75,59,M7,J24,pair,L23,D15
30,C,7,C7,18,12,C13,D2,pair,O7,L19
30,C,8,C8,92,47,O17,H24,pair,O7,P20
30,C,9,C9,7,20,A15,D18,pair,C20,J22
30,C,10,C10,65,19,K11,D16,pair,G17,D1
30,C,11,C11,78,67,M13,L16,pair,F17,D3
30,C,12,C12,21,76,C19,N10,pair,P1,M23
30,C,13,C13,25,80,E3,N18,pair,D6,P20
30,C,14,C14,34,57,E21,J20,pair,N21,N15
30,C,15,C15,58,90,I21,P14,pair,D1,P14
30,C,16,C16,41,51,G11,J8,pair,P20,N14
30,C,17,C17,9,27,A19,F8,pair,D11,E14
30,C,18,C18,47,8,G23,B18,pair,C15,L11
30,C,19,C19,79,68,M15,L18,pair,L19,O21
30,C,20,C20,89,6,O11,B14,pair,C20,D11
30,C,21,C21,85,76,O3,N10,mono,M15,M15
30,C,22,C22,35,69,E23,L20,pair,P20,F16
30,C,23,C23,86,55,O5,J16,pair,E3,N10
30,D,2,D2,74,59,M5,J24,pair,B24,A19
30,D,3,D3,1,4,A3,B10,pair,O17,P13
30,D,4,D4,39,37,G7,H4,pair,E3,C20
30,D,5,D5,6,25,A13,F4,pair,D3,P17
30,D,6,D6,48,79,I1,N16,pair,O17,G5
30,D,7,D7,65,56,K11,J18,pair,C14,N13
30,D,8,D8,5,92,A11,P18,pair,K11,A19
30,D,9,D9,82,47,M21,H24,pair,I19,K8
30,D,10,D10,78,85,M13,P4,pair,A20,N13
30,D,11,D11,68,76,K17,N10,pair,N21,N10
30,D,12,D12,15,83,C7,N24,pair,L19,C19
30,D,13,D13,36,72,G1,N2,pair,O24,C8
30,D,14,D14,74,63,M5,L8,pair,B15,G5
30,D,15,D15,29,77,E11,N12,pair,N15,N13
30,D,16,D16,55,41,I15,H12,pair,G17,M14
30,D,17,D17,8,10,A17,B22,pair,C12,C15
30,D,18,D18,50,7,I5,B16,pair,P1,P17
30,D,19,D19,46,10,G21,B22,pair,J24,K17
30,D,20,D20,90,39,O13,H8,pair,K10,O18
30,D,21,D21,51,91,I7,P16,pair,K6,E3
30,D,22,D22,94,80,O21,N18,pair,G17,A6
30,D,23,D23,9,39,A19,H8,pair,P13,L24
30,E,2,E2,35,49,E23,J4,pair,O24,C11
30,E,3,E3,21,80,C19,N18,pair,N23,C8
30,E,4,E4,11,92,A23,P18,pair,C12,K8
30,E,5,E5,75,8,M7,B18,pair,C20,A6
30,E,6,E6,54,86,I13,P6,mono,C15,C15
30,E,7,E7,29,11,E11,B24,pair,E3,D15
30,E,8,E8,3,62,A7,L6,pair,F17,J2
30,E,9,E9,10,20,A21,D18,pair,J18,C20
30,E,10,E10,51,8,I7,B18,pair,D1,M15
30,E,11,E11,67,13,K15,D4,pair,J18,E14
30,E,12,E12,77,56,M11,J18,pair,F17,A19
30,E,13,E13,22,43,C21,H16,pair,A19,O18
30,E,14,E14,28,51,E9,J8,pair,K11,O5
30,E,15,E15,27,48,E7,J2,pair,F13,C14
30,E,16,E16,71,41,K23,H12,pair,P16,C19
30,E,17,E17,48,36,I1,H2,pair,J24,L11
30,E,18,E18,8,72,A17,N2,pair,J24,N14
30,E,19,E19,7,40,A15,H10,pair,E14,P14
30,E,20,E20,18,88,C13,P10,pair,L23,C20
30,E,21,E21,5,44,A11,H18,pair,D6,O21
30,E,22,E22,29,92,E11,P18,pair,O7,C3
30,E,23,E23,53,55,I11,J16,pair,C14,D3
30,F,2,F2,3,91,A7,P16,pair,F17,L11
30,F,3,F3,71,16,K23,D10,pair,B4,A20
30,F,4,F4,8,46,A17,H22,pair,B24,N15
30,F,5,F5,20,41,C17,H12,pair,B7,O17
30,F,6,F6,14,95,C5,P24,pair,O21,F16
30,F,7,F7,63,1,K7,B4,pair,H20,C19
30,F,8,F8,24,62,E1,L6,pair,C3,K3
30,F,9,F9,12,5,C1,B12,pair,M15,J22
30,F,10,F10,58,54,I21,J14,pair,A11,O18
30,F,11,F11,37,77,G3,N12,pair,F19,D13
30,F,12,F12,33,48,E19,J2,pair,P8,D1
30,F,13,F13,18,60,C13,L2,pair,D6,K6
30,F,14,F14,50,14,I5,D6,pair,P16,O21
30,F,15,F15,37,7,G3,B16,pair,O7,P11
30,F,16,F16,85,79,O3,N16,pair,C3,E14
30,F,17,F17,25,93,E3,P20,pair,K10,K3
30,F,18,F18,52,51,I9,J8,pair,C12,J2
30,F,19,F19,79,16,M15,D10,pair,O24,D20
30,F,20,F20,20,43,C17,H16,pair,G5,F13
30,F,21,F21,57,35,I19,F24,pair,P1,F17
30,F,22,F22,84,71,O1,L24,pair,G17,D3
30,F,23,F23,84,12,O1,D2,pair,F17,A19
30,G,2,G2,39,25,G7,F4,pair,J24,P11
30,G,3,G3,54,67,I13,L16,pair,I19,N3
30,G,4,G4,49,8,I3,B18,pair,A20,A6
30,G,5,G5,70,45,K21,H20,pair,F2,O21
30,G,6,G6,10,22,A21,D22,pair,N24,P14
30,G,7,G7,92,1,O17,B4,pair,P1,C3
30,G,8,G8,26,28,E5,F10,pair,N24,C19
30,G,9,G9,87,20,O7,D18,pair,N19,A20
30,G,10,G10,66,4,K13,B10,pair,M15,K8
30,G,11,G11,21,3,C19,B8,pair,P23,L6
30,G,12,G12,46,19,G21,D16,pair,D20,B4
30,G,13,G13,9,63,A19,L8,pair,K15,P16
30,G,14,G14,57,27,I19,F8,pair,M23,C12
30,G,15,G15,91,80,O15,N18,pair,B4,A19
30,G,16,G16,75,36,M7,H2,pair,K10,P13
30,G,17,G17,76,95,M9,P24,pair,J24,E24
30,G,18,G18,84,7,O1,B16,pair,A19,P20
30,G,19,G19,55,50,I15,J6,pair,D1,J22
30,G,20,G20,12,59,C1,J24,pair,O5,F13
30,G,21,G21,44,23,G17,D24,pair,O5,H20
30,G,22,G22,47,93,G23,P20,pair,F2,L19
30,G,23,G23,16,81,C9,N20,pair,N21,F7
30,H,2,H2,68,90,K17,P14,pair,M15,C14
30,H,3,H3,18,63,C13,L8,pair,B4,L11
30,H,4,H4,66,67,K13,L16,pair,B4,M23
30,H,5,H5,18,10,C13,B22,pair,N14,O10
30,H,6,H6,31,86,E15,P6,pair,N23,J5
30,H,7,H7,58,64,I21,L10,pair,J24,F2
30,H,8,H8,45,19,G19,D16,pair,N24,D15
30,H,9,H9,41,56,G11,J18,pair,G5,P14
30,H,10,H10,33,26,E19,F6,pair,C20,N14
30,H,11,H11,5,9,A11,B20,pair,P20,K2
30,H,12,H12,24,80,E1,N18,pair,A19,D7
30,H,13,H13,48,16,I1,D10,pair,A5,C14
30,H,14,H14,86,9,O5,B20,pair,O17,A6
30,H,15,H15,39,59,G7,J24,pair,F7,E14
30,H,16,H16,13,39,C3,H8,pair,G17,F13
30,H,17,H17,89,44,O11,H18,pair,G5,K2
30,H,18,H18,2,22,A5,D22,pair,F17,P11
30,H,19,H19,50,56,I5,J18,pair,O5,F19
30,H,20,H20,40,34,G9,F22,pair,J18,C11
30,H,21,H21,91,89,O15,P12,pair,N19,G5
30,H,22,H22,11,32,A23,F18,pair,D1,F13
30,H,23,H23,61,24,K3,F2,pair,A20,O10
30,I,2,I2,54,23,I13,D24,pair,A5,L24
30,I,3,I3,72,19,M1,D16,pair,L6,A19
30,I,4,I4,29,43,E11,H16,pair,N24,C15
30,I,5,I5,24,77,E1,N12,pair,K11,N13
30,I,6,I6,21,50,C19,J6,pair,O24,O5
30,I,7,I7,8,32,A17,F18,pair,N10,C12
30,I,8,I8,52,5,I9,B12,pair,F19,N14
30,I,9,I9,94,26,O21,F6,pair,O17,P14
30,I,10,I10,80,13,M17,D4,pair,G8,N13
30,I,11,I11,16,60,C9,L2,pair,C8,N13
30,I,12,I12,32,1,E17,B4,pair,D6,O17
30,I,13,I13,89,64,O11,L10,pair,P20,D3
30,I,14,I14,32,28,E17,F10,pair,P11,J2
30,I,15,I15,39,10,G7,B22,pair,C11,B15
30,I,16,I16,39,1,G7,B4,pair,D7,J5
30,I,17,I17,5,55,A11,J16,pair,J24,C14
30,I,18,I18,65,35,K11,F24,pair,J24,N13
30,I,19,I19,48,24,I1,F2,mono,K2,K2
30,I,20,I20,58,15,I21,D8,pair,N21,D7
30,I,21,I21,63,11,K7,B24,pair,B24,E14
30,I,22,I22,80,8,M17,B18,pair,K11,J22
30,I,23,I23,61,83,K3,N24,pair,K2,P17
30,J,2,J2,76,77,M9,N12,pair,D20,A11
30,J,3,J3,74,68,M5,L18,pair,O5,K17
30,J,4,J4,49,6,I3,B14,pair,M23,F7
30,J,5,J5,13,75,C3,N8,pair,O24,M14
30,J,6,J6,83,76,M23,N10,pair,P13,G8
30,J,7,J7,29,44,E11,H18,pair,N19,M23
30,J,8,J8,62,44,K5,H18,pair,K10,J18
30,J,9,J9,48,7,I1,B16,pair,D20,F13
30,J,10,J10,70,13,K21,D4,pair,F19,P17
30,J,11,J11,61,49,K3,J4,pair,N19,K8
30,J,12,J12,55,24,I15,F2,pair,N23,N15
30,J,13,J13,49,39,I3,H8,pair,J18,A11
