dest_plate,dest_row,dest_col,dest_well,fwd_idx,rev_idx,fwd_source_well,rev_source_well,plate_role,well_type,strain1,strain2,vol1_nL,vol2_nL,total_inoculum_nL,log2_inoculum_ratio,separation_bp
1,B,2,B2,22,46,C21,H22,primary_sequenced,pair,D9,E8,100,100,200,0.0,45
1,B,3,B3,40,8,G9,B18,primary_sequenced,pair,K12,D15,100,100,200,0.0,280
1,B,4,B4,79,55,M15,J16,primary_sequenced,pair,N18,O14,100,100,200,0.0,25
1,B,5,B5,47,83,G23,N24,primary_sequenced,pair,D24,J19,100,100,200,0.0,221
1,B,6,B6,51,60,I7,L2,primary_sequenced,pair,A7,C3,100,100,200,0.0,167
1,B,7,B7,77,59,M11,J24,primary_sequenced,mono,H8,H8,100,0,100,,-1
1,B,8,B8,3,9,A7,B20,primary_sequenced,pair,A13,J14,100,100,200,0.0,20
1,B,9,B9,5,34,A11,F22,primary_sequenced,techrep,H23,D24,100,100,200,0.0,213
1,B,10,B10,32,93,E17,P20,primary_sequenced,pair,D2,E5,100,100,200,0.0,17
1,B,11,B11,79,93,M15,P20,primary_sequenced,ratio,G21,P15,25,175,200,-2.807354922057604,220
1,B,12,B12,3,89,A7,P12,primary_sequenced,density,F15,O21,100,100,200,0.0,44
1,B,13,B13,86,43,O5,H16,primary_sequenced,mono,C14,C14,200,0,200,,-1
1,B,14,B14,23,55,C23,J16,primary_sequenced,techrep,A9,P4,100,100,200,0.0,49
1,B,15,B15,33,40,E19,H10,primary_sequenced,density,C22,O7,50,50,100,0.0,191
1,B,16,B16,90,59,O13,J24,primary_sequenced,pair,A20,O12,100,100,200,0.0,198
1,B,17,B17,22,33,C21,F20,primary_sequenced,pair,E4,L2,100,100,200,0.0,235
1,B,18,B18,20,25,C17,F4,primary_sequenced,ratio,E21,P15,150,50,200,1.584962500721156,266
1,B,19,B19,32,69,E17,L20,primary_sequenced,mono,P15,P15,200,0,200,,-1
1,B,20,B20,1,80,A3,N18,primary_sequenced,mono,P7,P7,100,0,100,,-1
1,B,21,B21,25,40,E3,H10,primary_sequenced,mono,P14,P14,100,0,100,,-1
1,B,22,B22,57,78,I19,N14,primary_sequenced,techrep,E20,G16,100,100,200,0.0,241
1,B,23,B23,27,14,E7,D6,primary_sequenced,pair,D17,B24,100,100,200,0.0,112
1,C,2,C2,40,74,G9,N6,primary_sequenced,mono,N10,N10,100,0,100,,-1
1,C,3,C3,3,19,A7,D16,primary_sequenced,pair,C16,D4,100,100,200,0.0,273
1,C,4,C4,16,43,C9,H16,primary_sequenced,pair,L24,A2,100,100,200,0.0,134
1,C,5,C5,20,27,C17,F8,primary_sequenced,ratio,E10,M11,100,100,200,0.0,20
1,C,6,C6,81,27,M19,F8,primary_sequenced,pair,M23,N9,100,100,200,0.0,285
1,C,7,C7,65,86,K11,P6,primary_sequenced,pair,H2,H5,100,100,200,0.0,271
1,C,8,C8,14,18,C5,D14,primary_sequenced,mono,B20,B20,100,0,100,,-1
1,C,9,C9,81,30,M19,F14,primary_sequenced,mono,I12,I12,100,0,100,,-1
1,C,10,C10,46,52,G21,J10,primary_sequenced,pair,H15,M4,100,100,200,0.0,247
1,C,11,C11,19,0,C15,B2,primary_sequenced,mono,K1,K1,200,0,200,,-1
1,C,12,C12,25,2,E3,B6,primary_sequenced,pair,J22,O8,100,100,200,0.0,189
1,C,13,C13,31,15,E15,D8,primary_sequenced,techrep,D6,B5,100,100,200,0.0,174
1,C,14,C14,68,95,K17,P24,primary_sequenced,ratio,G21,P15,50,150,200,-1.5849625007211563,220
1,C,15,C15,14,89,C5,P12,primary_sequenced,mono,H16,H16,200,0,200,,-1
1,C,16,C16,52,58,I9,J22,primary_sequenced,pair,K10,I4,100,100,200,0.0,343
1,C,17,C17,66,9,K13,B20,primary_sequenced,mono,O19,O19,200,0,200,,-1
1,C,18,C18,2,46,A5,H22,primary_sequenced,pair,J15,D17,100,100,200,0.0,17
1,C,19,C19,0,72,A1,N2,primary_sequenced,mono,B9,B9,200,0,200,,-1
1,C,20,C20,25,91,E3,P16,primary_sequenced,mono,G9,G9,200,0,200,,-1
1,C,21,C21,0,82,A1,N22,primary_sequenced,pair,M6,A2,100,100,200,0.0,65
1,C,22,C22,39,18,G7,D14,primary_sequenced,pair,P11,J5,100,100,200,0.0,97
1,C,23,C23,89,84,O11,P2,primary_sequenced,mono,H2,H2,200,0,200,,-1
1,D,2,D2,51,42,I7,H14,primary_sequenced,pair,L8,K16,100,100,200,0.0,197
1,D,3,D3,19,3,C15,B8,primary_sequenced,ratio,E10,M11,25,175,200,-2.807354922057604,20
1,D,4,D4,86,80,O5,N18,primary_sequenced,mono,B21,B21,200,0,200,,-1
1,D,5,D5,35,94,E23,P22,primary_sequenced,pair,J22,J23,100,100,200,0.0,172
1,D,6,D6,83,60,M23,L2,primary_sequenced,mono,P24,P24,100,0,100,,-1
1,D,7,D7,4,15,A9,D8,primary_sequenced,pair,F14,L18,100,100,200,0.0,65
1,D,8,D8,90,35,O13,F24,primary_sequenced,mono,D21,D21,100,0,100,,-1
1,D,9,D9,55,17,I15,D12,primary_sequenced,mono,M4,M4,200,0,200,,-1
1,D,10,D10,77,14,M11,D6,primary_sequenced,techrep,N10,J4,100,100,200,0.0,349
1,D,11,D11,18,26,C13,F6,primary_sequenced,pair,M4,I23,100,100,200,0.0,323
1,D,12,D12,3,14,A7,D6,primary_sequenced,pair,P13,J8,100,100,200,0.0,175
1,D,13,D13,9,91,A19,P16,primary_sequenced,pair,M15,P15,100,100,200,0.0,129
1,D,14,D14,79,11,M15,B24,primary_sequenced,pair,I14,M24,100,100,200,0.0,123
1,D,15,D15,40,76,G9,N10,primary_sequenced,pair,F16,O4,100,100,200,0.0,246
1,D,16,D16,87,79,O7,N16,primary_sequenced,pair,E12,L23,100,100,200,0.0,233
1,D,17,D17,20,62,C17,L6,primary_sequenced,pair,C24,D4,100,100,200,0.0,191
1,D,18,D18,47,63,G23,L8,primary_sequenced,mono,P9,P9,200,0,200,,-1
1,D,19,D19,29,46,E11,H22,primary_sequenced,pair,D3,K17,100,100,200,0.0,20
1,D,20,D20,86,64,O5,L10,primary_sequenced,pair,E19,N15,100,100,200,0.0,201
1,D,21,D21,71,60,K23,L2,primary_sequenced,techrep,B11,I3,100,100,200,0.0,185
1,D,22,D22,43,13,G15,D4,primary_sequenced,mono,C16,C16,200,0,200,,-1
1,D,23,D23,16,12,C9,D2,primary_sequenced,mono,B14,B14,200,0,200,,-1
1,E,2,E2,31,40,E15,H10,primary_sequenced,mono,E5,E5,100,0,100,,-1
1,E,3,E3,50,92,I5,P18,primary_sequenced,mono,M21,M21,100,0,100,,-1
1,E,4,E4,8,37,A17,H4,primary_sequenced,pair,J8,P4,100,100,200,0.0,167
1,E,5,E5,15,64,C7,L10,primary_sequenced,ratio,E18,O21,150,50,200,1.584962500721156,36
1,E,6,E6,67,72,K15,N2,primary_sequenced,mono,L2,L2,100,0,100,,-1
1,E,7,E7,35,9,E23,B20,primary_sequenced,mono,E3,E3,100,0,100,,-1
1,E,8,E8,78,91,M13,P16,primary_sequenced,pair,J16,P3,100,100,200,0.0,22
1,E,9,E9,39,65,G7,L12,primary_sequenced,mono,H1,H1,100,0,100,,-1
1,E,10,E10,79,65,M15,L12,primary_sequenced,pair,O18,D3,100,100,200,0.0,134
1,E,11,E11,52,2,I9,B6,primary_sequenced,techrep,P1,D19,100,100,200,0.0,28
1,E,12,E12,28,44,E9,H18,primary_sequenced,pair,E20,E7,100,100,200,0.0,16
1,E,13,E13,48,80,I1,N18,primary_sequenced,pair,K12,O19,100,100,200,0.0,348
1,E,14,E14,40,29,G9,F12,primary_sequenced,pair,B15,J9,100,100,200,0.0,51
1,E,15,E15,63,75,K7,N8,primary_sequenced,pair,J5,B17,100,100,200,0.0,98
1,E,16,E16,10,20,A21,D18,primary_sequenced,techrep,H10,G11,100,100,200,0.0,35
1,E,17,E17,87,68,O7,L18,primary_sequenced,mono,J21,J21,200,0,200,,-1
1,E,18,E18,37,85,G3,P4,primary_sequenced,pair,C24,D1,100,100,200,0.0,198
1,E,19,E19,72,57,M1,J20,primary_sequenced,ratio,E10,F17,25,175,200,-2.807354922057604,29
1,E,20,E20,49,67,I3,L16,primary_sequenced,techrep,M9,M11,100,100,200,0.0,179
1,E,21,E21,63,14,K7,D6,primary_sequenced,pair,A8,L2,100,100,200,0.0,233
1,E,22,E22,19,14,C15,D6,primary_sequenced,pair,G8,O20,100,100,200,0.0,21
1,E,23,E23,51,85,I7,P4,primary_sequenced,mono,F18,F18,100,0,100,,-1
1,F,2,F2,79,17,M15,D12,primary_sequenced,pair,P16,H24,100,100,200,0.0,294
1,F,3,F3,25,61,E3,L4,primary_sequenced,techrep,P6,J15,100,100,200,0.0,142
1,F,4,F4,85,74,O3,N6,primary_sequenced,pair,E15,D5,100,100,200,0.0,236
1,F,5,F5,72,6,M1,B14,primary_sequenced,pair,C10,I6,100,100,200,0.0,260
1,F,6,F6,40,73,G9,N4,primary_sequenced,density,F15,G7,200,200,400,0.0,20
1,F,7,F7,37,30,G3,F14,primary_sequenced,pair,P21,P12,100,100,200,0.0,272
1,F,8,F8,73,8,M3,B18,primary_sequenced,mono,P8,P8,200,0,200,,-1
1,F,9,F9,70,8,K21,B18,primary_sequenced,techrep,F15,G8,100,100,200,0.0,19
1,F,10,F10,86,62,O5,L6,primary_sequenced,pair,J23,I11,100,100,200,0.0,190
1,F,11,F11,3,64,A7,L10,primary_sequenced,techrep,D19,E6,100,100,200,0.0,154
1,F,12,F12,43,74,G15,N6,primary_sequenced,density,F15,O21,200,200,400,0.0,44
1,F,13,F13,40,56,G9,J18,primary_sequenced,density,F15,O21,50,50,100,0.0,44
1,F,14,F14,27,17,E7,D12,primary_sequenced,pair,C4,D23,100,100,200,0.0,38
1,F,15,F15,88,86,O9,P6,primary_sequenced,pair,F21,F12,100,100,200,0.0,157
1,F,16,F16,24,40,E1,H10,primary_sequenced,mono,B5,B5,200,0,200,,-1
1,F,17,F17,67,42,K15,H14,primary_sequenced,pair,M8,D10,100,100,200,0.0,262
1,F,18,F18,46,31,G21,F16,primary_sequenced,mono,B24,B24,200,0,200,,-1
1,F,19,F19,37,95,G3,P24,primary_sequenced,mono,E21,E21,200,0,200,,-1
1,F,20,F20,35,33,E23,F20,primary_sequenced,pair,A18,N8,100,100,200,0.0,246
1,F,21,F21,18,30,C13,F14,primary_sequenced,pair,L16,B16,100,100,200,0.0,256
1,F,22,F22,30,65,E13,L12,primary_sequenced,techrep,C6,H22,100,100,200,0.0,178
1,F,23,F23,64,3,K9,B8,primary_sequenced,mono,H24,H24,100,0,100,,-1
1,G,2,G2,29,82,E11,N22,primary_sequenced,mono,H12,H12,200,0,200,,-1
1,G,3,G3,20,56,C17,J18,primary_sequenced,pair,F8,O10,100,100,200,0.0,53
1,G,4,G4,7,78,A15,N14,primary_sequenced,pair,H9,A20,100,100,200,0.0,16
1,G,5,G5,54,87,I13,P8,primary_sequenced,techrep,H12,O6,100,100,200,0.0,303
1,G,6,G6,30,78,E13,N14,primary_sequenced,pair,F13,I3,100,100,200,0.0,166
1,G,7,G7,20,12,C17,D2,primary_sequenced,mono,H6,H6,100,0,100,,-1
1,G,8,G8,55,66,I15,L14,primary_sequenced,mono,E8,E8,200,0,200,,-1
1,G,9,G9,30,42,E13,H14,primary_sequenced,pair,B3,E19,100,100,200,0.0,233
1,G,10,G10,15,88,C7,P10,primary_sequenced,pair,F22,O6,100,100,200,0.0,300
1,G,11,G11,65,12,K11,D2,primary_sequenced,density,C22,O7,200,200,400,0.0,191
1,G,12,G12,23,90,C23,P14,primary_sequenced,mono,C9,C9,100,0,100,,-1
1,G,13,G13,70,85,K21,P4,primary_sequenced,pair,I6,C16,100,100,200,0.0,287
1,G,14,G14,86,31,O5,F16,primary_sequenced,pair,B20,H8,100,100,200,0.0,28
1,G,15,G15,67,9,K15,B20,primary_sequenced,pair,C11,G20,100,100,200,0.0,21
1,G,16,G16,40,21,G9,D20,primary_sequenced,mono,L10,L10,100,0,100,,-1
1,G,17,G17,72,10,M1,B22,primary_sequenced,pair,D20,K16,100,100,200,0.0,364
1,G,18,G18,92,62,O17,L6,primary_sequenced,mono,K17,K17,200,0,200,,-1
1,G,19,G19,44,89,G17,P12,primary_sequenced,techrep,B24,E10,100,100,200,0.0,229
1,G,20,G20,76,55,M9,J16,primary_sequenced,mono,J15,J15,200,0,200,,-1
1,G,21,G21,84,12,O1,D2,primary_sequenced,mono,J5,J5,200,0,200,,-1
1,G,22,G22,66,14,K13,D6,primary_sequenced,ratio,F7,G8,175,25,200,2.807354922057604,18
1,G,23,G23,12,80,C1,N18,primary_sequenced,pair,P23,O12,100,100,200,0.0,325
1,H,2,H2,36,63,G1,L8,primary_sequenced,mono,I4,I4,200,0,200,,-1
1,H,3,H3,32,29,E17,F12,primary_sequenced,mono,A5,A5,100,0,100,,-1
1,H,4,H4,49,39,I3,H8,primary_sequenced,mono,F20,F20,100,0,100,,-1
1,H,5,H5,88,65,O9,L12,primary_sequenced,pair,K11,L18,100,100,200,0.0,127
1,H,6,H6,15,19,C7,D16,primary_sequenced,mono,L12,L12,100,0,100,,-1
1,H,7,H7,59,28,I23,F10,primary_sequenced,mono,O12,O12,200,0,200,,-1
1,H,8,H8,11,72,A23,N2,primary_sequenced,density,E16,P17,200,200,400,0.0,219
1,H,9,H9,71,79,K23,N16,primary_sequenced,pair,O10,G12,100,100,200,0.0,17
1,H,10,H10,49,32,I3,F18,primary_sequenced,ratio,E10,F17,100,100,200,0.0,29
1,H,11,H11,10,12,A21,D2,primary_sequenced,pair,H20,A23,100,100,200,0.0,206
1,H,12,H12,84,68,O1,L18,primary_sequenced,pair,D7,A21,100,100,200,0.0,341
1,H,13,H13,33,26,E19,F6,primary_sequenced,pair,P1,C3,100,100,200,0.0,32
1,H,14,H14,1,60,A3,L2,primary_sequenced,mono,C23,C23,100,0,100,,-1
1,H,15,H15,10,80,A21,N18,primary_sequenced,pair,K5,G21,100,100,200,0.0,120
1,H,16,H16,12,74,C1,N6,primary_sequenced,mono,A3,A3,200,0,200,,-1
1,H,17,H17,47,43,G23,H16,primary_sequenced,techrep,O23,I15,100,100,200,0.0,93
1,H,18,H18,40,84,G9,P2,primary_sequenced,pair,P22,A15,100,100,200,0.0,224
1,H,19,H19,87,90,O7,P14,primary_sequenced,techrep,B18,C23,100,100,200,0.0,190
1,H,20,H20,88,54,O9,J14,primary_sequenced,pair,N9,N4,100,100,200,0.0,303
1,H,21,H21,60,43,K1,H16,primary_sequenced,ratio,G21,P15,150,50,200,1.584962500721156,220
1,H,22,H22,82,46,M21,H22,primary_sequenced,pair,A13,L15,100,100,200,0.0,19
1,H,23,H23,52,67,I9,L16,primary_sequenced,pair,A5,M8,100,100,200,0.0,171
1,I,2,I2,92,60,O17,L2,primary_sequenced,ratio,E10,M11,50,150,200,-1.5849625007211563,20
1,I,3,I3,84,93,O1,P20,primary_sequenced,pair,P14,C12,100,100,200,0.0,243
1,I,4,I4,58,33,I21,F20,primary_sequenced,mono,N24,N24,100,0,100,,-1
1,I,5,I5,32,15,E17,D8,primary_sequenced,pair,G9,O17,100,100,200,0.0,273
1,I,6,I6,15,21,C7,D20,primary_sequenced,ratio,E21,P15,175,25,200,2.807354922057604,266
1,I,7,I7,90,15,O13,D8,primary_sequenced,techrep,C1,D12,100,100,200,0.0,202
1,I,8,I8,73,2,M3,B6,primary_sequenced,mono,F10,F10,200,0,200,,-1
1,I,9,I9,77,89,M11,P12,primary_sequenced,mono,C1,C1,100,0,100,,-1
1,I,10,I10,93,0,O19,B2,primary_sequenced,ratio,E10,F17,50,150,200,-1.5849625007211563,29
1,I,11,I11,21,18,C19,D14,primary_sequenced,mono,B23,B23,100,0,100,,-1
1,I,12,I12,66,34,K13,F22,primary_sequenced,pair,J9,P20,100,100,200,0.0,42
1,I,13,I13,50,32,I5,F18,primary_sequenced,mono,P6,P6,200,0,200,,-1
1,I,14,I14,75,77,M7,N12,primary_sequenced,pair,N8,P16,100,100,200,0.0,329
1,I,15,I15,15,91,C7,P16,primary_sequenced,ratio,F7,G8,150,50,200,1.584962500721156,18
1,I,16,I16,71,11,K23,B24,primary_sequenced,techrep,A16,D6,100,100,200,0.0,218
1,I,17,I17,70,28,K21,F10,primary_sequenced,techrep,L23,H2,100,100,200,0.0,173
1,I,18,I18,74,60,M5,L2,primary_sequenced,pair,A22,C14,100,100,200,0.0,147
1,I,19,I19,73,27,M3,F8,primary_sequenced,pair,P2,E12,100,100,200,0.0,305
1,I,20,I20,5,56,A11,J18,primary_sequenced,pair,C21,A17,100,100,200,0.0,34
1,I,21,I21,70,18,K21,D14,primary_sequenced,pair,F17,H10,100,100,200,0.0,254
1,I,22,I22,15,17,C7,D12,primary_sequenced,pair,D22,I9,100,100,200,0.0,269
1,I,23,I23,7,72,A15,N2,primary_sequenced,pair,M11,J24,100,100,200,0.0,337
1,J,2,J2,0,77,A1,N12,primary_sequenced,techrep,L22,C14,100,100,200,0.0,221
1,J,3,J3,35,67,E23,L16,primary_sequenced,mono,A11,A11,100,0,100,,-1
1,J,4,J4,18,90,C13,P14,primary_sequenced,pair,I7,O1,100,100,200,0.0,40
1,J,5,J5,32,63,E17,L8,primary_sequenced,pair,O19,H22,100,100,200,0.0,229
1,J,6,J6,41,75,G11,N8,primary_sequenced,pair,I12,E20,100,100,200,0.0,89
1,J,7,J7,3,20,A7,D18,primary_sequenced,ratio,E18,O21,100,100,200,0.0,36
1,J,8,J8,59,9,I23,B20,primary_sequenced,mono,G10,G10,200,0,200,,-1
1,J,9,J9,15,56,C7,J18,primary_sequenced,density,C22,O7,100,100,200,0.0,191
1,J,10,J10,63,7,K7,B16,primary_sequenced,pair,D14,J21,100,100,200,0.0,297
1,J,11,J11,39,10,G7,B22,primary_sequenced,mono,P2,P2,200,0,200,,-1
1,J,12,J12,65,25,K11,F4,primary_sequenced,pair,M20,L17,100,100,200,0.0,191
1,J,13,J13,81,47,M19,H24,primary_sequenced,pair,I17,H17,100,100,200,0.0,129
1,J,14,J14,19,72,C15,N2,primary_sequenced,techrep,N19,F12,100,100,200,0.0,239
1,J,15,J15,53,85,I11,P4,primary_sequenced,mono,O7,O7,200,0,200,,-1
1,J,16,J16,43,53,G15,J12,primary_sequenced,mono,E14,E14,100,0,100,,-1
1,J,17,J17,21,14,C19,D6,primary_sequenced,pair,G22,J24,100,100,200,0.0,290
1,J,18,J18,11,45,A23,H20,primary_sequenced,pair,C16,L19,100,100,200,0.0,273
1,J,19,J19,11,79,A23,N16,primary_sequenced,mono,E11,E11,200,0,200,,-1
1,J,20,J20,3,40,A7,H10,primary_sequenced,ratio,E21,P15,100,100,200,0.0,266
1,J,21,J21,82,72,M21,N2,primary_sequenced,pair,O16,A15,100,100,200,0.0,259
1,J,22,J22,64,59,K9,J24,primary_sequenced,mono,D11,D11,100,0,100,,-1
1,J,23,J23,45,35,G19,F24,primary_sequenced,pair,G4,G18,100,100,200,0.0,160
1,K,2,K2,53,91,I11,P16,primary_sequenced,pair,E8,E14,100,100,200,0.0,264
1,K,3,K3,94,55,O21,J16,primary_sequenced,pair,B17,M12,100,100,200,0.0,70
1,K,4,K4,69,28,K19,F10,primary_sequenced,pair,H15,G23,100,100,200,0.0,190
1,K,5,K5,11,53,A23,J12,primary_sequenced,pair,K18,O4,100,100,200,0.0,305
1,K,6,K6,65,35,K11,F24,primary_sequenced,pair,M11,F3,100,100,200,0.0,28
1,K,7,K7,0,88,A1,P10,primary_sequenced,ratio,E10,F17,175,25,200,2.807354922057604,29
1,K,8,K8,34,38,E21,H6,primary_sequenced,mono,D1,D1,200,0,200,,-1
1,K,9,K9,11,74,A23,N6,primary_sequenced,mono,B13,B13,100,0,100,,-1
1,K,10,K10,55,12,I15,D2,primary_sequenced,mono,G16,G16,100,0,100,,-1
1,K,11,K11,62,7,K5,B16,primary_sequenced,pair,G1,B7,100,100,200,0.0,38
1,K,12,K12,85,52,O3,J10,primary_sequenced,pair,K21,G4,100,100,200,0.0,100
1,K,13,K13,47,61,G23,L4,primary_sequenced,pair,P23,F8,100,100,200,0.0,270
1,K,14,K14,15,73,C7,N4,primary_sequenced,techrep,F13,L7,100,100,200,0.0,189
1,K,15,K15,78,30,M13,F14,primary_sequenced,techrep,B8,H17,100,100,200,0.0,42
1,K,16,K16,95,42,O23,H14,primary_sequenced,ratio,F7,G8,25,175,200,-2.807354922057604,18
1,K,17,K17,57,89,I19,P12,primary_sequenced,techrep,B23,A5,100,100,200,0.0,210
1,K,18,K18,21,93,C19,P20,primary_sequenced,ratio,E18,O21,25,175,200,-2.807354922057604,36
1,K,19,K19,78,86,M13,P6,primary_sequenced,density,F15,G7,100,100,200,0.0,20
1,K,20,K20,14,80,C5,N18,primary_sequenced,pair,F10,N20,100,100,200,0.0,361
1,K,21,K21,76,33,M9,F20,primary_sequenced,ratio,E10,M11,175,25,200,2.807354922057604,20
1,K,22,K22,29,60,E11,L2,primary_sequenced,pair,I21,K1,100,100,200,0.0,260
1,K,23,K23,39,29,G7,F12,primary_sequenced,mono,C17,C17,100,0,100,,-1
1,L,2,L2,29,70,E11,L22,primary_sequenced,pair,L2,C4,100,100,200,0.0,172
1,L,3,L3,61,18,K3,D14,primary_sequenced,mono,M18,M18,200,0,200,,-1
1,L,4,L4,3,5,A7,B12,primary_sequenced,pair,C12,A16,100,100,200,0.0,257
1,L,5,L5,35,28,E23,F10,primary_sequenced,pair,D16,M5,100,100,200,0.0,253
1,L,6,L6,30,50,E13,J6,primary_sequenced,ratio,E21,P15,50,150,200,-1.5849625007211563,266
1,L,7,L7,59,40,I23,H10,primary_sequenced,pair,G22,B14,100,100,200,0.0,163
1,L,8,L8,33,38,E19,H6,primary_sequenced,pair,G19,F6,100,100,200,0.0,256
1,L,9,L9,82,61,M21,L4,primary_sequenced,mono,F16,F16,200,0,200,,-1
1,L,10,L10,88,93,O9,P20,primary_sequenced,pair,F21,P19,100,100,200,0.0,226
1,L,11,L11,4,3,A9,B8,primary_sequenced,pair,G8,G21,100,100,200,0.0,225
1,L,12,L12,8,46,A17,H22,primary_sequenced,pair,G23,F4,100,100,200,0.0,138
1,L,13,L13,38,46,G5,H22,primary_sequenced,pair,A18,H9,100,100,200,0.0,303
1,L,14,L14,50,44,I5,H18,primary_sequenced,pair,C7,H4,100,100,200,0.0,189
1,L,15,L15,62,57,K5,J20,primary_sequenced,techrep,F23,E10,100,100,200,0.0,214
1,L,16,L16,74,14,M5,D6,primary_sequenced,mono,B22,B22,100,0,100,,-1
1,L,17,L17,5,85,A11,P4,primary_sequenced,mono,I2,I2,100,0,100,,-1
1,L,18,L18,86,59,O5,J24,primary_sequenced,techrep,A24,O18,100,100,200,0.0,110
1,L,19,L19,7,33,A15,F20,primary_sequenced,ratio,E18,O21,175,25,200,2.807354922057604,36
1,L,20,L20,92,14,O17,D6,primary_sequenced,ratio,G21,P15,100,100,200,0.0,220
1,L,21,L21,34,44,E21,H18,primary_sequenced,pair,H1,K18,100,100,200,0.0,305
1,L,22,L22,55,42,I15,H14,primary_sequenced,pair,P14,H20,100,100,200,0.0,277
1,L,23,L23,8,54,A17,J14,primary_sequenced,pair,I20,A16,100,100,200,0.0,599
1,M,2,M2,61,14,K3,D6,primary_sequenced,mono,B18,B18,200,0,200,,-1
1,M,3,M3,66,86,K13,P6,primary_sequenced,mono,K6,K6,200,0,200,,-1
1,M,4,M4,28,8,E9,B18,primary_sequenced,ratio,E18,O21,50,150,200,-1.5849625007211563,36
1,M,5,M5,34,20,E21,D18,primary_sequenced,mono,C18,C18,100,0,100,,-1
1,M,6,M6,68,30,K17,F14,primary_sequenced,ratio,E10,M11,150,50,200,1.584962500721156,20
1,M,7,M7,31,50,E15,J6,primary_sequenced,density,F15,G7,50,50,100,0.0,20
1,M,8,M8,79,35,M15,F24,primary_sequenced,ratio,E10,F17,150,50,200,1.584962500721156,29
1,M,9,M9,86,72,O5,N2,primary_sequenced,pair,B11,J7,100,100,200,0.0,69
1,M,10,M10,8,90,A17,P14,primary_sequenced,pair,E18,O1,100,100,200,0.0,121
1,M,11,M11,20,93,C17,P20,primary_sequenced,mono,I8,I8,100,0,100,,-1
1,M,12,M12,9,74,A19,N6,primary_sequenced,mono,J4,J4,200,0,200,,-1
1,M,13,M13,4,83,A9,N24,primary_sequenced,ratio,F7,G8,50,150,200,-1.5849625007211563,18
1,M,14,M14,32,87,E17,P8,primary_sequenced,pair,M11,C10,100,100,200,0.0,21
1,M,15,M15,49,15,I3,D8,primary_sequenced,mono,E6,E6,100,0,100,,-1
1,M,16,M16,11,38,A23,H6,primary_sequenced,mono,G22,G22,100,0,100,,-1
1,M,17,M17,47,44,G23,H18,primary_sequenced,mono,A8,A8,200,0,200,,-1
1,M,18,M18,75,60,M7,L2,primary_sequenced,techrep,H13,K4,100,100,200,0.0,80
1,M,19,M19,0,56,A1,J18,primary_sequenced,pair,I15,E16,100,100,200,0.0,262
1,M,20,M20,11,13,A23,D4,primary_sequenced,pair,E20,F6,100,100,200,0.0,82
1,M,21,M21,14,1,C5,B4,primary_sequenced,pair,F14,A10,100,100,200,0.0,300
1,M,22,M22,27,79,E7,N16,primary_sequenced,mono,E20,E20,100,0,100,,-1
1,M,23,M23,25,89,E3,P12,primary_sequenced,pair,A14,C3,100,100,200,0.0,172
1,N,2,N2,81,22,M19,D22,primary_sequenced,mono,H23,H23,200,0,200,,-1
1,N,3,N3,83,70,M23,L22,primary_sequenced,pair,I18,M5,100,100,200,0.0,185
1,N,4,N4,19,66,C15,L14,primary_sequenced,pair,M10,O24,100,100,200,0.0,166
1,N,5,N5,21,57,C19,J20,primary_sequenced,pair,K6,M7,100,100,200,0.0,84
1,N,6,N6,35,22,E23,D22,primary_sequenced,mono,H7,H7,200,0,200,,-1
1,N,7,N7,1,88,A3,P10,primary_sequenced,pair,D11,C15,100,100,200,0.0,133
1,N,8,N8,7,36,A15,H2,primary_sequenced,pair,G24,J9,100,100,200,0.0,147
1,N,9,N9,67,94,K15,P22,primary_sequenced,ratio,G21,P15,175,25,200,2.807354922057604,220
1,N,10,N10,72,51,M1,J8,primary_sequenced,ratio,E21,P15,25,175,200,-2.807354922057604,266
1,N,11,N11,19,70,C15,L22,primary_sequenced,mono,M2,M2,100,0,100,,-1
1,N,12,N12,77,47,M11,H24,primary_sequenced,pair,D8,E11,100,100,200,0.0,260
1,N,13,N13,62,73,K5,N4,primary_sequenced,mono,A15,A15,200,0,200,,-1
1,N,14,N14,52,17,I9,D12,primary_sequenced,pair,I23,N21,100,100,200,0.0,196
1,N,15,N15,89,53,O11,J12,primary_sequenced,mono,E16,E16,100,0,100,,-1
1,N,16,N16,22,32,C21,F18,primary_sequenced,techrep,P5,A17,100,100,200,0.0,38
1,N,17,N17,27,18,E7,D14,primary_sequenced,pair,L21,E8,100,100,200,0.0,18
1,N,18,N18,68,52,K17,J10,primary_sequenced,mono,L8,L8,200,0,200,,-1
1,N,19,N19,94,15,O21,D8,primary_sequenced,mono,E12,E12,100,0,100,,-1
1,N,20,N20,1,63,A3,L8,primary_sequenced,mono,M23,M23,100,0,100,,-1
1,N,21,N21,42,26,G13,F6,primary_sequenced,pair,H17,P4,100,100,200,0.0,41
1,N,22,N22,73,50,M3,J6,primary_sequenced,pair,O24,O5,100,100,200,0.0,174
1,N,23,N23,23,48,C23,J2,primary_sequenced,ratio,F7,G8,100,100,200,0.0,18
1,O,2,O2,68,12,K17,D2,primary_sequenced,pair,C9,F12,100,100,200,0.0,238
1,O,3,O3,22,44,C21,H18,primary_sequenced,mono,E13,E13,100,0,100,,-1
1,O,4,O4,82,17,M21,D12,primary_sequenced,mono,C5,C5,200,0,200,,-1
1,O,5,O5,28,18,E9,D14,primary_sequenced,pair,G14,D24,100,100,200,0.0,163
1,O,6,O6,74,62,M5,L6,primary_sequenced,density,E16,P17,100,100,200,0.0,219
1,O,7,O7,37,34,G3,F22,primary_sequenced,mono,J22,J22,200,0,200,,-1
1,O,8,O8,32,39,E17,H8,primary_sequenced,mono,J20,J20,200,0,200,,-1
1,O,9,O9,79,3,M15,B8,primary_sequenced,density,E16,P17,50,50,100,0.0,219
1,O,10,O10,75,90,M7,P14,primary_sequenced,mono,O17,O17,100,0,100,,-1
1,O,11,O11,40,75,G9,N8,primary_sequenced,mono,O2,O2,200,0,200,,-1
1,O,12,O12,7,50,A15,J6,primary_sequenced,pair,M22,C4,100,100,200,0.0,190
1,O,13,O13,70,84,K21,P2,primary_sequenced,pair,A11,C13,100,100,200,0.0,96
1,O,14,O14,43,40,G15,H10,primary_sequenced,techrep,I8,N11,100,100,200,0.0,83
1,O,15,O15,44,74,G17,N6,primary_sequenced,pair,D21,J16,100,100,200,0.0,120
1,O,16,O16,92,66,O17,L14,primary_sequenced,mono,D15,D15,200,0,200,,-1
1,O,17,O17,72,49,M1,J4,primary_sequenced,pair,I5,K8,100,100,200,0.0,253
1,O,18,O18,60,44,K1,H18,primary_sequenced,mono,K20,K20,200,0,200,,-1
1,O,19,O19,59,78,I23,N14,primary_sequenced,techrep,K14,B9,100,100,200,0.0,83
1,O,20,O20,80,81,M17,N20,primary_sequenced,mono,E9,E9,100,0,100,,-1
1,O,21,O21,36,56,G1,J18,primary_sequenced,pair,D18,H20,100,100,200,0.0,300
1,O,22,O22,39,45,G7,H20,primary_sequenced,pair,D21,O17,100,100,200,0.0,42
1,O,23,O23,63,37,K7,H4,primary_sequenced,pair,N13,B9,100,100,200,0.0,176
2,B,2,B2,26,33,E5,F20,primary_sequenced,ratio,E20,P11,175,25,200,2.807354922057604,17
2,B,3,B3,18,80,C13,N18,primary_sequenced,pair,O12,M9,100,100,200,0.0,268
2,B,4,B4,76,7,M9,B16,primary_sequenced,mono,H13,H13,100,0,100,,-1
2,B,5,B5,15,61,C7,L4,primary_sequenced,mono,N4,N4,100,0,100,,-1
2,B,6,B6,85,39,O3,H8,primary_sequenced,pair,M9,M19,100,100,200,0.0,113
2,B,7,B7,92,74,O17,N6,primary_sequenced,mono,O5,O5,100,0,100,,-1
2,B,8,B8,41,24,G11,F2,primary_sequenced,mono,I1,I1,100,0,100,,-1
2,B,9,B9,20,58,C17,J22,primary_sequenced,mono,C21,C21,200,0,200,,-1
2,B,10,B10,9,8,A19,B18,primary_sequenced,pair,F16,D13,100,100,200,0.0,254
2,B,11,B11,87,63,O7,L8,primary_sequenced,mono,A24,A24,100,0,100,,-1
2,B,12,B12,80,23,M17,D24,primary_sequenced,pair,C16,N21,100,100,200,0.0,241
2,B,13,B13,84,34,O1,F22,primary_sequenced,pair,K20,F2,100,100,200,0.0,136
2,B,14,B14,16,7,C9,B16,primary_sequenced,pair,P6,M6,100,100,200,0.0,203
2,B,15,B15,56,68,I17,L18,primary_sequenced,techrep,D16,F14,100,100,200,0.0,255
2,B,16,B16,53,75,I11,N8,primary_sequenced,mono,P24,P24,200,0,200,,-1
2,B,17,B17,21,54,C19,J14,primary_sequenced,pair,F14,H8,100,100,200,0.0,69
2,B,18,B18,94,76,O21,N10,primary_sequenced,mono,O21,O21,200,0,200,,-1
2,B,19,B19,47,75,G23,N8,primary_sequenced,pair,E13,F22,100,100,200,0.0,230
2,B,20,B20,31,93,E15,P20,primary_sequenced,pair,P23,O1,100,100,200,0.0,170
2,B,21,B21,81,66,M19,L14,primary_sequenced,ratio,E20,P11,50,150,200,-1.5849625007211563,17
2,B,22,B22,43,69,G15,L20,primary_sequenced,pair,E1,G24,100,100,200,0.0,271
2,B,23,B23,40,0,G9,B2,primary_sequenced,pair,H16,F9,100,100,200,0.0,249
2,C,2,C2,40,10,G9,B22,primary_sequenced,pair,M2,E5,100,100,200,0.0,114
2,C,3,C3,73,39,M3,H8,primary_sequenced,pair,J19,A23,100,100,200,0.0,243
2,C,4,C4,12,72,C1,N2,primary_sequenced,mono,M2,M2,200,0,200,,-1
2,C,5,C5,13,82,C3,N22,primary_sequenced,ratio,D23,G9,150,50,200,1.584962500721156,302
2,C,6,C6,55,40,I15,H10,primary_sequenced,techrep,G1,M20,100,100,200,0.0,191
2,C,7,C7,14,62,C5,L6,primary_sequenced,mono,K13,K13,200,0,200,,-1
2,C,8,C8,85,38,O3,H6,primary_sequenced,pair,I1,F11,100,100,200,0.0,179
2,C,9,C9,26,42,E5,H14,primary_sequenced,pair,J12,K1,100,100,200,0.0,96
2,C,10,C10,70,37,K21,H4,primary_sequenced,mono,L5,L5,200,0,200,,-1
2,C,11,C11,13,26,C3,F6,primary_sequenced,density,F23,O9,200,200,400,0.0,273
2,C,12,C12,71,80,K23,N18,primary_sequenced,pair,N10,K12,100,100,200,0.0,238
2,C,13,C13,82,52,M21,J10,primary_sequenced,pair,L10,M24,100,100,200,0.0,18
2,C,14,C14,82,50,M21,J6,primary_sequenced,pair,O11,F12,100,100,200,0.0,301
2,C,15,C15,26,13,E5,D4,primary_sequenced,mono,A1,A1,100,0,100,,-1
2,C,16,C16,57,48,I19,J2,primary_sequenced,pair,O11,N6,100,100,200,0.0,209
2,C,17,C17,57,37,I19,H4,primary_sequenced,pair,E3,G13,100,100,200,0.0,98
2,C,18,C18,43,91,G15,P16,primary_sequenced,pair,E16,F12,100,100,200,0.0,308
2,C,19,C19,25,55,E3,J16,primary_sequenced,mono,E4,E4,100,0,100,,-1
2,C,20,C20,52,77,I9,N12,primary_sequenced,pair,E20,C18,100,100,200,0.0,16
2,C,21,C21,53,17,I11,D12,primary_sequenced,techrep,B11,I3,100,100,200,0.0,185
2,C,22,C22,8,22,A17,D22,primary_sequenced,pair,N5,N2,100,100,200,0.0,-1
2,C,23,C23,57,65,I19,L12,primary_sequenced,techrep,B23,A5,100,100,200,0.0,210
2,D,2,D2,85,72,O3,N2,primary_sequenced,techrep,L23,H2,100,100,200,0.0,173
2,D,3,D3,12,49,C1,J4,primary_sequenced,mono,G12,G12,100,0,100,,-1
2,D,4,D4,54,42,I13,H14,primary_sequenced,pair,N21,I21,100,100,200,0.0,304
2,D,5,D5,70,33,K21,F20,primary_sequenced,pair,M17,E21,100,100,200,0.0,248
2,D,6,D6,34,36,E21,H2,primary_sequenced,pair,M17,P23,100,100,200,0.0,185
2,D,7,D7,70,5,K21,B12,primary_sequenced,ratio,C20,O19,175,25,200,2.807354922057604,137
2,D,8,D8,48,14,I1,D6,primary_sequenced,mono,D2,D2,200,0,200,,-1
2,D,9,D9,60,70,K1,L22,primary_sequenced,pair,N8,O22,100,100,200,0.0,347
2,D,10,D10,12,0,C1,B2,primary_sequenced,pair,B11,G12,100,100,200,0.0,262
2,D,11,D11,47,9,G23,B20,primary_sequenced,techrep,N15,K9,100,100,200,0.0,197
2,D,12,D12,34,93,E21,P20,primary_sequenced,pair,L1,D9,100,100,200,0.0,309
2,D,13,D13,84,70,O1,L22,primary_sequenced,pair,O24,K21,100,100,200,0.0,203
2,D,14,D14,95,18,O23,D14,primary_sequenced,mono,G20,G20,100,0,100,,-1
2,D,15,D15,92,9,O17,B20,primary_sequenced,ratio,E20,P11,100,100,200,0.0,17
2,D,16,D16,79,89,M15,P12,primary_sequenced,pair,K21,D19,100,100,200,0.0,116
2,D,17,D17,41,52,G11,J10,primary_sequenced,mono,M3,M3,100,0,100,,-1
2,D,18,D18,90,68,O13,L18,primary_sequenced,pair,C17,N14,100,100,200,0.0,301
2,D,19,D19,30,54,E13,J14,primary_sequenced,pair,J17,K4,100,100,200,0.0,145
2,D,20,D20,67,43,K15,H16,primary_sequenced,mono,L14,L14,200,0,200,,-1
2,D,21,D21,76,38,M9,H6,primary_sequenced,pair,A5,E23,100,100,200,0.0,233
2,D,22,D22,54,73,I13,N4,primary_sequenced,density,F23,O9,100,100,200,0.0,273
2,D,23,D23,91,87,O15,P8,primary_sequenced,mono,A19,A19,200,0,200,,-1
2,E,2,E2,30,17,E13,D12,primary_sequenced,mono,B11,B11,200,0,200,,-1
2,E,3,E3,62,3,K5,B8,primary_sequenced,pair,A18,F20,100,100,200,0.0,333
2,E,4,E4,30,57,E13,J20,primary_sequenced,mono,A5,A5,200,0,200,,-1
2,E,5,E5,66,44,K13,H18,primary_sequenced,pair,P6,E21,100,100,200,0.0,260
2,E,6,E6,5,12,A11,D2,primary_sequenced,techrep,K6,J12,100,100,200,0.0,299
2,E,7,E7,72,48,M1,J2,primary_sequenced,pair,B19,H9,100,100,200,0.0,308
2,E,8,E8,55,37,I15,H4,primary_sequenced,pair,L1,N7,100,100,200,0.0,203
2,E,9,E9,63,21,K7,D20,primary_sequenced,mono,P23,P23,100,0,100,,-1
2,E,10,E10,48,22,I1,D22,primary_sequenced,pair,J16,J22,100,100,200,0.0,25
2,E,11,E11,57,33,I19,F20,primary_sequenced,ratio,F5,M19,25,175,200,-2.807354922057604,149
2,E,12,E12,49,92,I3,P18,primary_sequenced,pair,F19,D10,100,100,200,0.0,191
2,E,13,E13,54,86,I13,P6,primary_sequenced,pair,K21,P19,100,100,200,0.0,135
2,E,14,E14,32,27,E17,F8,primary_sequenced,density,E6,O9,200,200,400,0.0,234
2,E,15,E15,23,82,C23,N22,primary_sequenced,mono,B19,B19,100,0,100,,-1
2,E,16,E16,29,58,E11,J22,primary_sequenced,mono,C13,C13,100,0,100,,-1
2,E,17,E17,55,50,I15,J6,primary_sequenced,mono,F1,F1,100,0,100,,-1
2,E,18,E18,81,91,M19,P16,primary_sequenced,pair,C22,K9,100,100,200,0.0,27
2,E,19,E19,10,61,A21,L4,primary_sequenced,pair,E18,M11,100,100,200,0.0,26
2,E,20,E20,44,59,G17,J24,primary_sequenced,pair,I7,J19,100,100,200,0.0,306
2,E,21,E21,61,73,K3,N4,primary_sequenced,ratio,C24,E10,25,175,200,-2.807354922057604,15
2,E,22,E22,5,18,A11,D14,primary_sequenced,ratio,C24,E10,50,150,200,-1.5849625007211563,15
2,E,23,E23,95,79,O23,N16,primary_sequenced,pair,G2,B14,100,100,200,0.0,281
2,F,2,F2,13,72,C3,N2,primary_sequenced,pair,B5,K17,100,100,200,0.0,65
2,F,3,F3,85,12,O3,D2,primary_sequenced,mono,O6,O6,200,0,200,,-1
2,F,4,F4,52,91,I9,P16,primary_sequenced,techrep,H10,G11,100,100,200,0.0,35
2,F,5,F5,83,25,M23,F4,primary_sequenced,pair,H6,F1,100,100,200,0.0,220
2,F,6,F6,35,79,E23,N16,primary_sequenced,pair,G7,K23,100,100,200,0.0,291
2,F,7,F7,19,90,C15,P14,primary_sequenced,pair,F23,P24,100,100,200,0.0,312
2,F,8,F8,65,73,K11,N4,primary_sequenced,techrep,D6,B5,100,100,200,0.0,174
2,F,9,F9,7,59,A15,J24,primary_sequenced,mono,M4,M4,100,0,100,,-1
2,F,10,F10,5,49,A11,J4,primary_sequenced,pair,M6,I23,100,100,200,0.0,262
2,F,11,F11,65,33,K11,F20,primary_sequenced,mono,H3,H3,200,0,200,,-1
2,F,12,F12,66,70,K13,L22,primary_sequenced,pair,K18,G2,100,100,200,0.0,305
2,F,13,F13,41,72,G11,N2,primary_sequenced,pair,G15,I16,100,100,200,0.0,305
2,F,14,F14,39,12,G7,D2,primary_sequenced,pair,E21,C12,100,100,200,0.0,225
2,F,15,F15,21,41,C19,H12,primary_sequenced,density,F23,O9,50,50,100,0.0,273
2,F,16,F16,72,95,M1,P24,primary_sequenced,ratio,F5,M19,150,50,200,1.584962500721156,149
2,F,17,F17,81,3,M19,B8,primary_sequenced,techrep,A24,O18,100,100,200,0.0,110
2,F,18,F18,0,51,A1,J8,primary_sequenced,mono,F12,F12,100,0,100,,-1
2,F,19,F19,3,16,A7,D10,primary_sequenced,pair,N16,N9,100,100,200,0.0,-1
2,F,20,F20,76,32,M9,F18,primary_sequenced,pair,J4,A9,100,100,200,0.0,300
2,F,21,F21,36,70,G1,L22,primary_sequenced,techrep,C1,D12,100,100,200,0.0,202
2,F,22,F22,32,5,E17,B12,primary_sequenced,pair,G1,N1,100,100,200,0.0,29
2,F,23,F23,95,90,O23,P14,primary_sequenced,ratio,D23,G9,25,175,200,-2.807354922057604,302
2,G,2,G2,67,13,K15,D4,primary_sequenced,density,G7,O13,50,50,100,0.0,42
2,G,3,G3,5,62,A11,L6,primary_sequenced,mono,I18,I18,100,0,100,,-1
2,G,4,G4,75,79,M7,N16,primary_sequenced,pair,M22,J23,100,100,200,0.0,158
2,G,5,G5,1,61,A3,L4,primary_sequenced,pair,F18,L13,100,100,200,0.0,313
2,G,6,G6,59,61,I23,L4,primary_sequenced,pair,F12,F13,100,100,200,0.0,240
2,G,7,G7,59,77,I23,N12,primary_sequenced,pair,E6,B1,100,100,200,0.0,303
2,G,8,G8,78,75,M13,N8,primary_sequenced,pair,D12,P5,100,100,200,0.0,36
2,G,9,G9,59,67,I23,L16,primary_sequenced,pair,H14,B3,100,100,200,0.0,281
2,G,10,G10,6,9,A13,B20,primary_sequenced,pair,E3,H13,100,100,200,0.0,177
2,G,11,G11,57,9,I19,B20,primary_sequenced,techrep,E20,G16,100,100,200,0.0,241
2,G,12,G12,37,52,G3,J10,primary_sequenced,techrep,F10,A9,100,100,200,0.0,298
2,G,13,G13,13,21,C3,D20,primary_sequenced,pair,C7,C6,100,100,200,0.0,271
2,G,14,G14,68,41,K17,H12,primary_sequenced,pair,G9,J12,100,100,200,0.0,297
2,G,15,G15,27,2,E7,B6,primary_sequenced,mono,D16,D16,100,0,100,,-1
2,G,16,G16,22,40,C21,H10,primary_sequenced,ratio,D23,G9,175,25,200,2.807354922057604,302
2,G,17,G17,54,4,I13,B10,primary_sequenced,mono,L24,L24,100,0,100,,-1
2,G,18,G18,31,67,E15,L16,primary_sequenced,pair,P1,N22,100,100,200,0.0,35
2,G,19,G19,3,74,A7,N6,primary_sequenced,mono,K24,K24,200,0,200,,-1
2,G,20,G20,66,29,K13,F12,primary_sequenced,mono,G5,G5,100,0,100,,-1
2,G,21,G21,90,20,O13,D18,primary_sequenced,pair,I12,J24,100,100,200,0.0,313
2,G,22,G22,26,79,E5,N16,primary_sequenced,mono,G2,G2,200,0,200,,-1
2,G,23,G23,64,27,K9,F8,primary_sequenced,pair,P19,O3,100,100,200,0.0,135
2,H,2,H2,30,66,E13,L14,primary_sequenced,pair,L22,E2,100,100,200,0.0,229
2,H,3,H3,71,22,K23,D22,primary_sequenced,pair,B11,H3,100,100,200,0.0,271
2,H,4,H4,89,42,O11,H14,primary_sequenced,pair,N23,K22,100,100,200,0.0,190
2,H,5,H5,66,2,K13,B6,primary_sequenced,ratio,E13,G6,50,150,200,-1.5849625007211563,17
2,H,6,H6,80,35,M17,F24,primary_sequenced,mono,O9,O9,100,0,100,,-1
2,H,7,H7,87,45,O7,H20,primary_sequenced,pair,E14,P15,100,100,200,0.0,148
2,H,8,H8,0,55,A1,J16,primary_sequenced,mono,A9,A9,100,0,100,,-1
2,H,9,H9,61,60,K3,L2,primary_sequenced,pair,F15,B1,100,100,200,0.0,306
2,H,10,H10,55,74,I15,N6,primary_sequenced,mono,N17,N17,200,0,200,,-1
2,H,11,H11,24,38,E1,H6,primary_sequenced,techrep,P5,A17,100,100,200,0.0,38
2,H,12,H12,60,75,K1,N8,primary_sequenced,ratio,E20,P11,150,50,200,1.584962500721156,17
2,H,13,H13,0,58,A1,J22,primary_sequenced,pair,N18,G4,100,100,200,0.0,25
2,H,14,H14,12,69,C1,L20,primary_sequenced,techrep,N19,F12,100,100,200,0.0,239
2,H,15,H15,38,2,G5,B6,primary_sequenced,pair,O15,G23,100,100,200,0.0,194
2,H,16,H16,41,55,G11,J16,primary_sequenced,pair,J13,G21,100,100,200,0.0,193
2,H,17,H17,29,91,E11,P16,primary_sequenced,mono,B2,B2,100,0,100,,-1
2,H,18,H18,4,48,A9,J2,primary_sequenced,pair,N12,E9,100,100,200,0.0,261
2,H,19,H19,31,8,E15,B18,primary_sequenced,ratio,F5,M19,100,100,200,0.0,149
2,H,20,H20,84,89,O1,P12,primary_sequenced,ratio,E13,G6,25,175,200,-2.807354922057604,17
2,H,21,H21,22,49,C21,J4,primary_sequenced,pair,O11,C11,100,100,200,0.0,175
2,H,22,H22,35,2,E23,B6,primary_sequenced,ratio,E13,G6,175,25,200,2.807354922057604,17
2,H,23,H23,52,12,I9,D2,primary_sequenced,ratio,E20,P11,25,175,200,-2.807354922057604,17
2,I,2,I2,78,49,M13,J4,primary_sequenced,pair,L19,K23,100,100,200,0.0,110
2,I,3,I3,13,66,C3,L14,primary_sequenced,mono,M14,M14,100,0,100,,-1
2,I,4,I4,78,26,M13,F6,primary_sequenced,pair,O20,G11,100,100,200,0.0,215
2,I,5,I5,78,58,M13,J22,primary_sequenced,mono,O7,O7,100,0,100,,-1
2,I,6,I6,92,56,O17,J18,primary_sequenced,pair,F6,H2,100,100,200,0.0,183
2,I,7,I7,15,45,C7,H20,primary_sequenced,density,O19,P11,200,200,400,0.0,181
2,I,8,I8,81,34,M19,F22,primary_sequenced,pair,G7,C12,100,100,200,0.0,44
2,I,9,I9,76,61,M9,L4,primary_sequenced,mono,M24,M24,200,0,200,,-1
2,I,10,I10,92,73,O17,N4,primary_sequenced,mono,O23,O23,100,0,100,,-1
2,I,11,I11,92,77,O17,N12,primary_sequenced,mono,H10,H10,100,0,100,,-1
2,I,12,I12,49,63,I3,L8,primary_sequenced,pair,M23,M15,100,100,200,0.0,129
2,I,13,I13,2,80,A5,N18,primary_sequenced,pair,H15,G2,100,100,200,0.0,234
2,I,14,I14,53,92,I11,P18,primary_sequenced,pair,G10,I4,100,100,200,0.0,120
2,I,15,I15,32,28,E17,F10,primary_sequenced,pair,D4,G21,100,100,200,0.0,215
2,I,16,I16,74,87,M5,P8,primary_sequenced,pair,B12,A18,100,100,200,0.0,331
2,I,17,I17,12,54,C1,J14,primary_sequenced,pair,P24,A19,100,100,200,0.0,49
2,I,18,I18,51,15,I7,D8,primary_sequenced,pair,H24,H9,100,100,200,0.0,304
2,I,19,I19,30,14,E13,D6,primary_sequenced,pair,B7,K22,100,100,200,0.0,25
2,I,20,I20,13,33,C3,F20,primary_sequenced,pair,D5,H12,100,100,200,0.0,268
2,I,21,I21,82,9,M21,B20,primary_sequenced,density,G7,O13,100,100,200,0.0,42
2,I,22,I22,49,70,I3,L22,primary_sequenced,mono,A18,A18,200,0,200,,-1
2,I,23,I23,58,20,I21,D18,primary_sequenced,pair,B12,F2,100,100,200,0.0,159
2,J,2,J2,18,29,C13,F12,primary_sequenced,pair,C20,D16,100,100,200,0.0,312
2,J,3,J3,66,0,K13,B2,primary_sequenced,mono,L13,L13,100,0,100,,-1
2,J,4,J4,0,92,A1,P18,primary_sequenced,mono,I4,I4,100,0,100,,-1
2,J,5,J5,78,50,M13,J6,primary_sequenced,pair,A13,C14,100,100,200,0.0,75
2,J,6,J6,20,77,C17,N12,primary_sequenced,mono,I24,I24,100,0,100,,-1
2,J,7,J7,52,54,I9,J14,primary_sequenced,ratio,D23,G9,50,150,200,-1.5849625007211563,302
2,J,8,J8,68,82,K17,N22,primary_sequenced,techrep,J18,B12,100,100,200,0.0,198
2,J,9,J9,30,22,E13,D22,primary_sequenced,pair,M19,F3,100,100,200,0.0,149
2,J,10,J10,24,19,E1,D16,primary_sequenced,mono,K11,K11,200,0,200,,-1
2,J,11,J11,51,0,I7,B2,primary_sequenced,mono,L3,L3,100,0,100,,-1
2,J,12,J12,39,16,G7,D10,primary_sequenced,pair,E2,G16,100,100,200,0.0,305
2,J,13,J13,79,67,M15,L16,primary_sequenced,pair,M14,F18,100,100,200,0.0,296
2,J,14,J14,90,33,O13,F20,primary_sequenced,mono,N8,N8,200,0,200,,-1
2,J,15,J15,67,8,K15,B18,primary_sequenced,techrep,O1,H11,100,100,200,0.0,62
2,J,16,J16,73,53,M3,J12,primary_sequenced,mono,F20,F20,200,0,200,,-1
2,J,17,J17,55,76,I15,N10,primary_sequenced,pair,B4,M16,100,100,200,0.0,16
2,J,18,J18,93,66,O19,L14,primary_sequenced,pair,O21,N19,100,100,200,0.0,35
2,J,19,J19,50,93,I5,P20,primary_sequenced,pair,E19,D23,100,100,200,0.0,227
2,J,20,J20,94,60,O21,L2,primary_sequenced,mono,G4,G4,100,0,100,,-1
2,J,21,J21,46,56,G21,J18,primary_sequenced,pair,D4,D12,100,100,200,0.0,203
2,J,22,J22,62,52,K5,J10,primary_sequenced,pair,M22,N17,100,100,200,0.0,105
2,J,23,J23,49,50,I3,J6,primary_sequenced,mono,I17,I17,200,0,200,,-1
2,K,2,K2,63,26,K7,F6,primary_sequenced,mono,J5,J5,100,0,100,,-1
2,K,3,K3,69,91,K19,P16,primary_sequenced,mono,D14,D14,200,0,200,,-1
2,K,4,K4,75,86,M7,P6,primary_sequenced,pair,H10,L9,100,100,200,0.0,364
2,K,5,K5,75,16,M7,D10,primary_sequenced,pair,K5,M1,100,100,200,0.0,279
2,K,6,K6,17,83,C11,N24,primary_sequenced,ratio,C20,O19,150,50,200,1.584962500721156,137
2,K,7,K7,37,46,G3,H22,primary_sequenced,pair,B17,B6,100,100,200,0.0,252
2,K,8,K8,12,23,C1,D24,primary_sequenced,pair,A24,L15,100,100,200,0.0,137
2,K,9,K9,74,42,M5,H14,primary_sequenced,mono,B8,B8,100,0,100,,-1
2,K,10,K10,81,43,M19,H16,primary_sequenced,mono,G6,G6,200,0,200,,-1
2,K,11,K11,0,93,A1,P20,primary_sequenced,pair,B22,I11,100,100,200,0.0,179
2,K,12,K12,65,7,K11,B16,primary_sequenced,mono,J2,J2,100,0,100,,-1
2,K,13,K13,38,15,G5,D8,primary_sequenced,ratio,D23,G9,100,100,200,0.0,302
2,K,14,K14,52,23,I9,D24,primary_sequenced,mono,F24,F24,200,0,200,,-1
2,K,15,K15,15,4,C7,B10,primary_sequenced,pair,G24,N6,100,100,200,0.0,19
2,K,16,K16,44,83,G17,N24,primary_sequenced,mono,O2,O2,100,0,100,,-1
2,K,17,K17,77,16,M11,D10,primary_sequenced,mono,D5,D5,100,0,100,,-1
2,K,18,K18,33,89,E19,P12,primary_sequenced,pair,N4,D6,100,100,200,0.0,237
2,K,19,K19,95,61,O23,L4,primary_sequenced,ratio,C24,E10,100,100,200,0.0,15
2,K,20,K20,87,2,O7,B6,primary_sequenced,pair,E12,O20,100,100,200,0.0,215
2,K,21,K21,6,3,A13,B8,primary_sequenced,density,G7,O13,200,200,400,0.0,42
2,K,22,K22,77,10,M11,B22,primary_sequenced,pair,E6,D5,100,100,200,0.0,199
2,K,23,K23,30,94,E13,P22,primary_sequenced,pair,M3,J3,100,100,200,0.0,218
2,L,2,L2,66,21,K13,D20,primary_sequenced,mono,G21,G21,100,0,100,,-1
2,L,3,L3,31,68,E15,L18,primary_sequenced,mono,I23,I23,100,0,100,,-1
2,L,4,L4,60,24,K1,F2,primary_sequenced,pair,D15,P18,100,100,200,0.0,193
2,L,5,L5,41,40,G11,H10,primary_sequenced,density,E6,O9,100,100,200,0.0,234
2,L,6,L6,30,32,E13,F18,primary_sequenced,mono,A22,A22,200,0,200,,-1
2,L,7,L7,59,71,I23,L24,primary_sequenced,mono,D1,D1,100,0,100,,-1
2,L,8,L8,56,54,I17,J14,primary_sequenced,pair,K3,B18,100,100,200,0.0,228
2,L,9,L9,95,40,O23,H10,primary_sequenced,techrep,I8,N11,100,100,200,0.0,83
2,L,10,L10,24,39,E1,H8,primary_sequenced,pair,N18,K6,100,100,200,0.0,278
2,L,11,L11,89,80,O11,N18,primary_sequenced,ratio,E13,G6,150,50,200,1.584962500721156,17
2,L,12,L12,58,92,I21,P18,primary_sequenced,pair,F5,M13,100,100,200,0.0,27
2,L,13,L13,48,82,I1,N22,primary_sequenced,ratio,F5,M19,175,25,200,2.807354922057604,149
2,L,14,L14,61,0,K3,B2,primary_sequenced,pair,C23,K19,100,100,200,0.0,191
2,L,15,L15,77,25,M11,F4,primary_sequenced,mono,E15,E15,100,0,100,,-1
2,L,16,L16,46,85,G21,P4,primary_sequenced,mono,N20,N20,200,0,200,,-1
2,L,17,L17,54,20,I13,D18,primary_sequenced,mono,L19,L19,200,0,200,,-1
2,L,18,L18,65,91,K11,P16,primary_sequenced,pair,I12,H4,100,100,200,0.0,214
2,L,19,L19,79,13,M15,D4,primary_sequenced,density,O19,P11,100,100,200,0.0,181
2,L,20,L20,54,30,I13,F14,primary_sequenced,pair,L16,E2,100,100,200,0.0,216
2,L,21,L21,94,72,O21,N2,primary_sequenced,ratio,E13,G6,100,100,200,0.0,17
2,L,22,L22,95,30,O23,F14,primary_sequenced,pair,J18,C2,100,100,200,0.0,15
2,L,23,L23,21,22,C19,D22,primary_sequenced,mono,K4,K4,100,0,100,,-1
2,M,2,M2,46,4,G21,B10,primary_sequenced,pair,H2,M18,100,100,200,0.0,262
2,M,3,M3,50,33,I5,F20,primary_sequenced,pair,N22,O13,100,100,200,0.0,48
2,M,4,M4,51,89,I7,P12,primary_sequenced,ratio,F5,M19,50,150,200,-1.5849625007211563,149
2,M,5,M5,21,30,C19,F14,primary_sequenced,mono,O11,O11,200,0,200,,-1
2,M,6,M6,90,85,O13,P4,primary_sequenced,techrep,L21,P18,100,100,200,0.0,133
2,M,7,M7,34,1,E21,B4,primary_sequenced,mono,P16,P16,200,0,200,,-1
2,M,8,M8,22,18,C21,D14,primary_sequenced,mono,G13,G13,100,0,100,,-1
2,M,9,M9,42,67,G13,L16,primary_sequenced,pair,I8,C21,100,100,200,0.0,20
2,M,10,M10,12,43,C1,H16,primary_sequenced,pair,C20,H10,100,100,200,0.0,263
2,M,11,M11,86,78,O5,N14,primary_sequenced,techrep,A9,P4,100,100,200,0.0,49
2,M,12,M12,74,45,M5,H20,primary_sequenced,techrep,B8,H17,100,100,200,0.0,42
2,M,13,M13,42,7,G13,B16,primary_sequenced,mono,D19,D19,100,0,100,,-1
2,M,14,M14,21,92,C19,P18,primary_sequenced,pair,B6,B23,100,100,200,0.0,147
2,M,15,M15,65,49,K11,J4,primary_sequenced,mono,K19,K19,200,0,200,,-1
2,M,16,M16,61,46,K3,H22,primary_sequenced,mono,L7,L7,200,0,200,,-1
2,M,17,M17,70,51,K21,J8,primary_sequenced,pair,E15,J20,100,100,200,0.0,256
2,M,18,M18,93,51,O19,J8,primary_sequenced,density,O19,P11,50,50,100,0.0,181
2,M,19,M19,72,67,M1,L16,primary_sequenced,mono,N2,N2,200,0,200,,-1
2,M,20,M20,40,92,G9,P18,primary_sequenced,pair,I3,E6,100,100,200,0.0,185
2,M,21,M21,91,77,O15,N12,primary_sequenced,pair,O6,P7,100,100,200,0.0,292
2,M,22,M22,34,12,E21,D2,primary_sequenced,pair,C5,O4,100,100,200,0.0,273
2,M,23,M23,75,42,M7,H14,primary_sequenced,pair,J13,D8,100,100,200,0.0,213
2,N,2,N2,44,45,G17,H20,primary_sequenced,mono,G1,G1,100,0,100,,-1
2,N,3,N3,88,8,O9,B18,primary_sequenced,pair,M21,E9,100,100,200,0.0,153
2,N,4,N4,36,60,G1,L2,primary_sequenced,pair,E18,N13,100,100,200,0.0,219
2,N,5,N5,65,84,K11,P2,primary_sequenced,ratio,C24,E10,175,25,200,2.807354922057604,15
2,N,6,N6,52,73,I9,N4,primary_sequenced,pair,H19,N11,100,100,200,0.0,190
2,N,7,N7,70,43,K21,H16,primary_sequenced,mono,M16,M16,100,0,100,,-1
2,N,8,N8,25,43,E3,H16,primary_sequenced,pair,O10,G8,100,100,200,0.0,17
2,N,9,N9,64,78,K9,N14,primary_sequenced,mono,B6,B6,100,0,100,,-1
2,N,10,N10,87,13,O7,D4,primary_sequenced,ratio,C24,E10,150,50,200,1.584962500721156,15
2,N,11,N11,5,65,A11,L12,primary_sequenced,mono,J24,J24,200,0,200,,-1
2,N,12,N12,89,74,O11,N6,primary_sequenced,techrep,F13,L7,100,100,200,0.0,189
2,N,13,N13,88,76,O9,N10,primary_sequenced,mono,C5,C5,100,0,100,,-1
2,N,14,N14,29,81,E11,N20,primary_sequenced,pair,K20,C6,100,100,200,0.0,267
2,N,15,N15,73,40,M3,H10,primary_sequenced,pair,E4,M12,100,100,200,0.0,31
2,N,16,N16,59,35,I23,F24,primary_sequenced,mono,D13,D13,200,0,200,,-1
2,N,17,N17,1,73,A3,N4,primary_sequenced,pair,J11,I21,100,100,200,0.0,262
2,N,18,N18,18,11,C13,B24,primary_sequenced,techrep,J1,O20,100,100,200,0.0,27
2,N,19,N19,82,1,M21,B4,primary_sequenced,ratio,C20,O19,50,150,200,-1.5849625007211563,137
2,N,20,N20,22,69,C21,L20,primary_sequenced,mono,E18,E18,100,0,100,,-1
2,N,21,N21,65,53,K11,J12,primary_sequenced,mono,D4,D4,200,0,200,,-1
2,N,22,N22,90,76,O13,N10,primary_sequenced,mono,N3,N3,200,0,200,,-1
2,N,23,N23,93,55,O19,J16,primary_sequenced,pair,H24,F21,100,100,200,0.0,160
2,O,2,O2,34,19,E21,D16,primary_sequenced,pair,K14,B15,100,100,200,0.0,83
2,O,3,O3,9,16,A19,D10,primary_sequenced,pair,M15,H7,100,100,200,0.0,282
2,O,4,O4,83,82,M23,N22,primary_sequenced,ratio,C20,O19,25,175,200,-2.807354922057604,137
2,O,5,O5,57,38,I19,H6,primary_sequenced,pair,I18,E3,100,100,200,0.0,314
2,O,6,O6,8,52,A17,J10,primary_sequenced,mono,N13,N13,200,0,200,,-1
2,O,7,O7,51,2,I7,B6,primary_sequenced,mono,C2,C2,200,0,200,,-1
2,O,8,O8,71,59,K23,J24,primary_sequenced,pair,G23,M1,100,100,200,0.0,279
2,O,9,O9,48,1,I1,B4,primary_sequenced,ratio,C20,O19,100,100,200,0.0,137
2,O,10,O10,73,43,M3,H16,primary_sequenced,mono,C12,C12,100,0,100,,-1
2,O,11,O11,7,26,A15,F6,primary_sequenced,mono,L11,L11,200,0,200,,-1
2,O,12,O12,59,4,I23,B10,primary_sequenced,pair,F16,G3,100,100,200,0.0,253
2,O,13,O13,40,95,G9,P24,primary_sequenced,techrep,M1,P22,100,100,200,0.0,262
2,O,14,O14,92,7,O17,B16,primary_sequenced,density,E6,O9,50,50,100,0.0,234
2,O,15,O15,77,31,M11,F16,primary_sequenced,pair,B5,I16,100,100,200,0.0,289
2,O,16,O16,32,49,E17,J4,primary_sequenced,mono,D22,D22,100,0,100,,-1
2,O,17,O17,57,31,I19,F16,primary_sequenced,pair,C24,G16,100,100,200,0.0,304
2,O,18,O18,12,13,C1,D4,primary_sequenced,mono,C20,C20,200,0,200,,-1
2,O,19,O19,85,9,O3,B20,primary_sequenced,pair,H6,E15,100,100,200,0.0,240
2,O,20,O20,35,93,E23,P20,primary_sequenced,pair,K10,P10,100,100,200,0.0,326
2,O,21,O21,16,45,C9,H20,primary_sequenced,techrep,O23,I15,100,100,200,0.0,93
2,O,22,O22,93,90,O19,P14,primary_sequenced,pair,P24,L21,100,100,200,0.0,53
2,O,23,O23,50,22,I5,D22,primary_sequenced,pair,J19,L14,100,100,200,0.0,235
3,B,2,B2,52,47,I9,H24,primary_sequenced,pair,M2,B2,100,100,200,0.0,260
3,B,3,B3,2,88,A5,P10,primary_sequenced,pair,P16,I5,100,100,200,0.0,259
3,B,4,B4,64,2,K9,B6,primary_sequenced,pair,N15,I9,100,100,200,0.0,142
3,B,5,B5,55,46,I15,H22,primary_sequenced,mono,P17,P17,200,0,200,,-1
3,B,6,B6,67,66,K15,L14,primary_sequenced,pair,B8,I12,100,100,200,0.0,290
3,B,7,B7,5,71,A11,L24,primary_sequenced,pair,D21,K20,100,100,200,0.0,17
3,B,8,B8,70,53,K21,J12,primary_sequenced,pair,B20,F24,100,100,200,0.0,137
3,B,9,B9,2,10,A5,B22,primary_sequenced,ratio,M19,P19,25,175,200,-2.807354922057604,148
3,B,10,B10,4,25,A9,F4,primary_sequenced,techrep,L20,C5,100,100,200,0.0,275
3,B,11,B11,77,9,M11,B20,primary_sequenced,pair,N14,B21,100,100,200,0.0,266
3,B,12,B12,8,2,A17,B6,primary_sequenced,pair,K16,B24,100,100,200,0.0,263
3,B,13,B13,11,75,A23,N8,primary_sequenced,ratio,M19,P19,100,100,200,0.0,148
3,B,14,B14,54,16,I13,D10,primary_sequenced,ratio,E12,M21,100,100,200,0.0,285
3,B,15,B15,88,13,O9,D4,primary_sequenced,pair,E22,E11,100,100,200,0.0,240
3,B,16,B16,89,63,O11,L8,primary_sequenced,pair,B10,G12,100,100,200,0.0,323
3,B,17,B17,33,58,E19,J22,primary_sequenced,mono,P16,P16,100,0,100,,-1
3,B,18,B18,27,30,E7,F14,primary_sequenced,mono,O22,O22,100,0,100,,-1
3,B,19,B19,57,0,I19,B2,primary_sequenced,mono,F8,F8,100,0,100,,-1
3,B,20,B20,78,57,M13,J20,primary_sequenced,mono,J23,J23,200,0,200,,-1
3,B,21,B21,38,66,G5,L14,primary_sequenced,mono,M6,M6,200,0,200,,-1
3,B,22,B22,93,5,O19,B12,primary_sequenced,pair,O3,G1,100,100,200,0.0,127
3,B,23,B23,16,20,C9,D18,primary_sequenced,techrep,A16,D6,100,100,200,0.0,218
3,C,2,C2,85,30,O3,F14,primary_sequenced,pair,A4,B10,100,100,200,0.0,257
3,C,3,C3,44,86,G17,P6,primary_sequenced,ratio,E12,M21,25,175,200,-2.807354922057604,285
3,C,4,C4,51,14,I7,D6,primary_sequenced,pair,J15,F15,100,100,200,0.0,182
3,C,5,C5,68,39,K17,H8,primary_sequenced,mono,K18,K18,100,0,100,,-1
3,C,6,C6,68,4,K17,B10,primary_sequenced,techrep,N19,F12,100,100,200,0.0,239
3,C,7,C7,41,27,G11,F8,primary_sequenced,mono,M1,M1,200,0,200,,-1
3,C,8,C8,26,11,E5,B24,primary_sequenced,pair,P1,D1,100,100,200,0.0,130
3,C,9,C9,64,63,K9,L8,primary_sequenced,mono,B19,B19,200,0,200,,-1
3,C,10,C10,30,68,E13,L18,primary_sequenced,techrep,D19,E6,100,100,200,0.0,154
3,C,11,C11,51,94,I7,P22,primary_sequenced,pair,O21,E1,100,100,200,0.0,303
3,C,12,C12,73,24,M3,F2,primary_sequenced,pair,F23,K20,100,100,200,0.0,261
3,C,13,C13,11,26,A23,F6,primary_sequenced,pair,N1,O5,100,100,200,0.0,184
3,C,14,C14,88,14,O9,D6,primary_sequenced,ratio,A21,G15,100,100,200,0.0,34
3,C,15,C15,28,56,E9,J18,primary_sequenced,mono,P8,P8,100,0,100,,-1
3,C,16,C16,19,61,C15,L4,primary_sequenced,techrep,P5,A17,100,100,200,0.0,38
3,C,17,C17,87,29,O7,F12,primary_sequenced,ratio,J1,J5,175,25,200,2.807354922057604,185
3,C,18,C18,64,28,K9,F10,primary_sequenced,pair,C16,I7,100,100,200,0.0,260
3,C,19,C19,11,66,A23,L14,primary_sequenced,pair,E13,M16,100,100,200,0.0,45
3,C,20,C20,88,63,O9,L8,primary_sequenced,techrep,B24,E10,100,100,200,0.0,229
3,C,21,C21,18,44,C13,H18,primary_sequenced,pair,G20,P7,100,100,200,0.0,243
3,C,22,C22,71,64,K23,L10,primary_sequenced,density,A1,M13,200,200,400,0.0,17
3,C,23,C23,64,37,K9,H4,primary_sequenced,pair,N4,M7,100,100,200,0.0,337
3,D,2,D2,40,47,G9,H24,primary_sequenced,techrep,K6,J12,100,100,200,0.0,299
3,D,3,D3,18,46,C13,H22,primary_sequenced,ratio,M19,P19,175,25,200,2.807354922057604,148
3,D,4,D4,70,76,K21,N10,primary_sequenced,pair,E11,H4,100,100,200,0.0,200
3,D,5,D5,88,31,O9,F16,primary_sequenced,pair,F21,K20,100,100,200,0.0,136
3,D,6,D6,29,39,E11,H8,primary_sequenced,ratio,M19,P19,150,50,200,1.584962500721156,148
3,D,7,D7,64,89,K9,P12,primary_sequenced,pair,J21,B7,100,100,200,0.0,231
3,D,8,D8,83,22,M23,D22,primary_sequenced,pair,P24,K2,100,100,200,0.0,195
3,D,9,D9,53,69,I11,L20,primary_sequenced,mono,L18,L18,100,0,100,,-1
3,D,10,D10,43,9,G15,B20,primary_sequenced,pair,B2,E5,100,100,200,0.0,223
3,D,11,D11,94,35,O21,F24,primary_sequenced,mono,K10,K10,100,0,100,,-1
3,D,12,D12,18,28,C13,F10,primary_sequenced,ratio,C22,F17,25,175,200,-2.807354922057604,23
3,D,13,D13,29,77,E11,N12,primary_sequenced,ratio,A21,G15,175,25,200,2.807354922057604,34
3,D,14,D14,44,47,G17,H24,primary_sequenced,pair,N8,G3,100,100,200,0.0,265
3,D,15,D15,57,46,I19,H22,primary_sequenced,techrep,F15,G8,100,100,200,0.0,19
3,D,16,D16,87,74,O7,N6,primary_sequenced,pair,J12,A11,100,100,200,0.0,212
3,D,17,D17,5,66,A11,L14,primary_sequenced,mono,L23,L23,100,0,100,,-1
3,D,18,D18,7,67,A15,L16,primary_sequenced,pair,K7,D13,100,100,200,0.0,124
3,D,19,D19,44,75,G17,N8,primary_sequenced,mono,A7,A7,200,0,200,,-1
3,D,20,D20,24,12,E1,D2,primary_sequenced,ratio,J1,J5,150,50,200,1.584962500721156,185
3,D,21,D21,59,18,I23,D14,primary_sequenced,mono,F23,F23,200,0,200,,-1
3,D,22,D22,73,79,M3,N16,primary_sequenced,density,F5,O13,100,100,200,0.0,34
3,D,23,D23,30,38,E13,H6,primary_sequenced,pair,D5,I13,100,100,200,0.0,34
3,E,2,E2,3,92,A7,P18,primary_sequenced,pair,A20,H16,100,100,200,0.0,265
3,E,3,E3,52,20,I9,D18,primary_sequenced,pair,H5,D20,100,100,200,0.0,350
3,E,4,E4,46,17,G21,D12,primary_sequenced,pair,D11,A1,100,100,200,0.0,41
3,E,5,E5,11,35,A23,F24,primary_sequenced,mono,O24,O24,200,0,200,,-1
3,E,6,E6,40,30,G9,F14,primary_sequenced,mono,G11,G11,200,0,200,,-1
3,E,7,E7,13,7,C3,B16,primary_sequenced,mono,K13,K13,100,0,100,,-1
3,E,8,E8,42,65,G13,L12,primary_sequenced,mono,O12,O12,100,0,100,,-1
3,E,9,E9,87,1,O7,B4,primary_sequenced,ratio,J1,J5,100,100,200,0.0,185
3,E,10,E10,4,6,A9,B14,primary_sequenced,pair,D2,I21,100,100,200,0.0,259
3,E,11,E11,17,58,C11,J22,primary_sequenced,pair,E4,A5,100,100,200,0.0,202
3,E,12,E12,44,70,G17,L22,primary_sequenced,pair,F24,G8,100,100,200,0.0,133
3,E,13,E13,32,51,E17,J8,primary_sequenced,mono,G13,G13,200,0,200,,-1
3,E,14,E14,40,55,G9,J16,primary_sequenced,pair,M21,N19,100,100,200,0.0,138
3,E,15,E15,51,48,I7,J2,primary_sequenced,pair,L7,I20,100,100,200,0.0,235
3,E,16,E16,47,78,G23,N14,primary_sequenced,mono,J7,J7,100,0,100,,-1
3,E,17,E17,35,72,E23,N2,primary_sequenced,density,F5,O13,200,200,400,0.0,34
3,E,18,E18,63,31,K7,F16,primary_sequenced,mono,A11,A11,200,0,200,,-1
3,E,19,E19,0,19,A1,D16,primary_sequenced,pair,P4,N20,100,100,200,0.0,52
3,E,20,E20,10,54,A21,J14,primary_sequenced,pair,K11,N7,100,100,200,0.0,222
3,E,21,E21,37,84,G3,P2,primary_sequenced,pair,M19,I4,100,100,200,0.0,54
3,E,22,E22,17,22,C11,D22,primary_sequenced,pair,N3,A11,100,100,200,0.0,64
3,E,23,E23,14,32,C5,F18,primary_sequenced,mono,B15,B15,200,0,200,,-1
3,F,2,F2,6,37,A13,H4,primary_sequenced,techrep,L21,P18,100,100,200,0.0,133
3,F,3,F3,71,54,K23,J14,primary_sequenced,pair,P15,J21,100,100,200,0.0,192
3,F,4,F4,62,66,K5,L14,primary_sequenced,mono,O20,O20,200,0,200,,-1
3,F,5,F5,65,0,K11,B2,primary_sequenced,ratio,A8,G21,175,25,200,2.807354922057604,209
3,F,6,F6,87,40,O7,H10,primary_sequenced,pair,D15,E13,100,100,200,0.0,126
3,F,7,F7,32,88,E17,P10,primary_sequenced,mono,D14,D14,100,0,100,,-1
3,F,8,F8,64,43,K9,H16,primary_sequenced,ratio,F23,I11,50,150,200,-1.5849625007211563,285
3,F,9,F9,64,91,K9,P16,primary_sequenced,mono,C16,C16,100,0,100,,-1
3,F,10,F10,62,17,K5,D12,primary_sequenced,pair,I1,E11,100,100,200,0.0,177
3,F,11,F11,60,85,K1,P4,primary_sequenced,mono,F21,F21,200,0,200,,-1
3,F,12,F12,22,27,C21,F8,primary_sequenced,pair,D23,E10,100,100,200,0.0,15
3,F,13,F13,19,43,C15,H16,primary_sequenced,pair,G3,I3,100,100,200,0.0,165
3,F,14,F14,54,11,I13,B24,primary_sequenced,density,A6,P17,100,100,200,0.0,288
3,F,15,F15,0,57,A1,J20,primary_sequenced,mono,G21,G21,200,0,200,,-1
3,F,16,F16,48,2,I1,B6,primary_sequenced,pair,L8,O9,100,100,200,0.0,191
3,F,17,F17,77,7,M11,B16,primary_sequenced,pair,G3,D20,100,100,200,0.0,364
3,F,18,F18,46,3,G21,B8,primary_sequenced,ratio,J1,J5,25,175,200,-2.807354922057604,185
3,F,19,F19,78,23,M13,D24,primary_sequenced,techrep,A9,P4,100,100,200,0.0,49
3,F,20,F20,48,61,I1,L4,primary_sequenced,mono,E2,E2,200,0,200,,-1
3,F,21,F21,49,18,I3,D14,primary_sequenced,density,A1,M13,50,50,100,0.0,17
3,F,22,F22,77,69,M11,L20,primary_sequenced,pair,B15,C8,100,100,200,0.0,40
3,F,23,F23,74,58,M5,J22,primary_sequenced,mono,H11,H11,200,0,200,,-1
3,G,2,G2,49,19,I3,D16,primary_sequenced,pair,N2,K4,100,100,200,0.0,-1
3,G,3,G3,45,11,G19,B24,primary_sequenced,density,F5,O13,50,50,100,0.0,34
3,G,4,G4,0,85,A1,P4,primary_sequenced,techrep,O23,I15,100,100,200,0.0,93
3,G,5,G5,20,76,C17,N10,primary_sequenced,techrep,M1,P22,100,100,200,0.0,262
3,G,6,G6,54,6,I13,B14,primary_sequenced,pair,D20,D3,100,100,200,0.0,320
3,G,7,G7,3,61,A7,L4,primary_sequenced,pair,A24,K6,100,100,200,0.0,216
3,G,8,G8,90,55,O13,J16,primary_sequenced,pair,A6,O6,100,100,200,0.0,237
3,G,9,G9,35,46,E23,H22,primary_sequenced,mono,L4,L4,100,0,100,,-1
3,G,10,G10,88,29,O9,F12,primary_sequenced,pair,P19,H18,100,100,200,0.0,190
3,G,11,G11,93,14,O19,D6,primary_sequenced,pair,J10,P22,100,100,200,0.0,149
3,G,12,G12,11,44,A23,H18,primary_sequenced,pair,N8,B5,100,100,200,0.0,368
3,G,13,G13,52,82,I9,N22,primary_sequenced,mono,C19,C19,100,0,100,,-1
3,G,14,G14,70,48,K21,J2,primary_sequenced,pair,A1,L1,100,100,200,0.0,124
3,G,15,G15,69,89,K19,P12,primary_sequenced,pair,C1,I4,100,100,200,0.0,212
3,G,16,G16,51,54,I7,J14,primary_sequenced,mono,B9,B9,100,0,100,,-1
3,G,17,G17,36,50,G1,J6,primary_sequenced,mono,E23,E23,100,0,100,,-1
3,G,18,G18,15,25,C7,F4,primary_sequenced,mono,P12,P12,100,0,100,,-1
3,G,19,G19,6,29,A13,F12,primary_sequenced,pair,P21,G6,100,100,200,0.0,75
3,G,20,G20,56,33,I17,F20,primary_sequenced,pair,I2,N19,100,100,200,0.0,22
3,G,21,G21,94,70,O21,L22,primary_sequenced,pair,C18,H8,100,100,200,0.0,28
3,G,22,G22,30,11,E13,B24,primary_sequenced,techrep,N13,L4,100,100,200,0.0,55
3,G,23,G23,54,51,I13,J8,primary_sequenced,mono,H19,H19,100,0,100,,-1
3,H,2,H2,70,32,K21,F18,primary_sequenced,pair,H6,G18,100,100,200,0.0,274
3,H,3,H3,81,18,M19,D14,primary_sequenced,pair,B22,D8,100,100,200,0.0,230
3,H,4,H4,82,80,M21,N18,primary_sequenced,mono,E22,E22,100,0,100,,-1
3,H,5,H5,91,73,O15,N4,primary_sequenced,pair,A1,P16,100,100,200,0.0,171
3,H,6,H6,39,95,G7,P24,primary_sequenced,pair,F4,P17,100,100,200,0.0,201
3,H,7,H7,22,14,C21,D6,primary_sequenced,pair,N12,D3,100,100,200,0.0,243
3,H,8,H8,94,36,O21,H2,primary_sequenced,mono,B12,B12,100,0,100,,-1
3,H,9,H9,22,78,C21,N14,primary_sequenced,pair,K24,E1,100,100,200,0.0,599
3,H,10,H10,7,83,A15,N24,primary_sequenced,mono,J15,J15,100,0,100,,-1
3,H,11,H11,62,30,K5,F14,primary_sequenced,mono,M9,M9,200,0,200,,-1
3,H,12,H12,50,65,I5,L12,primary_sequenced,pair,K8,D22,100,100,200,0.0,264
3,H,13,H13,65,74,K11,N6,primary_sequenced,pair,A10,J4,100,100,200,0.0,306
3,H,14,H14,13,20,C3,D18,primary_sequenced,pair,N22,E21,100,100,200,0.0,305
3,H,15,H15,17,33,C11,F20,primary_sequenced,mono,M11,M11,200,0,200,,-1
3,H,16,H16,25,84,E3,P2,primary_sequenced,pair,G5,L17,100,100,200,0.0,49
3,H,17,H17,63,64,K7,L10,primary_sequenced,mono,N15,N15,100,0,100,,-1
3,H,18,H18,17,47,C11,H24,primary_sequenced,mono,E12,E12,200,0,200,,-1
3,H,19,H19,44,19,G17,D16,primary_sequenced,pair,D19,D24,100,100,200,0.0,157
3,H,20,H20,87,91,O7,P16,primary_sequenced,mono,L19,L19,100,0,100,,-1
3,H,21,H21,15,34,C7,F22,primary_sequenced,mono,L21,L21,200,0,200,,-1
3,H,22,H22,94,14,O21,D6,primary_sequenced,mono,H8,H8,200,0,200,,-1
3,H,23,H23,61,67,K3,L16,primary_sequenced,pair,E15,N1,100,100,200,0.0,187
3,I,2,I2,39,78,G7,N14,primary_sequenced,mono,C18,C18,200,0,200,,-1
3,I,3,I3,90,29,O13,F12,primary_sequenced,pair,A15,C11,100,100,200,0.0,168
3,I,4,I4,15,66,C7,L14,primary_sequenced,mono,O8,O8,100,0,100,,-1
3,I,5,I5,52,86,I9,P6,primary_sequenced,pair,F10,G20,100,100,200,0.0,320
3,I,6,I6,2,1,A5,B4,primary_sequenced,pair,P21,J17,100,100,200,0.0,41
3,I,7,I7,42,66,G13,L14,primary_sequenced,mono,P11,P11,100,0,100,,-1
3,I,8,I8,70,3,K21,B8,primary_sequenced,pair,A10,F11,100,100,200,0.0,22
3,I,9,I9,71,16,K23,D10,primary_sequenced,pair,L21,P17,100,100,200,0.0,42
3,I,10,I10,81,38,M19,H6,primary_sequenced,mono,B4,B4,200,0,200,,-1
3,I,11,I11,56,9,I17,B20,primary_sequenced,mono,D15,D15,100,0,100,,-1
3,I,12,I12,95,2,O23,B6,primary_sequenced,techrep,K16,J4,100,100,200,0.0,305
3,I,13,I13,7,41,A15,H12,primary_sequenced,ratio,A8,G21,25,175,200,-2.807354922057604,209
3,I,14,I14,30,88,E13,P10,primary_sequenced,density,A6,P17,200,200,400,0.0,288
3,I,15,I15,83,51,M23,J8,primary_sequenced,mono,N18,N18,100,0,100,,-1
3,I,16,I16,45,43,G19,H16,primary_sequenced,ratio,E12,M21,50,150,200,-1.5849625007211563,285
3,I,17,I17,13,25,C3,F4,primary_sequenced,density,A6,P17,50,50,100,0.0,288
3,I,18,I18,48,81,I1,N20,primary_sequenced,ratio,A8,G21,150,50,200,1.584962500721156,209
3,I,19,I19,89,59,O11,J24,primary_sequenced,pair,O7,G16,100,100,200,0.0,258
3,I,20,I20,17,29,C11,F12,primary_sequenced,mono,G24,G24,100,0,100,,-1
3,I,21,I21,45,90,G19,P14,primary_sequenced,pair,C18,N13,100,100,200,0.0,223
3,I,22,I22,42,28,G13,F10,primary_sequenced,mono,L9,L9,200,0,200,,-1
3,I,23,I23,87,28,O7,F10,primary_sequenced,mono,P10,P10,100,0,100,,-1
3,J,2,J2,22,43,C21,H16,primary_sequenced,ratio,C22,F17,50,150,200,-1.5849625007211563,23
3,J,3,J3,3,8,A7,B18,primary_sequenced,pair,H3,C14,100,100,200,0.0,192
3,J,4,J4,91,65,O15,L12,primary_sequenced,pair,N3,C19,100,100,200,0.0,41
3,J,5,J5,19,75,C15,N8,primary_sequenced,mono,F5,F5,100,0,100,,-1
3,J,6,J6,58,44,I21,H18,primary_sequenced,ratio,A21,G15,50,150,200,-1.5849625007211563,34
3,J,7,J7,48,34,I1,F22,primary_sequenced,pair,G6,O21,100,100,200,0.0,237
3,J,8,J8,77,95,M11,P24,primary_sequenced,mono,D2,D2,100,0,100,,-1
3,J,9,J9,14,0,C5,B2,primary_sequenced,pair,L2,J3,100,100,200,0.0,97
3,J,10,J10,6,53,A13,J12,primary_sequenced,pair,F1,N17,100,100,200,0.0,31
3,J,11,J11,88,12,O9,D2,primary_sequenced,mono,M10,M10,100,0,100,,-1
3,J,12,J12,74,21,M5,D20,primary_sequenced,mono,N19,N19,100,0,100,,-1
3,J,13,J13,82,86,M21,P6,primary_sequenced,mono,F4,F4,200,0,200,,-1
3,J,14,J14,5,41,A11,H12,primary_sequenced,mono,O18,O18,100,0,100,,-1
3,J,15,J15,11,80,A23,N18,primary_sequenced,mono,D23,D23,200,0,200,,-1
3,J,16,J16,29,87,E11,P8,primary_sequenced,techrep,B23,A5,100,100,200,0.0,210
3,J,17,J17,31,25,E15,F4,primary_sequenced,ratio,A8,G21,100,100,200,0.0,209
3,J,18,J18,75,10,M7,B22,primary_sequenced,pair,G16,C2,100,100,200,0.0,306
3,J,19,J19,37,5,G3,B12,primary_sequenced,techrep,B8,H17,100,100,200,0.0,42
3,J,20,J20,11,2,A23,B6,primary_sequenced,mono,I11,I11,200,0,200,,-1
3,J,21,J21,58,36,I21,H2,primary_sequenced,techrep,H23,D24,100,100,200,0.0,213
3,J,22,J22,63,8,K7,B18,primary_sequenced,ratio,M19,P19,50,150,200,-1.5849625007211563,148
3,J,23,J23,86,89,O5,P12,primary_sequenced,mono,K7,K7,200,0,200,,-1
3,K,2,K2,91,52,O15,J10,primary_sequenced,mono,H7,H7,100,0,100,,-1
3,K,3,K3,80,85,M17,P4,primary_sequenced,mono,J6,J6,200,0,200,,-1
3,K,4,K4,75,56,M7,J18,primary_sequenced,ratio,F23,I11,25,175,200,-2.807354922057604,285
3,K,5,K5,78,88,M13,P10,primary_sequenced,pair,K24,C3,100,100,200,0.0,579
3,K,6,K6,84,5,O1,B12,primary_sequenced,pair,I16,N15,100,100,200,0.0,228
3,K,7,K7,83,56,M23,J18,primary_sequenced,pair,E4,N15,100,100,200,0.0,129
3,K,8,K8,57,17,I19,D12,primary_sequenced,mono,M17,M17,200,0,200,,-1
3,K,9,K9,4,53,A9,J12,primary_sequenced,mono,I13,I13,100,0,100,,-1
3,K,10,K10,23,13,C23,D4,primary_sequenced,techrep,J16,E13,100,100,200,0.0,21
3,K,11,K11,11,63,A23,L8,primary_sequenced,pair,N16,G13,100,100,200,0.0,-1
3,K,12,K12,63,3,K7,B8,primary_sequenced,pair,D7,C23,100,100,200,0.0,332
3,K,13,K13,79,85,M15,P4,primary_sequenced,pair,B19,L9,100,100,200,0.0,49
3,K,14,K14,4,29,A9,F12,primary_sequenced,pair,O23,G22,100,100,200,0.0,95
3,K,15,K15,78,65,M13,L12,primary_sequenced,techrep,D8,D4,100,100,200,0.0,213
3,K,16,K16,68,14,K17,D6,primary_sequenced,pair,E19,D14,100,100,200,0.0,200
3,K,17,K17,33,84,E19,P2,primary_sequenced,pair,I19,G14,100,100,200,0.0,280
3,K,18,K18,66,35,K13,F24,primary_sequenced,mono,H21,H21,100,0,100,,-1
3,K,19,K19,49,88,I3,P10,primary_sequenced,mono,K15,K15,200,0,200,,-1
3,K,20,K20,40,19,G9,D16,primary_sequenced,mono,A10,A10,200,0,200,,-1
3,K,21,K21,69,48,K19,J2,primary_sequenced,pair,B5,A1,100,100,200,0.0,29
3,K,22,K22,56,80,I17,N18,primary_sequenced,pair,N17,J22,100,100,200,0.0,123
3,K,23,K23,91,80,O15,N18,primary_sequenced,pair,F20,C2,100,100,200,0.0,250
3,L,2,L2,74,43,M5,H16,primary_sequenced,pair,J7,K9,100,100,200,0.0,282
3,L,3,L3,57,52,I19,J10,primary_sequenced,pair,A9,K15,100,100,200,0.0,44
3,L,4,L4,76,91,M9,P16,primary_sequenced,ratio,A8,G21,50,150,200,-1.5849625007211563,209
3,L,5,L5,94,67,O21,L16,primary_sequenced,pair,C2,M21,100,100,200,0.0,160
3,L,6,L6,41,79,G11,N16,primary_sequenced,pair,A21,H20,100,100,200,0.0,189
3,L,7,L7,86,2,O5,B6,primary_sequenced,mono,L24,L24,200,0,200,,-1
3,L,8,L8,30,13,E13,D4,primary_sequenced,techrep,B18,C23,100,100,200,0.0,190
3,L,9,L9,15,49,C7,J4,primary_sequenced,mono,O14,O14,200,0,200,,-1
3,L,10,L10,21,29,C19,F12,primary_sequenced,mono,I3,I3,200,0,200,,-1
3,L,11,L11,59,79,I23,N16,primary_sequenced,ratio,F23,I11,150,50,200,1.584962500721156,285
3,L,12,L12,18,47,C13,H24,primary_sequenced,techrep,N10,J4,100,100,200,0.0,349
3,L,13,L13,76,78,M9,N14,primary_sequenced,ratio,C22,F17,175,25,200,2.807354922057604,23
3,L,14,L14,23,95,C23,P24,primary_sequenced,pair,B22,M4,100,100,200,0.0,349
3,L,15,L15,91,48,O15,J2,primary_sequenced,ratio,C22,F17,150,50,200,1.584962500721156,23
3,L,16,L16,17,87,C11,P8,primary_sequenced,pair,K14,J11,100,100,200,0.0,152
3,L,17,L17,5,36,A11,H2,primary_sequenced,mono,K23,K23,200,0,200,,-1
3,L,18,L18,88,49,O9,J4,primary_sequenced,pair,G7,O3,100,100,200,0.0,188
3,L,19,L19,95,27,O23,F8,primary_sequenced,pair,O22,I9,100,100,200,0.0,181
3,L,20,L20,83,31,M23,F16,primary_sequenced,pair,F1,F17,100,100,200,0.0,25
3,L,21,L21,41,66,G11,L14,primary_sequenced,mono,P19,P19,200,0,200,,-1
3,L,22,L22,49,23,I3,D24,primary_sequenced,mono,M24,M24,100,0,100,,-1
3,L,23,L23,47,5,G23,B12,primary_sequenced,pair,G10,F7,100,100,200,0.0,368
3,M,2,M2,10,48,A21,J2,primary_sequenced,techrep,O1,H11,100,100,200,0.0,62
3,M,3,M3,63,56,K7,J18,primary_sequenced,ratio,F23,I11,175,25,200,2.807354922057604,285
3,M,4,M4,34,14,E21,D6,primary_sequenced,mono,F2,F2,100,0,100,,-1
3,M,5,M5,21,13,C19,D4,primary_sequenced,ratio,E12,M21,150,50,200,1.584962500721156,285
3,M,6,M6,89,7,O11,B16,primary_sequenced,techrep,I8,N11,100,100,200,0.0,83
3,M,7,M7,36,82,G1,N22,primary_sequenced,pair,M8,M10,100,100,200,0.0,56
3,M,8,M8,86,7,O5,B16,primary_sequenced,mono,O1,O1,200,0,200,,-1
3,M,9,M9,5,75,A11,N8,primary_sequenced,pair,L9,G9,100,100,200,0.0,302
3,M,10,M10,85,89,O3,P12,primary_sequenced,mono,B13,B13,200,0,200,,-1
3,M,11,M11,11,46,A23,H22,primary_sequenced,pair,N6,O21,100,100,200,0.0,26
3,M,12,M12,88,90,O9,P14,primary_sequenced,pair,M23,H23,100,100,200,0.0,173
3,M,13,M13,52,80,I9,N18,primary_sequenced,ratio,C22,F17,100,100,200,0.0,23
3,M,14,M14,53,72,I11,N2,primary_sequenced,pair,C18,K7,100,100,200,0.0,128
3,M,15,M15,71,20,K23,D18,primary_sequenced,pair,G24,G20,100,100,200,0.0,22
3,M,16,M16,21,36,C19,H2,primary_sequenced,techrep,H11,F22,100,100,200,0.0,155
3,M,17,M17,41,25,G11,F4,primary_sequenced,techrep,P6,J15,100,100,200,0.0,142
3,M,18,M18,50,39,I5,H8,primary_sequenced,mono,O23,O23,200,0,200,,-1
3,M,19,M19,21,81,C19,N20,primary_sequenced,pair,O18,M8,100,100,200,0.0,55
3,M,20,M20,59,83,I23,N24,primary_sequenced,mono,K24,K24,100,0,100,,-1
3,M,21,M21,69,18,K19,D14,primary_sequenced,techrep,F10,A9,100,100,200,0.0,298
3,M,22,M22,83,26,M23,F6,primary_sequenced,mono,K12,K12,100,0,100,,-1
3,M,23,M23,3,52,A7,J10,primary_sequenced,mono,P22,P22,100,0,100,,-1
3,N,2,N2,13,68,C3,L18,primary_sequenced,density,A1,M13,100,100,200,0.0,17
3,N,3,N3,81,50,M19,J6,primary_sequenced,mono,H9,H9,100,0,100,,-1
3,N,4,N4,95,93,O23,P20,primary_sequenced,pair,N11,J3,100,100,200,0.0,217
3,N,5,N5,52,38,I9,H6,primary_sequenced,mono,E16,E16,200,0,200,,-1
3,N,6,N6,30,4,E13,B10,primary_sequenced,techrep,P1,D19,100,100,200,0.0,28
3,N,7,N7,92,30,O17,F14,primary_sequenced,techrep,O12,C7,100,100,200,0.0,272
3,N,8,N8,3,88,A7,P10,primary_sequenced,mono,L5,L5,100,0,100,,-1
3,N,9,N9,10,84,A21,P2,primary_sequenced,pair,L19,N21,100,100,200,0.0,31
3,N,10,N10,64,16,K9,D10,primary_sequenced,mono,A21,A21,100,0,100,,-1
3,N,11,N11,41,62,G11,L6,primary_sequenced,pair,D3,P11,100,100,200,0.0,16
3,N,12,N12,9,84,A19,P2,primary_sequenced,pair,I14,E5,100,100,200,0.0,144
3,N,13,N13,73,80,M3,N18,primary_sequenced,mono,B18,B18,100,0,100,,-1
3,N,14,N14,76,56,M9,J18,primary_sequenced,pair,N10,O2,100,100,200,0.0,339
3,N,15,N15,1,89,A3,P12,primary_sequenced,ratio,J1,J5,50,150,200,-1.5849625007211563,185
3,N,16,N16,43,30,G15,F14,primary_sequenced,mono,H24,H24,200,0,200,,-1
3,N,17,N17,46,7,G21,B16,primary_sequenced,pair,F9,L16,100,100,200,0.0,246
3,N,18,N18,88,46,O9,H22,primary_sequenced,mono,F19,F19,100,0,100,,-1
3,N,19,N19,89,45,O11,H20,primary_sequenced,techrep,E20,G16,100,100,200,0.0,241
3,N,20,N20,50,28,I5,F10,primary_sequenced,pair,C13,N24,100,100,200,0.0,334
3,N,21,N21,89,26,O11,F6,primary_sequenced,pair,G13,D7,100,100,200,0.0,181
3,N,22,N22,63,46,K7,H22,primary_sequenced,pair,D16,A15,100,100,200,0.0,279
3,N,23,N23,39,24,G7,F2,primary_sequenced,techrep,D17,B3,100,100,200,0.0,29
3,O,2,O2,27,69,E7,L20,primary_sequenced,mono,L22,L22,200,0,200,,-1
3,O,3,O3,51,45,I7,H20,primary_sequenced,mono,N12,N12,100,0,100,,-1
3,O,4,O4,94,87,O21,P8,primary_sequenced,ratio,F23,I11,100,100,200,0.0,285
3,O,5,O5,50,3,I5,B8,primary_sequenced,mono,H1,H1,200,0,200,,-1
3,O,6,O6,61,68,K3,L18,primary_sequenced,techrep,L23,H2,100,100,200,0.0,173
3,O,7,O7,56,28,I17,F10,primary_sequenced,mono,G19,G19,200,0,200,,-1
3,O,8,O8,59,87,I23,P8,primary_sequenced,techrep,L22,C14,100,100,200,0.0,221
3,O,9,O9,77,8,M11,B18,primary_sequenced,pair,G19,O8,100,100,200,0.0,309
3,O,10,O10,18,33,C13,F20,primary_sequenced,mono,H20,H20,100,0,100,,-1
3,O,11,O11,32,62,E17,L6,primary_sequenced,pair,C15,E17,100,100,200,0.0,174
3,O,12,O12,60,38,K1,H6,primary_sequenced,mono,C13,C13,200,0,200,,-1
3,O,13,O13,43,90,G15,P14,primary_sequenced,techrep,K14,B9,100,100,200,0.0,83
3,O,14,O14,24,73,E1,N4,primary_sequenced,ratio,A21,G15,150,50,200,1.584962500721156,34
3,O,15,O15,50,84,I5,P2,primary_sequenced,mono,I2,I2,200,0,200,,-1
3,O,16,O16,69,90,K19,P14,primary_sequenced,mono,P20,P20,200,0,200,,-1
3,O,17,O17,0,36,A1,H2,primary_sequenced,ratio,A21,G15,25,175,200,-2.807354922057604,34
3,O,18,O18,52,46,I9,H22,primary_sequenced,mono,D16,D16,200,0,200,,-1
3,O,19,O19,36,3,G1,B8,primary_sequenced,pair,F5,L20,100,100,200,0.0,303
3,O,20,O20,95,52,O23,J10,primary_sequenced,ratio,E12,M21,175,25,200,2.807354922057604,285
3,O,21,O21,66,76,K13,N10,primary_sequenced,pair,E22,O7,100,100,200,0.0,191
3,O,22,O22,39,50,G7,J6,primary_sequenced,mono,L6,L6,200,0,200,,-1
3,O,23,O23,39,37,G7,H4,primary_sequenced,pair,C20,L20,100,100,200,0.0,270
4,B,2,B2,38,93,G5,P20,primary_sequenced,pair,I5,L8,100,100,200,0.0,192
4,B,3,B3,29,73,E11,N4,primary_sequenced,techrep,L22,C14,100,100,200,0.0,221
4,B,4,B4,46,48,G21,J2,primary_sequenced,pair,N24,D6,100,100,200,0.0,330
4,B,5,B5,32,58,E17,J22,primary_sequenced,mono,P15,P15,100,0,100,,-1
4,B,6,B6,26,14,E5,D6,primary_sequenced,techrep,C1,D12,100,100,200,0.0,202
4,B,7,B7,84,62,O1,L6,primary_sequenced,pair,D17,G16,100,100,200,0.0,304
4,B,8,B8,81,48,M19,J2,primary_sequenced,mono,F13,F13,200,0,200,,-1
4,B,9,B9,79,84,M15,P2,primary_sequenced,ratio,E2,G22,100,100,200,0.0,137
4,B,10,B10,50,47,I5,H24,primary_sequenced,pair,A10,L17,100,100,200,0.0,28
4,B,11,B11,75,18,M7,D14,primary_sequenced,pair,J18,O23,100,100,200,0.0,34
4,B,12,B12,75,64,M7,L10,primary_sequenced,techrep,D16,F14,100,100,200,0.0,255
4,B,13,B13,89,30,O11,F14,primary_sequenced,mono,D18,D18,200,0,200,,-1
4,B,14,B14,87,81,O7,N20,primary_sequenced,mono,E13,E13,200,0,200,,-1
4,B,15,B15,29,78,E11,N14,primary_sequenced,techrep,B18,C23,100,100,200,0.0,190
4,B,16,B16,9,11,A19,B24,primary_sequenced,mono,B23,B23,200,0,200,,-1
4,B,17,B17,42,60,G13,L2,primary_sequenced,density,F19,O19,200,200,400,0.0,16
4,B,18,B18,74,64,M5,L10,primary_sequenced,pair,N6,K17,100,100,200,0.0,36
4,B,19,B19,13,4,C3,B10,primary_sequenced,techrep,L20,C5,100,100,200,0.0,275
4,B,20,B20,35,91,E23,P16,primary_sequenced,ratio,C14,H11,175,25,200,2.807354922057604,276
4,B,21,B21,81,21,M19,D20,primary_sequenced,pair,L9,C16,100,100,200,0.0,304
4,B,22,B22,53,23,I11,D24,primary_sequenced,mono,I10,I10,100,0,100,,-1
4,B,23,B23,65,80,K11,N18,primary_sequenced,mono,E10,E10,100,0,100,,-1
4,C,2,C2,20,8,C17,B18,primary_sequenced,mono,N18,N18,200,0,200,,-1
4,C,3,C3,12,77,C1,N12,primary_sequenced,mono,D12,D12,200,0,200,,-1
4,C,4,C4,95,4,O23,B10,primary_sequenced,ratio,E12,I9,175,25,200,2.807354922057604,298
4,C,5,C5,35,71,E23,L24,primary_sequenced,mono,D8,D8,100,0,100,,-1
4,C,6,C6,34,15,E21,D8,primary_sequenced,pair,M19,D11,100,100,200,0.0,135
4,C,7,C7,62,5,K5,B12,primary_sequenced,ratio,E12,I9,150,50,200,1.584962500721156,298
4,C,8,C8,10,4,A21,B10,primary_sequenced,mono,C8,C8,200,0,200,,-1
4,C,9,C9,38,69,G5,L20,primary_sequenced,pair,G21,L22,100,100,200,0.0,177
4,C,10,C10,86,55,O5,J16,primary_sequenced,ratio,F15,O21,50,150,200,-1.5849625007211563,44
4,C,11,C11,32,79,E17,N16,primary_sequenced,pair,O3,A7,100,100,200,0.0,168
4,C,12,C12,85,21,O3,D20,primary_sequenced,pair,F23,P23,100,100,200,0.0,262
4,C,13,C13,11,64,A23,L10,primary_sequenced,pair,F9,M12,100,100,200,0.0,32
4,C,14,C14,28,1,E9,B4,primary_sequenced,pair,J5,L23,100,100,200,0.0,181
4,C,15,C15,35,15,E23,D8,primary_sequenced,mono,E21,E21,100,0,100,,-1
4,C,16,C16,92,59,O17,J24,primary_sequenced,pair,L21,I10,100,100,200,0.0,289
4,C,17,C17,24,81,E1,N20,primary_sequenced,mono,I16,I16,200,0,200,,-1
4,C,18,C18,89,6,O11,B14,primary_sequenced,pair,M14,N14,100,100,200,0.0,190
4,C,19,C19,19,63,C15,L8,primary_sequenced,mono,J11,J11,200,0,200,,-1
4,C,20,C20,89,58,O11,J22,primary_sequenced,techrep,K6,J12,100,100,200,0.0,299
4,C,21,C21,56,35,I17,F24,primary_sequenced,pair,G18,B17,100,100,200,0.0,182
4,C,22,C22,77,88,M11,P10,primary_sequenced,density,F17,J13,50,50,100,0.0,184
4,C,23,C23,77,63,M11,L8,primary_sequenced,pair,J2,M13,100,100,200,0.0,133
4,D,2,D2,95,21,O23,D20,primary_sequenced,techrep,J1,O20,100,100,200,0.0,27
4,D,3,D3,4,50,A9,J6,primary_sequenced,pair,J2,C6,100,100,200,0.0,169
4,D,4,D4,85,24,O3,F2,primary_sequenced,pair,O18,F19,100,100,200,0.0,52
4,D,5,D5,10,50,A21,J6,primary_sequenced,techrep,B11,I3,100,100,200,0.0,185
4,D,6,D6,34,48,E21,J2,primary_sequenced,pair,K17,G5,100,100,200,0.0,37
4,D,7,D7,50,59,I5,J24,primary_sequenced,pair,O15,B3,100,100,200,0.0,50
4,D,8,D8,47,23,G23,D24,primary_sequenced,mono,I14,I14,100,0,100,,-1
4,D,9,D9,81,76,M19,N10,primary_sequenced,ratio,C14,H11,25,175,200,-2.807354922057604,276
4,D,10,D10,78,55,M13,J16,primary_sequenced,pair,F3,H17,100,100,200,0.0,16
4,D,11,D11,42,44,G13,H18,primary_sequenced,ratio,G6,I9,150,50,200,1.584962500721156,203
4,D,12,D12,72,40,M1,H10,primary_sequenced,techrep,O12,C7,100,100,200,0.0,272
4,D,13,D13,65,31,K11,F16,primary_sequenced,pair,L12,B23,100,100,200,0.0,298
4,D,14,D14,35,77,E23,N12,primary_sequenced,techrep,G1,M20,100,100,200,0.0,191
4,D,15,D15,31,59,E15,J24,primary_sequenced,techrep,H11,F22,100,100,200,0.0,155
4,D,16,D16,23,12,C23,D2,primary_sequenced,pair,N13,L6,100,100,200,0.0,216
4,D,17,D17,30,56,E13,J18,primary_sequenced,pair,G20,D10,100,100,200,0.0,215
4,D,18,D18,49,53,I3,J12,primary_sequenced,pair,A14,F20,100,100,200,0.0,244
4,D,19,D19,76,90,M9,P14,primary_sequenced,mono,L12,L12,200,0,200,,-1
4,D,20,D20,10,35,A21,F24,primary_sequenced,pair,J8,J18,100,100,200,0.0,181
4,D,21,D21,35,88,E23,P10,primary_sequenced,ratio,G6,I9,25,175,200,-2.807354922057604,203
4,D,22,D22,17,41,C11,H12,primary_sequenced,techrep,J16,E13,100,100,200,0.0,21
4,D,23,D23,12,70,C1,L22,primary_sequenced,mono,M16,M16,200,0,200,,-1
4,E,2,E2,60,30,K1,F14,primary_sequenced,mono,C7,C7,200,0,200,,-1
4,E,3,E3,6,12,A13,D2,primary_sequenced,pair,L19,G15,100,100,200,0.0,46
4,E,4,E4,23,65,C23,L12,primary_sequenced,pair,K11,O15,100,100,200,0.0,118
4,E,5,E5,73,61,M3,L4,primary_sequenced,pair,M14,M13,100,100,200,0.0,20
4,E,6,E6,87,69,O7,L20,primary_sequenced,techrep,P5,A17,100,100,200,0.0,38
4,E,7,E7,49,7,I3,B16,primary_sequenced,pair,K17,M8,100,100,200,0.0,37
4,E,8,E8,20,5,C17,B12,primary_sequenced,mono,H23,H23,100,0,100,,-1
4,E,9,E9,44,43,G17,H16,primary_sequenced,pair,N10,H7,100,100,200,0.0,351
4,E,10,E10,33,25,E19,F4,primary_sequenced,pair,F7,K18,100,100,200,0.0,27
4,E,11,E11,1,33,A3,F20,primary_sequenced,ratio,E12,I9,50,150,200,-1.5849625007211563,298
4,E,12,E12,34,26,E21,F6,primary_sequenced,mono,M8,M8,100,0,100,,-1
4,E,13,E13,80,68,M17,L18,primary_sequenced,mono,F18,F18,200,0,200,,-1
4,E,14,E14,15,55,C7,J16,primary_sequenced,techrep,H12,O6,100,100,200,0.0,303
4,E,15,E15,66,60,K13,L2,primary_sequenced,mono,P22,P22,200,0,200,,-1
4,E,16,E16,27,83,E7,N24,primary_sequenced,pair,H15,L12,100,100,200,0.0,300
4,E,17,E17,37,81,G3,N20,primary_sequenced,ratio,E2,G22,50,150,200,-1.5849625007211563,137
4,E,18,E18,8,88,A17,P10,primary_sequenced,ratio,C14,H11,50,150,200,-1.5849625007211563,276
4,E,19,E19,26,63,E5,L8,primary_sequenced,pair,G4,M20,100,100,200,0.0,100
4,E,20,E20,81,82,M19,N22,primary_sequenced,pair,F4,O19,100,100,200,0.0,255
4,E,21,E21,20,83,C17,N24,primary_sequenced,pair,L6,D2,100,100,200,0.0,261
4,E,22,E22,91,1,O15,B4,primary_sequenced,pair,M4,D18,100,100,200,0.0,333
4,E,23,E23,76,10,M9,B22,primary_sequenced,pair,I2,M18,100,100,200,0.0,35
4,F,2,F2,1,91,A3,P16,primary_sequenced,mono,H2,H2,100,0,100,,-1
4,F,3,F3,5,73,A11,N4,primary_sequenced,pair,C13,M9,100,100,200,0.0,227
4,F,4,F4,42,84,G13,P2,primary_sequenced,pair,M17,D6,100,100,200,0.0,37
4,F,5,F5,80,74,M17,N6,primary_sequenced,pair,C3,N3,100,100,200,0.0,178
4,F,6,F6,1,29,A3,F12,primary_sequenced,pair,I8,F16,100,100,200,0.0,259
4,F,7,F7,39,0,G7,B2,primary_sequenced,pair,I23,E19,100,100,200,0.0,183
4,F,8,F8,14,55,C5,J16,primary_sequenced,mono,O3,O3,100,0,100,,-1
4,F,9,F9,57,88,I19,P10,primary_sequenced,ratio,G6,I9,175,25,200,2.807354922057604,203
4,F,10,F10,89,85,O11,P4,primary_sequenced,mono,A12,A12,100,0,100,,-1
4,F,11,F11,40,48,G9,J2,primary_sequenced,mono,J3,J3,100,0,100,,-1
4,F,12,F12,13,12,C3,D2,primary_sequenced,pair,M21,N6,100,100,200,0.0,120
4,F,13,F13,51,36,I7,H2,primary_sequenced,pair,A18,F2,100,100,200,0.0,243
4,F,14,F14,6,43,A13,H16,primary_sequenced,pair,D7,D23,100,100,200,0.0,347
4,F,15,F15,9,45,A19,H20,primary_sequenced,pair,I13,M7,100,100,200,0.0,282
4,F,16,F16,13,31,C3,F16,primary_sequenced,pair,P7,J10,100,100,200,0.0,264
4,F,17,F17,86,66,O5,L14,primary_sequenced,mono,M20,M20,100,0,100,,-1
4,F,18,F18,38,43,G5,H16,primary_sequenced,pair,J24,K8,100,100,200,0.0,319
4,F,19,F19,33,45,E19,H20,primary_sequenced,ratio,H23,P17,150,50,200,1.584962500721156,133
4,F,20,F20,11,3,A23,B8,primary_sequenced,mono,M13,M13,200,0,200,,-1
4,F,21,F21,26,66,E5,L14,primary_sequenced,pair,F7,L5,100,100,200,0.0,267
4,F,22,F22,56,89,I17,P12,primary_sequenced,pair,L5,O2,100,100,200,0.0,272
4,F,23,F23,39,86,G7,P6,primary_sequenced,techrep,H10,G11,100,100,200,0.0,35
4,G,2,G2,5,42,A11,H14,primary_sequenced,pair,N11,L4,100,100,200,0.0,236
4,G,3,G3,43,59,G15,J24,primary_sequenced,mono,B3,B3,100,0,100,,-1
4,G,4,G4,78,60,M13,L2,primary_sequenced,pair,F15,M16,100,100,200,0.0,189
4,G,5,G5,67,69,K15,L20,primary_sequenced,pair,E23,D14,100,100,200,0.0,188
4,G,6,G6,76,21,M9,D20,primary_sequenced,mono,L1,L1,100,0,100,,-1
4,G,7,G7,23,79,C23,N16,primary_sequenced,techrep,A9,P4,100,100,200,0.0,49
4,G,8,G8,15,74,C7,N6,primary_sequenced,pair,K24,G10,100,100,200,0.0,569
4,G,9,G9,26,15,E5,D8,primary_sequenced,ratio,F17,G20,150,50,200,1.584962500721156,29
4,G,10,G10,94,38,O21,H6,primary_sequenced,pair,D9,M13,100,100,200,0.0,261
4,G,11,G11,91,58,O15,J22,primary_sequenced,pair,I2,K2,100,100,200,0.0,175
4,G,12,G12,84,2,O1,B6,primary_sequenced,density,F17,J13,100,100,200,0.0,184
4,G,13,G13,67,47,K15,H24,primary_sequenced,pair,K13,H16,100,100,200,0.0,268
4,G,14,G14,74,25,M5,F4,primary_sequenced,ratio,F17,G20,50,150,200,-1.5849625007211563,29
4,G,15,G15,9,3,A19,B8,primary_sequenced,techrep,E17,L12,100,100,200,0.0,261
4,G,16,G16,29,19,E11,D16,primary_sequenced,pair,N11,M3,100,100,200,0.0,90
4,G,17,G17,87,12,O7,D2,primary_sequenced,pair,A21,G12,100,100,200,0.0,24
4,G,18,G18,19,37,C15,H4,primary_sequenced,ratio,H23,P17,175,25,200,2.807354922057604,133
4,G,19,G19,41,60,G11,L2,primary_sequenced,mono,B2,B2,200,0,200,,-1
4,G,20,G20,15,35,C7,F24,primary_sequenced,mono,E1,E1,100,0,100,,-1
4,G,21,G21,69,54,K19,J14,primary_sequenced,pair,M24,A12,100,100,200,0.0,47
4,G,22,G22,22,13,C21,D4,primary_sequenced,pair,O9,I5,100,100,200,0.0,42
4,G,23,G23,63,60,K7,L2,primary_sequenced,pair,P1,L6,100,100,200,0.0,33
4,H,2,H2,88,3,O9,B8,primary_sequenced,mono,J6,J6,100,0,100,,-1
4,H,3,H3,45,64,G19,L10,primary_sequenced,mono,P4,P4,200,0,200,,-1
4,H,4,H4,9,22,A19,D22,primary_sequenced,ratio,F15,O21,175,25,200,2.807354922057604,44
4,H,5,H5,39,59,G7,J24,primary_sequenced,mono,O4,O4,200,0,200,,-1
4,H,6,H6,40,93,G9,P20,primary_sequenced,pair,K18,N23,100,100,200,0.0,190
4,H,7,H7,23,30,C23,F14,primary_sequenced,mono,B22,B22,200,0,200,,-1
4,H,8,H8,10,83,A21,N24,primary_sequenced,mono,E24,E24,100,0,100,,-1
4,H,9,H9,40,43,G9,H16,primary_sequenced,pair,J7,J1,100,100,200,0.0,182
4,H,10,H10,91,45,O15,H20,primary_sequenced,mono,K9,K9,100,0,100,,-1
4,H,11,H11,36,54,G1,J14,primary_sequenced,mono,J14,J14,100,0,100,,-1
4,H,12,H12,74,53,M5,J12,primary_sequenced,pair,J9,N20,100,100,200,0.0,32
4,H,13,H13,16,77,C9,N12,primary_sequenced,pair,C15,O18,100,100,200,0.0,118
4,H,14,H14,80,11,M17,B24,primary_sequenced,techrep,J18,B12,100,100,200,0.0,198
4,H,15,H15,52,81,I9,N20,primary_sequenced,pair,L19,P10,100,100,200,0.0,301
4,H,16,H16,19,9,C15,B20,primary_sequenced,techrep,F15,G8,100,100,200,0.0,19
4,H,17,H17,16,36,C9,H2,primary_sequenced,mono,G12,G12,200,0,200,,-1
4,H,18,H18,51,49,I7,J4,primary_sequenced,mono,L9,L9,100,0,100,,-1
4,H,19,H19,78,4,M13,B10,primary_sequenced,pair,A6,H21,100,100,200,0.0,70
4,H,20,H20,58,9,I21,B20,primary_sequenced,pair,F24,G19,100,100,200,0.0,128
4,H,21,H21,8,6,A17,B14,primary_sequenced,techrep,O1,H11,100,100,200,0.0,62
4,H,22,H22,30,43,E13,H16,primary_sequenced,pair,L4,E7,100,100,200,0.0,278
4,H,23,H23,74,26,M5,F6,primary_sequenced,techrep,D8,D4,100,100,200,0.0,213
4,I,2,I2,3,36,A7,H2,primary_sequenced,pair,O9,B16,100,100,200,0.0,154
4,I,3,I3,37,90,G3,P14,primary_sequenced,pair,H1,L16,100,100,200,0.0,109
4,I,4,I4,74,24,M5,F2,primary_sequenced,mono,N12,N12,200,0,200,,-1
4,I,5,I5,82,27,M21,F8,primary_sequenced,pair,B4,O17,100,100,200,0.0,22
4,I,6,I6,7,32,A15,F18,primary_sequenced,pair,F7,B9,100,100,200,0.0,42
4,I,7,I7,72,1,M1,B4,primary_sequenced,pair,M16,F10,100,100,200,0.0,295
4,I,8,I8,37,78,G3,N14,primary_sequenced,techrep,N13,L4,100,100,200,0.0,55
4,I,9,I9,15,94,C7,P22,primary_sequenced,density,O11,P11,50,50,100,0.0,287
4,I,10,I10,61,85,K3,P4,primary_sequenced,pair,H1,H10,100,100,200,0.0,146
4,I,11,I11,4,51,A9,J8,primary_sequenced,density,F17,J13,200,200,400,0.0,184
4,I,12,I12,81,20,M19,D18,primary_sequenced,ratio,F15,O21,25,175,200,-2.807354922057604,44
4,I,13,I13,93,37,O19,H4,primary_sequenced,pair,O20,L10,100,100,200,0.0,306
4,I,14,I14,27,0,E7,B2,primary_sequenced,pair,C9,E7,100,100,200,0.0,18
4,I,15,I15,77,5,M11,B12,primary_sequenced,ratio,H23,P17,25,175,200,-2.807354922057604,133
4,I,16,I16,64,71,K9,L24,primary_sequenced,ratio,F17,G20,175,25,200,2.807354922057604,29
4,I,17,I17,80,59,M17,J24,primary_sequenced,mono,K12,K12,200,0,200,,-1
4,I,18,I18,48,78,I1,N14,primary_sequenced,mono,D17,D17,200,0,200,,-1
4,I,19,I19,27,90,E7,P14,primary_sequenced,techrep,P1,D19,100,100,200,0.0,28
4,I,20,I20,1,76,A3,N10,primary_sequenced,mono,G17,G17,200,0,200,,-1
4,I,21,I21,61,42,K3,H14,primary_sequenced,mono,A23,A23,100,0,100,,-1
4,I,22,I22,42,10,G13,B22,primary_sequenced,pair,F19,E22,100,100,200,0.0,143
4,I,23,I23,59,16,I23,D10,primary_sequenced,pair,H18,P12,100,100,200,0.0,342
4,J,2,J2,81,70,M19,L22,primary_sequenced,pair,M13,G9,100,100,200,0.0,266
4,J,3,J3,21,91,C19,P16,primary_sequenced,mono,C9,C9,200,0,200,,-1
4,J,4,J4,70,24,K21,F2,primary_sequenced,mono,H10,H10,200,0,200,,-1
4,J,5,J5,28,40,E9,H10,primary_sequenced,mono,A16,A16,100,0,100,,-1
4,J,6,J6,56,46,I17,H22,primary_sequenced,mono,M23,M23,200,0,200,,-1
4,J,7,J7,11,88,A23,P10,primary_sequenced,pair,P5,M22,100,100,200,0.0,190
4,J,8,J8,81,57,M19,J20,primary_sequenced,mono,D6,D6,100,0,100,,-1
4,J,9,J9,75,12,M7,D2,primary_sequenced,pair,K3,O7,100,100,200,0.0,219
4,J,10,J10,84,16,O1,D10,primary_sequenced,pair,O8,M4,100,100,200,0.0,366
4,J,11,J11,55,18,I15,D14,primary_sequenced,pair,G5,C11,100,100,200,0.0,185
4,J,12,J12,67,80,K15,N18,primary_sequenced,mono,I22,I22,200,0,200,,-1
4,J,13,J13,67,4,K15,B10,primary_sequenced,mono,M5,M5,200,0,200,,-1
4,J,14,J14,88,34,O9,F22,primary_sequenced,ratio,G6,I9,100,100,200,0.0,203
4,J,15,J15,53,94,I11,P22,primary_sequenced,pair,B7,E24,100,100,200,0.0,50
4,J,16,J16,31,71,E15,L24,primary_sequenced,mono,I9,I9,200,0,200,,-1
4,J,17,J17,11,17,A23,D12,primary_sequenced,pair,N19,P6,100,100,200,0.0,187
4,J,18,J18,55,68,I15,L18,primary_sequenced,pair,C11,O23,100,100,200,0.0,80
4,J,19,J19,33,47,E19,H24,primary_sequenced,pair,H21,A15,100,100,200,0.0,196
4,J,20,J20,81,35,M19,F24,primary_sequenced,techrep,D6,B5,100,100,200,0.0,174
4,J,21,J21,75,65,M7,L12,primary_sequenced,mono,G20,G20,200,0,200,,-1
4,J,22,J22,55,62,I15,L6,primary_sequenced,mono,E22,E22,200,0,200,,-1
4,J,23,J23,13,17,C3,D12,primary_sequenced,pair,N12,N9,100,100,200,0.0,303
4,K,2,K2,93,58,O19,J22,primary_sequenced,pair,J9,L8,100,100,200,0.0,198
4,K,3,K3,54,82,I13,N22,primary_sequenced,ratio,G6,I9,50,150,200,-1.5849625007211563,203
4,K,4,K4,31,32,E15,F18,primary_sequenced,density,O11,P11,100,100,200,0.0,287
4,K,5,K5,87,58,O7,J22,primary_sequenced,techrep,M9,M11,100,100,200,0.0,179
4,K,6,K6,59,42,I23,H14,primary_sequenced,pair,B24,L2,100,100,200,0.0,226
4,K,7,K7,38,26,G5,F6,primary_sequenced,ratio,E2,G22,25,175,200,-2.807354922057604,137
4,K,8,K8,94,45,O21,H20,primary_sequenced,pair,L3,M18,100,100,200,0.0,305
4,K,9,K9,93,91,O19,P16,primary_sequenced,pair,O23,G23,100,100,200,0.0,93
4,K,10,K10,81,10,M19,B22,primary_sequenced,ratio,E12,I9,25,175,200,-2.807354922057604,298
4,K,11,K11,88,80,O9,N18,primary_sequenced,pair,L4,P12,100,100,200,0.0,339
4,K,12,K12,56,42,I17,H14,primary_sequenced,pair,N18,P7,100,100,200,0.0,297
4,K,13,K13,72,37,M1,H4,primary_sequenced,pair,A3,K6,100,100,200,0.0,60
4,K,14,K14,90,78,O13,N14,primary_sequenced,mono,G15,G15,100,0,100,,-1
4,K,15,K15,59,94,I23,P22,primary_sequenced,pair,F15,L13,100,100,200,0.0,49
4,K,16,K16,11,6,A23,B14,primary_sequenced,pair,K1,K11,100,100,200,0.0,179
4,K,17,K17,13,29,C3,F12,primary_sequenced,techrep,F13,L7,100,100,200,0.0,189
4,K,18,K18,82,41,M21,H12,primary_sequenced,mono,C17,C17,200,0,200,,-1
4,K,19,K19,37,48,G3,J2,primary_sequenced,pair,H13,C22,100,100,200,0.0,15
4,K,20,K20,31,0,E15,B2,primary_sequenced,mono,M22,M22,200,0,200,,-1
4,K,21,K21,70,74,K21,N6,primary_sequenced,ratio,C14,H11,100,100,200,0.0,276
4,K,22,K22,49,64,I3,L10,primary_sequenced,pair,G11,C1,100,100,200,0.0,224
4,K,23,K23,65,48,K11,J2,primary_sequenced,mono,K14,K14,200,0,200,,-1
4,L,2,L2,46,73,G21,N4,primary_sequenced,mono,C20,C20,100,0,100,,-1
4,L,3,L3,62,75,K5,N8,primary_sequenced,pair,P17,B7,100,100,200,0.0,38
4,L,4,L4,29,33,E11,F20,primary_sequenced,mono,G8,G8,200,0,200,,-1
4,L,5,L5,54,34,I13,F22,primary_sequenced,techrep,K16,J4,100,100,200,0.0,305
4,L,6,L6,2,23,A5,D24,primary_sequenced,pair,E16,P3,100,100,200,0.0,96
4,L,7,L7,36,37,G1,H4,primary_sequenced,mono,E2,E2,100,0,100,,-1
4,L,8,L8,17,27,C11,F8,primary_sequenced,pair,E3,L15,100,100,200,0.0,222
4,L,9,L9,50,62,I5,L6,primary_sequenced,pair,M23,L20,100,100,200,0.0,116
4,L,10,L10,50,55,I5,J16,primary_sequenced,pair,C17,P12,100,100,200,0.0,338
4,L,11,L11,59,43,I23,H16,primary_sequenced,density,O11,P11,200,200,400,0.0,287
4,L,12,L12,40,61,G9,L4,primary_sequenced,pair,O5,B14,100,100,200,0.0,192
4,L,13,L13,24,43,E1,H16,primary_sequenced,pair,M13,J19,100,100,200,0.0,225
4,L,14,L14,94,2,O21,B6,primary_sequenced,pair,D16,K14,100,100,200,0.0,295
4,L,15,L15,73,60,M3,L2,primary_sequenced,pair,N1,C3,100,100,200,0.0,186
4,L,16,L16,14,88,C5,P10,primary_sequenced,mono,K10,K10,200,0,200,,-1
4,L,17,L17,31,24,E15,F2,primary_sequenced,mono,I21,I21,100,0,100,,-1
4,L,18,L18,88,74,O9,N6,primary_sequenced,ratio,C14,H11,150,50,200,1.584962500721156,276
4,L,19,L19,15,47,C7,H24,primary_sequenced,mono,K6,K6,100,0,100,,-1
4,L,20,L20,69,82,K19,N22,primary_sequenced,pair,G2,D14,100,100,200,0.0,262
4,L,21,L21,24,42,E1,H14,primary_sequenced,mono,L21,L21,100,0,100,,-1
4,L,22,L22,17,3,C11,B8,primary_sequenced,pair,J20,H6,100,100,200,0.0,220
4,L,23,L23,87,37,O7,H4,primary_sequenced,mono,E19,E19,200,0,200,,-1
4,M,2,M2,23,80,C23,N18,primary_sequenced,pair,E1,A9,100,100,200,0.0,300
4,M,3,M3,75,95,M7,P24,primary_sequenced,pair,I18,G11,100,100,200,0.0,280
4,M,4,M4,3,26,A7,F6,primary_sequenced,pair,E13,C22,100,100,200,0.0,136
4,M,5,M5,49,62,I3,L6,primary_sequenced,density,F19,O19,100,100,200,0.0,16
4,M,6,M6,13,62,C3,L6,primary_sequenced,mono,P21,P21,100,0,100,,-1
4,M,7,M7,92,49,O17,J4,primary_sequenced,mono,E8,E8,100,0,100,,-1
4,M,8,M8,71,72,K23,N2,primary_sequenced,mono,J9,J9,200,0,200,,-1
4,M,9,M9,43,86,G15,P6,primary_sequenced,techrep,D19,E6,100,100,200,0.0,154
4,M,10,M10,73,95,M3,P24,primary_sequenced,pair,F20,M12,100,100,200,0.0,234
4,M,11,M11,58,86,I21,P6,primary_sequenced,pair,C1,H11,100,100,200,0.0,264
4,M,12,M12,18,87,C13,P8,primary_sequenced,mono,F12,F12,200,0,200,,-1
4,M,13,M13,30,8,E13,B18,primary_sequenced,pair,O15,L3,100,100,200,0.0,191
4,M,14,M14,64,5,K9,B12,primary_sequenced,mono,I7,I7,200,0,200,,-1
4,M,15,M15,22,61,C21,L4,primary_sequenced,density,F19,O19,50,50,100,0.0,16
4,M,16,M16,87,78,O7,N14,primary_sequenced,mono,P13,P13,200,0,200,,-1
4,M,17,M17,2,25,A5,F4,primary_sequenced,techrep,A16,D6,100,100,200,0.0,218
4,M,18,M18,84,6,O1,B14,primary_sequenced,ratio,H23,P17,50,150,200,-1.5849625007211563,133
4,M,19,M19,74,95,M5,P24,primary_sequenced,mono,D11,D11,200,0,200,,-1
4,M,20,M20,54,28,I13,F10,primary_sequenced,mono,C24,C24,100,0,100,,-1
4,M,21,M21,78,35,M13,F24,primary_sequenced,ratio,F15,O21,150,50,200,1.584962500721156,44
4,M,22,M22,3,67,A7,L16,primary_sequenced,mono,I20,I20,100,0,100,,-1
4,M,23,M23,7,84,A15,P2,primary_sequenced,ratio,E2,G22,150,50,200,1.584962500721156,137
4,N,2,N2,69,40,K19,H10,primary_sequenced,pair,L4,P1,100,100,200,0.0,59
4,N,3,N3,3,76,A7,N10,primary_sequenced,pair,K20,J11,100,100,200,0.0,190
4,N,4,N4,89,2,O11,B6,primary_sequenced,pair,C18,E8,100,100,200,0.0,36
4,N,5,N5,48,58,I1,J22,primary_sequenced,techrep,H23,D24,100,100,200,0.0,213
4,N,6,N6,62,85,K5,P4,primary_sequenced,techrep,B24,E10,100,100,200,0.0,229
4,N,7,N7,24,22,E1,D22,primary_sequenced,pair,P14,F11,100,100,200,0.0,237
4,N,8,N8,6,74,A13,N6,primary_sequenced,ratio,F17,G20,25,175,200,-2.807354922057604,29
4,N,9,N9,58,45,I21,H20,primary_sequenced,pair,H4,F22,100,100,200,0.0,295
4,N,10,N10,19,80,C15,N18,primary_sequenced,ratio,H23,P17,100,100,200,0.0,133
4,N,11,N11,58,71,I21,L24,primary_sequenced,ratio,F15,O21,100,100,200,0.0,44
4,N,12,N12,53,30,I11,F14,primary_sequenced,techrep,H13,K4,100,100,200,0.0,80
4,N,13,N13,78,8,M13,B18,primary_sequenced,mono,D9,D9,200,0,200,,-1
4,N,14,N14,18,67,C13,L16,primary_sequenced,mono,N7,N7,100,0,100,,-1
4,N,15,N15,49,82,I3,N22,primary_sequenced,mono,E11,E11,100,0,100,,-1
4,N,16,N16,11,48,A23,J2,primary_sequenced,pair,I7,C10,100,100,200,0.0,306
4,N,17,N17,13,93,C3,P20,primary_sequenced,mono,J1,J1,100,0,100,,-1
4,N,18,N18,17,92,C11,P18,primary_sequenced,mono,O9,O9,200,0,200,,-1
4,N,19,N19,19,27,C15,F8,primary_sequenced,pair,C7,G9,100,100,200,0.0,305
4,N,20,N20,71,69,K23,L20,primary_sequenced,mono,L16,L16,200,0,200,,-1
4,N,21,N21,66,8,K13,B18,primary_sequenced,mono,B16,B16,200,0,200,,-1
4,N,22,N22,61,13,K3,D4,primary_sequenced,pair,H9,B6,100,100,200,0.0,192
4,N,23,N23,31,35,E15,F24,primary_sequenced,pair,L1,J17,100,100,200,0.0,31
4,O,2,O2,31,85,E15,P4,primary_sequenced,ratio,F17,G20,100,100,200,0.0,29
4,O,3,O3,51,41,I7,H12,primary_sequenced,mono,N6,N6,100,0,100,,-1
4,O,4,O4,35,53,E23,J12,primary_sequenced,pair,B2,D21,100,100,200,0.0,139
4,O,5,O5,22,85,C21,P4,primary_sequenced,mono,N1,N1,200,0,200,,-1
4,O,6,O6,71,65,K23,L12,primary_sequenced,ratio,E2,G22,175,25,200,2.807354922057604,137
4,O,7,O7,31,2,E15,B6,primary_sequenced,mono,A1,A1,200,0,200,,-1
4,O,8,O8,85,59,O3,J24,primary_sequenced,ratio,E12,I9,100,100,200,0.0,298
4,O,9,O9,69,87,K19,P8,primary_sequenced,pair,D8,I19,100,100,200,0.0,223
4,O,10,O10,4,87,A9,P8,primary_sequenced,mono,P11,P11,200,0,200,,-1
4,O,11,O11,30,6,E13,B14,primary_sequenced,pair,K19,L23,100,100,200,0.0,168
4,O,12,O12,1,3,A3,B8,primary_sequenced,techrep,F23,E10,100,100,200,0.0,214
4,O,13,O13,16,56,C9,J18,primary_sequenced,pair,I20,H5,100,100,200,0.0,86
4,O,14,O14,61,10,K3,B22,primary_sequenced,mono,H18,H18,100,0,100,,-1
4,O,15,O15,76,77,M9,N12,primary_sequenced,techrep,D17,B3,100,100,200,0.0,29
4,O,16,O16,30,16,E13,D10,primary_sequenced,pair,G10,B15,100,100,200,0.0,121
4,O,17,O17,18,61,C13,L4,primary_sequenced,mono,G23,G23,100,0,100,,-1
4,O,18,O18,83,38,M23,H6,primary_sequenced,pair,E9,O21,100,100,200,0.0,44
4,O,19,O19,36,85,G1,P4,primary_sequenced,techrep,N15,K9,100,100,200,0.0,197
4,O,20,O20,35,48,E23,J2,primary_sequenced,pair,H23,C20,100,100,200,0.0,135
4,O,21,O21,14,61,C5,L4,primary_sequenced,mono,O5,O5,200,0,200,,-1
4,O,22,O22,43,67,G15,L16,primary_sequenced,pair,L10,A19,100,100,200,0.0,47
4,O,23,O23,40,89,G9,P12,primary_sequenced,pair,L20,H2,100,100,200,0.0,258
5,B,2,B2,95,56,O23,J18,primary_sequenced,pair,F1,A17,100,100,200,0.0,35
5,B,3,B3,14,2,C5,B6,primary_sequenced,techrep,B23,A5,100,100,200,0.0,210
5,B,4,B4,75,7,M7,B16,primary_sequenced,mono,A21,A21,200,0,200,,-1
5,B,5,B5,34,71,E21,L24,primary_sequenced,pair,B1,C4,100,100,200,0.0,304
5,B,6,B6,42,9,G13,B20,primary_sequenced,mono,C1,C1,200,0,200,,-1
5,B,7,B7,42,95,G13,P24,primary_sequenced,pair,I17,K10,100,100,200,0.0,343
5,B,8,B8,32,8,E17,B18,primary_sequenced,density,E10,J9,50,50,100,0.0,34
5,B,9,B9,34,28,E21,F10,primary_sequenced,pair,M2,I14,100,100,200,0.0,33
5,B,10,B10,82,95,M21,P24,primary_sequenced,mono,E24,E24,200,0,200,,-1
5,B,11,B11,17,35,C11,F24,primary_sequenced,pair,E24,D4,100,100,200,0.0,172
5,B,12,B12,82,36,M21,H2,primary_sequenced,techrep,B11,I3,100,100,200,0.0,185
5,B,13,B13,1,27,A3,F8,primary_sequenced,mono,I15,I15,100,0,100,,-1
5,B,14,B14,5,13,A11,D4,primary_sequenced,mono,N23,N23,100,0,100,,-1
5,B,15,B15,45,4,G19,B10,primary_sequenced,mono,C24,C24,200,0,200,,-1
5,B,16,B16,60,64,K1,L10,primary_sequenced,pair,J4,I23,100,100,200,0.0,259
5,B,17,B17,93,92,O19,P18,primary_sequenced,mono,N11,N11,100,0,100,,-1
5,B,18,B18,76,74,M9,N6,primary_sequenced,mono,C4,C4,100,0,100,,-1
5,B,19,B19,68,94,K17,P22,primary_sequenced,pair,C10,A23,100,100,200,0.0,230
5,B,20,B20,4,58,A9,J22,primary_sequenced,pair,K8,P6,100,100,200,0.0,34
5,B,21,B21,70,62,K21,L6,primary_sequenced,mono,D20,D20,100,0,100,,-1
5,B,22,B22,17,38,C11,H6,primary_sequenced,density,J1,O11,50,50,100,0.0,16
5,B,23,B23,11,51,A23,J8,primary_sequenced,pair,M23,B1,100,100,200,0.0,288
5,C,2,C2,0,14,A1,D6,primary_sequenced,density,F15,J9,200,200,400,0.0,26
5,C,3,C3,25,38,E3,H6,primary_sequenced,pair,O8,E15,100,100,200,0.0,264
5,C,4,C4,57,64,I19,L10,primary_sequenced,ratio,M17,O13,25,175,200,-2.807354922057604,19
5,C,5,C5,30,85,E13,P4,primary_sequenced,pair,E14,P5,100,100,200,0.0,201
5,C,6,C6,95,44,O23,H18,primary_sequenced,ratio,G1,G3,25,175,200,-2.807354922057604,16
5,C,7,C7,65,1,K11,B4,primary_sequenced,pair,G24,L5,100,100,200,0.0,201
5,C,8,C8,89,8,O11,B18,primary_sequenced,ratio,E6,O21,150,50,200,1.584962500721156,229
5,C,9,C9,21,69,C19,L20,primary_sequenced,mono,D23,D23,100,0,100,,-1
5,C,10,C10,68,7,K17,B16,primary_sequenced,pair,G13,P7,100,100,200,0.0,190
5,C,11,C11,83,84,M23,P2,primary_sequenced,pair,M5,P20,100,100,200,0.0,296
5,C,12,C12,34,89,E21,P12,primary_sequenced,pair,N12,E6,100,100,200,0.0,348
5,C,13,C13,46,38,G21,H6,primary_sequenced,pair,L18,I6,100,100,200,0.0,264
5,C,14,C14,81,1,M19,B4,primary_sequenced,mono,K19,K19,100,0,100,,-1
5,C,15,C15,72,76,M1,N10,primary_sequenced,mono,F11,F11,200,0,200,,-1
5,C,16,C16,47,19,G23,D16,primary_sequenced,techrep,N10,J4,100,100,200,0.0,349
5,C,17,C17,31,16,E15,D10,primary_sequenced,pair,H1,M1,100,100,200,0.0,81
5,C,18,C18,88,33,O9,F20,primary_sequenced,pair,H11,L5,100,100,200,0.0,260
5,C,19,C19,62,44,K5,H18,primary_sequenced,pair,D7,K11,100,100,200,0.0,337
5,C,20,C20,36,12,G1,D2,primary_sequenced,pair,L23,B10,100,100,200,0.0,191
5,C,21,C21,38,40,G5,H10,primary_sequenced,pair,N14,H10,100,100,200,0.0,364
5,C,22,C22,13,83,C3,N24,primary_sequenced,pair,B10,A7,100,100,200,0.0,194
5,C,23,C23,2,43,A5,H16,primary_sequenced,pair,K23,G15,100,100,200,0.0,311
5,D,2,D2,1,55,A3,J16,primary_sequenced,mono,J11,J11,100,0,100,,-1
5,D,3,D3,21,74,C19,N6,primary_sequenced,pair,K12,G17,100,100,200,0.0,333
5,D,4,D4,58,91,I21,P16,primary_sequenced,mono,G24,G24,200,0,200,,-1
5,D,5,D5,69,42,K19,H14,primary_sequenced,pair,J5,I24,100,100,200,0.0,136
5,D,6,D6,16,28,C9,F10,primary_sequenced,techrep,L20,C5,100,100,200,0.0,275
5,D,7,D7,71,21,K23,D20,primary_sequenced,mono,A6,A6,100,0,100,,-1
5,D,8,D8,50,46,I5,H22,primary_sequenced,pair,H19,F14,100,100,200,0.0,301
5,D,9,D9,54,22,I13,D22,primary_sequenced,ratio,D23,G2,50,150,200,-1.5849625007211563,242
5,D,10,D10,46,77,G21,N12,primary_sequenced,techrep,H12,O6,100,100,200,0.0,303
5,D,11,D11,68,24,K17,F2,primary_sequenced,techrep,L21,P18,100,100,200,0.0,133
5,D,12,D12,34,72,E21,N2,primary_sequenced,mono,O20,O20,100,0,100,,-1
5,D,13,D13,87,22,O7,D22,primary_sequenced,mono,C12,C12,200,0,200,,-1
5,D,14,D14,87,50,O7,J6,primary_sequenced,mono,C3,C3,100,0,100,,-1
5,D,15,D15,95,36,O23,H2,primary_sequenced,techrep,M1,P22,100,100,200,0.0,262
5,D,16,D16,65,71,K11,L24,primary_sequenced,pair,I8,J4,100,100,200,0.0,307
5,D,17,D17,14,35,C5,F24,primary_sequenced,mono,C23,C23,200,0,200,,-1
5,D,18,D18,20,47,C17,H24,primary_sequenced,ratio,E6,O21,50,150,200,-1.5849625007211563,229
5,D,19,D19,85,78,O3,N14,primary_sequenced,techrep,G1,M20,100,100,200,0.0,191
5,D,20,D20,28,82,E9,N22,primary_sequenced,techrep,A24,O18,100,100,200,0.0,110
5,D,21,D21,85,71,O3,L24,primary_sequenced,techrep,N13,L4,100,100,200,0.0,55
5,D,22,D22,37,67,G3,L16,primary_sequenced,techrep,K16,J4,100,100,200,0.0,305
5,D,23,D23,66,39,K13,H8,primary_sequenced,mono,G19,G19,100,0,100,,-1
5,E,2,E2,60,39,K1,H8,primary_sequenced,pair,P14,A24,100,100,200,0.0,177
5,E,3,E3,2,71,A5,L24,primary_sequenced,mono,C22,C22,100,0,100,,-1
5,E,4,E4,23,6,C23,B14,primary_sequenced,pair,O19,K16,100,100,200,0.0,122
5,E,5,E5,14,38,C5,H6,primary_sequenced,pair,P20,G12,100,100,200,0.0,294
5,E,6,E6,55,10,I15,B22,primary_sequenced,ratio,M17,O13,50,150,200,-1.5849625007211563,19
5,E,7,E7,92,50,O17,J6,primary_sequenced,mono,A3,A3,100,0,100,,-1
5,E,8,E8,2,47,A5,H24,primary_sequenced,pair,F2,J14,100,100,200,0.0,266
5,E,9,E9,62,36,K5,H2,primary_sequenced,pair,H16,C8,100,100,200,0.0,259
5,E,10,E10,40,31,G9,F16,primary_sequenced,mono,I13,I13,200,0,200,,-1
5,E,11,E11,31,47,E15,H24,primary_sequenced,mono,B1,B1,200,0,200,,-1
5,E,12,E12,65,30,K11,F14,primary_sequenced,pair,C6,J8,100,100,200,0.0,262
5,E,13,E13,94,71,O21,L24,primary_sequenced,pair,E12,P9,100,100,200,0.0,257
5,E,14,E14,47,38,G23,H6,primary_sequenced,mono,G8,G8,100,0,100,,-1
5,E,15,E15,32,89,E17,P12,primary_sequenced,mono,A20,A20,200,0,200,,-1
5,E,16,E16,95,7,O23,B16,primary_sequenced,pair,A10,A17,100,100,200,0.0,45
5,E,17,E17,35,27,E23,F8,primary_sequenced,ratio,M17,O13,100,100,200,0.0,19
5,E,18,E18,50,45,I5,H20,primary_sequenced,ratio,E2,O15,50,150,200,-1.5849625007211563,25
5,E,19,E19,4,16,A9,D10,primary_sequenced,pair,I17,B12,100,100,200,0.0,151
5,E,20,E20,66,18,K13,D14,primary_sequenced,pair,B11,L10,100,100,200,0.0,240
5,E,21,E21,62,63,K5,L8,primary_sequenced,mono,A2,A2,100,0,100,,-1
5,E,22,E22,71,81,K23,N20,primary_sequenced,techrep,L22,C14,100,100,200,0.0,221
5,E,23,E23,68,56,K17,J18,primary_sequenced,mono,O1,O1,100,0,100,,-1
5,F,2,F2,81,24,M19,F2,primary_sequenced,techrep,J16,E13,100,100,200,0.0,21
5,F,3,F3,45,65,G19,L12,primary_sequenced,pair,A23,M4,100,100,200,0.0,340
5,F,4,F4,42,36,G13,H2,primary_sequenced,pair,E8,G17,100,100,200,0.0,184
5,F,5,F5,41,91,G11,P16,primary_sequenced,mono,F6,F6,100,0,100,,-1
5,F,6,F6,20,94,C17,P22,primary_sequenced,mono,I16,I16,100,0,100,,-1
5,F,7,F7,38,88,G5,P10,primary_sequenced,mono,H14,H14,100,0,100,,-1
5,F,8,F8,12,36,C1,H2,primary_sequenced,pair,D19,A1,100,100,200,0.0,38
5,F,9,F9,48,40,I1,H10,primary_sequenced,mono,I20,I20,200,0,200,,-1
5,F,10,F10,31,75,E15,N8,primary_sequenced,techrep,H11,F22,100,100,200,0.0,155
5,F,11,F11,46,86,G21,P6,primary_sequenced,ratio,E2,O15,150,50,200,1.584962500721156,25
5,F,12,F12,80,24,M17,F2,primary_sequenced,ratio,E6,O21,175,25,200,2.807354922057604,229
5,F,13,F13,9,65,A19,L12,primary_sequenced,pair,H11,N10,100,100,200,0.0,333
5,F,14,F14,83,71,M23,L24,primary_sequenced,pair,H17,I13,100,100,200,0.0,128
5,F,15,F15,73,67,M3,L16,primary_sequenced,pair,L12,D8,100,100,200,0.0,263
5,F,16,F16,55,53,I15,J12,primary_sequenced,pair,G9,A13,100,100,200,0.0,264
5,F,17,F17,38,5,G5,B12,primary_sequenced,pair,F18,P18,100,100,200,0.0,308
5,F,18,F18,95,37,O23,H4,primary_sequenced,pair,B1,C21,100,100,200,0.0,304
5,F,19,F19,28,20,E9,D18,primary_sequenced,pair,D22,O7,100,100,200,0.0,258
5,F,20,F20,68,9,K17,B20,primary_sequenced,pair,D23,I15,100,100,200,0.0,135
5,F,21,F21,64,75,K9,N8,primary_sequenced,pair,I22,O19,100,100,200,0.0,236
5,F,22,F22,26,12,E5,D2,primary_sequenced,mono,D5,D5,200,0,200,,-1
5,F,23,F23,41,87,G11,P8,primary_sequenced,pair,G6,J12,100,100,200,0.0,227
5,G,2,G2,48,0,I1,B2,primary_sequenced,techrep,A16,D6,100,100,200,0.0,218
5,G,3,G3,47,40,G23,H10,primary_sequenced,ratio,G1,G3,100,100,200,0.0,16
5,G,4,G4,64,10,K9,B22,primary_sequenced,pair,E5,B12,100,100,200,0.0,151
5,G,5,G5,88,44,O9,H18,primary_sequenced,pair,G13,M10,100,100,200,0.0,73
5,G,6,G6,39,11,G7,B24,primary_sequenced,ratio,D23,G2,150,50,200,1.584962500721156,242
5,G,7,G7,24,64,E1,L10,primary_sequenced,mono,G17,G17,100,0,100,,-1
5,G,8,G8,63,55,K7,J16,primary_sequenced,mono,D17,D17,100,0,100,,-1
5,G,9,G9,18,84,C13,P2,primary_sequenced,ratio,D23,G3,25,175,200,-2.807354922057604,15
5,G,10,G10,94,63,O21,L8,primary_sequenced,pair,B8,B17,100,100,200,0.0,294
5,G,11,G11,3,25,A7,F4,primary_sequenced,pair,H21,K3,100,100,200,0.0,92
5,G,12,G12,37,91,G3,P16,primary_sequenced,techrep,H10,G11,100,100,200,0.0,35
5,G,13,G13,64,17,K9,D12,primary_sequenced,pair,L12,G15,100,100,200,0.0,302
5,G,14,G14,82,64,M21,L10,primary_sequenced,pair,G14,N8,100,100,200,0.0,265
5,G,15,G15,93,41,O19,H12,primary_sequenced,ratio,D23,G2,100,100,200,0.0,242
5,G,16,G16,41,23,G11,D24,primary_sequenced,mono,I17,I17,100,0,100,,-1
5,G,17,G17,46,42,G21,H14,primary_sequenced,pair,N7,I2,100,100,200,0.0,149
5,G,18,G18,15,24,C7,F2,primary_sequenced,pair,D24,M9,100,100,200,0.0,231
5,G,19,G19,7,57,A15,J20,primary_sequenced,mono,J9,J9,100,0,100,,-1
5,G,20,G20,15,63,C7,L8,primary_sequenced,pair,L5,E24,100,100,200,0.0,289
5,G,21,G21,63,39,K7,H8,primary_sequenced,mono,M7,M7,200,0,200,,-1
5,G,22,G22,63,61,K7,L4,primary_sequenced,mono,I6,I6,200,0,200,,-1
5,G,23,G23,28,89,E9,P12,primary_sequenced,pair,J21,O1,100,100,200,0.0,62
5,H,2,H2,50,71,I5,L24,primary_sequenced,mono,B17,B17,100,0,100,,-1
5,H,3,H3,64,80,K9,N18,primary_sequenced,pair,B12,J8,100,100,200,0.0,151
5,H,4,H4,58,78,I21,N14,primary_sequenced,pair,P13,K18,100,100,200,0.0,26
5,H,5,H5,49,72,I3,N2,primary_sequenced,pair,M22,J15,100,100,200,0.0,19
5,H,6,H6,52,4,I9,B10,primary_sequenced,mono,F1,F1,200,0,200,,-1
5,H,7,H7,19,71,C15,L24,primary_sequenced,pair,O14,H13,100,100,200,0.0,187
5,H,8,H8,83,93,M23,P20,primary_sequenced,mono,A7,A7,100,0,100,,-1
5,H,9,H9,58,84,I21,P2,primary_sequenced,density,E10,J9,200,200,400,0.0,34
5,H,10,H10,76,37,M9,H4,primary_sequenced,mono,P23,P23,200,0,200,,-1
5,H,11,H11,24,49,E1,J4,primary_sequenced,pair,J14,L3,100,100,200,0.0,290
5,H,12,H12,71,58,K23,J22,primary_sequenced,mono,F15,F15,100,0,100,,-1
5,H,13,H13,19,6,C15,B14,primary_sequenced,density,F15,J9,100,100,200,0.0,26
5,H,14,H14,6,7,A13,B16,primary_sequenced,pair,F6,B18,100,100,200,0.0,211
5,H,15,H15,68,32,K17,F18,primary_sequenced,pair,B4,A2,100,100,200,0.0,56
5,H,16,H16,29,28,E11,F10,primary_sequenced,pair,P18,I13,100,100,200,0.0,18
5,H,17,H17,41,54,G11,J14,primary_sequenced,mono,N16,N16,200,0,200,,-1
5,H,18,H18,68,84,K17,P2,primary_sequenced,mono,G18,G18,100,0,100,,-1
5,H,19,H19,58,7,I21,B16,primary_sequenced,techrep,K14,B9,100,100,200,0.0,83
5,H,20,H20,69,77,K19,N12,primary_sequenced,pair,J14,D2,100,100,200,0.0,249
5,H,21,H21,24,55,E1,J16,primary_sequenced,mono,J10,J10,200,0,200,,-1
5,H,22,H22,27,88,E7,P10,primary_sequenced,pair,I19,E24,100,100,200,0.0,246
5,H,23,H23,23,68,C23,L18,primary_sequenced,mono,O10,O10,200,0,200,,-1
5,I,2,I2,81,14,M19,D6,primary_sequenced,techrep,N15,K9,100,100,200,0.0,197
5,I,3,I3,8,38,A17,H6,primary_sequenced,pair,I22,H12,100,100,200,0.0,205
5,I,4,I4,7,64,A15,L10,primary_sequenced,pair,I9,P13,100,100,200,0.0,17
5,I,5,I5,43,84,G15,P2,primary_sequenced,ratio,G1,G3,50,150,200,-1.5849625007211563,16
5,I,6,I6,76,26,M9,F6,primary_sequenced,techrep,D16,F14,100,100,200,0.0,255
5,I,7,I7,17,76,C11,N10,primary_sequenced,mono,B24,B24,100,0,100,,-1
5,I,8,I8,2,64,A5,L10,primary_sequenced,mono,H21,H21,200,0,200,,-1
5,I,9,I9,26,7,E5,B16,primary_sequenced,techrep,J18,B12,100,100,200,0.0,198
5,I,10,I10,58,1,I21,B4,primary_sequenced,mono,D10,D10,200,0,200,,-1
5,I,11,I11,63,32,K7,F18,primary_sequenced,pair,A14,H23,100,100,200,0.0,169
5,I,12,I12,10,92,A21,P18,primary_sequenced,mono,O24,O24,100,0,100,,-1
5,I,13,I13,17,40,C11,H10,primary_sequenced,mono,E23,E23,200,0,200,,-1
5,I,14,I14,15,76,C7,N10,primary_sequenced,pair,I17,A2,100,100,200,0.0,55
5,I,15,I15,84,25,O1,F4,primary_sequenced,ratio,D23,G3,150,50,200,1.584962500721156,15
5,I,16,I16,67,7,K15,B16,primary_sequenced,mono,P18,P18,100,0,100,,-1
5,I,17,I17,56,91,I17,P16,primary_sequenced,pair,B5,N9,100,100,200,0.0,304
5,I,18,I18,14,68,C5,L18,primary_sequenced,techrep,C1,D12,100,100,200,0.0,202
5,I,19,I19,13,14,C3,D6,primary_sequenced,pair,E20,D2,100,100,200,0.0,215
5,I,20,I20,78,24,M13,F2,primary_sequenced,pair,A9,J18,100,100,200,0.0,41
5,I,21,I21,84,54,O1,J14,primary_sequenced,ratio,G1,G3,150,50,200,1.584962500721156,16
5,I,22,I22,74,65,M5,L12,primary_sequenced,mono,H5,H5,100,0,100,,-1
5,I,23,I23,49,44,I3,H18,primary_sequenced,pair,F19,L22,100,100,200,0.0,208
5,J,2,J2,92,24,O17,F2,primary_sequenced,mono,A23,A23,200,0,200,,-1
5,J,3,J3,21,20,C19,D18,primary_sequenced,pair,N1,B8,100,100,200,0.0,52
5,J,4,J4,70,44,K21,H18,primary_sequenced,mono,F17,F17,200,0,200,,-1
5,J,5,J5,69,2,K19,B6,primary_sequenced,pair,N24,C19,100,100,200,0.0,373
5,J,6,J6,28,24,E9,F2,primary_sequenced,mono,A14,A14,100,0,100,,-1
5,J,7,J7,84,81,O1,N20,primary_sequenced,mono,L17,L17,200,0,200,,-1
5,J,8,J8,7,79,A15,N16,primary_sequenced,mono,N21,N21,200,0,200,,-1
5,J,9,J9,49,84,I3,P2,primary_sequenced,ratio,E2,O15,25,175,200,-2.807354922057604,25
5,J,10,J10,2,86,A5,P6,primary_sequenced,pair,N5,L24,100,100,200,0.0,224
5,J,11,J11,16,10,C9,B22,primary_sequenced,pair,H3,A4,100,100,200,0.0,196
5,J,12,J12,85,8,O3,B18,primary_sequenced,pair,C9,M20,100,100,200,0.0,188
5,J,13,J13,54,62,I13,L6,primary_sequenced,pair,O13,H8,100,100,200,0.0,166
5,J,14,J14,65,67,K11,L16,primary_sequenced,mono,L16,L16,100,0,100,,-1
5,J,15,J15,60,48,K1,J2,primary_sequenced,mono,J24,J24,100,0,100,,-1
5,J,16,J16,26,95,E5,P24,primary_sequenced,pair,B19,B13,100,100,200,0.0,65
5,J,17,J17,36,34,G1,F22,primary_sequenced,ratio,E6,O21,25,175,200,-2.807354922057604,229
5,J,18,J18,1,81,A3,N20,primary_sequenced,pair,E6,C19,100,100,200,0.0,233
5,J,19,J19,65,94,K11,P22,primary_sequenced,mono,M19,M19,200,0,200,,-1
5,J,20,J20,91,67,O15,L16,primary_sequenced,ratio,E6,O21,100,100,200,0.0,229
5,J,21,J21,91,6,O15,B14,primary_sequenced,pair,A22,H4,100,100,200,0.0,141
5,J,22,J22,44,36,G17,H2,primary_sequenced,pair,H3,I24,100,100,200,0.0,87
5,J,23,J23,45,94,G19,P22,primary_sequenced,pair,B3,D13,100,100,200,0.0,34
5,K,2,K2,64,18,K9,D14,primary_sequenced,mono,M12,M12,100,0,100,,-1
5,K,3,K3,48,68,I1,L18,primary_sequenced,pair,P17,P2,100,100,200,0.0,186
5,K,4,K4,8,45,A17,H20,primary_sequenced,mono,I21,I21,200,0,200,,-1
5,K,5,K5,82,21,M21,D20,primary_sequenced,pair,G14,L18,100,100,200,0.0,296
5,K,6,K6,15,12,C7,D2,primary_sequenced,pair,F8,A3,100,100,200,0.0,69
5,K,7,K7,33,13,E19,D4,primary_sequenced,pair,G11,I24,100,100,200,0.0,179
5,K,8,K8,48,19,I1,D16,primary_sequenced,ratio,G1,G3,175,25,200,2.807354922057604,16
5,K,9,K9,37,16,G3,D10,primary_sequenced,mono,N8,N8,100,0,100,,-1
5,K,10,K10,89,90,O11,P14,primary_sequenced,pair,B17,B20,100,100,200,0.0,301
5,K,11,K11,58,50,I21,J6,primary_sequenced,pair,P14,M7,100,100,200,0.0,306
5,K,12,K12,56,4,I17,B10,primary_sequenced,pair,I2,L17,100,100,200,0.0,47
5,K,13,K13,43,20,G15,D18,primary_sequenced,mono,I19,I19,200,0,200,,-1
5,K,14,K14,63,94,K7,P22,primary_sequenced,mono,J3,J3,200,0,200,,-1
5,K,15,K15,58,18,I21,D14,primary_sequenced,techrep,D17,B3,100,100,200,0.0,29
5,K,16,K16,56,23,I17,D24,primary_sequenced,pair,L22,D14,100,100,200,0.0,262
5,K,17,K17,8,36,A17,H2,primary_sequenced,mono,D19,D19,200,0,200,,-1
5,K,18,K18,93,48,O19,J2,primary_sequenced,pair,J9,J13,100,100,200,0.0,18
5,K,19,K19,35,14,E23,D6,primary_sequenced,pair,A6,F12,100,100,200,0.0,307
5,K,20,K20,29,66,E11,L14,primary_sequenced,pair,D21,J3,100,100,200,0.0,195
5,K,21,K21,44,87,G17,P8,primary_sequenced,techrep,P6,J15,100,100,200,0.0,142
5,K,22,K22,28,50,E9,J6,primary_sequenced,ratio,E2,O15,100,100,200,0.0,25
5,K,23,K23,26,47,E5,H24,primary_sequenced,mono,N22,N22,100,0,100,,-1
5,L,2,L2,26,76,E5,N10,primary_sequenced,mono,E19,E19,100,0,100,,-1
5,L,3,L3,91,8,O15,B18,primary_sequenced,pair,M8,B21,100,100,200,0.0,267
5,L,4,L4,64,52,K9,J10,primary_sequenced,mono,J19,J19,200,0,200,,-1
5,L,5,L5,1,82,A3,N22,primary_sequenced,ratio,D23,G2,25,175,200,-2.807354922057604,242
5,L,6,L6,67,2,K15,B6,primary_sequenced,techrep,F23,E10,100,100,200,0.0,214
5,L,7,L7,25,62,E3,L6,primary_sequenced,ratio,M17,O13,150,50,200,1.584962500721156,19
5,L,8,L8,17,18,C11,D14,primary_sequenced,ratio,D23,G2,175,25,200,2.807354922057604,242
5,L,9,L9,12,68,C1,L18,primary_sequenced,pair,H9,L11,100,100,200,0.0,46
5,L,10,L10,0,46,A1,H22,primary_sequenced,mono,K3,K3,100,0,100,,-1
5,L,11,L11,93,32,O19,F18,primary_sequenced,techrep,O1,H11,100,100,200,0.0,62
5,L,12,L12,69,56,K19,J18,primary_sequenced,mono,G2,G2,100,0,100,,-1
5,L,13,L13,8,1,A17,B4,primary_sequenced,density,E10,J9,100,100,200,0.0,34
5,L,14,L14,41,92,G11,P18,primary_sequenced,mono,G6,G6,100,0,100,,-1
5,L,15,L15,87,57,O7,J20,primary_sequenced,pair,C23,D22,100,100,200,0.0,304
5,L,16,L16,64,77,K9,N12,primary_sequenced,mono,I18,I18,200,0,200,,-1
5,L,17,L17,71,2,K23,B6,primary_sequenced,mono,B5,B5,100,0,100,,-1
5,L,18,L18,56,7,I17,B16,primary_sequenced,mono,B6,B6,200,0,200,,-1
5,L,19,L19,30,72,E13,N2,primary_sequenced,pair,N1,F9,100,100,200,0.0,35
5,L,20,L20,33,17,E19,D12,primary_sequenced,pair,D13,A16,100,100,200,0.0,261
5,L,21,L21,39,72,G7,N2,primary_sequenced,pair,H3,N17,100,100,200,0.0,182
5,L,22,L22,94,65,O21,L12,primary_sequenced,mono,C15,C15,100,0,100,,-1
5,L,23,L23,80,86,M17,P6,primary_sequenced,mono,A19,A19,100,0,100,,-1
5,M,2,M2,69,64,K19,L10,primary_sequenced,pair,G7,N13,100,100,200,0.0,219
5,M,3,M3,73,20,M3,D18,primary_sequenced,pair,H11,A7,100,100,200,0.0,196
5,M,4,M4,2,26,A5,F6,primary_sequenced,pair,G2,D18,100,100,200,0.0,241
5,M,5,M5,14,63,C5,L8,primary_sequenced,techrep,M9,M11,100,100,200,0.0,179
5,M,6,M6,37,47,G3,H24,primary_sequenced,mono,K5,K5,100,0,100,,-1
5,M,7,M7,92,44,O17,H18,primary_sequenced,pair,M20,M10,100,100,200,0.0,197
5,M,8,M8,9,17,A19,D12,primary_sequenced,pair,E2,M6,100,100,200,0.0,15
5,M,9,M9,84,53,O1,J12,primary_sequenced,density,J1,O11,100,100,200,0.0,16
5,M,10,M10,20,28,C17,F10,primary_sequenced,mono,P5,P5,100,0,100,,-1
5,M,11,M11,73,52,M3,J10,primary_sequenced,mono,B20,B20,200,0,200,,-1
5,M,12,M12,36,86,G1,P6,primary_sequenced,pair,E10,N4,100,100,200,0.0,265
5,M,13,M13,78,83,M13,N24,primary_sequenced,mono,C10,C10,100,0,100,,-1
5,M,14,M14,63,70,K7,L22,primary_sequenced,techrep,D8,D4,100,100,200,0.0,213
5,M,15,M15,20,34,C17,F22,primary_sequenced,techrep,A9,P4,100,100,200,0.0,49
5,M,16,M16,82,59,M21,J24,primary_sequenced,mono,N20,N20,100,0,100,,-1
5,M,17,M17,51,28,I7,F10,primary_sequenced,mono,E6,E6,200,0,200,,-1
5,M,18,M18,71,27,K23,F8,primary_sequenced,pair,L17,O19,100,100,200,0.0,127
5,M,19,M19,63,59,K7,J24,primary_sequenced,pair,I10,C5,100,100,200,0.0,265
5,M,20,M20,91,76,O15,N10,primary_sequenced,mono,L20,L20,200,0,200,,-1
5,M,21,M21,91,23,O15,D24,primary_sequenced,mono,J8,J8,100,0,100,,-1
5,M,22,M22,10,31,A21,F16,primary_sequenced,mono,J18,J18,200,0,200,,-1
5,M,23,M23,92,78,O17,N14,primary_sequenced,mono,B10,B10,200,0,200,,-1
5,N,2,N2,67,68,K15,L18,primary_sequenced,techrep,E20,G16,100,100,200,0.0,241
5,N,3,N3,43,83,G15,N24,primary_sequenced,ratio,E2,O15,175,25,200,2.807354922057604,25
5,N,4,N4,84,77,O1,N12,primary_sequenced,mono,O3,O3,200,0,200,,-1
5,N,5,N5,17,13,C11,D4,primary_sequenced,pair,G2,N23,100,100,200,0.0,228
5,N,6,N6,22,7,C21,B16,primary_sequenced,density,G6,H15,100,100,200,0.0,187
5,N,7,N7,10,22,A21,D22,primary_sequenced,mono,L10,L10,200,0,200,,-1
5,N,8,N8,28,60,E9,L2,primary_sequenced,mono,K22,K22,200,0,200,,-1
5,N,9,N9,49,93,I3,P20,primary_sequenced,mono,O8,O8,200,0,200,,-1
5,N,10,N10,55,69,I15,L20,primary_sequenced,ratio,M17,O13,175,25,200,2.807354922057604,19
5,N,11,N11,53,57,I11,J20,primary_sequenced,density,J1,O11,200,200,400,0.0,16
5,N,12,N12,37,50,G3,J6,primary_sequenced,density,G6,H15,200,200,400,0.0,187
5,N,13,N13,18,32,C13,F18,primary_sequenced,mono,H12,H12,100,0,100,,-1
5,N,14,N14,24,94,E1,P22,primary_sequenced,mono,J12,J12,100,0,100,,-1
5,N,15,N15,7,22,A15,D22,primary_sequenced,techrep,P1,D19,100,100,200,0.0,28
5,N,16,N16,90,92,O13,P18,primary_sequenced,pair,P8,K22,100,100,200,0.0,355
5,N,17,N17,4,71,A9,L24,primary_sequenced,pair,H18,P17,100,100,200,0.0,29
5,N,18,N18,93,39,O19,H8,primary_sequenced,techrep,E17,L12,100,100,200,0.0,261
5,N,19,N19,83,79,M23,N16,primary_sequenced,techrep,C6,H22,100,100,200,0.0,178
5,N,20,N20,25,65,E3,L12,primary_sequenced,pair,E11,O13,100,100,200,0.0,165
5,N,21,N21,69,25,K19,F4,primary_sequenced,pair,O7,H6,100,100,200,0.0,170
5,N,22,N22,77,20,M11,D18,primary_sequenced,pair,P20,K21,100,100,200,0.0,200
5,N,23,N23,16,50,C9,J6,primary_sequenced,density,F15,J9,50,50,100,0.0,26
5,O,2,O2,75,55,M7,J16,primary_sequenced,pair,N7,K3,100,100,200,0.0,197
5,O,3,O3,33,15,E19,D8,primary_sequenced,pair,L17,H20,100,100,200,0.0,231
5,O,4,O4,8,81,A17,N20,primary_sequenced,pair,A7,I22,100,100,200,0.0,108
5,O,5,O5,86,29,O5,F12,primary_sequenced,pair,D14,L6,100,100,200,0.0,184
5,O,6,O6,44,68,G17,L18,primary_sequenced,techrep,L23,H2,100,100,200,0.0,173
5,O,7,O7,0,3,A1,B8,primary_sequenced,pair,B9,L24,100,100,200,0.0,249
5,O,8,O8,39,43,G7,H16,primary_sequenced,ratio,D23,G3,100,100,200,0.0,15
5,O,9,O9,87,7,O7,B16,primary_sequenced,pair,M5,E4,100,100,200,0.0,219
5,O,10,O10,35,50,E23,J6,primary_sequenced,density,G6,H15,50,50,100,0.0,187
5,O,11,O11,79,92,M15,P18,primary_sequenced,mono,J13,J13,200,0,200,,-1
5,O,12,O12,11,31,A23,F16,primary_sequenced,pair,J1,P12,100,100,200,0.0,220
5,O,13,O13,28,14,E9,D6,primary_sequenced,techrep,F10,A9,100,100,200,0.0,298
5,O,14,O14,8,79,A17,N16,primary_sequenced,pair,H5,C8,100,100,200,0.0,262
5,O,15,O15,43,4,G15,B10,primary_sequenced,ratio,D23,G3,175,25,200,2.807354922057604,15
5,O,16,O16,81,89,M19,P12,primary_sequenced,techrep,B8,H17,100,100,200,0.0,42
5,O,17,O17,0,70,A1,L22,primary_sequenced,pair,J11,F17,100,100,200,0.0,189
5,O,18,O18,71,12,K23,D2,primary_sequenced,pair,A18,C21,100,100,200,0.0,299
5,O,19,O19,36,93,G1,P20,primary_sequenced,ratio,D23,G3,50,150,200,-1.5849625007211563,15
5,O,20,O20,21,5,C19,B12,primary_sequenced,pair,B2,A5,100,100,200,0.0,21
5,O,21,O21,3,70,A7,L22,primary_sequenced,pair,H7,C2,100,100,200,0.0,282
5,O,22,O22,3,57,A7,J20,primary_sequenced,pair,F10,M19,100,100,200,0.0,236
5,O,23,O23,65,78,K11,N14,primary_sequenced,mono,M8,M8,200,0,200,,-1
6,B,2,B2,59,5,I23,B12,primary_sequenced,mono,C10,C10,200,0,200,,-1
6,B,3,B3,12,26,C1,F6,primary_sequenced,mono,I5,I5,100,0,100,,-1
6,B,4,B4,15,59,C7,J24,primary_sequenced,ratio,E22,P17,150,50,200,1.584962500721156,36
6,B,5,B5,48,29,I1,F12,primary_sequenced,ratio,G5,M21,150,50,200,1.584962500721156,131
6,B,6,B6,14,82,C5,N22,primary_sequenced,mono,D12,D12,100,0,100,,-1
6,B,7,B7,80,77,M17,N12,primary_sequenced,techrep,F10,A9,100,100,200,0.0,298
6,B,8,B8,60,84,K1,P2,primary_sequenced,mono,H5,H5,200,0,200,,-1
6,B,9,B9,79,83,M15,N24,primary_sequenced,pair,C1,E17,100,100,200,0.0,308
6,B,10,B10,76,5,M9,B12,primary_sequenced,techrep,F23,E10,100,100,200,0.0,214
6,B,11,B11,16,83,C9,N24,primary_sequenced,ratio,G5,M21,50,150,200,-1.5849625007211563,131
6,B,12,B12,87,33,O7,F20,primary_sequenced,mono,F14,F14,100,0,100,,-1
6,B,13,B13,95,69,O23,L20,primary_sequenced,mono,P6,P6,100,0,100,,-1
6,B,14,B14,20,4,C17,B10,primary_sequenced,mono,H15,H15,100,0,100,,-1
6,B,15,B15,74,9,M5,B20,primary_sequenced,mono,B7,B7,200,0,200,,-1
6,B,16,B16,53,70,I11,L22,primary_sequenced,pair,P3,F18,100,100,200,0.0,311
6,B,17,B17,54,38,I13,H6,primary_sequenced,mono,I1,I1,200,0,200,,-1
6,B,18,B18,46,0,G21,B2,primary_sequenced,pair,F22,L16,100,100,200,0.0,279
6,B,19,B19,94,49,O21,J4,primary_sequenced,pair,G17,J17,100,100,200,0.0,24
6,B,20,B20,18,24,C13,F2,primary_sequenced,pair,P9,O9,100,100,200,0.0,251
6,B,21,B21,53,26,I11,F6,primary_sequenced,techrep,K6,J12,100,100,200,0.0,299
6,B,22,B22,85,40,O3,H10,primary_sequenced,pair,L3,M10,100,100,200,0.0,302
6,B,23,B23,16,15,C9,D8,primary_sequenced,techrep,H12,O6,100,100,200,0.0,303
6,C,2,C2,94,11,O21,B24,primary_sequenced,techrep,N15,K9,100,100,200,0.0,197
6,C,3,C3,35,55,E23,J16,primary_sequenced,mono,K3,K3,200,0,200,,-1
6,C,4,C4,4,85,A9,P4,primary_sequenced,pair,G21,G24,100,100,200,0.0,196
6,C,5,C5,60,81,K1,N20,primary_sequenced,pair,G18,I22,100,100,200,0.0,170
6,C,6,C6,22,67,C21,L16,primary_sequenced,pair,D9,K4,100,100,200,0.0,262
6,C,7,C7,62,32,K5,F18,primary_sequenced,ratio,I9,O7,25,175,200,-2.807354922057604,177
6,C,8,C8,61,25,K3,F4,primary_sequenced,pair,I16,D15,100,100,200,0.0,236
6,C,9,C9,36,95,G1,P24,primary_sequenced,mono,M7,M7,100,0,100,,-1
6,C,10,C10,92,1,O17,B4,primary_sequenced,mono,I10,I10,200,0,200,,-1
6,C,11,C11,39,79,G7,N16,primary_sequenced,mono,H4,H4,200,0,200,,-1
6,C,12,C12,53,22,I11,D22,primary_sequenced,pair,L14,H14,100,100,200,0.0,240
6,C,13,C13,51,75,I7,N8,primary_sequenced,pair,J2,I22,100,100,200,0.0,238
6,C,14,C14,69,88,K19,P10,primary_sequenced,ratio,G5,M21,100,100,200,0.0,131
6,C,15,C15,6,4,A13,B10,primary_sequenced,mono,I7,I7,100,0,100,,-1
6,C,16,C16,23,34,C23,F22,primary_sequenced,techrep,D8,D4,100,100,200,0.0,213
6,C,17,C17,72,87,M1,P8,primary_sequenced,pair,K13,L18,100,100,200,0.0,150
6,C,18,C18,12,48,C1,J2,primary_sequenced,mono,D7,D7,200,0,200,,-1
6,C,19,C19,40,2,G9,B6,primary_sequenced,pair,G14,C13,100,100,200,0.0,306
6,C,20,C20,51,78,I7,N14,primary_sequenced,mono,G4,G4,200,0,200,,-1
6,C,21,C21,75,92,M7,P18,primary_sequenced,mono,G3,G3,200,0,200,,-1
6,C,22,C22,50,57,I5,J20,primary_sequenced,pair,A2,D19,100,100,200,0.0,50
6,C,23,C23,54,61,I13,L4,primary_sequenced,mono,K5,K5,200,0,200,,-1
6,D,2,D2,52,36,I9,H2,primary_sequenced,pair,K1,N3,100,100,200,0.0,158
6,D,3,D3,67,90,K15,P14,primary_sequenced,mono,K9,K9,200,0,200,,-1
6,D,4,D4,40,15,G9,D8,primary_sequenced,mono,O4,O4,100,0,100,,-1
6,D,5,D5,90,93,O13,P20,primary_sequenced,mono,F2,F2,200,0,200,,-1
6,D,6,D6,31,39,E15,H8,primary_sequenced,mono,L1,L1,200,0,200,,-1
6,D,7,D7,73,71,M3,L24,primary_sequenced,pair,L15,E2,100,100,200,0.0,28
6,D,8,D8,18,72,C13,N2,primary_sequenced,pair,L22,J20,100,100,200,0.0,215
6,D,9,D9,79,49,M15,J4,primary_sequenced,pair,D24,C21,100,100,200,0.0,70
6,D,10,D10,7,14,A15,D6,primary_sequenced,mono,F23,F23,100,0,100,,-1
6,D,11,D11,52,53,I9,J12,primary_sequenced,pair,L2,D6,100,100,200,0.0,262
6,D,12,D12,49,28,I3,F10,primary_sequenced,techrep,J18,B12,100,100,200,0.0,198
6,D,13,D13,67,25,K15,F4,primary_sequenced,pair,A22,E5,100,100,200,0.0,202
6,D,14,D14,62,24,K5,F2,primary_sequenced,pair,P5,A14,100,100,200,0.0,39
6,D,15,D15,61,3,K3,B8,primary_sequenced,ratio,G9,P15,25,175,200,-2.807354922057604,261
6,D,16,D16,83,34,M23,F22,primary_sequenced,ratio,I9,O7,175,25,200,2.807354922057604,177
6,D,17,D17,46,65,G21,L12,primary_sequenced,mono,O21,O21,100,0,100,,-1
6,D,18,D18,39,91,G7,P16,primary_sequenced,pair,D11,K22,100,100,200,0.0,17
6,D,19,D19,74,35,M5,F24,primary_sequenced,mono,B15,B15,100,0,100,,-1
6,D,20,D20,62,58,K5,J22,primary_sequenced,pair,G14,J24,100,100,200,0.0,346
6,D,21,D21,88,85,O9,P4,primary_sequenced,pair,E23,E17,100,100,200,0.0,206
6,D,22,D22,71,10,K23,B22,primary_sequenced,mono,K11,K11,100,0,100,,-1
6,D,23,D23,67,22,K15,D22,primary_sequenced,ratio,G9,P15,175,25,200,2.807354922057604,261
6,E,2,E2,27,55,E7,J16,primary_sequenced,ratio,I9,O7,50,150,200,-1.5849625007211563,177
6,E,3,E3,1,52,A3,J10,primary_sequenced,mono,M14,M14,200,0,200,,-1
6,E,4,E4,74,17,M5,D12,primary_sequenced,pair,B20,K17,100,100,200,0.0,38
6,E,5,E5,33,35,E19,F24,primary_sequenced,techrep,J1,O20,100,100,200,0.0,27
6,E,6,E6,93,67,O19,L16,primary_sequenced,density,E6,G20,200,200,400,0.0,231
6,E,7,E7,55,0,I15,B2,primary_sequenced,techrep,O12,C7,100,100,200,0.0,272
6,E,8,E8,94,26,O21,F6,primary_sequenced,ratio,G9,P15,150,50,200,1.584962500721156,261
6,E,9,E9,79,63,M15,L8,primary_sequenced,mono,H22,H22,100,0,100,,-1
6,E,10,E10,54,36,I13,H2,primary_sequenced,pair,H18,A11,100,100,200,0.0,218
6,E,11,E11,45,79,G19,N16,primary_sequenced,mono,C21,C21,100,0,100,,-1
6,E,12,E12,92,11,O17,B24,primary_sequenced,pair,I19,F3,100,100,200,0.0,121
6,E,13,E13,35,95,E23,P24,primary_sequenced,pair,K15,M3,100,100,200,0.0,142
6,E,14,E14,12,93,C1,P20,primary_sequenced,pair,L7,O22,100,100,200,0.0,233
6,E,15,E15,12,30,C1,F14,primary_sequenced,mono,N23,N23,200,0,200,,-1
6,E,16,E16,45,89,G19,P12,primary_sequenced,mono,E18,E18,200,0,200,,-1
6,E,17,E17,73,11,M3,B24,primary_sequenced,techrep,J16,E13,100,100,200,0.0,21
6,E,18,E18,89,48,O11,J2,primary_sequenced,pair,D22,M1,100,100,200,0.0,253
6,E,19,E19,38,89,G5,P12,primary_sequenced,pair,I3,L24,100,100,200,0.0,195
6,E,20,E20,16,93,C9,P20,primary_sequenced,pair,B13,A9,100,100,200,0.0,254
6,E,21,E21,16,11,C9,B24,primary_sequenced,pair,J23,L23,100,100,200,0.0,181
6,E,22,E22,79,61,M15,L4,primary_sequenced,mono,F3,F3,200,0,200,,-1
6,E,23,E23,95,65,O23,L12,primary_sequenced,pair,J19,B3,100,100,200,0.0,45
6,F,2,F2,17,11,C11,B24,primary_sequenced,ratio,I9,O7,150,50,200,1.584962500721156,177
6,F,3,F3,44,90,G17,P14,primary_sequenced,pair,E10,C12,100,100,200,0.0,48
6,F,4,F4,15,0,C7,B2,primary_sequenced,pair,K13,L15,100,100,200,0.0,279
6,F,5,F5,36,33,G1,F20,primary_sequenced,mono,N1,N1,100,0,100,,-1
6,F,6,F6,8,58,A17,J22,primary_sequenced,mono,C14,C14,100,0,100,,-1
6,F,7,F7,25,45,E3,H20,primary_sequenced,pair,O9,A21,100,100,200,0.0,38
6,F,8,F8,53,90,I11,P14,primary_sequenced,density,E6,G20,100,100,200,0.0,231
6,F,9,F9,17,69,C11,L20,primary_sequenced,pair,A12,F6,100,100,200,0.0,194
6,F,10,F10,68,50,K17,J6,primary_sequenced,pair,L20,H22,100,100,200,0.0,264
6,F,11,F11,63,19,K7,D16,primary_sequenced,mono,E14,E14,200,0,200,,-1
6,F,12,F12,27,35,E7,F24,primary_sequenced,mono,F9,F9,200,0,200,,-1
6,F,13,F13,76,25,M9,F4,primary_sequenced,mono,M15,M15,200,0,200,,-1
6,F,14,F14,72,46,M1,H22,primary_sequenced,pair,O1,H16,100,100,200,0.0,34
6,F,15,F15,67,52,K15,J10,primary_sequenced,pair,C22,E14,100,100,200,0.0,204
6,F,16,F16,65,27,K11,F8,primary_sequenced,mono,L3,L3,200,0,200,,-1
6,F,17,F17,22,79,C21,N16,primary_sequenced,density,G5,I11,100,100,200,0.0,18
6,F,18,F18,4,77,A9,N12,primary_sequenced,pair,F24,A22,100,100,200,0.0,133
6,F,19,F19,71,70,K23,L22,primary_sequenced,ratio,E22,P17,50,150,200,-1.5849625007211563,36
6,F,20,F20,7,43,A15,H16,primary_sequenced,density,G5,I11,50,50,100,0.0,18
6,F,21,F21,63,90,K7,P14,primary_sequenced,pair,F13,K6,100,100,200,0.0,306
6,F,22,F22,75,91,M7,P16,primary_sequenced,density,C24,M11,50,50,100,0.0,26
6,F,23,F23,54,13,I13,D4,primary_sequenced,pair,M14,M17,100,100,200,0.0,41
6,G,2,G2,30,27,E13,F8,primary_sequenced,pair,A5,L1,100,100,200,0.0,204
6,G,3,G3,76,13,M9,D4,primary_sequenced,mono,C19,C19,200,0,200,,-1
6,G,4,G4,6,94,A13,P22,primary_sequenced,techrep,B18,C23,100,100,200,0.0,190
6,G,5,G5,7,9,A15,B20,primary_sequenced,pair,B1,D11,100,100,200,0.0,308
6,G,6,G6,21,83,C19,N24,primary_sequenced,techrep,H23,D24,100,100,200,0.0,213
6,G,7,G7,37,25,G3,F4,primary_sequenced,mono,P20,P20,100,0,100,,-1
6,G,8,G8,13,38,C3,H6,primary_sequenced,pair,B19,G22,100,100,200,0.0,192
6,G,9,G9,91,72,O15,N2,primary_sequenced,mono,L7,L7,100,0,100,,-1
6,G,10,G10,88,43,O9,H16,primary_sequenced,pair,O17,K2,100,100,200,0.0,155
6,G,11,G11,92,93,O17,P20,primary_sequenced,pair,L22,A11,100,100,200,0.0,96
6,G,12,G12,54,18,I13,D14,primary_sequenced,mono,C11,C11,200,0,200,,-1
6,G,13,G13,36,84,G1,P2,primary_sequenced,ratio,E22,P17,175,25,200,2.807354922057604,36
6,G,14,G14,90,13,O13,D4,primary_sequenced,pair,B21,N10,100,100,200,0.0,340
6,G,15,G15,87,11,O7,B24,primary_sequenced,pair,G6,O24,100,100,200,0.0,204
6,G,16,G16,95,10,O23,B22,primary_sequenced,mono,I19,I19,100,0,100,,-1
6,G,17,G17,72,23,M1,D24,primary_sequenced,mono,J1,J1,200,0,200,,-1
6,G,18,G18,19,51,C15,J8,primary_sequenced,mono,J16,J16,100,0,100,,-1
6,G,19,G19,5,40,A11,H10,primary_sequenced,pair,O12,E23,100,100,200,0.0,303
6,G,20,G20,32,57,E17,J20,primary_sequenced,pair,D10,C5,100,100,200,0.0,227
6,G,21,G21,34,91,E21,P16,primary_sequenced,ratio,G5,M21,25,175,200,-2.807354922057604,131
6,G,22,G22,77,60,M11,L2,primary_sequenced,pair,E16,M7,100,100,200,0.0,93
6,G,23,G23,17,81,C11,N20,primary_sequenced,mono,C2,C2,100,0,100,,-1
6,H,2,H2,52,75,I9,N8,primary_sequenced,techrep,K16,J4,100,100,200,0.0,305
6,H,3,H3,90,61,O13,L4,primary_sequenced,mono,P10,P10,200,0,200,,-1
6,H,4,H4,92,41,O17,H12,primary_sequenced,pair,E18,C19,100,100,200,0.0,20
6,H,5,H5,60,1,K1,B4,primary_sequenced,pair,P2,P22,100,100,200,0.0,157
6,H,6,H6,9,54,A19,J14,primary_sequenced,density,A1,O17,100,100,200,0.0,115
6,H,7,H7,76,1,M9,B4,primary_sequenced,mono,H18,H18,200,0,200,,-1
6,H,8,H8,76,93,M9,P20,primary_sequenced,pair,O10,O5,100,100,200,0.0,190
6,H,9,H9,89,10,O11,B22,primary_sequenced,mono,D10,D10,100,0,100,,-1
6,H,10,H10,87,3,O7,B8,primary_sequenced,mono,O13,O13,100,0,100,,-1
6,H,11,H11,75,36,M7,H2,primary_sequenced,mono,M1,M1,100,0,100,,-1
6,H,12,H12,8,25,A17,F4,primary_sequenced,techrep,H13,K4,100,100,200,0.0,80
6,H,13,H13,93,29,O19,F12,primary_sequenced,pair,E10,H18,100,100,200,0.0,18
6,H,14,H14,92,31,O17,F16,primary_sequenced,mono,F22,F22,200,0,200,,-1
6,H,15,H15,23,14,C23,D6,primary_sequenced,mono,N14,N14,100,0,100,,-1
6,H,16,H16,26,52,E5,J10,primary_sequenced,pair,O4,P16,100,100,200,0.0,198
6,H,17,H17,40,71,G9,L24,primary_sequenced,mono,J8,J8,200,0,200,,-1
6,H,18,H18,74,30,M5,F14,primary_sequenced,pair,D12,H6,100,100,200,0.0,114
6,H,19,H19,83,58,M23,J22,primary_sequenced,pair,A6,K4,100,100,200,0.0,263
6,H,20,H20,67,49,K15,J4,primary_sequenced,pair,I20,L3,100,100,200,0.0,257
6,H,21,H21,61,7,K3,B16,primary_sequenced,mono,A13,A13,100,0,100,,-1
6,H,22,H22,35,5,E23,B12,primary_sequenced,mono,A9,A9,200,0,200,,-1
6,H,23,H23,35,8,E23,B18,primary_sequenced,ratio,E22,P17,100,100,200,0.0,36
6,I,2,I2,42,57,G13,J20,primary_sequenced,pair,A7,P6,100,100,200,0.0,175
6,I,3,I3,32,72,E17,N2,primary_sequenced,pair,H5,E12,100,100,200,0.0,164
6,I,4,I4,77,68,M11,L18,primary_sequenced,techrep,L20,C5,100,100,200,0.0,275
6,I,5,I5,19,59,C15,J24,primary_sequenced,density,C24,M11,100,100,200,0.0,26
6,I,6,I6,24,58,E1,J22,primary_sequenced,density,C24,M11,200,200,400,0.0,26
6,I,7,I7,74,92,M5,P18,primary_sequenced,pair,I6,E7,100,100,200,0.0,260
6,I,8,I8,23,75,C23,N8,primary_sequenced,pair,A23,G18,100,100,200,0.0,270
6,I,9,I9,0,33,A1,F20,primary_sequenced,ratio,G5,M21,175,25,200,2.807354922057604,131
6,I,10,I10,5,16,A11,D10,primary_sequenced,techrep,D17,B3,100,100,200,0.0,29
6,I,11,I11,72,20,M1,D18,primary_sequenced,pair,P17,K24,100,100,200,0.0,593
6,I,12,I12,17,19,C11,D16,primary_sequenced,pair,H17,E1,100,100,200,0.0,308
6,I,13,I13,30,79,E13,N16,primary_sequenced,techrep,D6,B5,100,100,200,0.0,174
6,I,14,I14,11,62,A23,L6,primary_sequenced,mono,O14,O14,100,0,100,,-1
6,I,15,I15,73,77,M3,N12,primary_sequenced,mono,H19,H19,200,0,200,,-1
6,I,16,I16,64,11,K9,B24,primary_sequenced,mono,F17,F17,100,0,100,,-1
6,I,17,I17,38,30,G5,F14,primary_sequenced,ratio,C22,M21,25,175,200,-2.807354922057604,147
6,I,18,I18,64,8,K9,B18,primary_sequenced,mono,F6,F6,200,0,200,,-1
6,I,19,I19,77,43,M11,H16,primary_sequenced,mono,B8,B8,200,0,200,,-1
6,I,20,I20,20,61,C17,L4,primary_sequenced,ratio,I9,O7,100,100,200,0.0,177
6,I,21,I21,28,85,E9,P4,primary_sequenced,mono,A2,A2,200,0,200,,-1
6,I,22,I22,69,1,K19,B4,primary_sequenced,pair,C10,A13,100,100,200,0.0,15
6,I,23,I23,92,10,O17,B22,primary_sequenced,pair,P8,L11,100,100,200,0.0,357
6,J,2,J2,11,54,A23,J14,primary_sequenced,pair,D22,I4,100,100,200,0.0,257
6,J,3,J3,44,4,G17,B10,primary_sequenced,pair,P8,E16,100,100,200,0.0,341
6,J,4,J4,49,46,I3,H22,primary_sequenced,ratio,E22,P17,25,175,200,-2.807354922057604,36
6,J,5,J5,4,76,A9,N10,primary_sequenced,pair,C15,C12,100,100,200,0.0,165
6,J,6,J6,51,25,I7,F4,primary_sequenced,ratio,C22,M21,175,25,200,2.807354922057604,147
6,J,7,J7,56,93,I17,P20,primary_sequenced,pair,E13,H13,100,100,200,0.0,112
6,J,8,J8,26,75,E5,N8,primary_sequenced,pair,M1,F23,100,100,200,0.0,96
6,J,9,J9,18,14,C13,D6,primary_sequenced,ratio,C22,M21,50,150,200,-1.5849625007211563,147
6,J,10,J10,90,95,O13,P24,primary_sequenced,pair,D1,M9,100,100,200,0.0,241
6,J,11,J11,81,8,M19,B18,primary_sequenced,mono,K22,K22,100,0,100,,-1
6,J,12,J12,6,44,A13,H18,primary_sequenced,pair,D20,M1,100,100,200,0.0,338
6,J,13,J13,95,22,O23,D22,primary_sequenced,pair,J13,I6,100,100,200,0.0,230
6,J,14,J14,52,64,I9,L10,primary_sequenced,pair,K24,I3,100,100,200,0.0,604
6,J,15,J15,71,74,K23,N6,primary_sequenced,pair,F3,D19,100,100,200,0.0,54
6,J,16,J16,60,49,K1,J4,primary_sequenced,mono,K23,K23,100,0,100,,-1
6,J,17,J17,70,58,K21,J22,primary_sequenced,pair,P8,D21,100,100,200,0.0,357
6,J,18,J18,77,4,M11,B10,primary_sequenced,pair,H1,K24,100,100,200,0.0,599
6,J,19,J19,68,75,K17,N8,primary_sequenced,pair,N12,H3,100,100,200,0.0,334
6,J,20,J20,45,71,G19,L24,primary_sequenced,pair,C7,B18,100,100,200,0.0,190
6,J,21,J21,78,5,M13,B12,primary_sequenced,mono,H3,H3,100,0,100,,-1
6,J,22,J22,32,12,E17,D2,primary_sequenced,mono,H17,H17,100,0,100,,-1
6,J,23,J23,53,60,I11,L2,primary_sequenced,pair,D1,F7,100,100,200,0.0,214
6,K,2,K2,73,75,M3,N8,primary_sequenced,pair,B4,H21,100,100,200,0.0,250
6,K,3,K3,82,33,M21,F20,primary_sequenced,mono,A15,A15,100,0,100,,-1
6,K,4,K4,34,68,E21,L18,primary_sequenced,pair,I9,C1,100,100,200,0.0,257
6,K,5,K5,95,51,O23,J8,primary_sequenced,mono,N13,N13,100,0,100,,-1
6,K,6,K6,69,22,K19,D22,primary_sequenced,pair,I11,O18,100,100,200,0.0,135
6,K,7,K7,9,57,A19,J20,primary_sequenced,pair,P15,L18,100,100,200,0.0,183
6,K,8,K8,36,91,G1,P16,primary_sequenced,mono,P14,P14,200,0,200,,-1
6,K,9,K9,78,61,M13,L4,primary_sequenced,pair,K19,P2,100,100,200,0.0,194
6,K,10,K10,27,62,E7,L6,primary_sequenced,mono,J2,J2,200,0,200,,-1
6,K,11,K11,92,34,O17,F22,primary_sequenced,pair,F3,I1,100,100,200,0.0,179
6,K,12,K12,31,21,E15,D20,primary_sequenced,pair,G19,H5,100,100,200,0.0,232
6,K,13,K13,58,64,I21,L10,primary_sequenced,pair,J13,I21,100,100,200,0.0,268
6,K,14,K14,2,89,A5,P12,primary_sequenced,techrep,O23,I15,100,100,200,0.0,93
6,K,15,K15,50,20,I5,D18,primary_sequenced,pair,L24,F8,100,100,200,0.0,221
6,K,16,K16,73,88,M3,P10,primary_sequenced,pair,A20,I13,100,100,200,0.0,124
6,K,17,K17,79,14,M15,D6,primary_sequenced,techrep,O1,H11,100,100,200,0.0,62
6,K,18,K18,60,14,K1,D6,primary_sequenced,pair,G17,N24,100,100,200,0.0,267
6,K,19,K19,3,23,A7,D24,primary_sequenced,pair,B19,O13,100,100,200,0.0,292
6,K,20,K20,76,85,M9,P4,primary_sequenced,pair,F9,K11,100,100,200,0.0,126
6,K,21,K21,29,59,E11,J24,primary_sequenced,pair,D9,D6,100,100,200,0.0,190
6,K,22,K22,14,75,C5,N8,primary_sequenced,ratio,C22,M21,150,50,200,1.584962500721156,147
6,K,23,K23,30,89,E13,P12,primary_sequenced,mono,I11,I11,100,0,100,,-1
6,L,2,L2,80,36,M17,H2,primary_sequenced,mono,D9,D9,100,0,100,,-1
6,L,3,L3,1,51,A3,J8,primary_sequenced,pair,H16,G1,100,100,200,0.0,265
6,L,4,L4,65,93,K11,P20,primary_sequenced,mono,N17,N17,100,0,100,,-1
6,L,5,L5,71,47,K23,H24,primary_sequenced,pair,K9,A3,100,100,200,0.0,259
6,L,6,L6,62,42,K5,H14,primary_sequenced,mono,F7,F7,100,0,100,,-1
6,L,7,L7,57,19,I19,D16,primary_sequenced,pair,J6,O14,100,100,200,0.0,278
6,L,8,L8,25,82,E3,N22,primary_sequenced,techrep,G1,M20,100,100,200,0.0,191
6,L,9,L9,20,71,C17,L24,primary_sequenced,techrep,N19,F12,100,100,200,0.0,239
6,L,10,L10,73,37,M3,H4,primary_sequenced,mono,G18,G18,200,0,200,,-1
6,L,11,L11,88,41,O9,H12,primary_sequenced,mono,P19,P19,100,0,100,,-1
6,L,12,L12,6,52,A13,J10,primary_sequenced,techrep,C6,H22,100,100,200,0.0,178
6,L,13,L13,36,25,G1,F4,primary_sequenced,mono,L13,L13,200,0,200,,-1
6,L,14,L14,1,9,A3,B20,primary_sequenced,mono,A20,A20,100,0,100,,-1
6,L,15,L15,40,80,G9,N18,primary_sequenced,pair,H22,B23,100,100,200,0.0,198
6,L,16,L16,32,73,E17,N4,primary_sequenced,mono,H6,H6,200,0,200,,-1
6,L,17,L17,95,48,O23,J2,primary_sequenced,mono,B4,B4,100,0,100,,-1
6,L,18,L18,60,94,K1,P22,primary_sequenced,mono,I15,I15,200,0,200,,-1
6,L,19,L19,81,28,M19,F10,primary_sequenced,mono,P4,P4,100,0,100,,-1
6,L,20,L20,88,37,O9,H4,primary_sequenced,density,H17,O17,200,200,400,0.0,19
6,L,21,L21,86,91,O5,P16,primary_sequenced,mono,E15,E15,200,0,200,,-1
6,L,22,L22,22,0,C21,B2,primary_sequenced,mono,E7,E7,100,0,100,,-1
6,L,23,L23,88,40,O9,H10,primary_sequenced,techrep,D19,E6,100,100,200,0.0,154
6,M,2,M2,20,38,C17,H6,primary_sequenced,pair,K7,F9,100,100,200,0.0,121
6,M,3,M3,29,30,E11,F14,primary_sequenced,pair,J23,P21,100,100,200,0.0,65
6,M,4,M4,31,23,E15,D24,primary_sequenced,pair,A23,G17,100,100,200,0.0,231
6,M,5,M5,64,49,K9,J4,primary_sequenced,pair,C2,M18,100,100,200,0.0,35
6,M,6,M6,43,15,G15,D8,primary_sequenced,mono,K21,K21,200,0,200,,-1
6,M,7,M7,93,64,O19,L10,primary_sequenced,ratio,C22,M21,100,100,200,0.0,147
6,M,8,M8,33,65,E19,L12,primary_sequenced,pair,P10,E14,100,100,200,0.0,84
6,M,9,M9,47,33,G23,F20,primary_sequenced,pair,L1,P4,100,100,200,0.0,303
6,M,10,M10,5,17,A11,D12,primary_sequenced,mono,M10,M10,200,0,200,,-1
6,M,11,M11,74,41,M5,H12,primary_sequenced,mono,K14,K14,100,0,100,,-1
6,M,12,M12,27,81,E7,N20,primary_sequenced,pair,A19,I16,100,100,200,0.0,247
6,M,13,M13,91,41,O15,H12,primary_sequenced,pair,A12,O20,100,100,200,0.0,34
6,M,14,M14,63,11,K7,B24,primary_sequenced,density,G5,I11,200,200,400,0.0,18
6,M,15,M15,56,10,I17,B22,primary_sequenced,techrep,M1,P22,100,100,200,0.0,262
6,M,16,M16,48,77,I1,N12,primary_sequenced,techrep,P5,A17,100,100,200,0.0,38
6,M,17,M17,19,18,C15,D14,primary_sequenced,pair,N19,E12,100,100,200,0.0,46
6,M,18,M18,39,89,G7,P12,primary_sequenced,pair,H7,C1,100,100,200,0.0,155
6,M,19,M19,31,30,E15,F14,primary_sequenced,techrep,F13,L7,100,100,200,0.0,189
6,M,20,M20,27,59,E7,J24,primary_sequenced,pair,C6,B24,100,100,200,0.0,176
6,M,21,M21,13,6,C3,B14,primary_sequenced,pair,B22,C24,100,100,200,0.0,190
6,M,22,M22,21,58,C19,J22,primary_sequenced,mono,P21,P21,200,0,200,,-1
6,M,23,M23,29,18,E11,D14,primary_sequenced,density,A1,O17,50,50,100,0.0,115
6,N,2,N2,61,92,K3,P18,primary_sequenced,techrep,N13,L4,100,100,200,0.0,55
6,N,3,N3,25,71,E3,L24,primary_sequenced,mono,G14,G14,200,0,200,,-1
6,N,4,N4,42,16,G13,D10,primary_sequenced,pair,J2,N23,100,100,200,0.0,180
6,N,5,N5,80,10,M17,B22,primary_sequenced,density,H17,O17,50,50,100,0.0,19
6,N,6,N6,6,72,A13,N2,primary_sequenced,techrep,H11,F22,100,100,200,0.0,155
6,N,7,N7,34,88,E21,P10,primary_sequenced,pair,I15,K19,100,100,200,0.0,197
6,N,8,N8,63,52,K7,J10,primary_sequenced,pair,F24,P13,100,100,200,0.0,121
6,N,9,N9,51,27,I7,F8,primary_sequenced,techrep,I8,N11,100,100,200,0.0,83
6,N,10,N10,60,7,K1,B16,primary_sequenced,pair,D24,B20,100,100,200,0.0,260
6,N,11,N11,24,44,E1,H18,primary_sequenced,mono,N22,N22,200,0,200,,-1
6,N,12,N12,76,35,M9,F24,primary_sequenced,mono,H9,H9,200,0,200,,-1
6,N,13,N13,64,60,K9,L2,primary_sequenced,density,E6,G20,50,50,100,0.0,231
6,N,14,N14,84,43,O1,H16,primary_sequenced,density,A1,O17,200,200,400,0.0,115
6,N,15,N15,72,13,M1,D4,primary_sequenced,mono,M5,M5,100,0,100,,-1
6,N,16,N16,32,42,E17,H14,primary_sequenced,density,H17,O17,100,100,200,0.0,19
6,N,17,N17,41,5,G11,B12,primary_sequenced,pair,J22,C5,100,100,200,0.0,176
6,N,18,N18,59,85,I23,P4,primary_sequenced,mono,I6,I6,100,0,100,,-1
6,N,19,N19,26,29,E5,F12,primary_sequenced,pair,P19,B6,100,100,200,0.0,138
6,N,20,N20,86,69,O5,L20,primary_sequenced,mono,A24,A24,200,0,200,,-1
6,N,21,N21,33,62,E19,L6,primary_sequenced,pair,K2,I1,100,100,200,0.0,160
6,N,22,N22,74,4,M5,B10,primary_sequenced,ratio,G9,P15,50,150,200,-1.5849625007211563,261
6,N,23,N23,65,22,K11,D22,primary_sequenced,pair,B3,J1,100,100,200,0.0,46
6,O,2,O2,85,35,O3,F24,primary_sequenced,ratio,G9,P15,100,100,200,0.0,261
6,O,3,O3,60,4,K1,B10,primary_sequenced,pair,I17,E8,100,100,200,0.0,179
6,O,4,O4,68,51,K17,J8,primary_sequenced,mono,L20,L20,100,0,100,,-1
6,O,5,O5,77,29,M11,F12,primary_sequenced,pair,C21,A6,100,100,200,0.0,167
6,O,6,O6,22,30,C21,F14,primary_sequenced,pair,M5,D15,100,100,200,0.0,246
6,O,7,O7,88,0,O9,B2,primary_sequenced,mono,N9,N9,100,0,100,,-1
6,O,8,O8,47,48,G23,J2,primary_sequenced,pair,G4,N3,100,100,200,0.0,65
6,O,9,O9,88,89,O9,P12,primary_sequenced,mono,H14,H14,200,0,200,,-1
6,O,10,O10,56,92,I17,P18,primary_sequenced,pair,I23,C5,100,100,200,0.0,226
6,O,11,O11,85,23,O3,D24,primary_sequenced,pair,K14,G1,100,100,200,0.0,54
6,O,12,O12,92,40,O17,H10,primary_sequenced,pair,H22,J18,100,100,200,0.0,242
6,O,13,O13,13,37,C3,H4,primary_sequenced,mono,I12,I12,200,0,200,,-1
6,O,14,O14,68,54,K17,J14,primary_sequenced,pair,M6,M22,100,100,200,0.0,188
6,O,15,O15,9,94,A19,P22,primary_sequenced,mono,P7,P7,200,0,200,,-1
6,O,16,O16,42,53,G13,J12,primary_sequenced,pair,H11,M12,100,100,200,0.0,165
6,O,17,O17,7,76,A15,N10,primary_sequenced,pair,B9,K21,100,100,200,0.0,180
6,O,18,O18,34,4,E21,B10,primary_sequenced,mono,G10,G10,100,0,100,,-1
6,O,19,O19,84,15,O1,D8,primary_sequenced,pair,B13,J16,100,100,200,0.0,118
6,O,20,O20,44,49,G17,J4,primary_sequenced,pair,K5,H7,100,100,200,0.0,207
6,O,21,O21,45,85,G19,P4,primary_sequenced,pair,B13,G5,100,100,200,0.0,181
6,O,22,O22,74,73,M5,N4,primary_sequenced,mono,P2,P2,100,0,100,,-1
6,O,23,O23,72,66,M1,L14,primary_sequenced,techrep,E17,L12,100,100,200,0.0,261
7,B,2,B2,51,53,I7,J12,primary_sequenced,pair,A19,F15,100,100,200,0.0,47
7,B,3,B3,85,60,O3,L2,primary_sequenced,pair,B8,N4,100,100,200,0.0,365
7,B,4,B4,25,21,E3,D20,primary_sequenced,pair,F24,M2,100,100,200,0.0,97
7,B,5,B5,83,63,M23,L8,primary_sequenced,techrep,J18,B12,100,100,200,0.0,198
7,B,6,B6,37,93,G3,P20,primary_sequenced,mono,J20,J20,100,0,100,,-1
7,B,7,B7,35,12,E23,D2,primary_sequenced,mono,N5,N5,200,0,200,,-1
7,B,8,B8,81,78,M19,N14,primary_sequenced,pair,O24,C22,100,100,200,0.0,181
7,B,9,B9,0,48,A1,J2,primary_sequenced,pair,H24,B21,100,100,200,0.0,305
7,B,10,B10,0,8,A1,B18,primary_sequenced,pair,D5,I19,100,100,200,0.0,224
7,B,11,B11,92,19,O17,D16,primary_sequenced,pair,C13,J22,100,100,200,0.0,151
7,B,12,B12,32,38,E17,H6,primary_sequenced,pair,I9,P6,100,100,200,0.0,197
7,B,13,B13,82,3,M21,B8,primary_sequenced,pair,A16,N10,100,100,200,0.0,332
7,B,14,B14,35,29,E23,F12,primary_sequenced,density,E10,E6,100,100,200,0.0,230
7,B,15,B15,2,28,A5,F10,primary_sequenced,techrep,M9,M11,100,100,200,0.0,179
7,B,16,B16,89,86,O11,P6,primary_sequenced,pair,P10,K2,100,100,200,0.0,244
7,B,17,B17,86,32,O5,F18,primary_sequenced,techrep,F13,L7,100,100,200,0.0,189
7,B,18,B18,2,90,A5,P14,primary_sequenced,density,E10,E6,50,50,100,0.0,230
7,B,19,B19,17,30,C11,F14,primary_sequenced,pair,J4,L13,100,100,200,0.0,302
7,B,20,B20,21,89,C19,P12,primary_sequenced,pair,E7,I8,100,100,200,0.0,19
7,B,21,B21,84,50,O1,J6,primary_sequenced,pair,K23,P22,100,100,200,0.0,275
7,B,22,B22,6,24,A13,F2,primary_sequenced,pair,D18,B6,100,100,200,0.0,298
7,B,23,B23,85,15,O3,D8,primary_sequenced,mono,D3,D3,100,0,100,,-1
7,C,2,C2,64,65,K9,L12,primary_sequenced,pair,O11,N4,100,100,200,0.0,279
7,C,3,C3,41,67,G11,L16,primary_sequenced,pair,F18,L10,100,100,200,0.0,313
7,C,4,C4,76,49,M9,J4,primary_sequenced,mono,H4,H4,100,0,100,,-1
7,C,5,C5,1,70,A3,L22,primary_sequenced,pair,F17,A17,100,100,200,0.0,42
7,C,6,C6,2,15,A5,D8,primary_sequenced,ratio,E4,G9,150,50,200,1.584962500721156,305
7,C,7,C7,0,28,A1,F10,primary_sequenced,ratio,E18,J9,50,150,200,-1.5849625007211563,27
7,C,8,C8,9,31,A19,F16,primary_sequenced,mono,O17,O17,200,0,200,,-1
7,C,9,C9,62,79,K5,N16,primary_sequenced,mono,I5,I5,200,0,200,,-1
7,C,10,C10,35,83,E23,N24,primary_sequenced,mono,P1,P1,100,0,100,,-1
7,C,11,C11,39,62,G7,L6,primary_sequenced,mono,O16,O16,200,0,200,,-1
7,C,12,C12,61,56,K3,J18,primary_sequenced,pair,B11,K22,100,100,200,0.0,305
7,C,13,C13,57,28,I19,F10,primary_sequenced,mono,M3,M3,200,0,200,,-1
7,C,14,C14,24,27,E1,F8,primary_sequenced,pair,P20,B10,100,100,200,0.0,371
7,C,15,C15,73,86,M3,P6,primary_sequenced,pair,F21,P20,100,100,200,0.0,115
7,C,16,C16,91,92,O15,P18,primary_sequenced,techrep,H10,G11,100,100,200,0.0,35
7,C,17,C17,94,95,O21,P24,primary_sequenced,pair,I12,C9,100,100,200,0.0,212
7,C,18,C18,88,95,O9,P24,primary_sequenced,mono,L8,L8,100,0,100,,-1
7,C,19,C19,65,79,K11,N16,primary_sequenced,pair,P4,O22,100,100,200,0.0,166
7,C,20,C20,61,37,K3,H4,primary_sequenced,mono,B17,B17,200,0,200,,-1
7,C,21,C21,32,67,E17,L16,primary_sequenced,mono,G7,G7,200,0,200,,-1
7,C,22,C22,18,0,C13,B2,primary_sequenced,pair,N14,O11,100,100,200,0.0,296
7,C,23,C23,7,44,A15,H18,primary_sequenced,techrep,N13,L4,100,100,200,0.0,55
7,D,2,D2,94,34,O21,F22,primary_sequenced,pair,H15,L15,100,100,200,0.0,31
7,D,3,D3,33,79,E19,N16,primary_sequenced,pair,D19,M10,100,100,200,0.0,77
7,D,4,D4,34,53,E21,J12,primary_sequenced,pair,B7,O8,100,100,200,0.0,45
7,D,5,D5,34,2,E21,B6,primary_sequenced,techrep,K16,J4,100,100,200,0.0,305
7,D,6,D6,54,46,I13,H22,primary_sequenced,mono,E17,E17,100,0,100,,-1
7,D,7,D7,51,80,I7,N18,primary_sequenced,pair,K19,P23,100,100,200,0.0,298
7,D,8,D8,36,76,G1,N10,primary_sequenced,pair,I18,D7,100,100,200,0.0,328
7,D,9,D9,80,18,M17,D14,primary_sequenced,mono,C7,C7,100,0,100,,-1
7,D,10,D10,48,15,I1,D8,primary_sequenced,pair,B6,O22,100,100,200,0.0,25
7,D,11,D11,71,33,K23,F20,primary_sequenced,pair,D3,P24,100,100,200,0.0,15
7,D,12,D12,69,47,K19,H24,primary_sequenced,ratio,E24,E6,150,50,200,1.584962500721156,228
7,D,13,D13,53,8,I11,B18,primary_sequenced,techrep,K14,B9,100,100,200,0.0,83
7,D,14,D14,65,47,K11,H24,primary_sequenced,pair,E9,D2,100,100,200,0.0,208
7,D,15,D15,64,79,K9,N16,primary_sequenced,mono,N19,N19,200,0,200,,-1
7,D,16,D16,4,52,A9,J10,primary_sequenced,mono,A22,A22,100,0,100,,-1
7,D,17,D17,29,13,E11,D4,primary_sequenced,pair,L11,B2,100,100,200,0.0,302
7,D,18,D18,56,27,I17,F8,primary_sequenced,pair,C14,N9,100,100,200,0.0,189
7,D,19,D19,53,89,I11,P12,primary_sequenced,mono,F22,F22,100,0,100,,-1
7,D,20,D20,41,34,G11,F22,primary_sequenced,pair,B2,F13,100,100,200,0.0,183
7,D,21,D21,47,93,G23,P20,primary_sequenced,pair,G7,K22,100,100,200,0.0,17
7,D,22,D22,15,87,C7,P8,primary_sequenced,density,E10,E6,200,200,400,0.0,230
7,D,23,D23,55,14,I15,D6,primary_sequenced,mono,G1,G1,200,0,200,,-1
7,E,2,E2,95,88,O23,P10,primary_sequenced,density,E7,G20,50,50,100,0.0,19
7,E,3,E3,82,79,M21,N16,primary_sequenced,mono,A14,A14,200,0,200,,-1
7,E,4,E4,43,1,G15,B4,primary_sequenced,pair,B15,F20,100,100,200,0.0,349
7,E,5,E5,4,10,A9,B22,primary_sequenced,mono,P13,P13,100,0,100,,-1
7,E,6,E6,87,18,O7,D14,primary_sequenced,mono,H15,H15,200,0,200,,-1
7,E,7,E7,32,85,E17,P4,primary_sequenced,ratio,E13,H11,150,50,200,1.584962500721156,228
7,E,8,E8,14,85,C5,P4,primary_sequenced,pair,E3,A22,100,100,200,0.0,184
7,E,9,E9,52,3,I9,B8,primary_sequenced,pair,I6,F23,100,100,200,0.0,275
7,E,10,E10,21,31,C19,F16,primary_sequenced,mono,C8,C8,100,0,100,,-1
7,E,11,E11,95,67,O23,L16,primary_sequenced,pair,E24,F22,100,100,200,0.0,295
7,E,12,E12,32,23,E17,D24,primary_sequenced,ratio,E21,G20,150,50,200,1.584962500721156,237
7,E,13,E13,54,2,I13,B6,primary_sequenced,techrep,H11,F22,100,100,200,0.0,155
7,E,14,E14,26,32,E5,F18,primary_sequenced,pair,E1,F1,100,100,200,0.0,303
7,E,15,E15,24,66,E1,L14,primary_sequenced,density,J9,O3,50,50,100,0.0,146
7,E,16,E16,73,64,M3,L10,primary_sequenced,pair,D18,O3,100,100,200,0.0,299
7,E,17,E17,93,57,O19,J20,primary_sequenced,pair,M5,F5,100,100,200,0.0,303
7,E,18,E18,69,0,K19,B2,primary_sequenced,pair,F6,J1,100,100,200,0.0,144
7,E,19,E19,84,39,O1,H8,primary_sequenced,mono,B7,B7,100,0,100,,-1
7,E,20,E20,67,93,K15,P20,primary_sequenced,techrep,H13,K4,100,100,200,0.0,80
7,E,21,E21,44,7,G17,B16,primary_sequenced,pair,C22,D10,100,100,200,0.0,260
7,E,22,E22,85,28,O3,F10,primary_sequenced,pair,K1,E3,100,100,200,0.0,126
7,E,23,E23,80,60,M17,L2,primary_sequenced,pair,N17,O2,100,100,200,0.0,266
7,F,2,F2,21,71,C19,L24,primary_sequenced,pair,O4,J11,100,100,200,0.0,248
7,F,3,F3,61,59,K3,J24,primary_sequenced,techrep,N10,J4,100,100,200,0.0,349
7,F,4,F4,54,31,I13,F16,primary_sequenced,mono,K17,K17,100,0,100,,-1
7,F,5,F5,28,39,E9,H8,primary_sequenced,mono,J22,J22,100,0,100,,-1
7,F,6,F6,71,55,K23,J16,primary_sequenced,mono,L4,L4,200,0,200,,-1
7,F,7,F7,71,91,K23,P16,primary_sequenced,ratio,E4,G9,25,175,200,-2.807354922057604,305
7,F,8,F8,14,41,C5,H12,primary_sequenced,ratio,C20,O7,25,175,200,-2.807354922057604,158
7,F,9,F9,67,81,K15,N20,primary_sequenced,pair,A1,I10,100,100,200,0.0,105
7,F,10,F10,1,43,A3,H16,primary_sequenced,pair,K9,G6,100,100,200,0.0,256
7,F,11,F11,32,40,E17,H10,primary_sequenced,pair,G19,B15,100,100,200,0.0,283
7,F,12,F12,0,61,A1,L4,primary_sequenced,mono,N6,N6,200,0,200,,-1
7,F,13,F13,72,85,M1,P4,primary_sequenced,mono,K8,K8,200,0,200,,-1
7,F,14,F14,77,32,M11,F18,primary_sequenced,pair,P14,P21,100,100,200,0.0,246
7,F,15,F15,59,24,I23,F2,primary_sequenced,density,E7,G20,200,200,400,0.0,19
7,F,16,F16,15,10,C7,B22,primary_sequenced,pair,E9,J20,100,100,200,0.0,17
7,F,17,F17,38,42,G5,H14,primary_sequenced,mono,A17,A17,200,0,200,,-1
7,F,18,F18,67,24,K15,F2,primary_sequenced,ratio,E13,H11,50,150,200,-1.5849625007211563,228
7,F,19,F19,20,43,C17,H16,primary_sequenced,pair,H22,N20,100,100,200,0.0,247
7,F,20,F20,62,51,K5,J8,primary_sequenced,pair,E20,F7,100,100,200,0.0,18
7,F,21,F21,38,6,G5,B14,primary_sequenced,mono,K2,K2,200,0,200,,-1
7,F,22,F22,13,18,C3,D14,primary_sequenced,pair,N11,P22,100,100,200,0.0,155
7,F,23,F23,2,3,A5,B8,primary_sequenced,mono,M15,M15,100,0,100,,-1
7,G,2,G2,8,23,A17,D24,primary_sequenced,pair,H8,M20,100,100,200,0.0,192
7,G,3,G3,72,0,M1,B2,primary_sequenced,mono,F15,F15,200,0,200,,-1
7,G,4,G4,57,45,I19,H20,primary_sequenced,pair,K23,L6,100,100,200,0.0,312
7,G,5,G5,35,82,E23,N22,primary_sequenced,pair,A22,M15,100,100,200,0.0,186
7,G,6,G6,73,10,M3,B22,primary_sequenced,pair,I11,O14,100,100,200,0.0,34
7,G,7,G7,65,10,K11,B22,primary_sequenced,pair,L6,M2,100,100,200,0.0,37
7,G,8,G8,79,73,M15,N4,primary_sequenced,pair,M11,L23,100,100,200,0.0,32
7,G,9,G9,15,90,C7,P14,primary_sequenced,mono,D24,D24,100,0,100,,-1
7,G,10,G10,62,37,K5,H4,primary_sequenced,mono,D21,D21,200,0,200,,-1
7,G,11,G11,83,54,M23,J14,primary_sequenced,techrep,D8,D4,100,100,200,0.0,213
7,G,12,G12,86,26,O5,F6,primary_sequenced,pair,A3,I5,100,100,200,0.0,298
7,G,13,G13,57,76,I19,N10,primary_sequenced,pair,I14,G22,100,100,200,0.0,16
7,G,14,G14,42,35,G13,F24,primary_sequenced,mono,D4,D4,100,0,100,,-1
7,G,15,G15,39,88,G7,P10,primary_sequenced,pair,P3,O5,100,100,200,0.0,191
7,G,16,G16,69,58,K19,J22,primary_sequenced,pair,I20,B9,100,100,200,0.0,244
7,G,17,G17,1,48,A3,J2,primary_sequenced,pair,B8,M3,100,100,200,0.0,192
7,G,18,G18,67,34,K15,F22,primary_sequenced,pair,O10,P11,100,100,200,0.0,22
7,G,19,G19,42,82,G13,N22,primary_sequenced,pair,I15,B24,100,100,200,0.0,230
7,G,20,G20,39,9,G7,B20,primary_sequenced,pair,P12,P4,100,100,200,0.0,339
7,G,21,G21,12,2,C1,B6,primary_sequenced,ratio,E21,G20,50,150,200,-1.5849625007211563,237
7,G,22,G22,17,60,C11,L2,primary_sequenced,pair,L7,C13,100,100,200,0.0,246
7,G,23,G23,72,2,M1,B6,primary_sequenced,pair,F20,F8,100,100,200,0.0,296
7,H,2,H2,50,15,I5,D8,primary_sequenced,pair,C11,K15,100,100,200,0.0,185
7,H,3,H3,73,76,M3,N10,primary_sequenced,mono,A4,A4,200,0,200,,-1
7,H,4,H4,25,30,E3,F14,primary_sequenced,pair,H19,J8,100,100,200,0.0,187
7,H,5,H5,75,80,M7,N18,primary_sequenced,pair,B13,B14,100,100,200,0.0,201
7,H,6,H6,61,48,K3,J2,primary_sequenced,pair,J10,A3,100,100,200,0.0,248
7,H,7,H7,74,10,M5,B22,primary_sequenced,ratio,E24,E6,50,150,200,-1.5849625007211563,228
7,H,8,H8,66,22,K13,D22,primary_sequenced,pair,O4,I2,100,100,200,0.0,306
7,H,9,H9,55,2,I15,B6,primary_sequenced,mono,M18,M18,100,0,100,,-1
7,H,10,H10,65,46,K11,H22,primary_sequenced,techrep,B24,E10,100,100,200,0.0,229
7,H,11,H11,25,90,E3,P14,primary_sequenced,pair,B22,P13,100,100,200,0.0,177
7,H,12,H12,21,37,C19,H4,primary_sequenced,pair,E19,E22,100,100,200,0.0,240
7,H,13,H13,16,25,C9,F4,primary_sequenced,ratio,E4,G9,175,25,200,2.807354922057604,305
7,H,14,H14,46,32,G21,F18,primary_sequenced,ratio,C20,O7,100,100,200,0.0,158
7,H,15,H15,5,8,A11,B18,primary_sequenced,ratio,E18,J9,100,100,200,0.0,27
7,H,16,H16,66,41,K13,H12,primary_sequenced,ratio,E24,E6,175,25,200,2.807354922057604,228
7,H,17,H17,69,67,K19,L16,primary_sequenced,pair,N15,P8,100,100,200,0.0,344
7,H,18,H18,53,14,I11,D6,primary_sequenced,pair,C6,A14,100,100,200,0.0,130
7,H,19,H19,65,18,K11,D14,primary_sequenced,pair,J10,C20,100,100,200,0.0,159
7,H,20,H20,84,40,O1,H10,primary_sequenced,mono,F10,F10,100,0,100,,-1
7,H,21,H21,21,17,C19,D12,primary_sequenced,mono,L23,L23,200,0,200,,-1
7,H,22,H22,19,20,C15,D18,primary_sequenced,mono,M21,M21,200,0,200,,-1
7,H,23,H23,75,39,M7,H8,primary_sequenced,mono,J23,J23,100,0,100,,-1
7,I,2,I2,44,12,G17,D2,primary_sequenced,pair,B21,K5,100,100,200,0.0,255
7,I,3,I3,92,90,O17,P14,primary_sequenced,pair,E17,C23,100,100,200,0.0,209
7,I,4,I4,73,59,M3,J24,primary_sequenced,ratio,E21,G20,175,25,200,2.807354922057604,237
7,I,5,I5,74,67,M5,L16,primary_sequenced,pair,O15,E16,100,100,200,0.0,68
7,I,6,I6,3,4,A7,B10,primary_sequenced,mono,F4,F4,100,0,100,,-1
7,I,7,I7,3,78,A7,N14,primary_sequenced,pair,K10,P3,100,100,200,0.0,258
7,I,8,I8,36,57,G1,J20,primary_sequenced,mono,H13,H13,200,0,200,,-1
7,I,9,I9,66,56,K13,J18,primary_sequenced,ratio,E21,G20,25,175,200,-2.807354922057604,237
7,I,10,I10,30,77,E13,N12,primary_sequenced,pair,N19,H23,100,100,200,0.0,132
7,I,11,I11,46,14,G21,D6,primary_sequenced,mono,M17,M17,100,0,100,,-1
7,I,12,I12,64,61,K9,L4,primary_sequenced,pair,P15,B12,100,100,200,0.0,98
7,I,13,I13,65,26,K11,F6,primary_sequenced,pair,J10,F18,100,100,200,0.0,290
7,I,14,I14,14,25,C5,F4,primary_sequenced,mono,O15,O15,200,0,200,,-1
7,I,15,I15,54,3,I13,B8,primary_sequenced,pair,J15,I5,100,100,200,0.0,312
7,I,16,I16,19,26,C15,F6,primary_sequenced,pair,A14,K7,100,100,200,0.0,113
7,I,17,I17,95,9,O23,B20,primary_sequenced,density,J9,O3,200,200,400,0.0,146
7,I,18,I18,13,59,C3,J24,primary_sequenced,pair,N7,B13,100,100,200,0.0,193
7,I,19,I19,86,12,O5,D2,primary_sequenced,pair,J12,C8,100,100,200,0.0,47
7,I,20,I20,93,27,O19,F8,primary_sequenced,pair,D12,F2,100,100,200,0.0,171
7,I,21,I21,73,19,M3,D16,primary_sequenced,pair,D13,P2,100,100,200,0.0,130
7,I,22,I22,62,67,K5,L16,primary_sequenced,pair,O14,D17,100,100,200,0.0,36
7,I,23,I23,72,53,M1,J12,primary_sequenced,mono,F9,F9,100,0,100,,-1
7,J,2,J2,64,25,K9,F4,primary_sequenced,pair,K19,K12,100,100,200,0.0,341
7,J,3,J3,70,65,K21,L12,primary_sequenced,mono,L22,L22,100,0,100,,-1
7,J,4,J4,17,74,C11,N6,primary_sequenced,mono,P17,P17,100,0,100,,-1
7,J,5,J5,26,68,E5,L18,primary_sequenced,pair,G1,N13,100,100,200,0.0,24
7,J,6,J6,9,69,A19,L20,primary_sequenced,pair,M21,J5,100,100,200,0.0,30
7,J,7,J7,69,41,K19,H12,primary_sequenced,mono,P3,P3,100,0,100,,-1
7,J,8,J8,6,70,A13,L22,primary_sequenced,pair,D13,H12,100,100,200,0.0,199
7,J,9,J9,55,8,I15,B18,primary_sequenced,techrep,A16,D6,100,100,200,0.0,218
7,J,10,J10,44,80,G17,N18,primary_sequenced,ratio,E4,G9,50,150,200,-1.5849625007211563,305
7,J,11,J11,28,33,E9,F20,primary_sequenced,mono,C3,C3,200,0,200,,-1
7,J,12,J12,52,43,I9,H16,primary_sequenced,pair,B18,O2,100,100,200,0.0,244
7,J,13,J13,76,24,M9,F2,primary_sequenced,pair,D20,G8,100,100,200,0.0,357
7,J,14,J14,26,23,E5,D24,primary_sequenced,pair,O23,H14,100,100,200,0.0,224
7,J,15,J15,56,76,I17,N10,primary_sequenced,mono,O18,O18,200,0,200,,-1
7,J,16,J16,78,45,M13,H20,primary_sequenced,pair,J1,K15,100,100,200,0.0,20
7,J,17,J17,65,28,K11,F10,primary_sequenced,mono,O10,O10,100,0,100,,-1
7,J,18,J18,57,30,I19,F14,primary_sequenced,mono,M20,M20,200,0,200,,-1
7,J,19,J19,67,84,K15,P2,primary_sequenced,techrep,J1,O20,100,100,200,0.0,27
7,J,20,J20,7,54,A15,J14,primary_sequenced,ratio,E13,H11,25,175,200,-2.807354922057604,228
7,J,21,J21,36,49,G1,J4,primary_sequenced,ratio,E18,J9,150,50,200,1.584962500721156,27
7,J,22,J22,75,32,M7,F18,primary_sequenced,techrep,F15,G8,100,100,200,0.0,19
7,J,23,J23,6,48,A13,J2,primary_sequenced,pair,H14,D11,100,100,200,0.0,217
7,K,2,K2,51,71,I7,L24,primary_sequenced,pair,I8,A2,100,100,200,0.0,61
7,K,3,K3,5,59,A11,J24,primary_sequenced,density,C22,H23,200,200,400,0.0,135
7,K,4,K4,62,59,K5,J24,primary_sequenced,techrep,P6,J15,100,100,200,0.0,142
7,K,5,K5,45,15,G19,D8,primary_sequenced,mono,H11,H11,100,0,100,,-1
7,K,6,K6,10,15,A21,D8,primary_sequenced,pair,G6,F11,100,100,200,0.0,246
7,K,7,K7,13,5,C3,B12,primary_sequenced,pair,J20,I11,100,100,200,0.0,15
7,K,8,K8,37,57,G3,J20,primary_sequenced,techrep,E17,L12,100,100,200,0.0,261
7,K,9,K9,93,88,O19,P10,primary_sequenced,techrep,D16,F14,100,100,200,0.0,255
7,K,10,K10,43,47,G15,H24,primary_sequenced,pair,D8,O3,100,100,200,0.0,230
7,K,11,K11,14,70,C5,L22,primary_sequenced,pair,N23,A3,100,100,200,0.0,232
7,K,12,K12,9,46,A19,H22,primary_sequenced,techrep,L23,H2,100,100,200,0.0,173
7,K,13,K13,47,53,G23,J12,primary_sequenced,mono,L11,L11,100,0,100,,-1
7,K,14,K14,68,85,K17,P4,primary_sequenced,techrep,I8,N11,100,100,200,0.0,83
7,K,15,K15,65,44,K11,H18,primary_sequenced,techrep,C1,D12,100,100,200,0.0,202
7,K,16,K16,26,56,E5,J18,primary_sequenced,ratio,E13,H11,175,25,200,2.807354922057604,228
7,K,17,K17,82,31,M21,F16,primary_sequenced,pair,K7,O2,100,100,200,0.0,218
7,K,18,K18,34,29,E21,F12,primary_sequenced,mono,F7,F7,200,0,200,,-1
7,K,19,K19,84,36,O1,H2,primary_sequenced,pair,H19,F10,100,100,200,0.0,368
7,K,20,K20,76,3,M9,B8,primary_sequenced,pair,G23,A9,100,100,200,0.0,179
7,K,21,K21,85,73,O3,N4,primary_sequenced,pair,J17,O2,100,100,200,0.0,263
7,K,22,K22,38,29,G5,F12,primary_sequenced,pair,J23,I15,100,100,200,0.0,262
7,K,23,K23,57,15,I19,D8,primary_sequenced,ratio,C20,O7,50,150,200,-1.5849625007211563,158
7,L,2,L2,66,93,K13,P20,primary_sequenced,mono,P12,P12,200,0,200,,-1
7,L,3,L3,90,16,O13,D10,primary_sequenced,mono,F11,F11,100,0,100,,-1
7,L,4,L4,11,40,A23,H10,primary_sequenced,pair,P1,H15,100,100,200,0.0,31
7,L,5,L5,47,94,G23,P22,primary_sequenced,pair,M17,J7,100,100,200,0.0,128
7,L,6,L6,65,63,K11,L8,primary_sequenced,pair,K13,H2,100,100,200,0.0,267
7,L,7,L7,3,29,A7,F12,primary_sequenced,pair,A19,J15,100,100,200,0.0,172
7,L,8,L8,23,16,C23,D10,primary_sequenced,ratio,E13,H11,100,100,200,0.0,228
7,L,9,L9,80,39,M17,H8,primary_sequenced,mono,F3,F3,100,0,100,,-1
7,L,10,L10,6,28,A13,F10,primary_sequenced,mono,N15,N15,200,0,200,,-1
7,L,11,L11,84,67,O1,L16,primary_sequenced,pair,M16,G10,100,100,200,0.0,295
7,L,12,L12,76,64,M9,L10,primary_sequenced,mono,M6,M6,100,0,100,,-1
7,L,13,L13,91,95,O15,P24,primary_sequenced,techrep,L21,P18,100,100,200,0.0,133
7,L,14,L14,8,48,A17,J2,primary_sequenced,pair,N24,G3,100,100,200,0.0,366
7,L,15,L15,95,77,O23,N12,primary_sequenced,pair,B14,O7,100,100,200,0.0,188
7,L,16,L16,68,25,K17,F4,primary_sequenced,mono,K21,K21,100,0,100,,-1
7,L,17,L17,64,76,K9,N10,primary_sequenced,pair,I7,A24,100,100,200,0.0,212
7,L,18,L18,33,56,E19,J18,primary_sequenced,pair,J6,P15,100,100,200,0.0,186
7,L,19,L19,43,42,G15,H14,primary_sequenced,pair,J6,H18,100,100,200,0.0,303
7,L,20,L20,70,25,K21,F4,primary_sequenced,pair,G5,D15,100,100,200,0.0,40
7,L,21,L21,79,41,M15,H12,primary_sequenced,pair,F16,D16,100,100,200,0.0,281
7,L,22,L22,2,16,A5,D10,primary_sequenced,pair,C7,M2,100,100,200,0.0,94
7,L,23,L23,75,59,M7,J24,primary_sequenced,techrep,C6,H22,100,100,200,0.0,178
7,M,2,M2,91,26,O15,F6,primary_sequenced,pair,P16,L12,100,100,200,0.0,263
7,M,3,M3,6,36,A13,H2,primary_sequenced,pair,K8,E4,100,100,200,0.0,88
7,M,4,M4,63,54,K7,J14,primary_sequenced,mono,A13,A13,200,0,200,,-1
7,M,5,M5,11,1,A23,B4,primary_sequenced,mono,L15,L15,100,0,100,,-1
7,M,6,M6,8,33,A17,F20,primary_sequenced,pair,D1,M24,100,100,200,0.0,272
7,M,7,M7,84,78,O1,N14,primary_sequenced,pair,B23,F5,100,100,200,0.0,18
7,M,8,M8,85,55,O3,J16,primary_sequenced,pair,K15,E6,100,100,200,0.0,231
7,M,9,M9,85,79,O3,N16,primary_sequenced,mono,K16,K16,100,0,100,,-1
7,M,10,M10,81,68,M19,L18,primary_sequenced,pair,O24,L11,100,100,200,0.0,228
7,M,11,M11,80,91,M17,P16,primary_sequenced,pair,O6,J5,100,100,200,0.0,124
7,M,12,M12,68,59,K17,J24,primary_sequenced,pair,J16,I7,100,100,200,0.0,213
7,M,13,M13,70,11,K21,B24,primary_sequenced,pair,A6,J18,100,100,200,0.0,245
7,M,14,M14,18,53,C13,J12,primary_sequenced,pair,B19,B20,100,100,200,0.0,304
7,M,15,M15,15,77,C7,N12,primary_sequenced,ratio,E24,E6,100,100,200,0.0,228
7,M,16,M16,52,27,I9,F8,primary_sequenced,techrep,D17,B3,100,100,200,0.0,29
7,M,17,M17,2,73,A5,N4,primary_sequenced,pair,C4,A15,100,100,200,0.0,234
7,M,18,M18,60,88,K1,P10,primary_sequenced,mono,C6,C6,100,0,100,,-1
7,M,19,M19,16,52,C9,J10,primary_sequenced,ratio,E21,G20,100,100,200,0.0,237
7,M,20,M20,62,14,K5,D6,primary_sequenced,ratio,E18,J9,25,175,200,-2.807354922057604,27
7,M,21,M21,85,63,O3,L8,primary_sequenced,techrep,O12,C7,100,100,200,0.0,272
7,M,22,M22,74,34,M5,F22,primary_sequenced,pair,M3,H24,100,100,200,0.0,235
7,M,23,M23,25,85,E3,P4,primary_sequenced,ratio,C20,O7,150,50,200,1.584962500721156,158
7,N,2,N2,17,42,C11,H14,primary_sequenced,pair,E17,G4,100,100,200,0.0,100
7,N,3,N3,93,80,O19,N18,primary_sequenced,pair,O6,K13,100,100,200,0.0,302
7,N,4,N4,19,62,C15,L6,primary_sequenced,mono,B14,B14,100,0,100,,-1
7,N,5,N5,26,43,E5,H16,primary_sequenced,pair,L16,K9,100,100,200,0.0,137
7,N,6,N6,71,19,K23,D16,primary_sequenced,mono,N9,N9,200,0,200,,-1
7,N,7,N7,88,21,O9,D20,primary_sequenced,ratio,C20,O7,175,25,200,2.807354922057604,158
7,N,8,N8,17,77,C11,N12,primary_sequenced,pair,J20,O13,100,100,200,0.0,41
7,N,9,N9,4,57,A9,J20,primary_sequenced,density,C22,H23,50,50,100,0.0,135
7,N,10,N10,76,27,M9,F8,primary_sequenced,mono,A10,A10,100,0,100,,-1
7,N,11,N11,35,34,E23,F22,primary_sequenced,pair,M24,B22,100,100,200,0.0,186
7,N,12,N12,68,10,K17,B22,primary_sequenced,techrep,B11,I3,100,100,200,0.0,185
7,N,13,N13,30,87,E13,P8,primary_sequenced,mono,G22,G22,200,0,200,,-1
7,N,14,N14,94,39,O21,H8,primary_sequenced,mono,H16,H16,100,0,100,,-1
7,N,15,N15,25,7,E3,B16,primary_sequenced,techrep,L22,C14,100,100,200,0.0,221
7,N,16,N16,29,47,E11,H24,primary_sequenced,pair,A12,N21,100,100,200,0.0,24
7,N,17,N17,43,51,G15,J8,primary_sequenced,ratio,E4,G9,100,100,200,0.0,305
7,N,18,N18,37,82,G3,N22,primary_sequenced,density,E7,G20,100,100,200,0.0,19
7,N,19,N19,37,12,G3,D2,primary_sequenced,techrep,A24,O18,100,100,200,0.0,110
7,N,20,N20,93,84,O19,P2,primary_sequenced,pair,L21,N15,100,100,200,0.0,130
7,N,21,N21,33,9,E19,B20,primary_sequenced,density,C22,H23,100,100,200,0.0,135
7,N,22,N22,1,54,A3,J14,primary_sequenced,pair,I4,D18,100,100,200,0.0,293
7,N,23,N23,35,80,E23,N18,primary_sequenced,mono,N7,N7,200,0,200,,-1
7,O,2,O2,10,60,A21,L2,primary_sequenced,pair,H14,O21,100,100,200,0.0,252
7,O,3,O3,12,94,C1,P22,primary_sequenced,pair,J6,K13,100,100,200,0.0,149
7,O,4,O4,26,81,E5,N20,primary_sequenced,pair,N3,H21,100,100,200,0.0,70
7,O,5,O5,42,71,G13,L24,primary_sequenced,density,J9,O3,100,100,200,0.0,146
7,O,6,O6,6,27,A13,F8,primary_sequenced,mono,D8,D8,200,0,200,,-1
7,O,7,O7,14,28,C5,F10,primary_sequenced,mono,I14,I14,200,0,200,,-1
7,O,8,O8,81,64,M19,L10,primary_sequenced,pair,C17,G11,100,100,200,0.0,263
7,O,9,O9,18,51,C13,J8,primary_sequenced,pair,B4,C4,100,100,200,0.0,176
7,O,10,O10,72,12,M1,D2,primary_sequenced,pair,L9,H7,100,100,200,0.0,273
7,O,11,O11,83,94,M23,P22,primary_sequenced,pair,G18,I24,100,100,200,0.0,107
7,O,12,O12,86,47,O5,H24,primary_sequenced,ratio,E24,E6,25,175,200,-2.807354922057604,228
7,O,13,O13,17,94,C11,P22,primary_sequenced,mono,I3,I3,100,0,100,,-1
7,O,14,O14,38,54,G5,J14,primary_sequenced,mono,J17,J17,100,0,100,,-1
7,O,15,O15,82,74,M21,N6,primary_sequenced,pair,G17,F4,100,100,200,0.0,246
7,O,16,O16,89,18,O11,D14,primary_sequenced,mono,G9,G9,100,0,100,,-1
7,O,17,O17,59,70,I23,L22,primary_sequenced,pair,F2,M15,100,100,200,0.0,253
7,O,18,O18,76,30,M9,F14,primary_sequenced,pair,O20,O6,100,100,200,0.0,20
7,O,19,O19,9,36,A19,H2,primary_sequenced,pair,L7,K3,100,100,200,0.0,35
7,O,20,O20,56,61,I17,L4,primary_sequenced,mono,P5,P5,200,0,200,,-1
7,O,21,O21,94,10,O21,B22,primary_sequenced,ratio,E18,J9,175,25,200,2.807354922057604,27
7,O,22,O22,43,70,G15,L22,primary_sequenced,pair,H21,N23,100,100,200,0.0,247
7,O,23,O23,5,28,A11,F10,primary_sequenced,mono,K1,K1,100,0,100,,-1
8,B,2,B2,12,66,C1,L14,primary_sequenced,mono,J13,J13,100,0,100,,-1
8,B,3,B3,66,30,K13,F14,primary_sequenced,pair,C5,F14,100,100,200,0.0,264
8,B,4,B4,79,4,M15,B10,primary_sequenced,pair,H19,N14,100,100,200,0.0,17
8,B,5,B5,9,18,A19,D14,primary_sequenced,pair,I14,M7,100,100,200,0.0,263
8,B,6,B6,71,62,K23,L6,primary_sequenced,pair,L10,F4,100,100,200,0.0,273
8,B,7,B7,1,30,A3,F14,primary_sequenced,mono,I9,I9,100,0,100,,-1
8,B,8,B8,38,84,G5,P2,primary_sequenced,techrep,K14,B9,100,100,200,0.0,83
8,B,9,B9,10,52,A21,J10,primary_sequenced,mono,N14,N14,200,0,200,,-1
8,B,10,B10,50,69,I5,L20,primary_sequenced,mono,G7,G7,100,0,100,,-1
8,B,11,B11,12,34,C1,F22,primary_sequenced,mono,D18,D18,100,0,100,,-1
8,B,12,B12,8,66,A17,L14,primary_sequenced,pair,C18,P11,100,100,200,0.0,18
8,B,13,B13,2,68,A5,L18,primary_sequenced,mono,B3,B3,200,0,200,,-1
8,B,14,B14,68,71,K17,L24,primary_sequenced,mono,N10,N10,200,0,200,,-1
8,B,15,B15,31,62,E15,L6,primary_sequenced,pair,L7,C8,100,100,200,0.0,260
8,B,16,B16,72,41,M1,H12,primary_sequenced,pair,F8,M21,100,100,200,0.0,188
8,B,17,B17,56,0,I17,B2,primary_sequenced,pair,J24,F14,100,100,200,0.0,335
8,B,18,B18,75,69,M7,L20,primary_sequenced,pair,D17,D10,100,100,200,0.0,217
8,B,19,B19,94,85,O21,P4,primary_sequenced,mono,K4,K4,200,0,200,,-1
8,B,20,B20,16,70,C9,L22,primary_sequenced,mono,F16,F16,100,0,100,,-1
8,B,21,B21,78,19,M13,D16,primary_sequenced,pair,C14,P11,100,100,200,0.0,188
8,B,22,B22,0,32,A1,F18,primary_sequenced,mono,I23,I23,200,0,200,,-1
8,B,23,B23,56,82,I17,N22,primary_sequenced,pair,B16,I10,100,100,200,0.0,293
8,C,2,C2,79,72,M15,N2,primary_sequenced,mono,L18,L18,200,0,200,,-1
8,C,3,C3,17,90,C11,P14,primary_sequenced,mono,E1,E1,200,0,200,,-1
8,C,4,C4,65,38,K11,H6,primary_sequenced,mono,K7,K7,100,0,100,,-1
8,C,5,C5,6,92,A13,P18,primary_sequenced,mono,G11,G11,100,0,100,,-1
8,C,6,C6,7,2,A15,B6,primary_sequenced,ratio,E9,O9,150,50,200,1.584962500721156,21
8,C,7,C7,27,19,E7,D16,primary_sequenced,pair,L24,J1,100,100,200,0.0,155
8,C,8,C8,41,26,G11,F6,primary_sequenced,pair,C10,M18,100,100,200,0.0,35
8,C,9,C9,92,37,O17,H4,primary_sequenced,ratio,E9,O9,100,100,200,0.0,21
8,C,10,C10,34,47,E21,H24,primary_sequenced,pair,D1,A19,100,100,200,0.0,234
8,C,11,C11,91,11,O15,B24,primary_sequenced,pair,G22,L3,100,100,200,0.0,234
8,C,12,C12,8,20,A17,D18,primary_sequenced,pair,O17,D17,100,100,200,0.0,85
8,C,13,C13,71,84,K23,P2,primary_sequenced,pair,A20,K4,100,100,200,0.0,265
8,C,14,C14,42,73,G13,N4,primary_sequenced,pair,G20,J11,100,100,200,0.0,37
8,C,15,C15,57,79,I19,N16,primary_sequenced,mono,A12,A12,200,0,200,,-1
8,C,16,C16,22,53,C21,J12,primary_sequenced,ratio,F7,M11,175,25,200,2.807354922057604,20
8,C,17,C17,82,19,M21,D16,primary_sequenced,pair,M14,N17,100,100,200,0.0,105
8,C,18,C18,56,47,I17,H24,primary_sequenced,pair,I19,H20,100,100,200,0.0,222
8,C,19,C19,79,33,M15,F20,primary_sequenced,density,A12,C24,200,200,400,0.0,32
8,C,20,C20,73,70,M3,L22,primary_sequenced,ratio,F7,M11,150,50,200,1.584962500721156,20
8,C,21,C21,23,8,C23,B18,primary_sequenced,mono,K15,K15,100,0,100,,-1
8,C,22,C22,68,37,K17,H4,primary_sequenced,mono,G23,G23,200,0,200,,-1
8,C,23,C23,21,63,C19,L8,primary_sequenced,mono,E5,E5,200,0,200,,-1
8,D,2,D2,45,5,G19,B12,primary_sequenced,mono,B11,B11,100,0,100,,-1
8,D,3,D3,36,21,G1,D20,primary_sequenced,ratio,F7,M11,50,150,200,-1.5849625007211563,20
8,D,4,D4,16,79,C9,N16,primary_sequenced,pair,A13,L8,100,100,200,0.0,76
8,D,5,D5,33,82,E19,N22,primary_sequenced,mono,C11,C11,100,0,100,,-1
8,D,6,D6,36,80,G1,N18,primary_sequenced,mono,M12,M12,200,0,200,,-1
8,D,7,D7,4,24,A9,F2,primary_sequenced,ratio,G15,O15,50,150,200,-1.5849625007211563,20
8,D,8,D8,7,52,A15,J10,primary_sequenced,techrep,M9,M11,100,100,200,0.0,179
8,D,9,D9,66,57,K13,J20,primary_sequenced,techrep,F15,G8,100,100,200,0.0,19
8,D,10,D10,92,72,O17,N2,primary_sequenced,techrep,P1,D19,100,100,200,0.0,28
8,D,11,D11,55,95,I15,P24,primary_sequenced,mono,J10,J10,100,0,100,,-1
8,D,12,D12,15,84,C7,P2,primary_sequenced,pair,A16,D9,100,100,200,0.0,306
8,D,13,D13,23,69,C23,L20,primary_sequenced,pair,G7,C17,100,100,200,0.0,259
8,D,14,D14,29,7,E11,B16,primary_sequenced,pair,D4,O18,100,100,200,0.0,338
8,D,15,D15,5,72,A11,N2,primary_sequenced,techrep,O23,I15,100,100,200,0.0,93
8,D,16,D16,79,18,M15,D14,primary_sequenced,pair,J2,K2,100,100,200,0.0,214
8,D,17,D17,62,84,K5,P2,primary_sequenced,mono,E9,E9,200,0,200,,-1
8,D,18,D18,47,89,G23,P12,primary_sequenced,pair,F4,D16,100,100,200,0.0,296
8,D,19,D19,27,53,E7,J12,primary_sequenced,pair,K10,N12,100,100,200,0.0,31
8,D,20,D20,24,53,E1,J12,primary_sequenced,ratio,E24,H19,175,25,200,2.807354922057604,24
8,D,21,D21,66,87,K13,P8,primary_sequenced,ratio,G1,J1,100,100,200,0.0,15
8,D,22,D22,20,54,C17,J14,primary_sequenced,pair,K12,P2,100,100,200,0.0,343
8,D,23,D23,24,23,E1,D24,primary_sequenced,pair,H23,P8,100,100,200,0.0,344
8,E,2,E2,16,35,C9,F24,primary_sequenced,pair,P21,F21,100,100,200,0.0,45
8,E,3,E3,95,39,O23,H8,primary_sequenced,pair,N21,B16,100,100,200,0.0,152
8,E,4,E4,35,21,E23,D20,primary_sequenced,pair,J10,K8,100,100,200,0.0,226
8,E,5,E5,85,46,O3,H22,primary_sequenced,pair,G16,O13,100,100,200,0.0,300
8,E,6,E6,53,15,I11,D8,primary_sequenced,density,G22,M17,100,100,200,0.0,41
8,E,7,E7,82,10,M21,B22,primary_sequenced,mono,B16,B16,100,0,100,,-1
8,E,8,E8,54,40,I13,H10,primary_sequenced,pair,C19,I24,100,100,200,0.0,175
8,E,9,E9,28,21,E9,D20,primary_sequenced,ratio,G1,J1,175,25,200,2.807354922057604,15
8,E,10,E10,4,45,A9,H20,primary_sequenced,mono,L15,L15,200,0,200,,-1
8,E,11,E11,44,94,G17,P22,primary_sequenced,techrep,N10,J4,100,100,200,0.0,349
8,E,12,E12,37,26,G3,F6,primary_sequenced,mono,J14,J14,200,0,200,,-1
8,E,13,E13,61,75,K3,N8,primary_sequenced,ratio,C20,G17,50,150,200,-1.5849625007211563,137
8,E,14,E14,86,24,O5,F2,primary_sequenced,pair,C20,O17,100,100,200,0.0,27
8,E,15,E15,59,69,I23,L20,primary_sequenced,mono,J12,J12,200,0,200,,-1
8,E,16,E16,19,58,C15,J22,primary_sequenced,pair,D23,I14,100,100,200,0.0,52
8,E,17,E17,76,63,M9,L8,primary_sequenced,techrep,C6,H22,100,100,200,0.0,178
8,E,18,E18,67,45,K15,H20,primary_sequenced,pair,L12,P11,100,100,200,0.0,301
8,E,19,E19,84,45,O1,H20,primary_sequenced,pair,M18,P3,100,100,200,0.0,20
8,E,20,E20,17,72,C11,N2,primary_sequenced,pair,E15,F23,100,100,200,0.0,270
8,E,21,E21,6,0,A13,B2,primary_sequenced,pair,I17,G15,100,100,200,0.0,188
8,E,22,E22,61,90,K3,P14,primary_sequenced,techrep,F10,A9,100,100,200,0.0,298
8,E,23,E23,43,10,G15,B22,primary_sequenced,density,G22,M17,200,200,400,0.0,41
8,F,2,F2,76,29,M9,F12,primary_sequenced,pair,P13,E21,100,100,200,0.0,291
8,F,3,F3,5,22,A11,D22,primary_sequenced,pair,B23,H24,100,100,200,0.0,304
8,F,4,F4,2,11,A5,B24,primary_sequenced,pair,L9,O15,100,100,200,0.0,51
8,F,5,F5,89,47,O11,H24,primary_sequenced,pair,K1,C24,100,100,200,0.0,95
8,F,6,F6,69,65,K19,L12,primary_sequenced,mono,K20,K20,100,0,100,,-1
8,F,7,F7,86,77,O5,N12,primary_sequenced,mono,C6,C6,200,0,200,,-1
8,F,8,F8,36,68,G1,L18,primary_sequenced,ratio,G4,H11,100,100,200,0.0,203
8,F,9,F9,89,13,O11,D4,primary_sequenced,pair,C9,M15,100,100,200,0.0,237
8,F,10,F10,76,79,M9,N16,primary_sequenced,pair,C8,F11,100,100,200,0.0,20
8,F,11,F11,71,76,K23,N10,primary_sequenced,ratio,E24,H19,150,50,200,1.584962500721156,24
8,F,12,F12,54,25,I13,F4,primary_sequenced,mono,G3,G3,100,0,100,,-1
8,F,13,F13,68,31,K17,F16,primary_sequenced,pair,N22,F16,100,100,200,0.0,257
8,F,14,F14,13,30,C3,F14,primary_sequenced,pair,P10,J6,100,100,200,0.0,273
8,F,15,F15,8,18,A17,D14,primary_sequenced,ratio,G4,H11,175,25,200,2.807354922057604,203
8,F,16,F16,45,61,G19,L4,primary_sequenced,techrep,G1,M20,100,100,200,0.0,191
8,F,17,F17,94,8,O21,B18,primary_sequenced,pair,A24,M16,100,100,200,0.0,17
8,F,18,F18,29,57,E11,J20,primary_sequenced,mono,A17,A17,100,0,100,,-1
8,F,19,F19,50,31,I5,F16,primary_sequenced,techrep,A24,O18,100,100,200,0.0,110
8,F,20,F20,50,67,I5,L16,primary_sequenced,density,F19,H19,200,200,400,0.0,131
8,F,21,F21,86,63,O5,L8,primary_sequenced,mono,I24,I24,200,0,200,,-1
8,F,22,F22,28,81,E9,N20,primary_sequenced,techrep,B24,E10,100,100,200,0.0,229
8,F,23,F23,12,61,C1,L4,primary_sequenced,mono,O19,O19,100,0,100,,-1
8,G,2,G2,91,83,O15,N24,primary_sequenced,pair,N18,E24,100,100,200,0.0,26
8,G,3,G3,43,66,G15,L14,primary_sequenced,techrep,L21,P18,100,100,200,0.0,133
8,G,4,G4,76,16,M9,D10,primary_sequenced,techrep,N19,F12,100,100,200,0.0,239
8,G,5,G5,52,48,I9,J2,primary_sequenced,ratio,C20,G17,100,100,200,0.0,137
8,G,6,G6,58,31,I21,F16,primary_sequenced,ratio,E9,O9,25,175,200,-2.807354922057604,21
8,G,7,G7,90,73,O13,N4,primary_sequenced,mono,H22,H22,200,0,200,,-1
8,G,8,G8,77,35,M11,F24,primary_sequenced,pair,J7,F17,100,100,200,0.0,182
8,G,9,G9,74,0,M5,B2,primary_sequenced,pair,I22,J15,100,100,200,0.0,185
8,G,10,G10,48,83,I1,N24,primary_sequenced,pair,E23,H11,100,100,200,0.0,303
8,G,11,G11,77,46,M11,H22,primary_sequenced,mono,F13,F13,100,0,100,,-1
8,G,12,G12,26,80,E5,N18,primary_sequenced,mono,M11,M11,100,0,100,,-1
8,G,13,G13,82,85,M21,P4,primary_sequenced,pair,H12,K5,100,100,200,0.0,288
8,G,14,G14,57,49,I19,J4,primary_sequenced,pair,O22,H12,100,100,200,0.0,291
8,G,15,G15,89,32,O11,F18,primary_sequenced,mono,A6,A6,200,0,200,,-1
8,G,16,G16,13,1,C3,B4,primary_sequenced,pair,F13,A12,100,100,200,0.0,41
8,G,17,G17,63,71,K7,L24,primary_sequenced,pair,M6,B4,100,100,200,0.0,191
8,G,18,G18,51,52,I7,J10,primary_sequenced,pair,K14,G3,100,100,200,0.0,54
8,G,19,G19,0,44,A1,H18,primary_sequenced,density,A12,C24,50,50,100,0.0,32
8,G,20,G20,38,92,G5,P18,primary_sequenced,pair,I16,F11,100,100,200,0.0,284
8,G,21,G21,69,75,K19,N8,primary_sequenced,pair,E11,I21,100,100,200,0.0,303
8,G,22,G22,8,62,A17,L6,primary_sequenced,density,F19,H19,100,100,200,0.0,131
8,G,23,G23,94,91,O21,P16,primary_sequenced,mono,D7,D7,100,0,100,,-1
8,H,2,H2,87,93,O7,P20,primary_sequenced,density,A12,C24,100,100,200,0.0,32
8,H,3,H3,71,87,K23,P8,primary_sequenced,pair,I10,L13,100,100,200,0.0,266
8,H,4,H4,73,51,M3,J8,primary_sequenced,mono,J19,J19,100,0,100,,-1
8,H,5,H5,61,89,K3,P12,primary_sequenced,mono,C22,C22,200,0,200,,-1
8,H,6,H6,31,7,E15,B16,primary_sequenced,mono,A16,A16,200,0,200,,-1
8,H,7,H7,30,82,E13,N22,primary_sequenced,mono,J21,J21,100,0,100,,-1
8,H,8,H8,70,1,K21,B4,primary_sequenced,ratio,E9,O9,50,150,200,-1.5849625007211563,21
8,H,9,H9,54,85,I13,P4,primary_sequenced,pair,C17,L8,100,100,200,0.0,297
8,H,10,H10,42,54,G13,J14,primary_sequenced,techrep,J1,O20,100,100,200,0.0,27
8,H,11,H11,9,49,A19,J4,primary_sequenced,mono,E3,E3,200,0,200,,-1
8,H,12,H12,0,63,A1,L8,primary_sequenced,mono,B12,B12,200,0,200,,-1
8,H,13,H13,85,80,O3,N18,primary_sequenced,mono,B21,B21,100,0,100,,-1
8,H,14,H14,52,94,I9,P22,primary_sequenced,pair,P24,F22,100,100,200,0.0,300
8,H,15,H15,83,3,M23,B8,primary_sequenced,mono,C4,C4,200,0,200,,-1
8,H,16,H16,42,81,G13,N20,primary_sequenced,mono,O6,O6,100,0,100,,-1
8,H,17,H17,83,57,M23,J20,primary_sequenced,ratio,E9,O9,175,25,200,2.807354922057604,21
8,H,18,H18,19,30,C15,F14,primary_sequenced,mono,N11,N11,200,0,200,,-1
8,H,19,H19,71,82,K23,N22,primary_sequenced,mono,J7,J7,200,0,200,,-1
8,H,20,H20,28,10,E9,B22,primary_sequenced,mono,D6,D6,200,0,200,,-1
8,H,21,H21,14,64,C5,L10,primary_sequenced,mono,L2,L2,200,0,200,,-1
8,H,22,H22,50,77,I5,N12,primary_sequenced,mono,O15,O15,100,0,100,,-1
8,H,23,H23,46,11,G21,B24,primary_sequenced,techrep,E20,G16,100,100,200,0.0,241
8,I,2,I2,46,53,G21,J12,primary_sequenced,mono,K2,K2,100,0,100,,-1
8,I,3,I3,62,80,K5,N18,primary_sequenced,pair,E18,O10,100,100,200,0.0,20
8,I,4,I4,83,47,M23,H24,primary_sequenced,mono,F24,F24,100,0,100,,-1
8,I,5,I5,46,1,G21,B4,primary_sequenced,mono,E10,E10,200,0,200,,-1
8,I,6,I6,86,87,O5,P8,primary_sequenced,mono,E4,E4,200,0,200,,-1
8,I,7,I7,40,94,G9,P22,primary_sequenced,pair,H12,H19,100,100,200,0.0,303
8,I,8,I8,26,64,E5,L10,primary_sequenced,pair,J21,N22,100,100,200,0.0,308
8,I,9,I9,57,35,I19,F24,primary_sequenced,pair,B14,C9,100,100,200,0.0,191
8,I,10,I10,24,31,E1,F16,primary_sequenced,pair,E14,I1,100,100,200,0.0,85
8,I,11,I11,4,80,A9,N18,primary_sequenced,density,G22,M17,50,50,100,0.0,41
8,I,12,I12,59,11,I23,B24,primary_sequenced,mono,M9,M9,100,0,100,,-1
8,I,13,I13,63,66,K7,L14,primary_sequenced,mono,F5,F5,200,0,200,,-1
8,I,14,I14,15,31,C7,F16,primary_sequenced,pair,F1,F19,100,100,200,0.0,195
8,I,15,I15,42,76,G13,N10,primary_sequenced,ratio,G1,J1,25,175,200,-2.807354922057604,15
8,I,16,I16,4,14,A9,D6,primary_sequenced,pair,H8,D12,100,100,200,0.0,43
8,I,17,I17,55,90,I15,P14,primary_sequenced,ratio,E24,H19,50,150,200,-1.5849625007211563,24
8,I,18,I18,5,15,A11,D8,primary_sequenced,pair,A21,G13,100,100,200,0.0,26
8,I,19,I19,16,19,C9,D16,primary_sequenced,mono,J16,J16,200,0,200,,-1
8,I,20,I20,5,91,A11,P16,primary_sequenced,pair,I1,L13,100,100,200,0.0,176
8,I,21,I21,34,80,E21,N18,primary_sequenced,pair,F5,I13,100,100,200,0.0,189
8,I,22,I22,14,65,C5,L12,primary_sequenced,pair,E22,M23,100,100,200,0.0,216
8,I,23,I23,25,9,E3,B20,primary_sequenced,mono,B1,B1,100,0,100,,-1
8,J,2,J2,73,57,M3,J20,primary_sequenced,pair,A20,C15,100,100,200,0.0,147
8,J,3,J3,35,26,E23,F6,primary_sequenced,mono,L17,L17,100,0,100,,-1
8,J,4,J4,0,5,A1,B12,primary_sequenced,pair,E10,B10,100,100,200,0.0,231
8,J,5,J5,10,47,A21,H24,primary_sequenced,ratio,C20,G17,150,50,200,1.584962500721156,137
8,J,6,J6,2,93,A5,P20,primary_sequenced,pair,M17,E18,100,100,200,0.0,39
8,J,7,J7,50,89,I5,P12,primary_sequenced,mono,K16,K16,200,0,200,,-1
8,J,8,J8,41,1,G11,B4,primary_sequenced,ratio,G15,O15,100,100,200,0.0,20
8,J,9,J9,54,9,I13,B20,primary_sequenced,ratio,G15,O15,25,175,200,-2.807354922057604,20
8,J,10,J10,0,26,A1,F6,primary_sequenced,pair,J14,P10,100,100,200,0.0,264
8,J,11,J11,73,81,M3,N20,primary_sequenced,pair,A17,D12,100,100,200,0.0,242
8,J,12,J12,11,61,A23,L4,primary_sequenced,pair,N18,A12,100,100,200,0.0,34
8,J,13,J13,18,25,C13,F4,primary_sequenced,mono,N24,N24,200,0,200,,-1
8,J,14,J14,44,53,G17,J12,primary_sequenced,techrep,H12,O6,100,100,200,0.0,303
8,J,15,J15,74,13,M5,D4,primary_sequenced,mono,G5,G5,200,0,200,,-1
8,J,16,J16,92,39,O17,H8,primary_sequenced,mono,P3,P3,200,0,200,,-1
8,J,17,J17,77,57,M11,J20,primary_sequenced,techrep,L20,C5,100,100,200,0.0,275
8,J,18,J18,16,34,C9,F22,primary_sequenced,pair,K9,G19,100,100,200,0.0,217
8,J,19,J19,30,46,E13,H22,primary_sequenced,mono,C15,C15,200,0,200,,-1
8,J,20,J20,62,89,K5,P12,primary_sequenced,mono,H17,H17,200,0,200,,-1
8,J,21,J21,13,71,C3,L24,primary_sequenced,pair,O16,I18,100,100,200,0.0,328
8,J,22,J22,46,23,G21,D24,primary_sequenced,pair,B11,C24,100,100,200,0.0,304
8,J,23,J23,37,61,G3,L4,primary_sequenced,pair,J14,J6,100,100,200,0.0,289
8,K,2,K2,64,34,K9,F22,primary_sequenced,mono,P1,P1,200,0,200,,-1
8,K,3,K3,95,5,O23,B12,primary_sequenced,ratio,F7,M11,100,100,200,0.0,20
8,K,4,K4,58,54,I21,J14,primary_sequenced,techrep,P6,J15,100,100,200,0.0,142
8,K,5,K5,37,88,G3,P10,primary_sequenced,pair,B8,J2,100,100,200,0.0,236
8,K,6,K6,90,64,O13,L10,primary_sequenced,pair,I20,K10,100,100,200,0.0,287
8,K,7,K7,5,21,A11,D20,primary_sequenced,pair,E21,P18,100,100,200,0.0,271
8,K,8,K8,93,35,O19,F24,primary_sequenced,pair,P19,A11,100,100,200,0.0,96
8,K,9,K9,82,26,M21,F6,primary_sequenced,pair,F19,K16,100,100,200,0.0,130
8,K,10,K10,42,72,G13,N2,primary_sequenced,pair,O12,G5,100,100,200,0.0,175
8,K,11,K11,66,16,K13,D10,primary_sequenced,pair,A10,G15,100,100,200,0.0,21
8,K,12,K12,0,79,A1,N16,primary_sequenced,pair,O8,F10,100,100,200,0.0,363
8,K,13,K13,7,71,A15,L24,primary_sequenced,mono,B10,B10,100,0,100,,-1
8,K,14,K14,13,47,C3,H24,primary_sequenced,techrep,B18,C23,100,100,200,0.0,190
8,K,15,K15,61,16,K3,D10,primary_sequenced,techrep,H13,K4,100,100,200,0.0,80
8,K,16,K16,43,76,G15,N10,primary_sequenced,techrep,F23,E10,100,100,200,0.0,214
8,K,17,K17,71,1,K23,B4,primary_sequenced,techrep,O12,C7,100,100,200,0.0,272
8,K,18,K18,3,27,A7,F8,primary_sequenced,mono,K18,K18,200,0,200,,-1
8,K,19,K19,12,10,C1,B22,primary_sequenced,ratio,C20,G17,25,175,200,-2.807354922057604,137
8,K,20,K20,75,22,M7,D22,primary_sequenced,mono,O13,O13,200,0,200,,-1
8,K,21,K21,10,58,A21,J22,primary_sequenced,mono,E17,E17,200,0,200,,-1
8,K,22,K22,89,87,O11,P8,primary_sequenced,techrep,D16,F14,100,100,200,0.0,255
8,K,23,K23,40,39,G9,H8,primary_sequenced,pair,B21,I24,100,100,200,0.0,190
8,L,2,L2,28,17,E9,D12,primary_sequenced,ratio,F7,M11,25,175,200,-2.807354922057604,20
8,L,3,L3,45,83,G19,N24,primary_sequenced,techrep,J16,E13,100,100,200,0.0,21
8,L,4,L4,46,20,G21,D18,primary_sequenced,mono,L6,L6,100,0,100,,-1
8,L,5,L5,80,27,M17,F8,primary_sequenced,pair,K23,C19,100,100,200,0.0,301
8,L,6,L6,7,12,A15,D2,primary_sequenced,pair,H22,I11,100,100,200,0.0,233
8,L,7,L7,28,64,E9,L10,primary_sequenced,techrep,H23,D24,100,100,200,0.0,213
8,L,8,L8,73,1,M3,B4,primary_sequenced,pair,J13,C14,100,100,200,0.0,146
8,L,9,L9,95,35,O23,F24,primary_sequenced,pair,J3,E7,100,100,200,0.0,259
8,L,10,L10,26,67,E5,L16,primary_sequenced,pair,L4,H2,100,100,200,0.0,179
8,L,11,L11,79,44,M15,H18,primary_sequenced,pair,P7,K15,100,100,200,0.0,291
8,L,12,L12,52,8,I9,B18,primary_sequenced,pair,A24,B16,100,100,200,0.0,115
8,L,13,L13,64,50,K9,J6,primary_sequenced,mono,E20,E20,200,0,200,,-1
8,L,14,L14,62,33,K5,F20,primary_sequenced,ratio,G4,H11,25,175,200,-2.807354922057604,203
8,L,15,L15,79,12,M15,D2,primary_sequenced,pair,L11,J21,100,100,200,0.0,310
8,L,16,L16,6,87,A13,P8,primary_sequenced,pair,I12,H13,100,100,200,0.0,180
8,L,17,L17,63,85,K7,P4,primary_sequenced,techrep,D19,E6,100,100,200,0.0,154
8,L,18,L18,32,34,E17,F22,primary_sequenced,pair,K4,M19,100,100,200,0.0,54
8,L,19,L19,60,67,K1,L16,primary_sequenced,techrep,D6,B5,100,100,200,0.0,174
8,L,20,L20,1,94,A3,P22,primary_sequenced,ratio,G1,J1,50,150,200,-1.5849625007211563,15
8,L,21,L21,64,69,K9,L20,primary_sequenced,mono,I22,I22,100,0,100,,-1
8,L,22,L22,93,65,O19,L12,primary_sequenced,pair,P18,K5,100,100,200,0.0,222
8,L,23,L23,60,45,K1,H20,primary_sequenced,pair,I10,E17,100,100,200,0.0,284
8,M,2,M2,56,8,I17,B18,primary_sequenced,mono,D22,D22,200,0,200,,-1
8,M,3,M3,35,37,E23,H4,primary_sequenced,pair,H4,A8,100,100,200,0.0,199
8,M,4,M4,4,8,A9,B18,primary_sequenced,ratio,G15,O15,150,50,200,1.584962500721156,20
8,M,5,M5,54,78,I13,N14,primary_sequenced,pair,O14,H14,100,100,200,0.0,284
8,M,6,M6,65,51,K11,J8,primary_sequenced,density,F19,H19,50,50,100,0.0,131
8,M,7,M7,78,70,M13,L22,primary_sequenced,mono,J17,J17,200,0,200,,-1
8,M,8,M8,1,84,A3,P2,primary_sequenced,techrep,B8,H17,100,100,200,0.0,42
8,M,9,M9,39,85,G7,P4,primary_sequenced,mono,H20,H20,200,0,200,,-1
8,M,10,M10,55,30,I15,F14,primary_sequenced,mono,J18,J18,100,0,100,,-1
8,M,11,M11,76,2,M9,B6,primary_sequenced,pair,N24,N7,100,100,200,0.0,282
8,M,12,M12,93,12,O19,D2,primary_sequenced,pair,M12,E2,100,100,200,0.0,31
8,M,13,M13,84,30,O1,F14,primary_sequenced,mono,A18,A18,100,0,100,,-1
8,M,14,M14,18,27,C13,F8,primary_sequenced,mono,G15,G15,200,0,200,,-1
8,M,15,M15,29,84,E11,P2,primary_sequenced,mono,O11,O11,100,0,100,,-1
8,M,16,M16,14,8,C5,B18,primary_sequenced,pair,G10,H17,100,100,200,0.0,368
8,M,17,M17,73,31,M3,F16,primary_sequenced,mono,G16,G16,200,0,200,,-1
8,M,18,M18,66,11,K13,B24,primary_sequenced,ratio,G4,H11,150,50,200,1.584962500721156,203
8,M,19,M19,45,63,G19,L8,primary_sequenced,mono,O22,O22,200,0,200,,-1
8,M,20,M20,67,73,K15,N4,primary_sequenced,pair,M3,M24,100,100,200,0.0,143
8,M,21,M21,62,10,K5,B22,primary_sequenced,mono,M22,M22,100,0,100,,-1
8,M,22,M22,71,15,K23,D8,primary_sequenced,mono,F14,F14,200,0,200,,-1
8,M,23,M23,86,28,O5,F10,primary_sequenced,techrep,B23,A5,100,100,200,0.0,210
8,N,2,N2,17,8,C11,B18,primary_sequenced,pair,L11,L20,100,100,200,0.0,302
8,N,3,N3,94,89,O21,P12,primary_sequenced,pair,E22,J3,100,100,200,0.0,68
8,N,4,N4,70,60,K21,L2,primary_sequenced,mono,F21,F21,100,0,100,,-1
8,N,5,N5,56,16,I17,D10,primary_sequenced,ratio,C20,G17,175,25,200,2.807354922057604,137
8,N,6,N6,49,0,I3,B2,primary_sequenced,ratio,G15,O15,175,25,200,2.807354922057604,20
8,N,7,N7,72,39,M1,H8,primary_sequenced,pair,L13,M14,100,100,200,0.0,185
8,N,8,N8,52,70,I9,L22,primary_sequenced,mono,M19,M19,100,0,100,,-1
8,N,9,N9,1,36,A3,H2,primary_sequenced,techrep,N15,K9,100,100,200,0.0,197
8,N,10,N10,76,23,M9,D24,primary_sequenced,pair,K3,M20,100,100,200,0.0,233
8,N,11,N11,45,8,G19,B18,primary_sequenced,mono,N4,N4,200,0,200,,-1
8,N,12,N12,78,39,M13,H8,primary_sequenced,mono,N3,N3,100,0,100,,-1
8,N,13,N13,70,41,K21,H12,primary_sequenced,pair,N22,F17,100,100,200,0.0,26
8,N,14,N14,9,39,A19,H8,primary_sequenced,mono,P18,P18,200,0,200,,-1
8,N,15,N15,22,6,C21,B14,primary_sequenced,pair,A21,I3,100,100,200,0.0,166
8,N,16,N16,78,3,M13,B8,primary_sequenced,mono,J4,J4,100,0,100,,-1
8,N,17,N17,58,6,I21,B14,primary_sequenced,mono,F8,F8,200,0,200,,-1
8,N,18,N18,27,8,E7,B18,primary_sequenced,mono,M13,M13,100,0,100,,-1
8,N,19,N19,25,69,E3,L20,primary_sequenced,mono,N21,N21,100,0,100,,-1
8,N,20,N20,40,91,G9,P16,primary_sequenced,ratio,E24,H19,25,175,200,-2.807354922057604,24
8,N,21,N21,58,4,I21,B10,primary_sequenced,techrep,E17,L12,100,100,200,0.0,261
8,N,22,N22,72,50,M1,J6,primary_sequenced,pair,B18,N20,100,100,200,0.0,178
8,N,23,N23,11,37,A23,H4,primary_sequenced,pair,J16,B16,100,100,200,0.0,42
8,O,2,O2,38,35,G5,F24,primary_sequenced,mono,E7,E7,200,0,200,,-1
8,O,3,O3,90,22,O13,D22,primary_sequenced,mono,D13,D13,100,0,100,,-1
8,O,4,O4,11,43,A23,H16,primary_sequenced,pair,D5,L19,100,100,200,0.0,167
8,O,5,O5,72,16,M1,D10,primary_sequenced,mono,D3,D3,200,0,200,,-1
8,O,6,O6,75,78,M7,N14,primary_sequenced,mono,G14,G14,100,0,100,,-1
8,O,7,O7,27,1,E7,B4,primary_sequenced,pair,K7,P22,100,100,200,0.0,92
8,O,8,O8,60,35,K1,F24,primary_sequenced,techrep,K6,J12,100,100,200,0.0,299
8,O,9,O9,95,53,O23,J12,primary_sequenced,pair,E9,C15,100,100,200,0.0,153
8,O,10,O10,71,45,K23,H20,primary_sequenced,mono,D20,D20,200,0,200,,-1
8,O,11,O11,33,80,E19,N18,primary_sequenced,pair,H1,O1,100,100,200,0.0,108
8,O,12,O12,12,46,C1,H22,primary_sequenced,ratio,G1,J1,150,50,200,1.584962500721156,15
8,O,13,O13,20,23,C17,D24,primary_sequenced,pair,B5,O5,100,100,200,0.0,179
8,O,14,O14,69,37,K19,H4,primary_sequenced,ratio,E24,H19,100,100,200,0.0,24
8,O,15,O15,71,43,K23,H16,primary_sequenced,mono,D24,D24,200,0,200,,-1
8,O,16,O16,32,52,E17,J10,primary_sequenced,pair,H13,L5,100,100,200,0.0,320
8,O,17,O17,83,16,M23,D10,primary_sequenced,techrep,M1,P22,100,100,200,0.0,262
8,O,18,O18,86,92,O5,P18,primary_sequenced,mono,F19,F19,200,0,200,,-1
8,O,19,O19,69,8,K19,B18,primary_sequenced,mono,K8,K8,100,0,100,,-1
8,O,20,O20,32,91,E17,P16,primary_sequenced,mono,I8,I8,200,0,200,,-1
8,O,21,O21,51,4,I7,B10,primary_sequenced,ratio,G4,H11,50,150,200,-1.5849625007211563,203
8,O,22,O22,50,9,I5,B20,primary_sequenced,pair,C17,G12,100,100,200,0.0,147
8,O,23,O23,7,90,A15,P14,primary_sequenced,pair,H23,N20,100,100,200,0.0,178
9,B,2,B2,47,73,G23,N4,extension_frozen,pair,L20,B21,100,100,200,0.0,274
9,B,3,B3,95,19,O23,D16,extension_frozen,pair,L21,M20,100,100,200,0.0,191
9,B,4,B4,18,34,C13,F22,extension_frozen,pair,D16,G6,100,100,200,0.0,261
9,B,5,B5,70,75,K21,N8,extension_frozen,pair,A19,A23,100,100,200,0.0,254
9,B,6,B6,45,67,G19,L16,extension_frozen,pair,G20,E7,100,100,200,0.0,19
9,B,7,B7,62,12,K5,D2,extension_frozen,pair,E7,I2,100,100,200,0.0,19
9,B,8,B8,32,84,E17,P2,extension_frozen,pair,O14,M21,100,100,200,0.0,16
9,B,9,B9,55,92,I15,P18,extension_frozen,pair,H20,C22,100,100,200,0.0,261
9,B,10,B10,19,29,C15,F12,extension_frozen,pair,O18,J3,100,100,200,0.0,172
9,B,11,B11,90,28,O13,F10,extension_frozen,pair,M6,F5,100,100,200,0.0,16
9,B,12,B12,61,8,K3,B18,extension_frozen,pair,J14,J13,100,100,200,0.0,181
9,B,13,B13,3,58,A7,J22,extension_frozen,pair,F23,G15,100,100,200,0.0,289
9,B,14,B14,38,9,G5,B20,extension_frozen,pair,I18,G7,100,100,200,0.0,262
9,B,15,B15,44,81,G17,N20,extension_frozen,pair,M5,C11,100,100,200,0.0,249
9,B,16,B16,3,65,A7,L12,extension_frozen,pair,H22,E3,100,100,200,0.0,261
9,B,17,B17,61,33,K3,F20,extension_frozen,pair,B22,A20,100,100,200,0.0,178
9,B,18,B18,75,2,M7,B6,extension_frozen,pair,C15,G17,100,100,200,0.0,163
9,B,19,B19,32,86,E17,P6,extension_frozen,pair,B17,B15,100,100,200,0.0,257
9,B,20,B20,41,69,G11,L20,extension_frozen,pair,K3,B19,100,100,200,0.0,252
9,B,21,B21,12,35,C1,F24,extension_frozen,pair,I8,P13,100,100,200,0.0,26
9,B,22,B22,31,74,E15,N6,extension_frozen,pair,B20,F10,100,100,200,0.0,357
9,B,23,B23,44,38,G17,H6,extension_frozen,pair,D8,E18,100,100,200,0.0,53
9,C,2,C2,9,28,A19,F10,extension_frozen,pair,N9,G4,100,100,200,0.0,65
9,C,3,C3,10,94,A21,P22,extension_frozen,pair,G23,A14,100,100,200,0.0,184
9,C,4,C4,16,75,C9,N8,extension_frozen,pair,D12,P20,100,100,200,0.0,40
9,C,5,C5,20,37,C17,H4,extension_frozen,pair,N20,M4,100,100,200,0.0,362
9,C,6,C6,33,44,E19,H18,extension_frozen,pair,J22,K17,100,100,200,0.0,127
9,C,7,C7,21,86,C19,P6,extension_frozen,pair,G16,A20,100,100,200,0.0,305
9,C,8,C8,34,59,E21,J24,extension_frozen,pair,B18,M12,100,100,200,0.0,100
9,C,9,C9,37,6,G3,B14,extension_frozen,pair,G22,H9,100,100,200,0.0,192
9,C,10,C10,73,7,M3,B16,extension_frozen,pair,O22,G19,100,100,200,0.0,274
9,C,11,C11,37,74,G3,N6,extension_frozen,pair,P15,P13,100,100,200,0.0,15
9,C,12,C12,31,95,E15,P24,extension_frozen,pair,J4,J22,100,100,200,0.0,295
9,C,13,C13,86,53,O5,J12,extension_frozen,pair,H21,B14,100,100,200,0.0,259
9,C,14,C14,37,44,G3,H18,extension_frozen,pair,G23,M21,100,100,200,0.0,130
9,C,15,C15,46,8,G21,B18,extension_frozen,pair,I2,A18,100,100,200,0.0,301
9,C,16,C16,59,88,I23,P10,extension_frozen,pair,F19,O9,100,100,200,0.0,23
9,C,17,C17,31,5,E15,B12,extension_frozen,pair,L4,N15,100,100,200,0.0,165
9,C,18,C18,17,49,C11,J4,extension_frozen,pair,D1,M23,100,100,200,0.0,210
9,C,19,C19,42,18,G13,D14,extension_frozen,pair,H5,D8,100,100,200,0.0,276
9,C,20,C20,18,50,C13,J6,extension_frozen,pair,L4,C24,100,100,200,0.0,237
9,C,21,C21,18,57,C13,J20,extension_frozen,pair,C9,O15,100,100,200,0.0,23
9,C,22,C22,63,6,K7,B14,extension_frozen,pair,K22,E18,100,100,200,0.0,15
9,C,23,C23,11,12,A23,D2,extension_frozen,pair,G22,G11,100,100,200,0.0,242
9,D,2,D2,56,62,I17,L6,extension_frozen,pair,G3,C3,100,100,200,0.0,120
9,D,3,D3,69,78,K19,N14,extension_frozen,pair,B21,B24,100,100,200,0.0,197
9,D,4,D4,40,26,G9,F6,extension_frozen,pair,N4,E16,100,100,200,0.0,279
9,D,5,D5,49,26,I3,F6,extension_frozen,pair,C2,P22,100,100,200,0.0,16
9,D,6,D6,93,61,O19,L4,extension_frozen,pair,I1,C22,100,100,200,0.0,178
9,D,7,D7,46,72,G21,N2,extension_frozen,pair,P22,D23,100,100,200,0.0,49
9,D,8,D8,23,81,C23,N20,extension_frozen,pair,F20,O24,100,100,200,0.0,329
9,D,9,D9,58,21,I21,D20,extension_frozen,pair,G20,K13,100,100,200,0.0,250
9,D,10,D10,23,84,C23,P2,extension_frozen,pair,N6,D21,100,100,200,0.0,16
9,D,11,D11,43,57,G15,J20,extension_frozen,pair,J8,J14,100,100,200,0.0,180
9,D,12,D12,66,32,K13,F18,extension_frozen,pair,C3,P18,100,100,200,0.0,33
9,D,13,D13,44,5,G17,B12,extension_frozen,pair,H1,E22,100,100,200,0.0,37
9,D,14,D14,92,61,O17,L4,extension_frozen,pair,L3,C20,100,100,200,0.0,271
9,D,15,D15,74,78,M5,N14,extension_frozen,pair,P14,O3,100,100,200,0.0,214
9,D,16,D16,70,7,K21,B16,extension_frozen,pair,A12,I22,100,100,200,0.0,246
9,D,17,D17,83,1,M23,B4,extension_frozen,pair,H22,L11,100,100,200,0.0,253
9,D,18,D18,33,88,E19,P10,extension_frozen,pair,E12,C10,100,100,200,0.0,264
9,D,19,D19,13,8,C3,B18,extension_frozen,pair,F8,E4,100,100,200,0.0,229
9,D,20,D20,41,33,G11,F20,extension_frozen,pair,F17,P8,100,100,200,0.0,353
9,D,21,D21,74,37,M5,H4,extension_frozen,pair,P21,D24,100,100,200,0.0,202
9,D,22,D22,12,76,C1,N10,extension_frozen,pair,H2,F16,100,100,200,0.0,22
9,D,23,D23,44,22,G17,D22,extension_frozen,pair,O7,L24,100,100,200,0.0,221
9,E,2,E2,12,75,C1,N8,extension_frozen,pair,P21,E18,100,100,200,0.0,215
9,E,3,E3,13,42,C3,H14,extension_frozen,pair,J14,J16,100,100,200,0.0,26
9,E,4,E4,49,1,I3,B4,extension_frozen,pair,N22,G19,100,100,200,0.0,305
9,E,5,E5,47,80,G23,N18,extension_frozen,pair,H24,I21,100,100,200,0.0,265
9,E,6,E6,44,54,G17,J14,extension_frozen,pair,H21,M14,100,100,200,0.0,243
9,E,7,E7,11,84,A23,P2,extension_frozen,pair,H13,O12,100,100,200,0.0,184
9,E,8,E8,22,83,C21,N24,extension_frozen,pair,H23,B3,100,100,200,0.0,171
9,E,9,E9,92,69,O17,L20,extension_frozen,pair,K14,B18,100,100,200,0.0,150
9,E,10,E10,90,26,O13,F6,extension_frozen,pair,M13,H8,100,100,200,0.0,41
9,E,11,E11,85,7,O3,B16,extension_frozen,pair,H4,I11,100,100,200,0.0,189
9,E,12,E12,42,74,G13,N6,extension_frozen,pair,K16,C23,100,100,200,0.0,17
9,E,13,E13,56,65,I17,L12,extension_frozen,pair,M7,K4,100,100,200,0.0,277
9,E,14,E14,79,90,M15,P14,extension_frozen,pair,E17,O23,100,100,200,0.0,188
9,E,15,E15,16,8,C9,B18,extension_frozen,pair,E6,E4,100,100,200,0.0,240
9,E,16,E16,12,87,C1,P8,extension_frozen,pair,M23,D3,100,100,200,0.0,225
9,E,17,E17,70,47,K21,H24,extension_frozen,pair,J20,H3,100,100,200,0.0,205
9,E,18,E18,75,28,M7,F10,extension_frozen,pair,O5,I20,100,100,200,0.0,236
9,E,19,E19,43,82,G15,N22,extension_frozen,pair,L6,E21,100,100,200,0.0,297
9,E,20,E20,91,9,O15,B20,extension_frozen,pair,L7,M7,100,100,200,0.0,274
9,E,21,E21,65,19,K11,D16,extension_frozen,pair,A23,B24,100,100,200,0.0,207
9,E,22,E22,28,70,E9,L22,extension_frozen,pair,G11,I1,100,100,200,0.0,198
9,E,23,E23,93,40,O19,H10,extension_frozen,pair,M16,M1,100,100,200,0.0,223
9,F,2,F2,75,85,M7,P4,extension_frozen,pair,M24,C13,100,100,200,0.0,302
9,F,3,F3,51,33,I7,F20,extension_frozen,pair,N14,I22,100,100,200,0.0,305
9,F,4,F4,30,92,E13,P18,extension_frozen,pair,M8,E5,100,100,200,0.0,16
9,F,5,F5,83,43,M23,H16,extension_frozen,pair,C10,J24,100,100,200,0.0,313
9,F,6,F6,27,26,E7,F6,extension_frozen,pair,B10,D7,100,100,200,0.0,239
9,F,7,F7,51,87,I7,P8,extension_frozen,pair,D16,D5,100,100,200,0.0,294
9,F,8,F8,38,86,G5,P6,extension_frozen,pair,C20,B3,100,100,200,0.0,34
9,F,9,F9,6,30,A13,F14,extension_frozen,pair,K13,F17,100,100,200,0.0,299
9,F,10,F10,51,23,I7,D24,extension_frozen,pair,A1,D13,100,100,200,0.0,42
9,F,11,F11,95,80,O23,N18,extension_frozen,pair,F15,F2,100,100,200,0.0,267
9,F,12,F12,93,70,O19,L22,extension_frozen,pair,M19,O21,100,100,200,0.0,136
9,F,13,F13,52,7,I9,B16,extension_frozen,pair,E1,N22,100,100,200,0.0,305
9,F,14,F14,6,88,A13,P10,extension_frozen,pair,I6,B12,100,100,200,0.0,157
9,F,15,F15,89,12,O11,D2,extension_frozen,pair,F8,M4,100,100,200,0.0,331
9,F,16,F16,57,13,I19,D4,extension_frozen,pair,I24,O14,100,100,200,0.0,175
9,F,17,F17,22,59,C21,J24,extension_frozen,pair,G3,H23,100,100,200,0.0,119
9,F,18,F18,52,42,I9,H14,extension_frozen,pair,N3,F13,100,100,200,0.0,46
9,F,19,F19,75,9,M7,B20,extension_frozen,pair,C21,I14,100,100,200,0.0,33
9,F,20,F20,52,14,I9,D6,extension_frozen,pair,M24,K9,100,100,200,0.0,26
9,F,21,F21,31,53,E15,J12,extension_frozen,pair,I14,L5,100,100,200,0.0,259
9,F,22,F22,20,84,C17,P2,extension_frozen,pair,D5,M4,100,100,200,0.0,360
9,F,23,F23,50,61,I5,L4,extension_frozen,pair,E5,H9,100,100,200,0.0,187
9,G,2,G2,28,6,E9,B14,extension_frozen,pair,B5,K6,100,100,200,0.0,283
9,G,3,G3,20,92,C17,P18,extension_frozen,pair,O22,J3,100,100,200,0.0,260
9,G,4,G4,1,34,A3,F22,extension_frozen,pair,N6,L5,100,100,200,0.0,318
9,G,5,G5,23,39,C23,H8,extension_frozen,pair,L13,E4,100,100,200,0.0,44
9,G,6,G6,32,0,E17,B2,extension_frozen,pair,E15,E13,100,100,200,0.0,161
9,G,7,G7,46,15,G21,D8,extension_frozen,pair,N4,O9,100,100,200,0.0,281
9,G,8,G8,85,25,O3,F4,extension_frozen,pair,B1,C18,100,100,200,0.0,305
9,G,9,G9,87,32,O7,F18,extension_frozen,pair,E3,L13,100,100,200,0.0,196
9,G,10,G10,20,70,C17,L22,extension_frozen,pair,M11,H7,100,100,200,0.0,199
9,G,11,G11,21,2,C19,B6,extension_frozen,pair,O1,A23,100,100,200,0.0,68
9,G,12,G12,64,67,K9,L16,extension_frozen,pair,N15,G15,100,100,200,0.0,188
9,G,13,G13,41,22,G11,D22,extension_frozen,pair,B4,K7,100,100,200,0.0,53
9,G,14,G14,80,40,M17,H10,extension_frozen,pair,B22,C22,100,100,200,0.0,190
9,G,15,G15,50,78,I5,N14,extension_frozen,pair,M3,L22,100,100,200,0.0,293
9,G,16,G16,87,43,O7,H16,extension_frozen,pair,K22,L1,100,100,200,0.0,196
9,G,17,G17,11,85,A23,P4,extension_frozen,pair,N1,B21,100,100,200,0.0,189
9,G,18,G18,40,52,G9,J10,extension_frozen,pair,O12,D14,100,100,200,0.0,264
9,G,19,G19,30,19,E13,D16,extension_frozen,pair,D21,D4,100,100,200,0.0,139
9,G,20,G20,13,51,C3,J8,extension_frozen,pair,K21,J16,100,100,200,0.0,70
9,G,21,G21,20,60,C17,L2,extension_frozen,pair,C17,D1,100,100,200,0.0,238
9,G,22,G22,78,66,M13,L14,extension_frozen,pair,O17,O1,100,100,200,0.0,102
9,G,23,G23,4,60,A9,L2,extension_frozen,pair,E14,K8,100,100,200,0.0,43
9,H,2,H2,18,68,C13,L18,extension_frozen,pair,F8,E6,100,100,200,0.0,203
9,H,3,H3,9,93,A19,P20,extension_frozen,pair,O7,D7,100,100,200,0.0,330
9,H,4,H4,12,4,C1,B10,extension_frozen,pair,F24,A10,100,100,200,0.0,133
9,H,5,H5,37,0,G3,B2,extension_frozen,pair,D4,G4,100,100,200,0.0,204
9,H,6,H6,72,61,M1,L4,extension_frozen,pair,B14,B19,100,100,200,0.0,303
9,H,7,H7,66,75,K13,N8,extension_frozen,pair,L24,A22,100,100,200,0.0,195
9,H,8,H8,47,18,G23,D14,extension_frozen,pair,J12,H14,100,100,200,0.0,277
9,H,9,H9,1,90,A3,P14,extension_frozen,pair,K19,D1,100,100,200,0.0,232
9,H,10,H10,3,35,A7,F24,extension_frozen,pair,O11,E13,100,100,200,0.0,187
9,H,11,H11,84,14,O1,D6,extension_frozen,pair,K12,M11,100,100,200,0.0,337
9,H,12,H12,84,56,O1,J18,extension_frozen,pair,M15,M14,100,100,200,0.0,203
9,H,13,H13,7,74,A15,N6,extension_frozen,pair,I6,B18,100,100,200,0.0,230
9,H,14,H14,3,86,A7,P6,extension_frozen,pair,H19,N23,100,100,200,0.0,191
9,H,15,H15,60,66,K1,L14,extension_frozen,pair,E2,F6,100,100,200,0.0,167
9,H,16,H16,50,21,I5,D20,extension_frozen,pair,P19,P24,100,100,200,0.0,305
9,H,17,H17,40,32,G9,F18,extension_frozen,pair,F6,K7,100,100,200,0.0,194
9,H,18,H18,17,67,C11,L16,extension_frozen,pair,H1,I14,100,100,200,0.0,96
9,H,19,H19,5,55,A11,J16,extension_frozen,pair,B5,I11,100,100,200,0.0,39
9,H,20,H20,11,90,A23,P14,extension_frozen,pair,D10,B1,100,100,200,0.0,259
9,H,21,H21,77,87,M11,P8,extension_frozen,pair,O22,L18,100,100,200,0.0,263
9,H,22,H22,63,51,K7,J8,extension_frozen,pair,C15,H14,100,100,200,0.0,257
9,H,23,H23,95,28,O23,F10,extension_frozen,pair,A7,D1,100,100,200,0.0,197
9,I,2,I2,49,20,I3,D18,extension_frozen,pair,E12,A2,100,100,200,0.0,156
9,I,3,I3,6,51,A13,J8,extension_frozen,pair,H17,P23,100,100,200,0.0,231
9,I,4,I4,75,66,M7,L14,extension_frozen,pair,B7,L22,100,100,200,0.0,300
9,I,5,I5,47,71,G23,L24,extension_frozen,pair,H20,D11,100,100,200,0.0,184
9,I,6,I6,46,47,G21,H24,extension_frozen,pair,F7,M4,100,100,200,0.0,372
9,I,7,I7,83,7,M23,B16,extension_frozen,pair,H21,F4,100,100,200,0.0,135
9,I,8,I8,28,31,E9,F16,extension_frozen,pair,L15,L10,100,100,200,0.0,49
9,I,9,I9,24,13,E1,D4,extension_frozen,pair,C8,B24,100,100,200,0.0,223
9,I,10,I10,93,47,O19,H24,extension_frozen,pair,C22,D24,100,100,200,0.0,260
9,I,11,I11,70,92,K21,P18,extension_frozen,pair,D12,F5,100,100,200,0.0,33
9,I,12,I12,79,69,M15,L20,extension_frozen,pair,L10,G7,100,100,200,0.0,20
9,I,13,I13,86,65,O5,L12,extension_frozen,pair,B11,F23,100,100,200,0.0,236
9,I,14,I14,44,16,G17,D10,extension_frozen,pair,B4,B13,100,100,200,0.0,169
9,I,15,I15,3,7,A7,B16,extension_frozen,pair,D21,J17,100,100,200,0.0,19
9,I,16,I16,75,52,M7,J10,extension_frozen,pair,I12,B13,100,100,200,0.0,75
9,I,17,I17,80,54,M17,J14,extension_frozen,pair,H10,G1,100,100,200,0.0,254
9,I,18,I18,6,32,A13,F18,extension_frozen,pair,J3,N21,100,100,200,0.0,220
9,I,19,I19,53,62,I11,L6,extension_frozen,pair,C8,G24,100,100,200,0.0,137
9,I,20,I20,94,41,O21,H12,extension_frozen,pair,I4,M11,100,100,200,0.0,181
9,I,21,I21,35,61,E23,L4,extension_frozen,pair,M21,B10,100,100,200,0.0,219
9,I,22,I22,82,37,M21,H4,extension_frozen,pair,N3,D17,100,100,200,0.0,102
9,I,23,I23,48,59,I1,J24,extension_frozen,pair,C3,G10,100,100,200,0.0,339
9,J,2,J2,93,8,O19,B18,extension_frozen,pair,M22,G4,100,100,200,0.0,79
9,J,3,J3,45,57,G19,J20,extension_frozen,pair,L1,B11,100,100,200,0.0,202
9,J,4,J4,0,52,A1,J10,extension_frozen,pair,L15,K3,100,100,200,0.0,239
9,J,5,J5,3,77,A7,N12,extension_frozen,pair,E11,P15,100,100,200,0.0,127
9,J,6,J6,51,9,I7,B20,extension_frozen,pair,D23,H4,100,100,200,0.0,181
9,J,7,J7,13,89,C3,P12,extension_frozen,pair,E21,D6,100,100,200,0.0,262
9,J,8,J8,38,23,G5,D24,extension_frozen,pair,P20,I11,100,100,200,0.0,34
9,J,9,J9,42,12,G13,D2,extension_frozen,pair,C8,H11,100,100,200,0.0,257
9,J,10,J10,73,48,M3,J2,extension_frozen,pair,B8,H1,100,100,200,0.0,295
9,J,11,J11,37,60,G3,L2,extension_frozen,pair,C12,M7,100,100,200,0.0,265
9,J,12,J12,77,72,M11,N2,extension_frozen,pair,D8,C21,100,100,200,0.0,70
9,J,13,J13,76,70,M9,L22,extension_frozen,pair,A22,M22,100,100,200,0.0,141
9,J,14,J14,49,35,I3,F24,extension_frozen,pair,D10,P18,100,100,200,0.0,236
9,J,15,J15,38,36,G5,H2,extension_frozen,pair,K5,P22,100,100,200,0.0,264
9,J,16,J16,91,40,O15,H10,extension_frozen,pair,G7,F7,100,100,200,0.0,18
9,J,17,J17,76,42,M9,H14,extension_frozen,pair,K23,A17,100,100,200,0.0,309
9,J,18,J18,60,15,K1,D8,extension_frozen,pair,B4,F9,100,100,200,0.0,181
9,J,19,J19,27,77,E7,N12,extension_frozen,pair,I17,O20,100,100,200,0.0,132
9,J,20,J20,33,30,E19,F14,extension_frozen,pair,N4,I23,100,100,200,0.0,103
9,J,21,J21,61,66,K3,L14,extension_frozen,pair,M2,L10,100,100,200,0.0,98
9,J,22,J22,42,59,G13,J24,extension_frozen,pair,K8,P10,100,100,200,0.0,87
9,J,23,J23,6,16,A13,D10,extension_frozen,pair,K5,J6,100,100,200,0.0,172
9,K,2,K2,88,50,O9,J6,extension_frozen,pair,E4,L24,100,100,200,0.0,91
9,K,3,K3,66,80,K13,N18,extension_frozen,pair,K17,F13,100,100,200,0.0,17
9,K,4,K4,73,55,M3,J16,extension_frozen,pair,I23,I12,100,100,200,0.0,208
9,K,5,K5,33,48,E19,J2,extension_frozen,pair,M24,E5,100,100,200,0.0,265
9,K,6,K6,4,23,A9,D24,extension_frozen,pair,I8,P15,100,100,200,0.0,22
9,K,7,K7,75,3,M7,B8,extension_frozen,pair,H15,B15,100,100,200,0.0,36
9,K,8,K8,5,64,A11,L10,extension_frozen,pair,J21,O24,100,100,200,0.0,292
9,K,9,K9,42,46,G13,H22,extension_frozen,pair,J7,D2,100,100,200,0.0,215
9,K,10,K10,24,90,E1,P14,extension_frozen,pair,A10,C21,100,100,200,0.0,22
9,K,11,K11,7,51,A15,J8,extension_frozen,pair,M10,M16,100,100,200,0.0,109
9,K,12,K12,55,35,I15,F24,extension_frozen,pair,O21,I20,100,100,200,0.0,254
9,K,13,K13,6,60,A13,L2,extension_frozen,pair,E13,L21,100,100,200,0.0,121
9,K,14,K14,76,39,M9,H8,extension_frozen,pair,B3,O19,100,100,200,0.0,181
9,K,15,K15,46,74,G21,N6,extension_frozen,pair,N22,O15,100,100,200,0.0,25
9,K,16,K16,93,15,O19,D8,extension_frozen,pair,G3,A16,100,100,200,0.0,263
9,K,17,K17,77,40,M11,H10,extension_frozen,pair,K18,M18,100,100,200,0.0,34
9,K,18,K18,55,47,I15,H24,extension_frozen,pair,P3,I10,100,100,200,0.0,249
9,K,19,K19,95,72,O23,N2,extension_frozen,pair,G3,G18,100,100,200,0.0,221
9,K,20,K20,36,7,G1,B16,extension_frozen,pair,O1,P8,100,100,200,0.0,193
9,K,21,K21,26,31,E5,F16,extension_frozen,pair,H21,F18,100,100,200,0.0,253
9,K,22,K22,43,2,G15,B6,extension_frozen,pair,G22,K4,100,100,200,0.0,228
9,K,23,K23,41,30,G11,F14,extension_frozen,pair,A16,K14,100,100,200,0.0,266
9,L,2,L2,35,24,E23,F2,extension_frozen,pair,C1,C10,100,100,200,0.0,255
9,L,3,L3,63,5,K7,B12,extension_frozen,pair,K9,M5,100,100,200,0.0,301
9,L,4,L4,0,78,A1,N14,extension_frozen,pair,K24,O24,100,100,200,0.0,581
9,L,5,L5,33,3,E19,B8,extension_frozen,pair,O22,H5,100,100,200,0.0,295
9,L,6,L6,61,71,K3,L24,extension_frozen,pair,K20,H4,100,100,200,0.0,188
9,L,7,L7,77,27,M11,F8,extension_frozen,pair,L23,N8,100,100,200,0.0,365
9,L,8,L8,78,69,M13,L20,extension_frozen,pair,E12,E10,100,100,200,0.0,203
9,L,9,L9,43,68,G15,L18,extension_frozen,pair,P18,N3,100,100,200,0.0,219
9,L,10,L10,58,22,I21,D22,extension_frozen,pair,N1,C18,100,100,200,0.0,36
9,L,11,L11,0,83,A1,N24,extension_frozen,pair,C6,K13,100,100,200,0.0,150
9,L,12,L12,92,20,O17,D18,extension_frozen,pair,O2,H13,100,100,200,0.0,269
9,L,13,L13,29,75,E11,N8,extension_frozen,pair,O24,J12,100,100,200,0.0,215
9,L,14,L14,49,40,I3,H10,extension_frozen,pair,B6,C16,100,100,200,0.0,304
9,L,15,L15,59,93,I23,P20,extension_frozen,pair,D22,I19,100,100,200,0.0,137
9,L,16,L16,92,29,O17,F12,extension_frozen,pair,N24,F4,100,100,200,0.0,313
9,L,17,L17,89,19,O11,D16,extension_frozen,pair,E3,H24,100,100,200,0.0,308
9,L,18,L18,53,66,I11,L14,extension_frozen,pair,M7,K12,100,100,200,0.0,256
9,L,19,L19,76,94,M9,P22,extension_frozen,pair,P6,C19,100,100,200,0.0,205
9,L,20,L20,80,47,M17,H24,extension_frozen,pair,M5,N13,100,100,200,0.0,260
9,L,21,L21,23,24,C23,F2,extension_frozen,pair,L8,E9,100,100,200,0.0,130
9,L,22,L22,70,36,K21,H2,extension_frozen,pair,K1,P20,100,100,200,0.0,93
9,L,23,L23,62,39,K5,H8,extension_frozen,pair,D18,E24,100,100,200,0.0,297
9,M,2,M2,23,40,C23,H10,extension_frozen,pair,E22,O21,100,100,200,0.0,36
9,M,3,M3,64,4,K9,B10,extension_frozen,pair,K8,B6,100,100,200,0.0,236
9,M,4,M4,54,69,I13,L20,extension_frozen,pair,O9,A6,100,100,200,0.0,206
9,M,5,M5,36,44,G1,H18,extension_frozen,pair,H12,F10,100,100,200,0.0,329
9,M,6,M6,5,29,A11,F12,extension_frozen,pair,D7,L13,100,100,200,0.0,344
9,M,7,M7,19,83,C15,N24,extension_frozen,pair,I19,I20,100,100,200,0.0,184
9,M,8,M8,27,37,E7,H4,extension_frozen,pair,D20,D22,100,100,200,0.0,338
9,M,9,M9,35,87,E23,P8,extension_frozen,pair,K17,I1,100,100,200,0.0,92
9,M,10,M10,1,31,A3,F16,extension_frozen,pair,I16,A2,100,100,200,0.0,156
9,M,11,M11,86,0,O5,B2,extension_frozen,pair,I20,N11,100,100,200,0.0,606
9,M,12,M12,48,4,I1,B10,extension_frozen,pair,A18,J11,100,100,200,0.0,129
9,M,13,M13,95,57,O23,J20,extension_frozen,pair,N11,J2,100,100,200,0.0,202
9,M,14,M14,57,27,I19,F8,extension_frozen,pair,L16,A12,100,100,200,0.0,245
9,M,15,M15,76,60,M9,L2,extension_frozen,pair,E8,D10,100,100,200,0.0,256
9,M,16,M16,40,16,G9,D10,extension_frozen,pair,P6,G19,100,100,200,0.0,264
9,M,17,M17,92,70,O17,L22,extension_frozen,pair,I22,A22,100,100,200,0.0,245
9,M,18,M18,37,9,G3,B20,extension_frozen,pair,E9,C13,100,100,200,0.0,222
9,M,19,M19,66,84,K13,P2,extension_frozen,pair,H13,E7,100,100,200,0.0,15
9,M,20,M20,83,14,M23,D6,extension_frozen,pair,C7,B5,100,100,200,0.0,40
9,M,21,M21,83,24,M23,F2,extension_frozen,pair,D22,D15,100,100,200,0.0,301
9,M,22,M22,55,65,I15,L12,extension_frozen,pair,A13,A19,100,100,200,0.0,54
9,M,23,M23,62,93,K5,P20,extension_frozen,pair,K11,O13,100,100,200,0.0,118
9,N,2,N2,73,92,M3,P18,extension_frozen,pair,C16,K20,100,100,200,0.0,305
9,N,3,N3,24,54,E1,J14,extension_frozen,pair,P15,I10,100,100,200,0.0,198
9,N,4,N4,75,27,M7,F8,extension_frozen,pair,G15,E6,100,100,200,0.0,234
9,N,5,N5,25,20,E3,D18,extension_frozen,pair,K12,F11,100,100,200,0.0,320
9,N,6,N6,39,63,G7,L8,extension_frozen,pair,J14,P17,100,100,200,0.0,25
9,N,7,N7,37,71,G3,L24,extension_frozen,pair,J22,O5,100,100,200,0.0,144
9,N,8,N8,13,75,C3,N8,extension_frozen,pair,P2,C24,100,100,200,0.0,138
9,N,9,N9,23,88,C23,P10,extension_frozen,pair,E4,O19,100,100,200,0.0,118
9,N,10,N10,51,59,I7,J24,extension_frozen,pair,F17,H23,100,100,200,0.0,184
9,N,11,N11,27,38,E7,H6,extension_frozen,pair,J8,M4,100,100,200,0.0,346
9,N,12,N12,14,11,C5,B24,extension_frozen,pair,M20,M21,100,100,200,0.0,185
9,N,13,N13,32,50,E17,J6,extension_frozen,pair,C12,N8,100,100,200,0.0,368
9,N,14,N14,59,31,I23,F16,extension_frozen,pair,A1,D3,100,100,200,0.0,41
9,N,15,N15,73,85,M3,P4,extension_frozen,pair,G2,L1,100,100,200,0.0,202
9,N,16,N16,76,20,M9,D18,extension_frozen,pair,I23,A19,100,100,200,0.0,244
9,N,17,N17,79,47,M15,H24,extension_frozen,pair,I2,H16,100,100,200,0.0,78
9,N,18,N18,82,38,M21,H6,extension_frozen,pair,N6,F8,100,100,200,0.0,29
9,N,19,N19,32,77,E17,N12,extension_frozen,pair,B1,L5,100,100,200,0.0,185
9,N,20,N20,33,68,E19,L18,extension_frozen,pair,E15,A13,100,100,200,0.0,142
9,N,21,N21,27,91,E7,P16,extension_frozen,pair,C12,C5,100,100,200,0.0,17
9,N,22,N22,67,71,K15,L24,extension_frozen,pair,N11,A2,100,100,200,0.0,60
9,N,23,N23,72,22,M1,D22,extension_frozen,pair,F3,O13,100,100,200,0.0,35
9,O,2,O2,27,74,E7,N6,extension_frozen,pair,G14,H6,100,100,200,0.0,222
9,O,3,O3,4,35,A9,F24,extension_frozen,pair,I24,F17,100,100,200,0.0,166
9,O,4,O4,23,22,C23,D22,extension_frozen,pair,J8,H22,100,100,200,0.0,227
9,O,5,O5,80,28,M17,F10,extension_frozen,pair,A12,D8,100,100,200,0.0,193
9,O,6,O6,35,3,E23,B8,extension_frozen,pair,C12,N22,100,100,200,0.0,50
9,O,7,O7,21,16,C19,D10,extension_frozen,pair,B8,J24,100,100,200,0.0,340
9,O,8,O8,33,64,E19,L10,extension_frozen,pair,G21,L7,100,100,200,0.0,161
9,O,9,O9,67,10,K15,B22,extension_frozen,pair,A6,H9,100,100,200,0.0,180
9,O,10,O10,26,53,E5,J12,extension_frozen,pair,F12,B21,100,100,200,0.0,261
9,O,11,O11,35,32,E23,F18,extension_frozen,pair,G23,J12,100,100,200,0.0,177
9,O,12,O12,33,95,E19,P24,extension_frozen,pair,F24,M14,100,100,200,0.0,103
9,O,13,O13,50,11,I5,B24,extension_frozen,pair,G5,I23,100,100,200,0.0,50
9,O,14,O14,33,83,E19,N24,extension_frozen,pair,P15,L3,100,100,200,0.0,271
9,O,15,O15,54,75,I13,N8,extension_frozen,pair,G4,F16,100,100,200,0.0,154
9,O,16,O16,82,11,M21,B24,extension_frozen,pair,J5,E17,100,100,200,0.0,174
9,O,17,O17,86,42,O5,H14,extension_frozen,pair,J18,O13,100,100,200,0.0,41
9,O,18,O18,24,57,E1,J20,extension_frozen,pair,B15,G6,100,100,200,0.0,196
9,O,19,O19,50,64,I5,L10,extension_frozen,pair,B21,O22,100,100,200,0.0,243
9,O,20,O20,83,49,M23,J4,extension_frozen,pair,M23,N17,100,100,200,0.0,132
9,O,21,O21,19,44,C15,H18,extension_frozen,pair,E14,J10,100,100,200,0.0,235
9,O,22,O22,70,29,K21,F12,extension_frozen,pair,P12,H13,100,100,200,0.0,351
9,O,23,O23,94,62,O21,L6,extension_frozen,pair,M23,C13,100,100,200,0.0,219
10,B,2,B2,74,51,M5,J8,extension_frozen,pair,J13,O5,100,100,200,0.0,28
10,B,3,B3,20,67,C17,L16,extension_frozen,pair,H23,M13,100,100,200,0.0,21
10,B,4,B4,32,20,E17,D18,extension_frozen,pair,B16,F21,100,100,200,0.0,16
10,B,5,B5,41,61,G11,L4,extension_frozen,pair,E9,J14,100,100,200,0.0,35
10,B,6,B6,36,77,G1,N12,extension_frozen,pair,A7,G16,100,100,200,0.0,300
10,B,7,B7,34,30,E21,F14,extension_frozen,pair,D19,K20,100,100,200,0.0,67
10,B,8,B8,83,66,M23,L14,extension_frozen,pair,J15,C22,100,100,200,0.0,20
10,B,9,B9,37,23,G3,D24,extension_frozen,pair,M11,A5,100,100,200,0.0,21
10,B,10,B10,37,56,G3,J18,extension_frozen,pair,L17,L6,100,100,200,0.0,31
10,B,11,B11,4,65,A9,L12,extension_frozen,pair,P19,E12,100,100,200,0.0,230
10,B,12,B12,8,65,A17,L12,extension_frozen,pair,H21,C17,100,100,200,0.0,21
10,B,13,B13,32,35,E17,F24,extension_frozen,pair,E3,A19,100,100,200,0.0,215
10,B,14,B14,49,66,I3,L14,extension_frozen,pair,C1,C5,100,100,200,0.0,257
10,B,15,B15,2,33,A5,F20,extension_frozen,pair,N17,O9,100,100,200,0.0,26
10,B,16,B16,83,2,M23,B6,extension_frozen,pair,A16,I15,100,100,200,0.0,262
10,B,17,B17,66,69,K13,L20,extension_frozen,pair,M19,P19,100,100,200,0.0,148
10,B,18,B18,92,23,O17,D24,extension_frozen,pair,N21,F18,100,100,200,0.0,301
10,B,19,B19,13,73,C3,N4,extension_frozen,pair,C23,A10,100,100,200,0.0,23
10,B,20,B20,77,1,M11,B4,extension_frozen,pair,O11,H2,100,100,200,0.0,220
10,B,21,B21,55,51,I15,J8,extension_frozen,pair,G16,F15,100,100,200,0.0,306
10,B,22,B22,42,63,G13,L8,extension_frozen,pair,G24,D3,100,100,200,0.0,134
10,B,23,B23,40,85,G9,P4,extension_frozen,pair,G17,K14,100,100,200,0.0,156
10,C,2,C2,70,10,K21,B22,extension_frozen,pair,L3,A1,100,100,200,0.0,130
10,C,3,C3,90,72,O13,N2,extension_frozen,pair,E12,H19,100,100,200,0.0,203
10,C,4,C4,26,91,E5,P16,extension_frozen,pair,I7,J7,100,100,200,0.0,69
10,C,5,C5,61,5,K3,B12,extension_frozen,pair,E12,L1,100,100,200,0.0,282
10,C,6,C6,94,23,O21,D24,extension_frozen,pair,K5,D19,100,100,200,0.0,126
10,C,7,C7,82,56,M21,J18,extension_frozen,pair,K17,H1,100,100,200,0.0,238
10,C,8,C8,39,48,G7,J2,extension_frozen,pair,O8,E24,100,100,200,0.0,40
10,C,9,C9,19,38,C15,H6,extension_frozen,pair,P10,D13,100,100,200,0.0,264
10,C,10,C10,33,43,E19,H16,extension_frozen,pair,P1,C20,100,100,200,0.0,29
10,C,11,C11,70,39,K21,H8,extension_frozen,pair,L2,D9,100,100,200,0.0,220
10,C,12,C12,8,69,A17,L20,extension_frozen,pair,J22,D12,100,100,200,0.0,110
10,C,13,C13,7,4,A15,B10,extension_frozen,pair,B10,M20,100,100,200,0.0,318
10,C,14,C14,46,75,G21,N8,extension_frozen,pair,K8,K1,100,100,200,0.0,135
10,C,15,C15,10,72,A21,N2,extension_frozen,pair,D23,K5,100,100,200,0.0,252
10,C,16,C16,24,59,E1,J24,extension_frozen,pair,A5,D16,100,100,200,0.0,253
10,C,17,C17,66,79,K13,N16,extension_frozen,pair,O22,L17,100,100,200,0.0,185
10,C,18,C18,51,76,I7,N10,extension_frozen,pair,D18,K3,100,100,200,0.0,286
10,C,19,C19,30,80,E13,N18,extension_frozen,pair,F12,P22,100,100,200,0.0,200
10,C,20,C20,57,1,I19,B4,extension_frozen,pair,J14,O20,100,100,200,0.0,26
10,C,21,C21,23,44,C23,H18,extension_frozen,pair,M12,B23,100,100,200,0.0,34
10,C,22,C22,70,57,K21,J20,extension_frozen,pair,M22,N18,100,100,200,0.0,171
10,C,23,C23,78,9,M13,B20,extension_frozen,pair,B15,B18,100,100,200,0.0,175
10,D,2,D2,41,39,G11,H8,extension_frozen,pair,P3,B7,100,100,200,0.0,38
10,D,3,D3,34,22,E21,D22,extension_frozen,pair,K3,M12,100,100,200,0.0,149
10,D,4,D4,81,26,M19,F6,extension_frozen,pair,O9,B14,100,100,200,0.0,188
10,D,5,D5,34,81,E21,N20,extension_frozen,pair,I4,A1,100,100,200,0.0,117
10,D,6,D6,49,51,I3,J8,extension_frozen,pair,C21,C8,100,100,200,0.0,22
10,D,7,D7,72,65,M1,L12,extension_frozen,pair,H3,M8,100,100,200,0.0,81
10,D,8,D8,75,45,M7,H20,extension_frozen,pair,K9,P17,100,100,200,0.0,29
10,D,9,D9,39,80,G7,N18,extension_frozen,pair,N22,L11,100,100,200,0.0,54
10,D,10,D10,51,44,I7,H18,extension_frozen,pair,F1,N23,100,100,200,0.0,189
10,D,11,D11,71,36,K23,H2,extension_frozen,pair,L21,P20,100,100,200,0.0,56
10,D,12,D12,39,32,G7,F18,extension_frozen,pair,O10,P10,100,100,200,0.0,273
10,D,13,D13,42,94,G13,P22,extension_frozen,pair,O8,J11,100,100,200,0.0,186
10,D,14,D14,41,68,G11,L18,extension_frozen,pair,C11,K7,100,100,200,0.0,47
10,D,15,D15,59,74,I23,N6,extension_frozen,pair,K24,B20,100,100,200,0.0,592
10,D,16,D16,12,83,C1,N24,extension_frozen,pair,J5,M20,100,100,200,0.0,149
10,D,17,D17,1,68,A3,L18,extension_frozen,pair,L15,J14,100,100,200,0.0,57
10,D,18,D18,33,46,E19,H22,extension_frozen,pair,P3,I6,100,100,200,0.0,265
10,D,19,D19,14,42,C5,H14,extension_frozen,pair,N8,A13,100,100,200,0.0,265
10,D,20,D20,70,90,K21,P14,extension_frozen,pair,E19,J11,100,100,200,0.0,202
10,D,21,D21,58,42,I21,H14,extension_frozen,pair,C23,A21,100,100,200,0.0,32
10,D,22,D22,36,13,G1,D4,extension_frozen,pair,M24,N10,100,100,200,0.0,365
10,D,23,D23,69,46,K19,H22,extension_frozen,pair,L8,G23,100,100,200,0.0,156
10,E,2,E2,87,0,O7,B2,extension_frozen,pair,K11,E8,100,100,200,0.0,172
10,E,3,E3,11,58,A23,J22,extension_frozen,pair,F17,G21,100,100,200,0.0,228
10,E,4,E4,79,32,M15,F18,extension_frozen,pair,M5,O15,100,100,200,0.0,185
10,E,5,E5,62,71,K5,L24,extension_frozen,pair,A20,N10,100,100,200,0.0,248
10,E,6,E6,77,49,M11,J4,extension_frozen,pair,D18,J24,100,100,200,0.0,335
10,E,7,E7,54,77,I13,N12,extension_frozen,pair,F12,J16,100,100,200,0.0,140
10,E,8,E8,10,56,A21,J18,extension_frozen,pair,F1,H14,100,100,200,0.0,303
10,E,9,E9,81,12,M19,D2,extension_frozen,pair,B17,C12,100,100,200,0.0,227
10,E,10,E10,69,84,K19,P2,extension_frozen,pair,L5,B3,100,100,200,0.0,296
10,E,11,E11,30,51,E13,J8,extension_frozen,pair,G17,H3,100,100,200,0.0,201
10,E,12,E12,68,18,K17,D14,extension_frozen,pair,B10,D16,100,100,200,0.0,332
10,E,13,E13,81,29,M19,F12,extension_frozen,pair,P10,I21,100,100,200,0.0,467
10,E,14,E14,41,51,G11,J8,extension_frozen,pair,P23,K11,100,100,200,0.0,123
10,E,15,E15,31,82,E15,N22,extension_frozen,pair,E24,F11,100,100,200,0.0,36
10,E,16,E16,2,38,A5,H6,extension_frozen,pair,F6,M2,100,100,200,0.0,100
10,E,17,E17,16,66,C9,L14,extension_frozen,pair,C16,J11,100,100,200,0.0,286
10,E,18,E18,38,37,G5,H4,extension_frozen,pair,D8,B11,100,100,200,0.0,189
10,E,19,E19,50,82,I5,N22,extension_frozen,pair,J5,K6,100,100,200,0.0,79
10,E,20,E20,54,94,I13,P22,extension_frozen,pair,L4,F18,100,100,200,0.0,253
10,E,21,E21,29,20,E11,D18,extension_frozen,pair,P6,M13,100,100,200,0.0,128
10,E,22,E22,22,19,C21,D16,extension_frozen,pair,N19,F15,100,100,200,0.0,22
10,E,23,E23,29,79,E11,N16,extension_frozen,pair,O11,D10,100,100,200,0.0,240
10,F,2,F2,17,46,C11,H22,extension_frozen,pair,H5,O3,100,100,200,0.0,300
10,F,3,F3,72,31,M1,F16,extension_frozen,pair,I21,H17,100,100,200,0.0,308
10,F,4,F4,28,13,E9,D4,extension_frozen,pair,F6,G22,100,100,200,0.0,169
10,F,5,F5,0,27,A1,F8,extension_frozen,pair,B8,E9,100,100,200,0.0,35
10,F,6,F6,22,42,C21,H14,extension_frozen,pair,P3,D7,100,100,200,0.0,334
10,F,7,F7,67,50,K15,J6,extension_frozen,pair,A2,E22,100,100,200,0.0,59
10,F,8,F8,66,64,K13,L10,extension_frozen,pair,O11,C16,100,100,200,0.0,261
10,F,9,F9,69,39,K19,H8,extension_frozen,pair,B19,K14,100,100,200,0.0,266
10,F,10,F10,92,87,O17,P8,extension_frozen,pair,O12,B14,100,100,200,0.0,306
10,F,11,F11,46,69,G21,L20,extension_frozen,pair,J10,L9,100,100,200,0.0,185
10,F,12,F12,22,17,C21,D12,extension_frozen,pair,K21,A24,100,100,200,0.0,21
10,F,13,F13,42,11,G13,B24,extension_frozen,pair,K14,K23,100,100,200,0.0,295
10,F,14,F14,93,89,O19,P12,extension_frozen,pair,G11,H21,100,100,200,0.0,261
10,F,15,F15,59,29,I23,F12,extension_frozen,pair,I24,M22,100,100,200,0.0,134
10,F,16,F16,29,4,E11,B10,extension_frozen,pair,I24,D9,100,100,200,0.0,255
10,F,17,F17,38,3,G5,B8,extension_frozen,pair,A1,L19,100,100,200,0.0,39
10,F,18,F18,41,15,G11,D8,extension_frozen,pair,A17,F18,100,100,200,0.0,309
10,F,19,F19,23,42,C23,H14,extension_frozen,pair,I3,C19,100,100,200,0.0,171
10,F,20,F20,87,5,O7,B12,extension_frozen,pair,I6,K23,100,100,200,0.0,293
10,F,21,F21,27,73,E7,N4,extension_frozen,pair,I22,P8,100,100,200,0.0,341
10,F,22,F22,61,88,K3,P10,extension_frozen,pair,H23,K5,100,100,200,0.0,224
10,F,23,F23,12,38,C1,H6,extension_frozen,pair,B20,C6,100,100,200,0.0,301
10,G,2,G2,79,42,M15,H14,extension_frozen,pair,P15,O13,100,100,200,0.0,50
10,G,3,G3,16,62,C9,L6,extension_frozen,pair,P1,J10,100,100,200,0.0,25
10,G,4,G4,13,84,C3,P2,extension_frozen,pair,J10,P10,100,100,200,0.0,238
10,G,5,G5,45,75,G19,N8,extension_frozen,pair,L17,D19,100,100,200,0.0,23
10,G,6,G6,51,62,I7,L6,extension_frozen,pair,F3,F6,100,100,200,0.0,242
10,G,7,G7,51,29,I7,F12,extension_frozen,pair,L21,B3,100,100,200,0.0,18
10,G,8,G8,53,88,I11,P10,extension_frozen,pair,E9,B1,100,100,200,0.0,306
10,G,9,G9,56,71,I17,L24,extension_frozen,pair,I19,N4,100,100,200,0.0,276
10,G,10,G10,60,22,K1,D22,extension_frozen,pair,N1,O9,100,100,200,0.0,43
10,G,11,G11,83,95,M23,P24,extension_frozen,pair,L11,O9,100,100,200,0.0,49
10,G,12,G12,68,20,K17,D18,extension_frozen,pair,N13,F9,100,100,200,0.0,213
10,G,13,G13,54,50,I13,J6,extension_frozen,pair,M8,M14,100,100,200,0.0,89
10,G,14,G14,85,61,O3,L4,extension_frozen,pair,G13,I7,100,100,200,0.0,29
10,G,15,G15,6,80,A13,N18,extension_frozen,pair,C7,D18,100,100,200,0.0,303
10,G,16,G16,90,89,O13,P12,extension_frozen,pair,L18,I4,100,100,200,0.0,261
10,G,17,G17,44,78,G17,N14,extension_frozen,pair,C19,M21,100,100,200,0.0,185
10,G,18,G18,58,43,I21,H16,extension_frozen,pair,E18,O2,100,100,200,0.0,268
10,G,19,G19,9,70,A19,L22,extension_frozen,pair,P3,B21,100,100,200,0.0,191
10,G,20,G20,31,33,E15,F20,extension_frozen,pair,I8,M9,100,100,200,0.0,189
10,G,21,G21,75,50,M7,J6,extension_frozen,pair,N11,B4,100,100,200,0.0,23
10,G,22,G22,72,59,M1,J24,extension_frozen,pair,K10,G16,100,100,200,0.0,343
10,G,23,G23,69,7,K19,B16,extension_frozen,pair,O4,G13,100,100,200,0.0,248
10,H,2,H2,45,22,G19,D22,extension_frozen,pair,C7,A2,100,100,200,0.0,131
10,H,3,H3,42,14,G13,D6,extension_frozen,pair,M1,L10,100,100,200,0.0,142
10,H,4,H4,73,5,M3,B12,extension_frozen,pair,B15,K8,100,100,200,0.0,244
10,H,5,H5,65,5,K11,B12,extension_frozen,pair,D11,G23,100,100,200,0.0,190
10,H,6,H6,40,46,G9,H22,extension_frozen,pair,N9,N18,100,100,200,0.0,286
10,H,7,H7,0,30,A1,F14,extension_frozen,pair,J15,L16,100,100,200,0.0,164
10,H,8,H8,83,64,M23,L10,extension_frozen,pair,L5,L23,100,100,200,0.0,236
10,H,9,H9,31,6,E15,B14,extension_frozen,pair,K18,G3,100,100,200,0.0,17
10,H,10,H10,3,62,A7,L6,extension_frozen,pair,K12,H19,100,100,200,0.0,350
10,H,11,H11,91,42,O15,H14,extension_frozen,pair,E6,I1,100,100,200,0.0,177
10,H,12,H12,15,41,C7,H12,extension_frozen,pair,I5,P7,100,100,200,0.0,283
10,H,13,H13,12,44,C1,H18,extension_frozen,pair,J18,D12,100,100,200,0.0,42
10,H,14,H14,28,66,E9,L14,extension_frozen,pair,D22,G6,100,100,200,0.0,139
10,H,15,H15,89,55,O11,J16,extension_frozen,pair,H3,P5,100,100,200,0.0,203
10,H,16,H16,83,74,M23,N6,extension_frozen,pair,K7,O19,100,100,200,0.0,61
10,H,17,H17,91,24,O15,F2,extension_frozen,pair,I10,G5,100,100,200,0.0,291
10,H,18,H18,14,5,C5,B12,extension_frozen,pair,M3,H13,100,100,200,0.0,119
10,H,19,H19,69,5,K19,B12,extension_frozen,pair,A7,J23,100,100,200,0.0,173
10,H,20,H20,79,39,M15,H8,extension_frozen,pair,F23,F4,100,100,200,0.0,270
10,H,21,H21,12,95,C1,P24,extension_frozen,pair,F10,M6,100,100,200,0.0,364
10,H,22,H22,79,8,M15,B18,extension_frozen,pair,F19,M7,100,100,200,0.0,273
10,H,23,H23,81,55,M19,J16,extension_frozen,pair,K13,K17,100,100,200,0.0,303
10,I,2,I2,34,6,E21,B14,extension_frozen,pair,E16,I11,100,100,200,0.0,278
10,I,3,I3,77,74,M11,N6,extension_frozen,pair,K4,A1,100,100,200,0.0,160
10,I,4,I4,52,10,I9,B22,extension_frozen,pair,P3,K15,100,100,200,0.0,16
10,I,5,I5,34,3,E21,B8,extension_frozen,pair,K12,I8,100,100,200,0.0,346
10,I,6,I6,33,37,E19,H4,extension_frozen,pair,H18,N18,100,100,200,0.0,17
10,I,7,I7,31,4,E15,B10,extension_frozen,pair,H16,K3,100,100,200,0.0,24
10,I,8,I8,47,82,G23,N22,extension_frozen,pair,C17,C3,100,100,200,0.0,217
10,I,9,I9,79,34,M15,F22,extension_frozen,pair,G22,K3,100,100,200,0.0,187
10,I,10,I10,95,17,O23,D12,extension_frozen,pair,N3,L2,100,100,200,0.0,70
10,I,11,I11,3,22,A7,D22,extension_frozen,pair,A3,E12,100,100,200,0.0,189
10,I,12,I12,46,43,G21,H16,extension_frozen,pair,J23,D9,100,100,200,0.0,257
10,I,13,I13,9,95,A19,P24,extension_frozen,pair,J23,A23,100,100,200,0.0,222
10,I,14,I14,50,85,I5,P4,extension_frozen,pair,A9,C4,100,100,200,0.0,34
10,I,15,I15,41,12,G11,D2,extension_frozen,pair,G23,F9,100,100,200,0.0,190
10,I,16,I16,25,3,E3,B8,extension_frozen,pair,J12,B16,100,100,200,0.0,201
10,I,17,I17,19,40,C15,H10,extension_frozen,pair,L9,I5,100,100,200,0.0,23
10,I,18,I18,49,68,I3,L18,extension_frozen,pair,N8,H9,100,100,200,0.0,372
10,I,19,I19,32,26,E17,F6,extension_frozen,pair,M8,O23,100,100,200,0.0,40
10,I,20,I20,16,84,C9,P2,extension_frozen,pair,B9,G23,100,100,200,0.0,185
10,I,21,I21,76,28,M9,F10,extension_frozen,pair,F23,N8,100,100,200,0.0,343
10,I,22,I22,94,88,O21,P10,extension_frozen,pair,G21,K12,100,100,200,0.0,270
10,I,23,I23,84,3,O1,B8,extension_frozen,pair,J15,O13,100,100,200,0.0,89
10,J,2,J2,38,64,G5,L10,extension_frozen,pair,L22,P24,100,100,200,0.0,305
10,J,3,J3,64,73,K9,N4,extension_frozen,pair,C4,D2,100,100,200,0.0,235
10,J,4,J4,47,84,G23,P2,extension_frozen,pair,K3,A10,100,100,200,0.0,252
10,J,5,J5,13,55,C3,J16,extension_frozen,pair,D13,P11,100,100,200,0.0,15
10,J,6,J6,23,78,C23,N14,extension_frozen,pair,B2,N9,100,100,200,0.0,267
10,J,7,J7,52,76,I9,N10,extension_frozen,pair,I22,C15,100,100,200,0.0,234
10,J,8,J8,62,94,K5,P22,extension_frozen,pair,M5,N22,100,100,200,0.0,305
10,J,9,J9,75,29,M7,F12,extension_frozen,pair,K11,H9,100,100,200,0.0,180
10,J,10,J10,77,33,M11,F20,extension_frozen,pair,F15,F24,100,100,200,0.0,133
10,J,11,J11,54,90,I13,P14,extension_frozen,pair,M3,N18,100,100,200,0.0,130
10,J,12,J12,27,63,E7,L8,extension_frozen,pair,G6,H5,100,100,200,0.0,189
10,J,13,J13,45,72,G19,N2,extension_frozen,pair,C22,I7,100,100,200,0.0,305
10,J,14,J14,80,93,M17,P20,extension_frozen,pair,H21,B7,100,100,200,0.0,260
10,J,15,J15,11,86,A23,P6,extension_frozen,pair,G20,K6,100,100,200,0.0,246
10,J,16,J16,93,10,O19,B22,extension_frozen,pair,K22,G11,100,100,200,0.0,302
10,J,17,J17,20,65,C17,L12,extension_frozen,pair,I3,H1,100,100,200,0.0,131
10,J,18,J18,26,45,E5,H20,extension_frozen,pair,D11,G16,100,100,200,0.0,308
10,J,19,J19,40,7,G9,B16,extension_frozen,pair,E22,K24,100,100,200,0.0,592
10,J,20,J20,87,70,O7,L22,extension_frozen,pair,A15,J19,100,100,200,0.0,229
10,J,21,J21,74,56,M5,J18,extension_frozen,pair,A24,B1,100,100,200,0.0,261
10,J,22,J22,79,7,M15,B16,extension_frozen,pair,M3,I1,100,100,200,0.0,109
10,J,23,J23,15,65,C7,L12,extension_frozen,pair,D18,B14,100,100,200,0.0,307
10,K,2,K2,23,59,C23,J24,extension_frozen,pair,H19,L8,100,100,200,0.0,192
10,K,3,K3,64,82,K9,N22,extension_frozen,pair,L24,C17,100,100,200,0.0,259
10,K,4,K4,64,38,K9,H6,extension_frozen,pair,P11,I17,100,100,200,0.0,179
10,K,5,K5,50,94,I5,P22,extension_frozen,pair,F18,E14,100,100,200,0.0,291
10,K,6,K6,33,74,E19,N6,extension_frozen,pair,K20,N17,100,100,200,0.0,173
10,K,7,K7,13,43,C3,H16,extension_frozen,pair,F20,I3,100,100,200,0.0,273
10,K,8,K8,17,39,C11,H8,extension_frozen,pair,P17,A11,100,100,200,0.0,281
10,K,9,K9,85,92,O3,P18,extension_frozen,pair,G11,M2,100,100,200,0.0,120
10,K,10,K10,36,27,G1,F8,extension_frozen,pair,D20,M18,100,100,200,0.0,372
10,K,11,K11,41,76,G11,N10,extension_frozen,pair,G5,D14,100,100,200,0.0,183
10,K,12,K12,85,90,O3,P14,extension_frozen,pair,C17,G23,100,100,200,0.0,147
10,K,13,K13,90,65,O13,L12,extension_frozen,pair,N6,J2,100,100,200,0.0,150
10,K,14,K14,23,10,C23,B22,extension_frozen,pair,G1,G19,100,100,200,0.0,233
10,K,15,K15,25,48,E3,J2,extension_frozen,pair,G22,D16,100,100,200,0.0,296
10,K,16,K16,91,51,O15,J8,extension_frozen,pair,D8,N20,100,100,200,0.0,254
10,K,17,K17,61,84,K3,P2,extension_frozen,pair,C7,O4,100,100,200,0.0,305
10,K,18,K18,76,83,M9,N24,extension_frozen,pair,G15,I20,100,100,200,0.0,248
10,K,19,K19,80,16,M17,D10,extension_frozen,pair,J19,F9,100,100,200,0.0,22
10,K,20,K20,8,56,A17,J18,extension_frozen,pair,K11,G9,100,100,200,0.0,139
10,K,21,K21,31,3,E15,B8,extension_frozen,pair,E18,H13,100,100,200,0.0,15
10,K,22,K22,77,45,M11,H20,extension_frozen,pair,C7,E19,100,100,200,0.0,178
10,K,23,K23,17,84,C11,P2,extension_frozen,pair,D4,P23,100,100,200,0.0,243
10,L,2,L2,92,46,O17,H22,extension_frozen,pair,C4,K11,100,100,200,0.0,235
10,L,3,L3,67,83,K15,N24,extension_frozen,pair,P24,L17,100,100,200,0.0,51
10,L,4,L4,86,70,O5,L22,extension_frozen,pair,I2,C23,100,100,200,0.0,23
10,L,5,L5,18,64,C13,L10,extension_frozen,pair,G4,E11,100,100,200,0.0,122
10,L,6,L6,61,31,K3,F16,extension_frozen,pair,B23,F8,100,100,200,0.0,46
10,L,7,L7,14,73,C5,N4,extension_frozen,pair,P15,N13,100,100,200,0.0,99
10,L,8,L8,78,36,M13,H2,extension_frozen,pair,G6,G13,100,100,200,0.0,106
10,L,9,L9,9,38,A19,H6,extension_frozen,pair,D20,E19,100,100,200,0.0,302
10,L,10,L10,37,83,G3,N24,extension_frozen,pair,K15,I14,100,100,200,0.0,115
10,L,11,L11,75,8,M7,B18,extension_frozen,pair,P16,I19,100,100,200,0.0,255
10,L,12,L12,87,88,O7,P10,extension_frozen,pair,K15,M24,100,100,200,0.0,18
10,L,13,L13,34,46,E21,H22,extension_frozen,pair,N4,L17,100,100,200,0.0,245
10,L,14,L14,36,31,G1,F16,extension_frozen,pair,K22,D1,100,100,200,0.0,262
10,L,15,L15,56,77,I17,N12,extension_frozen,pair,E23,O3,100,100,200,0.0,187
10,L,16,L16,90,36,O13,H2,extension_frozen,pair,H18,M4,100,100,200,0.0,280
10,L,17,L17,68,34,K17,F22,extension_frozen,pair,B5,D17,100,100,200,0.0,28
10,L,18,L18,5,74,A11,N6,extension_frozen,pair,O7,G3,100,100,200,0.0,120
10,L,19,L19,59,48,I23,J2,extension_frozen,pair,G4,I15,100,100,200,0.0,263
10,L,20,L20,32,59,E17,J24,extension_frozen,pair,H12,N23,100,100,200,0.0,266
10,L,21,L21,27,93,E7,P20,extension_frozen,pair,G18,H23,100,100,200,0.0,257
10,L,22,L22,34,5,E21,B12,extension_frozen,pair,I5,B13,100,100,200,0.0,284
10,L,23,L23,19,2,C15,B6,extension_frozen,pair,O7,M15,100,100,200,0.0,197
10,M,2,M2,58,48,I21,J2,extension_frozen,pair,K5,J18,100,100,200,0.0,301
10,M,3,M3,63,24,K7,F2,extension_frozen,pair,M19,M13,100,100,200,0.0,64
10,M,4,M4,91,82,O15,N22,extension_frozen,pair,I21,M20,100,100,200,0.0,293
10,M,5,M5,25,92,E3,P18,extension_frozen,pair,P8,D17,100,100,200,0.0,180
10,M,6,M6,69,63,K19,L8,extension_frozen,pair,D6,A12,100,100,200,0.0,177
10,M,7,M7,72,88,M1,P10,extension_frozen,pair,H24,A18,100,100,200,0.0,261
10,M,8,M8,49,79,I3,N16,extension_frozen,pair,N13,J10,100,100,200,0.0,22
10,M,9,M9,11,77,A23,N12,extension_frozen,pair,M13,B7,100,100,200,0.0,18
10,M,10,M10,70,45,K21,H20,extension_frozen,pair,D1,K15,100,100,200,0.0,263
10,M,11,M11,56,38,I17,H6,extension_frozen,pair,J8,O21,100,100,200,0.0,182
10,M,12,M12,94,31,O21,F16,extension_frozen,pair,K7,B12,100,100,200,0.0,165
10,M,13,M13,16,76,C9,N10,extension_frozen,pair,E24,E6,100,100,200,0.0,228
10,M,14,M14,92,2,O17,B6,extension_frozen,pair,P5,D4,100,100,200,0.0,181
10,M,15,M15,37,75,G3,N8,extension_frozen,pair,J20,D7,100,100,200,0.0,337
10,M,16,M16,45,93,G19,P20,extension_frozen,pair,A10,G24,100,100,200,0.0,195
10,M,17,M17,0,60,A1,L2,extension_frozen,pair,G21,I17,100,100,200,0.0,189
10,M,18,M18,60,50,K1,J6,extension_frozen,pair,O17,I11,100,100,200,0.0,19
10,M,19,M19,8,43,A17,H16,extension_frozen,pair,K13,J11,100,100,200,0.0,258
10,M,20,M20,90,87,O13,P8,extension_frozen,pair,N20,E15,100,100,200,0.0,255
10,M,21,M21,90,38,O13,H6,extension_frozen,pair,A10,J15,100,100,200,0.0,319
10,M,22,M22,2,24,A5,F2,extension_frozen,pair,I9,M2,100,100,200,0.0,33
10,M,23,M23,41,0,G11,B2,extension_frozen,pair,O23,B16,100,100,200,0.0,134
10,N,2,N2,79,27,M15,F8,extension_frozen,pair,H5,J7,100,100,200,0.0,271
10,N,3,N3,43,94,G15,P22,extension_frozen,pair,P13,N8,100,100,200,0.0,370
10,N,4,N4,84,86,O1,P6,extension_frozen,pair,G11,P10,100,100,200,0.0,297
10,N,5,N5,38,60,G5,L2,extension_frozen,pair,F7,E18,100,100,200,0.0,20
10,N,6,N6,57,21,I19,D20,extension_frozen,pair,L17,A3,100,100,200,0.0,195
10,N,7,N7,92,27,O17,F8,extension_frozen,pair,L2,J21,100,100,200,0.0,207
10,N,8,N8,48,47,I1,H24,extension_frozen,pair,O8,D10,100,100,200,0.0,264
10,N,9,N9,9,92,A19,P18,extension_frozen,pair,E13,B17,100,100,200,0.0,217
10,N,10,N10,70,23,K21,D24,extension_frozen,pair,D12,N9,100,100,200,0.0,161
10,N,11,N11,22,4,C21,B10,extension_frozen,pair,D20,A17,100,100,200,0.0,359
10,N,12,N12,71,3,K23,B8,extension_frozen,pair,J17,G10,100,100,200,0.0,252
10,N,13,N13,86,30,O5,F14,extension_frozen,pair,L15,J17,100,100,200,0.0,49
10,N,14,N14,28,7,E9,B16,extension_frozen,pair,I19,M11,100,100,200,0.0,137
10,N,15,N15,0,54,A1,J14,extension_frozen,pair,E22,O5,100,100,200,0.0,191
10,N,16,N16,15,3,C7,B8,extension_frozen,pair,F12,O10,100,100,200,0.0,236
10,N,17,N17,27,47,E7,H24,extension_frozen,pair,D14,I5,100,100,200,0.0,179
10,N,18,N18,67,27,K15,F8,extension_frozen,pair,O15,C2,100,100,200,0.0,26
10,N,19,N19,45,60,G19,L2,extension_frozen,pair,C17,J5,100,100,200,0.0,168
10,N,20,N20,79,77,M15,N12,extension_frozen,pair,M8,B10,100,100,200,0.0,364
10,N,21,N21,72,58,M1,J22,extension_frozen,pair,O9,J21,100,100,200,0.0,190
10,N,22,N22,56,19,I17,D16,extension_frozen,pair,K3,G16,100,100,200,0.0,260
10,N,23,N23,62,29,K5,F12,extension_frozen,pair,N24,A16,100,100,200,0.0,326
10,O,2,O2,41,48,G11,J2,extension_frozen,pair,B20,F19,100,100,200,0.0,197
10,O,3,O3,17,52,C11,J10,extension_frozen,pair,E17,P11,100,100,200,0.0,204
10,O,4,O4,62,70,K5,L22,extension_frozen,pair,N7,J12,100,100,200,0.0,57
10,O,5,O5,86,20,O5,D18,extension_frozen,pair,H3,A15,100,100,200,0.0,195
10,O,6,O6,29,24,E11,F2,extension_frozen,pair,G1,B5,100,100,200,0.0,41
10,O,7,O7,86,51,O5,J8,extension_frozen,pair,I18,C15,100,100,200,0.0,282
10,O,8,O8,93,3,O19,B8,extension_frozen,pair,F22,K1,100,100,200,0.0,202
10,O,9,O9,61,44,K3,H18,extension_frozen,pair,N1,L1,100,100,200,0.0,200
10,O,10,O10,11,95,A23,P24,extension_frozen,pair,P15,C15,100,100,200,0.0,100
10,O,11,O11,42,79,G13,N16,extension_frozen,pair,K7,C19,100,100,200,0.0,135
10,O,12,O12,79,16,M15,D10,extension_frozen,pair,A2,E17,100,100,200,0.0,106
10,O,13,O13,20,44,C17,H18,extension_frozen,pair,N15,D20,100,100,200,0.0,302
10,O,14,O14,24,76,E1,N10,extension_frozen,pair,O5,M11,100,100,200,0.0,180
10,O,15,O15,34,25,E21,F4,extension_frozen,pair,C12,L8,100,100,200,0.0,190
10,O,16,O16,83,68,M23,L18,extension_frozen,pair,P20,J18,100,100,200,0.0,35
10,O,17,O17,2,36,A5,H2,extension_frozen,pair,C7,D9,100,100,200,0.0,19
10,O,18,O18,57,18,I19,D14,extension_frozen,pair,M21,B21,100,100,200,0.0,216
10,O,19,O19,15,43,C7,H16,extension_frozen,pair,O22,K18,100,100,200,0.0,186
10,O,20,O20,28,49,E9,J4,extension_frozen,pair,F18,A1,100,100,200,0.0,97
10,O,21,O21,5,37,A11,H4,extension_frozen,pair,E24,O6,100,100,200,0.0,30
10,O,22,O22,18,49,C13,J4,extension_frozen,pair,C18,A1,100,100,200,0.0,41
10,O,23,O23,86,85,O5,P4,extension_frozen,pair,F2,D6,100,100,200,0.0,242
11,B,2,B2,57,6,I19,B14,extension_frozen,pair,K8,O8,100,100,200,0.0,261
11,B,3,B3,60,26,K1,F6,extension_frozen,pair,I8,M1,100,100,200,0.0,126
11,B,4,B4,81,79,M19,N16,extension_frozen,pair,J4,P20,100,100,200,0.0,296
11,B,5,B5,64,7,K9,B16,extension_frozen,pair,M22,I1,100,100,200,0.0,156
11,B,6,B6,77,21,M11,D20,extension_frozen,pair,N12,H19,100,100,200,0.0,247
11,B,7,B7,82,14,M21,D6,extension_frozen,pair,P4,F8,100,100,200,0.0,293
11,B,8,B8,12,56,C1,J18,extension_frozen,pair,O10,G20,100,100,200,0.0,20
11,B,9,B9,19,10,C15,B22,extension_frozen,pair,E16,P2,100,100,200,0.0,263
11,B,10,B10,65,77,K11,N12,extension_frozen,pair,H8,D24,100,100,200,0.0,244
11,B,11,B11,9,48,A19,J2,extension_frozen,pair,G9,O14,100,100,200,0.0,284
11,B,12,B12,25,23,E3,D24,extension_frozen,pair,D6,L15,100,100,200,0.0,180
11,B,13,B13,34,31,E21,F16,extension_frozen,pair,B17,F16,100,100,200,0.0,232
11,B,14,B14,87,31,O7,F16,extension_frozen,pair,B1,P23,100,100,200,0.0,339
11,B,15,B15,67,85,K15,P4,extension_frozen,pair,G4,F22,100,100,200,0.0,201
11,B,16,B16,87,89,O7,P12,extension_frozen,pair,N3,K10,100,100,200,0.0,291
11,B,17,B17,91,89,O15,P12,extension_frozen,pair,L4,G21,100,100,200,0.0,221
11,B,18,B18,91,71,O15,L24,extension_frozen,pair,I16,D8,100,100,200,0.0,294
11,B,19,B19,66,63,K13,L8,extension_frozen,pair,G9,D17,100,100,200,0.0,192
11,B,20,B20,17,56,C11,J18,extension_frozen,pair,K9,J3,100,100,200,0.0,274
11,B,21,B21,21,52,C19,J10,extension_frozen,pair,N23,P11,100,100,200,0.0,188
11,B,22,B22,19,31,C15,F16,extension_frozen,pair,D11,L3,100,100,200,0.0,228
11,B,23,B23,68,92,K17,P18,extension_frozen,pair,D24,E24,100,100,200,0.0,235
11,C,2,C2,20,86,C17,P6,extension_frozen,pair,E5,H10,100,100,200,0.0,260
11,C,3,C3,53,54,I11,J14,extension_frozen,pair,J12,I18,100,100,200,0.0,306
11,C,4,C4,59,0,I23,B2,extension_frozen,pair,E19,J14,100,100,200,0.0,229
11,C,5,C5,80,65,M17,L12,extension_frozen,pair,N7,E17,100,100,200,0.0,201
11,C,6,C6,37,8,G3,B18,extension_frozen,pair,I24,P13,100,100,200,0.0,163
11,C,7,C7,63,57,K7,J20,extension_frozen,pair,C11,C5,100,100,200,0.0,160
11,C,8,C8,60,20,K1,D18,extension_frozen,pair,F11,J15,100,100,200,0.0,20
11,C,9,C9,90,24,O13,F2,extension_frozen,pair,B8,F18,100,100,200,0.0,313
11,C,10,C10,30,35,E13,F24,extension_frozen,pair,A1,L8,100,100,200,0.0,134
11,C,11,C11,10,26,A21,F6,extension_frozen,pair,B8,G7,100,100,200,0.0,36
11,C,12,C12,73,6,M3,B14,extension_frozen,pair,F10,B15,100,100,200,0.0,349
11,C,13,C13,85,13,O3,D4,extension_frozen,pair,J23,E24,100,100,200,0.0,187
11,C,14,C14,82,92,M21,P18,extension_frozen,pair,E24,A21,100,100,200,0.0,37
11,C,15,C15,18,3,C13,B8,extension_frozen,pair,O18,F23,100,100,200,0.0,189
11,C,16,C16,18,41,C13,H12,extension_frozen,pair,P16,C10,100,100,200,0.0,258
11,C,17,C17,42,52,G13,J10,extension_frozen,pair,H19,M16,100,100,200,0.0,20
11,C,18,C18,83,81,M23,N20,extension_frozen,pair,K18,F14,100,100,200,0.0,299
11,C,19,C19,20,10,C17,B22,extension_frozen,pair,C5,D14,100,100,200,0.0,190
11,C,20,C20,26,90,E5,P14,extension_frozen,pair,A10,P23,100,100,200,0.0,347
11,C,21,C21,56,70,I17,L22,extension_frozen,pair,A15,G15,100,100,200,0.0,246
11,C,22,C22,36,19,G1,D16,extension_frozen,pair,K16,A14,100,100,200,0.0,55
11,C,23,C23,5,27,A11,F8,extension_frozen,pair,B22,H6,100,100,200,0.0,171
11,D,2,D2,29,62,E11,L6,extension_frozen,pair,H18,J21,100,100,200,0.0,220
11,D,3,D3,36,1,G1,B4,extension_frozen,pair,K7,I22,100,100,200,0.0,170
11,D,4,D4,10,59,A21,J24,extension_frozen,pair,J23,I14,100,100,200,0.0,46
11,D,5,D5,69,26,K19,F6,extension_frozen,pair,L1,O1,100,100,200,0.0,102
11,D,6,D6,85,42,O3,H14,extension_frozen,pair,I8,K17,100,100,200,0.0,36
11,D,7,D7,47,8,G23,B18,extension_frozen,pair,B20,O23,100,100,200,0.0,72
11,D,8,D8,9,50,A19,J6,extension_frozen,pair,D18,K4,100,100,200,0.0,293
11,D,9,D9,35,31,E23,F16,extension_frozen,pair,K21,D2,100,100,200,0.0,229
11,D,10,D10,8,92,A17,P18,extension_frozen,pair,O18,J13,100,100,200,0.0,51
11,D,11,D11,94,9,O21,B20,extension_frozen,pair,L2,O19,100,100,200,0.0,33
11,D,12,D12,66,36,K13,H2,extension_frozen,pair,C11,K24,100,100,200,0.0,579
11,D,13,D13,14,20,C5,D18,extension_frozen,pair,P4,M17,100,100,200,0.0,261
11,D,14,D14,36,89,G1,P12,extension_frozen,pair,P11,P2,100,100,200,0.0,183
11,D,15,D15,63,42,K7,H14,extension_frozen,pair,H15,F1,100,100,200,0.0,16
11,D,16,D16,93,82,O19,N22,extension_frozen,pair,E14,K17,100,100,200,0.0,86
11,D,17,D17,25,74,E3,N6,extension_frozen,pair,L1,N18,100,100,200,0.0,185
11,D,18,D18,52,6,I9,B14,extension_frozen,pair,F21,E7,100,100,200,0.0,119
11,D,19,D19,25,1,E3,B4,extension_frozen,pair,K2,F21,100,100,200,0.0,16
11,D,20,D20,22,9,C21,B20,extension_frozen,pair,F14,N4,100,100,200,0.0,277
11,D,21,D21,65,60,K11,L2,extension_frozen,pair,C11,I20,100,100,200,0.0,235
11,D,22,D22,33,21,E19,D20,extension_frozen,pair,H19,O19,100,100,200,0.0,129
11,D,23,D23,74,84,M5,P2,extension_frozen,pair,J4,P6,100,100,200,0.0,260
11,E,2,E2,85,91,O3,P16,extension_frozen,pair,I19,N6,100,100,200,0.0,217
11,E,3,E3,56,78,I17,N14,extension_frozen,pair,O5,F16,100,100,200,0.0,216
11,E,4,E4,24,79,E1,N16,extension_frozen,pair,A14,P3,100,100,200,0.0,45
11,E,5,E5,3,47,A7,H24,extension_frozen,pair,J10,C16,100,100,200,0.0,295
11,E,6,E6,0,71,A1,L24,extension_frozen,pair,C22,A2,100,100,200,0.0,59
11,E,7,E7,59,49,I23,J4,extension_frozen,pair,D13,H24,100,100,200,0.0,303
11,E,8,E8,48,5,I1,B12,extension_frozen,pair,L2,K6,100,100,200,0.0,73
11,E,9,E9,18,63,C13,L8,extension_frozen,pair,E20,B12,100,100,200,0.0,38
11,E,10,E10,45,38,G19,H6,extension_frozen,pair,A11,F1,100,100,200,0.0,259
11,E,11,E11,21,23,C19,D24,extension_frozen,pair,K14,O7,100,100,200,0.0,149
11,E,12,E12,83,88,M23,P10,extension_frozen,pair,P19,F16,100,100,200,0.0,183
11,E,13,E13,51,88,I7,P10,extension_frozen,pair,C8,M22,100,100,200,0.0,188
11,E,14,E14,50,86,I5,P6,extension_frozen,pair,L21,J12,100,100,200,0.0,50
11,E,15,E15,1,95,A3,P24,extension_frozen,pair,J6,P1,100,100,200,0.0,61
11,E,16,E16,44,25,G17,F4,extension_frozen,pair,C6,J4,100,100,200,0.0,70
11,E,17,E17,26,9,E5,B20,extension_frozen,pair,A12,J7,100,100,200,0.0,143
11,E,18,E18,62,47,K5,H24,extension_frozen,pair,K1,C21,100,100,200,0.0,33
11,E,19,E19,38,61,G5,L4,extension_frozen,pair,C1,K11,100,100,200,0.0,118
11,E,20,E20,45,19,G19,D16,extension_frozen,pair,K7,L11,100,100,200,0.0,117
11,E,21,E21,74,47,M5,H24,extension_frozen,pair,L13,C13,100,100,200,0.0,51
11,E,22,E22,31,69,E15,L20,extension_frozen,pair,P19,O21,100,100,200,0.0,135
11,E,23,E23,15,85,C7,P4,extension_frozen,pair,A13,L22,100,100,200,0.0,291
11,F,2,F2,36,52,G1,J10,extension_frozen,pair,M15,I19,100,100,200,0.0,223
11,F,3,F3,5,44,A11,H18,extension_frozen,pair,I9,K14,100,100,200,0.0,53
11,F,4,F4,3,66,A7,L14,extension_frozen,pair,B1,J21,100,100,200,0.0,264
11,F,5,F5,43,31,G15,F16,extension_frozen,pair,P21,A13,100,100,200,0.0,190
11,F,6,F6,73,12,M3,D2,extension_frozen,pair,B7,B12,100,100,200,0.0,195
11,F,7,F7,53,73,I11,N4,extension_frozen,pair,G19,O20,100,100,200,0.0,138
11,F,8,F8,76,17,M9,D12,extension_frozen,pair,B24,L4,100,100,200,0.0,236
11,F,9,F9,63,45,K7,H20,extension_frozen,pair,O18,M1,100,100,200,0.0,186
11,F,10,F10,1,12,A3,D2,extension_frozen,pair,A16,P17,100,100,200,0.0,264
11,F,11,F11,11,94,A23,P22,extension_frozen,pair,L15,B17,100,100,200,0.0,276
11,F,12,F12,68,45,K17,H20,extension_frozen,pair,F23,K4,100,100,200,0.0,275
11,F,13,F13,2,6,A5,B14,extension_frozen,pair,H10,B2,100,100,200,0.0,253
11,F,14,F14,11,49,A23,J4,extension_frozen,pair,L8,F19,100,100,200,0.0,155
11,F,15,F15,33,18,E19,D14,extension_frozen,pair,B9,F12,100,100,200,0.0,241
11,F,16,F16,15,81,C7,N20,extension_frozen,pair,F9,C1,100,100,200,0.0,306
11,F,17,F17,65,6,K11,B14,extension_frozen,pair,K2,G1,100,100,200,0.0,159
11,F,18,F18,19,56,C15,J18,extension_frozen,pair,L16,O3,100,100,200,0.0,255
11,F,19,F19,83,61,M23,L4,extension_frozen,pair,I5,A19,100,100,200,0.0,44
11,F,20,F20,83,44,M23,H18,extension_frozen,pair,K12,F2,100,100,200,0.0,324
11,F,21,F21,67,17,K15,D12,extension_frozen,pair,J21,H11,100,100,200,0.0,25
11,F,22,F22,30,29,E13,F12,extension_frozen,pair,B11,F17,100,100,200,0.0,33
11,F,23,F23,66,65,K13,L12,extension_frozen,pair,C1,F7,100,100,200,0.0,299
11,G,2,G2,69,80,K19,N18,extension_frozen,pair,F24,G24,100,100,200,0.0,104
11,G,3,G3,72,38,M1,H6,extension_frozen,pair,O8,L10,100,100,200,0.0,17
11,G,4,G4,65,92,K11,P18,extension_frozen,pair,L7,I13,100,100,200,0.0,238
11,G,5,G5,38,41,G5,H12,extension_frozen,pair,C2,B9,100,100,200,0.0,47
11,G,6,G6,13,67,C3,L16,extension_frozen,pair,G6,K17,100,100,200,0.0,190
11,G,7,G7,13,69,C3,L20,extension_frozen,pair,H9,G8,100,100,200,0.0,19
11,G,8,G8,7,11,A15,B24,extension_frozen,pair,A9,K19,100,100,200,0.0,233
11,G,9,G9,78,32,M13,F18,extension_frozen,pair,M11,C1,100,100,200,0.0,71
11,G,10,G10,58,75,I21,N8,extension_frozen,pair,H9,E2,100,100,200,0.0,16
11,G,11,G11,79,28,M15,F10,extension_frozen,pair,E19,L5,100,100,200,0.0,231
11,G,12,G12,70,2,K21,B6,extension_frozen,pair,D14,P14,100,100,200,0.0,214
11,G,13,G13,10,18,A21,D14,extension_frozen,pair,G21,G5,100,100,200,0.0,196
11,G,14,G14,86,36,O5,H2,extension_frozen,pair,K18,I23,100,100,200,0.0,263
11,G,15,G15,23,15,C23,D8,extension_frozen,pair,H18,D7,100,100,200,0.0,102
11,G,16,G16,59,86,I23,P6,extension_frozen,pair,E6,B18,100,100,200,0.0,200
11,G,17,G17,37,49,G3,J4,extension_frozen,pair,H4,O4,100,100,200,0.0,261
11,G,18,G18,14,59,C5,J24,extension_frozen,pair,E16,O12,100,100,200,0.0,69
11,G,19,G19,26,60,E5,L2,extension_frozen,pair,G12,C16,100,100,200,0.0,69
11,G,20,G20,21,78,C19,N14,extension_frozen,pair,E17,B19,100,100,200,0.0,303
11,G,21,G21,55,36,I15,H2,extension_frozen,pair,A15,M6,100,100,200,0.0,244
11,G,22,G22,53,34,I11,F22,extension_frozen,pair,J24,D8,100,100,200,0.0,323
11,G,23,G23,35,43,E23,H16,extension_frozen,pair,D17,P12,100,100,200,0.0,239
11,H,2,H2,26,4,E5,B10,extension_frozen,pair,O2,F23,100,100,200,0.0,288
11,H,3,H3,19,81,C15,N20,extension_frozen,pair,C18,G6,100,100,200,0.0,132
11,H,4,H4,54,58,I13,J22,extension_frozen,pair,P16,O14,100,100,200,0.0,236
11,H,5,H5,40,59,G9,J24,extension_frozen,pair,N8,C5,100,100,200,0.0,366
11,H,6,H6,37,54,G3,J14,extension_frozen,pair,G17,K13,100,100,200,0.0,259
11,H,7,H7,75,73,M7,N4,extension_frozen,pair,I7,C9,100,100,200,0.0,306
11,H,8,H8,59,10,I23,B22,extension_frozen,pair,P23,J16,100,100,200,0.0,247
11,H,9,H9,31,14,E15,D6,extension_frozen,pair,J1,I12,100,100,200,0.0,188
11,H,10,H10,3,45,A7,H20,extension_frozen,pair,M9,A13,100,100,200,0.0,52
11,H,11,H11,76,89,M9,P12,extension_frozen,pair,F6,K16,100,100,200,0.0,170
11,H,12,H12,32,76,E17,N10,extension_frozen,pair,P21,E3,100,100,200,0.0,187
11,H,13,H13,69,61,K19,L4,extension_frozen,pair,H7,G14,100,100,200,0.0,220
11,H,14,H14,50,6,I5,B14,extension_frozen,pair,D16,M13,100,100,200,0.0,114
11,H,15,H15,20,30,C17,F14,extension_frozen,pair,F14,J18,100,100,200,0.0,288
11,H,16,H16,70,46,K21,H22,extension_frozen,pair,L21,O22,100,100,200,0.0,185
11,H,17,H17,8,39,A17,H8,extension_frozen,pair,M1,G10,100,100,200,0.0,340
11,H,18,H18,85,51,O3,J8,extension_frozen,pair,C6,D15,100,100,200,0.0,136
11,H,19,H19,24,7,E1,B16,extension_frozen,pair,D15,B19,100,100,200,0.0,301
11,H,20,H20,46,89,G21,P12,extension_frozen,pair,E15,C22,100,100,200,0.0,195
11,H,21,H21,87,46,O7,H22,extension_frozen,pair,K11,I7,100,100,200,0.0,139
11,H,22,H22,56,48,I17,J2,extension_frozen,pair,P17,K16,100,100,200,0.0,25
11,H,23,H23,24,5,E1,B12,extension_frozen,pair,K12,P11,100,100,200,0.0,351
11,I,2,I2,48,49,I1,J4,extension_frozen,pair,P1,J22,100,100,200,0.0,17
11,I,3,I3,89,9,O11,B20,extension_frozen,pair,L19,H13,100,100,200,0.0,46
11,I,4,I4,87,25,O7,F4,extension_frozen,pair,G15,H7,100,100,200,0.0,304
11,I,5,I5,4,19,A9,D16,extension_frozen,pair,H14,I9,100,100,200,0.0,277
11,I,6,I6,76,36,M9,H2,extension_frozen,pair,J13,O12,100,100,200,0.0,243
11,I,7,I7,8,57,A17,J20,extension_frozen,pair,C4,A24,100,100,200,0.0,137
11,I,8,I8,88,73,O9,N4,extension_frozen,pair,O10,I6,100,100,200,0.0,266
11,I,9,I9,38,57,G5,J20,extension_frozen,pair,M16,H4,100,100,200,0.0,18
11,I,10,I10,18,31,C13,F16,extension_frozen,pair,G10,H8,100,100,200,0.0,338
11,I,11,I11,33,1,E19,B4,extension_frozen,pair,B19,H12,100,100,200,0.0,262
11,I,12,I12,58,16,I21,D10,extension_frozen,pair,G8,O12,100,100,200,0.0,177
11,I,13,I13,4,18,A9,D14,extension_frozen,pair,E7,M22,100,100,200,0.0,190
11,I,14,I14,6,85,A13,P4,extension_frozen,pair,B9,D18,100,100,200,0.0,290
11,I,15,I15,18,79,C13,N16,extension_frozen,pair,P18,B2,100,100,200,0.0,271
11,I,16,I16,69,33,K19,F20,extension_frozen,pair,F7,B21,100,100,200,0.0,227
11,I,17,I17,88,10,O9,B22,extension_frozen,pair,L24,P24,100,100,200,0.0,251
11,I,18,I18,33,86,E19,P6,extension_frozen,pair,G16,E9,100,100,200,0.0,306
11,I,19,I19,41,73,G11,N4,extension_frozen,pair,J13,M20,100,100,200,0.0,148
11,I,20,I20,58,72,I21,N2,extension_frozen,pair,N1,P14,100,100,200,0.0,164
11,I,21,I21,4,63,A9,L8,extension_frozen,pair,I2,G20,100,100,200,0.0,19
11,I,22,I22,8,5,A17,B12,extension_frozen,pair,N19,E11,100,100,200,0.0,238
11,I,23,I23,14,40,C5,H10,extension_frozen,pair,I1,H18,100,100,200,0.0,209
11,J,2,J2,72,81,M1,N20,extension_frozen,pair,O8,I12,100,100,200,0.0,255
11,J,3,J3,1,11,A3,B24,extension_frozen,pair,G3,H12,100,100,200,0.0,211
11,J,4,J4,25,32,E3,F18,extension_frozen,pair,M22,G5,100,100,200,0.0,183
11,J,5,J5,17,80,C11,N18,extension_frozen,pair,I4,D12,100,100,200,0.0,93
11,J,6,J6,75,1,M7,B4,extension_frozen,pair,D14,C13,100,100,200,0.0,262
11,J,7,J7,10,41,A21,H12,extension_frozen,pair,L16,D6,100,100,200,0.0,232
11,J,8,J8,73,84,M3,P2,extension_frozen,pair,C20,J22,100,100,200,0.0,138
11,J,9,J9,27,58,E7,J22,extension_frozen,pair,H3,L23,100,100,200,0.0,276
11,J,10,J10,82,75,M21,N8,extension_frozen,pair,E2,D9,100,100,200,0.0,19
11,J,11,J11,88,11,O9,B24,extension_frozen,pair,O11,E20,100,100,200,0.0,88
11,J,12,J12,39,55,G7,J16,extension_frozen,pair,L22,L12,100,100,200,0.0,69
11,J,13,J13,64,62,K9,L6,extension_frozen,pair,M7,G12,100,100,200,0.0,263
11,J,14,J14,74,82,M5,N22,extension_frozen,pair,B20,A18,100,100,200,0.0,299
11,J,15,J15,64,58,K9,J22,extension_frozen,pair,E21,H23,100,100,200,0.0,241
11,J,16,J16,58,73,I21,N4,extension_frozen,pair,D22,K11,100,100,200,0.0,139
11,J,17,J17,84,76,O1,N10,extension_frozen,pair,A9,O3,100,100,200,0.0,184
11,J,18,J18,60,63,K1,L8,extension_frozen,pair,K10,K21,100,100,200,0.0,327
11,J,19,J19,7,21,A15,D20,extension_frozen,pair,K12,G18,100,100,200,0.0,323
11,J,20,J20,68,76,K17,N10,extension_frozen,pair,D4,F20,100,100,200,0.0,240
11,J,21,J21,47,56,G23,J18,extension_frozen,pair,I2,B7,100,100,200,0.0,45
11,J,22,J22,75,68,M7,L18,extension_frozen,pair,G2,M3,100,100,200,0.0,293
11,J,23,J23,19,54,C15,J14,extension_frozen,pair,E23,J3,100,100,200,0.0,294
11,K,2,K2,14,29,C5,F12,extension_frozen,pair,G12,I17,100,100,200,0.0,118
11,K,3,K3,50,52,I5,J10,extension_frozen,pair,G14,B24,100,100,200,0.0,163
11,K,4,K4,19,15,C15,D8,extension_frozen,pair,F11,N24,100,100,200,0.0,361
11,K,5,K5,82,94,M21,P22,extension_frozen,pair,B24,B12,100,100,200,0.0,157
11,K,6,K6,89,31,O11,F16,extension_frozen,pair,I12,A24,100,100,200,0.0,172
11,K,7,K7,58,2,I21,B6,extension_frozen,pair,C4,G1,100,100,200,0.0,17
11,K,8,K8,20,68,C17,L18,extension_frozen,pair,P2,G14,100,100,200,0.0,124
11,K,9,K9,30,28,E13,F10,extension_frozen,pair,B12,L2,100,100,200,0.0,335
11,K,10,K10,13,16,C3,D10,extension_frozen,pair,A22,P4,100,100,200,0.0,50
11,K,11,K11,1,42,A3,H14,extension_frozen,pair,F1,L10,100,100,200,0.0,22
11,K,12,K12,39,54,G7,J14,extension_frozen,pair,L12,P24,100,100,200,0.0,301
11,K,13,K13,4,0,A9,B2,extension_frozen,pair,O21,K5,100,100,200,0.0,273
11,K,14,K14,43,3,G15,B8,extension_frozen,pair,P20,C6,100,100,200,0.0,289
11,K,15,K15,29,48,E11,J2,extension_frozen,pair,P5,A6,100,100,200,0.0,224
11,K,16,K16,52,34,I9,F22,extension_frozen,pair,N24,L6,100,100,200,0.0,283
11,K,17,K17,22,11,C21,B24,extension_frozen,pair,O17,A19,100,100,200,0.0,45
11,K,18,K18,82,48,M21,J2,extension_frozen,pair,G19,J6,100,100,200,0.0,127
11,K,19,K19,95,26,O23,F6,extension_frozen,pair,P10,K11,100,100,200,0.0,268
11,K,20,K20,47,77,G23,N12,extension_frozen,pair,G1,E17,100,100,200,0.0,208
11,K,21,K21,46,30,G21,F14,extension_frozen,pair,C12,O15,100,100,200,0.0,50
11,K,22,K22,3,38,A7,H6,extension_frozen,pair,M21,A5,100,100,200,0.0,208
11,K,23,K23,66,3,K13,B8,extension_frozen,pair,D9,N11,100,100,200,0.0,189
11,L,2,L2,72,44,M1,H18,extension_frozen,pair,I18,N18,100,100,200,0.0,318
11,L,3,L3,12,60,C1,L2,extension_frozen,pair,O23,J21,100,100,200,0.0,292
11,L,4,L4,78,53,M13,J12,extension_frozen,pair,D8,O6,100,100,200,0.0,257
11,L,5,L5,63,48,K7,J2,extension_frozen,pair,G20,B9,100,100,200,0.0,44
11,L,6,L6,83,78,M23,N14,extension_frozen,pair,P2,N17,100,100,200,0.0,111
11,L,7,L7,26,70,E5,L22,extension_frozen,pair,G23,D10,100,100,200,0.0,230
11,L,8,L8,37,24,G3,F2,extension_frozen,pair,N10,F6,100,100,200,0.0,325
11,L,9,L9,29,9,E11,B20,extension_frozen,pair,P10,A11,100,100,200,0.0,261
11,L,10,L10,19,45,C15,H20,extension_frozen,pair,E1,N4,100,100,200,0.0,349
11,L,11,L11,43,17,G15,D12,extension_frozen,pair,H7,O8,100,100,200,0.0,313
11,L,12,L12,62,35,K5,F24,extension_frozen,pair,F22,L6,100,100,200,0.0,299
11,L,13,L13,92,64,O17,L10,extension_frozen,pair,P21,F12,100,100,200,0.0,302
11,L,14,L14,55,1,I15,B4,extension_frozen,pair,I8,J3,100,100,200,0.0,215
11,L,15,L15,63,95,K7,P24,extension_frozen,pair,L17,F13,100,100,200,0.0,31
11,L,16,L16,16,46,C9,H22,extension_frozen,pair,A7,H20,100,100,200,0.0,194
11,L,17,L17,81,73,M19,N4,extension_frozen,pair,M21,E23,100,100,200,0.0,187
11,L,18,L18,90,60,O13,L2,extension_frozen,pair,L11,O23,100,100,200,0.0,62
11,L,19,L19,49,58,I3,J22,extension_frozen,pair,D20,D21,100,100,200,0.0,285
11,L,20,L20,80,69,M17,L20,extension_frozen,pair,G3,I12,100,100,200,0.0,294
11,L,21,L21,84,35,O1,F24,extension_frozen,pair,M18,H7,100,100,200,0.0,222
11,L,22,L22,8,24,A17,F2,extension_frozen,pair,L15,B24,100,100,200,0.0,240
11,L,23,L23,68,67,K17,L16,extension_frozen,pair,I10,H12,100,100,200,0.0,154
11,M,2,M2,56,73,I17,N4,extension_frozen,pair,L4,J6,100,100,200,0.0,70
11,M,3,M3,21,46,C19,H22,extension_frozen,pair,H15,K19,100,100,200,0.0,236
11,M,4,M4,68,57,K17,J20,extension_frozen,pair,K14,E16,100,100,200,0.0,266
11,M,5,M5,80,58,M17,J22,extension_frozen,pair,K19,F11,100,100,200,0.0,195
11,M,6,M6,73,87,M3,P8,extension_frozen,pair,A15,P8,100,100,200,0.0,327
11,M,7,M7,14,4,C5,B10,extension_frozen,pair,H14,J14,100,100,200,0.0,273
11,M,8,M8,10,44,A21,H18,extension_frozen,pair,O21,B16,100,100,200,0.0,159
11,M,9,M9,6,35,A13,F24,extension_frozen,pair,M3,E20,100,100,200,0.0,20
11,M,10,M10,63,35,K7,F24,extension_frozen,pair,P18,K19,100,100,200,0.0,199
11,M,11,M11,88,26,O9,F6,extension_frozen,pair,J12,F3,100,100,200,0.0,47
11,M,12,M12,55,72,I15,N2,extension_frozen,pair,M10,A3,100,100,200,0.0,222
11,M,13,M13,38,56,G5,J18,extension_frozen,pair,F2,A23,100,100,200,0.0,195
11,M,14,M14,88,9,O9,B20,extension_frozen,pair,M14,I5,100,100,200,0.0,181
11,M,15,M15,25,56,E3,J18,extension_frozen,pair,N24,O18,100,100,200,0.0,143
11,M,16,M16,41,78,G11,N14,extension_frozen,pair,F16,H12,100,100,200,0.0,270
11,M,17,M17,14,56,C5,J18,extension_frozen,pair,H3,A14,100,100,200,0.0,210
11,M,18,M18,87,54,O7,J14,extension_frozen,pair,B2,M10,100,100,200,0.0,302
11,M,19,M19,39,41,G7,H12,extension_frozen,pair,H22,P14,100,100,200,0.0,273
11,M,20,M20,81,67,M19,L16,extension_frozen,pair,K13,I12,100,100,200,0.0,132
11,M,21,M21,36,2,G1,B6,extension_frozen,pair,O9,J9,100,100,200,0.0,21
11,M,22,M22,68,44,K17,H18,extension_frozen,pair,H4,M12,100,100,200,0.0,100
11,M,23,M23,88,30,O9,F14,extension_frozen,pair,N6,H10,100,100,200,0.0,294
11,N,2,N2,93,78,O19,N14,extension_frozen,pair,J11,P5,100,100,200,0.0,142
11,N,3,N3,77,36,M11,H2,extension_frozen,pair,L24,O1,100,100,200,0.0,44
11,N,4,N4,90,0,O13,B2,extension_frozen,pair,C18,N15,100,100,200,0.0,190
11,N,5,N5,34,74,E21,N6,extension_frozen,pair,F12,J5,100,100,200,0.0,213
11,N,6,N6,4,72,A9,N2,extension_frozen,pair,F13,O14,100,100,200,0.0,46
11,N,7,N7,48,79,I1,N16,extension_frozen,pair,E16,A14,100,100,200,0.0,272
11,N,8,N8,4,5,A9,B12,extension_frozen,pair,K22,O4,100,100,200,0.0,305
11,N,9,N9,86,60,O5,L2,extension_frozen,pair,C16,G9,100,100,200,0.0,260
11,N,10,N10,40,64,G9,L10,extension_frozen,pair,D23,F7,100,100,200,0.0,48
11,N,11,N11,29,35,E11,F24,extension_frozen,pair,D3,B5,100,100,200,0.0,34
11,N,12,N12,45,51,G19,J8,extension_frozen,pair,D8,I4,100,100,200,0.0,229
11,N,13,N13,94,32,O21,F18,extension_frozen,pair,E16,C18,100,100,200,0.0,51
11,N,14,N14,14,83,C5,N24,extension_frozen,pair,H6,P21,100,100,200,0.0,282
11,N,15,N15,16,94,C9,P22,extension_frozen,pair,E18,C16,100,100,200,0.0,300
11,N,16,N16,53,42,I11,H14,extension_frozen,pair,L12,L1,100,100,200,0.0,188
11,N,17,N17,13,50,C3,J6,extension_frozen,pair,L2,F6,100,100,200,0.0,196
11,N,18,N18,87,48,O7,J2,extension_frozen,pair,F1,I7,100,100,200,0.0,303
11,N,19,N19,89,40,O11,H10,extension_frozen,pair,O2,B6,100,100,200,0.0,250
11,N,20,N20,36,14,G1,D6,extension_frozen,pair,J9,C2,100,100,200,0.0,17
11,N,21,N21,36,40,G1,H10,extension_frozen,pair,C4,P8,100,100,200,0.0,357
11,N,22,N22,43,7,G15,B16,extension_frozen,pair,P17,I24,100,100,200,0.0,157
11,N,23,N23,67,29,K15,F12,extension_frozen,pair,M11,A17,100,100,200,0.0,300
11,O,2,O2,92,52,O17,J10,extension_frozen,pair,B20,E6,100,100,200,0.0,240
11,O,3,O3,57,14,I19,D6,extension_frozen,pair,N21,N10,100,100,200,0.0,264
11,O,4,O4,74,6,M5,B14,extension_frozen,pair,M21,D3,100,100,200,0.0,140
11,O,5,O5,78,94,M13,P22,extension_frozen,pair,E2,D10,100,100,200,0.0,167
11,O,6,O6,25,49,E3,J4,extension_frozen,pair,M16,P6,100,100,200,0.0,144
11,O,7,O7,76,62,M9,L6,extension_frozen,pair,K14,P2,100,100,200,0.0,155
11,O,8,O8,2,29,A5,F12,extension_frozen,pair,H10,E22,100,100,200,0.0,216
11,O,9,O9,93,81,O19,N20,extension_frozen,pair,I20,H17,100,100,200,0.0,200
11,O,10,O10,77,90,M11,P14,extension_frozen,pair,I9,D17,100,100,200,0.0,20
11,O,11,O11,45,23,G19,D24,extension_frozen,pair,H22,H1,100,100,200,0.0,220
11,O,12,O12,59,47,I23,H24,extension_frozen,pair,D12,A1,100,100,200,0.0,24
11,O,13,O13,5,60,A11,L2,extension_frozen,pair,P13,F1,100,100,200,0.0,38
11,O,14,O14,57,75,I19,N8,extension_frozen,pair,N9,L16,100,100,200,0.0,273
11,O,15,O15,3,85,A7,P4,extension_frozen,pair,P24,B22,100,100,200,0.0,188
11,O,16,O16,60,25,K1,F4,extension_frozen,pair,O22,L23,100,100,200,0.0,180
11,O,17,O17,61,76,K3,N10,extension_frozen,pair,E4,C10,100,100,200,0.0,19
11,O,18,O18,79,25,M15,F4,extension_frozen,pair,L6,A17,100,100,200,0.0,40
11,O,19,O19,49,86,I3,P6,extension_frozen,pair,M22,M16,100,100,200,0.0,19
11,O,20,O20,6,15,A13,D8,extension_frozen,pair,C13,D15,100,100,200,0.0,40
11,O,21,O21,57,71,I19,L24,extension_frozen,pair,L18,G2,100,100,200,0.0,69
11,O,22,O22,26,44,E5,H18,extension_frozen,pair,L16,D11,100,100,200,0.0,237
11,O,23,O23,71,66,K23,L14,extension_frozen,pair,O24,P24,100,100,200,0.0,227
12,B,2,B2,3,50,A7,J6,extension_frozen,pair,K23,L10,100,100,200,0.0,71
12,B,3,B3,49,73,I3,N4,extension_frozen,pair,G16,N6,100,100,200,0.0,305
12,B,4,B4,27,16,E7,D10,extension_frozen,pair,N1,A5,100,100,200,0.0,296
12,B,5,B5,29,55,E11,J16,extension_frozen,pair,F20,N22,100,100,200,0.0,364
12,B,6,B6,90,12,O13,D2,extension_frozen,pair,J9,P23,100,100,200,0.0,58
12,B,7,B7,28,32,E9,F18,extension_frozen,pair,E6,C9,100,100,200,0.0,235
12,B,8,B8,18,7,C13,B16,extension_frozen,pair,A17,C2,100,100,200,0.0,45
12,B,9,B9,95,66,O23,L14,extension_frozen,pair,M14,A21,100,100,200,0.0,182
12,B,10,B10,90,11,O13,B24,extension_frozen,pair,F5,A11,100,100,200,0.0,218
12,B,11,B11,41,16,G11,D10,extension_frozen,pair,M17,C15,100,100,200,0.0,28
12,B,12,B12,10,7,A21,B16,extension_frozen,pair,H21,K9,100,100,200,0.0,273
12,B,13,B13,80,21,M17,D20,extension_frozen,pair,D15,K6,100,100,200,0.0,238
12,B,14,B14,71,35,K23,F24,extension_frozen,pair,M15,G16,100,100,200,0.0,302
12,B,15,B15,81,5,M19,B12,extension_frozen,pair,N14,N9,100,100,200,0.0,308
12,B,16,B16,80,92,M17,P18,extension_frozen,pair,F22,M2,100,100,200,0.0,120
12,B,17,B17,63,28,K7,F10,extension_frozen,pair,G21,N17,100,100,200,0.0,219
12,B,18,B18,91,47,O15,H24,extension_frozen,pair,E13,J19,100,100,200,0.0,189
12,B,19,B19,27,80,E7,N18,extension_frozen,pair,K13,D9,100,100,200,0.0,252
12,B,20,B20,7,13,A15,D4,extension_frozen,pair,J21,M4,100,100,200,0.0,334
12,B,21,B21,36,47,G1,H24,extension_frozen,pair,D23,G6,100,100,200,0.0,208
12,B,22,B22,95,81,O23,N20,extension_frozen,pair,C13,J10,100,100,200,0.0,136
12,B,23,B23,22,75,C21,N8,extension_frozen,pair,M4,G23,100,100,200,0.0,256
12,C,2,C2,7,29,A15,F12,extension_frozen,pair,B7,E9,100,100,200,0.0,45
12,C,3,C3,37,36,G3,H2,extension_frozen,pair,C9,A2,100,100,200,0.0,63
12,C,4,C4,52,30,I9,F14,extension_frozen,pair,J9,C5,100,100,200,0.0,17
12,C,5,C5,28,87,E9,P8,extension_frozen,pair,I4,I22,100,100,200,0.0,231
12,C,6,C6,84,26,O1,F6,extension_frozen,pair,H12,E10,100,100,200,0.0,301
12,C,7,C7,45,12,G19,D2,extension_frozen,pair,E22,P2,100,100,200,0.0,138
12,C,8,C8,76,92,M9,P18,extension_frozen,pair,B15,D20,100,100,200,0.0,349
12,C,9,C9,39,47,G7,H24,extension_frozen,pair,L7,O23,100,100,200,0.0,236
12,C,10,C10,75,51,M7,J8,extension_frozen,pair,G7,H6,100,100,200,0.0,223
12,C,11,C11,54,35,I13,F24,extension_frozen,pair,C2,M24,100,100,200,0.0,18
12,C,12,C12,46,68,G21,L18,extension_frozen,pair,C13,D17,100,100,200,0.0,136
12,C,13,C13,45,30,G19,F14,extension_frozen,pair,F14,B16,100,100,200,0.0,282
12,C,14,C14,59,30,I23,F14,extension_frozen,pair,I10,C14,100,100,200,0.0,274
12,C,15,C15,87,9,O7,B20,extension_frozen,pair,E8,P12,100,100,200,0.0,349
12,C,16,C16,65,16,K11,D10,extension_frozen,pair,I16,E2,100,100,200,0.0,220
12,C,17,C17,76,95,M9,P24,extension_frozen,pair,E13,J14,100,100,200,0.0,127
12,C,18,C18,17,78,C11,N14,extension_frozen,pair,I1,P1,100,100,200,0.0,81
12,C,19,C19,18,66,C13,L14,extension_frozen,pair,N20,C21,100,100,200,0.0,23
12,C,20,C20,51,38,I7,H6,extension_frozen,pair,E5,H16,100,100,200,0.0,17
12,C,21,C21,19,33,C15,F20,extension_frozen,pair,K5,H18,100,100,200,0.0,320
12,C,22,C22,93,22,O19,D22,extension_frozen,pair,F22,K9,100,100,200,0.0,299
12,C,23,C23,69,52,K19,J10,extension_frozen,pair,F15,P12,100,100,200,0.0,347
12,D,2,D2,1,0,A3,B2,extension_frozen,pair,N12,L6,100,100,200,0.0,356
12,D,3,D3,1,23,A3,D24,extension_frozen,pair,E14,H21,100,100,200,0.0,83
12,D,4,D4,10,27,A21,F8,extension_frozen,pair,G21,P17,100,100,200,0.0,211
12,D,5,D5,86,45,O5,H20,extension_frozen,pair,L4,M15,100,100,200,0.0,279
12,D,6,D6,74,76,M5,N10,extension_frozen,pair,N12,L9,100,100,200,0.0,331
12,D,7,D7,6,25,A13,F4,extension_frozen,pair,B20,P18,100,100,200,0.0,197
12,D,8,D8,40,87,G9,P8,extension_frozen,pair,J5,D14,100,100,200,0.0,28
12,D,9,D9,24,2,E1,B6,extension_frozen,pair,I23,H11,100,100,200,0.0,289
12,D,10,D10,71,52,K23,J10,extension_frozen,pair,K6,D19,100,100,200,0.0,48
12,D,11,D11,52,32,I9,F18,extension_frozen,pair,F16,A20,100,100,200,0.0,242
12,D,12,D12,75,34,M7,F22,extension_frozen,pair,N12,G9,100,100,200,0.0,58
12,D,13,D13,95,85,O23,P4,extension_frozen,pair,I8,E12,100,100,200,0.0,105
12,D,14,D14,87,73,O7,N4,extension_frozen,pair,H24,C14,100,100,200,0.0,298
12,D,15,D15,10,34,A21,F22,extension_frozen,pair,O6,B1,100,100,200,0.0,304
12,D,16,D16,18,75,C13,N8,extension_frozen,pair,N18,D2,100,100,200,0.0,263
12,D,17,D17,42,75,G13,N8,extension_frozen,pair,G20,M17,100,100,200,0.0,37
12,D,18,D18,48,74,I1,N6,extension_frozen,pair,H23,F15,100,100,200,0.0,186
12,D,19,D19,63,13,K7,D4,extension_frozen,pair,I20,B4,100,100,200,0.0,255
12,D,20,D20,45,80,G19,N18,extension_frozen,pair,M1,M12,100,100,200,0.0,172
12,D,21,D21,90,48,O13,J2,extension_frozen,pair,A10,L18,100,100,200,0.0,298
12,D,22,D22,85,82,O3,N22,extension_frozen,pair,D15,M18,100,100,200,0.0,44
12,D,23,D23,13,22,C3,D22,extension_frozen,pair,M10,P7,100,100,200,0.0,286
12,E,2,E2,60,41,K1,H12,extension_frozen,pair,L19,I8,100,100,200,0.0,52
12,E,3,E3,45,69,G19,L20,extension_frozen,pair,J2,C10,100,100,200,0.0,201
12,E,4,E4,31,92,E15,P18,extension_frozen,pair,F6,N13,100,100,200,0.0,182
12,E,5,E5,37,87,G3,P8,extension_frozen,pair,G23,D19,100,100,200,0.0,135
12,E,6,E6,18,55,C13,J16,extension_frozen,pair,F3,L6,100,100,200,0.0,16
12,E,7,E7,60,77,K1,N12,extension_frozen,pair,B15,O13,100,100,200,0.0,17
12,E,8,E8,46,36,G21,H2,extension_frozen,pair,E7,J22,100,100,200,0.0,138
12,E,9,E9,75,5,M7,B12,extension_frozen,pair,H13,M23,100,100,200,0.0,165
12,E,10,E10,51,50,I7,J6,extension_frozen,pair,F5,E19,100,100,200,0.0,236
12,E,11,E11,15,80,C7,N18,extension_frozen,pair,H24,L23,100,100,200,0.0,303
12,E,12,E12,18,48,C13,J2,extension_frozen,pair,N7,B18,100,100,200,0.0,124
12,E,13,E13,82,71,M21,L24,extension_frozen,pair,O13,O18,100,100,200,0.0,16
12,E,14,E14,9,21,A19,D20,extension_frozen,pair,H19,F11,100,100,200,0.0,16
12,E,15,E15,53,74,I11,N6,extension_frozen,pair,G5,O14,100,100,200,0.0,52
12,E,16,E16,31,90,E15,P14,extension_frozen,pair,C9,D12,100,100,200,0.0,39
12,E,17,E17,82,89,M21,P12,extension_frozen,pair,O14,J5,100,100,200,0.0,129
12,E,18,E18,80,84,M17,P2,extension_frozen,pair,O22,A20,100,100,200,0.0,183
12,E,19,E19,39,71,G7,L24,extension_frozen,pair,I15,N8,100,100,200,0.0,349
12,E,20,E20,38,8,G5,B18,extension_frozen,pair,E24,E9,100,100,200,0.0,35
12,E,21,E21,17,65,C11,L12,extension_frozen,pair,F13,O2,100,100,200,0.0,273
12,E,22,E22,93,26,O19,F6,extension_frozen,pair,O20,O11,100,100,200,0.0,71
12,E,23,E23,92,13,O17,D4,extension_frozen,pair,K18,O3,100,100,200,0.0,189
12,F,2,F2,18,86,C13,P6,extension_frozen,pair,P17,F22,100,100,200,0.0,295
12,F,3,F3,42,86,G13,P6,extension_frozen,pair,N12,C2,100,100,200,0.0,330
12,F,4,F4,23,46,C23,H22,extension_frozen,pair,O1,F9,100,100,200,0.0,116
12,F,5,F5,44,33,G17,F20,extension_frozen,pair,I17,P24,100,100,200,0.0,188
12,F,6,F6,50,16,I5,D10,extension_frozen,pair,I18,H4,100,100,200,0.0,254
12,F,7,F7,34,83,E21,N24,extension_frozen,pair,N3,F6,100,100,200,0.0,228
12,F,8,F8,42,88,G13,P10,extension_frozen,pair,L13,M6,100,100,200,0.0,55
12,F,9,F9,33,50,E19,J6,extension_frozen,pair,K3,K6,100,100,200,0.0,265
12,F,10,F10,91,14,O15,D6,extension_frozen,pair,B13,J11,100,100,200,0.0,173
12,F,11,F11,54,52,I13,J10,extension_frozen,pair,F16,J17,100,100,200,0.0,140
12,F,12,F12,88,19,O9,D16,extension_frozen,pair,A7,P10,100,100,200,0.0,252
12,F,13,F13,27,66,E7,L14,extension_frozen,pair,A10,D8,100,100,200,0.0,262
12,F,14,F14,50,80,I5,N18,extension_frozen,pair,I14,I24,100,100,200,0.0,58
12,F,15,F15,16,30,C9,F14,extension_frozen,pair,C6,G4,100,100,200,0.0,87
12,F,16,F16,31,42,E15,H14,extension_frozen,pair,N13,H2,100,100,200,0.0,154
12,F,17,F17,28,9,E9,B20,extension_frozen,pair,J7,M20,100,100,200,0.0,291
12,F,18,F18,77,92,M11,P18,extension_frozen,pair,K7,P5,100,100,200,0.0,132
12,F,19,F19,36,43,G1,H16,extension_frozen,pair,M9,B5,100,100,200,0.0,183
12,F,20,F20,15,9,C7,B20,extension_frozen,pair,H16,E13,100,100,200,0.0,164
12,F,21,F21,39,74,G7,N6,extension_frozen,pair,F4,I4,100,100,200,0.0,257
12,F,22,F22,25,67,E3,L16,extension_frozen,pair,B5,F11,100,100,200,0.0,36
12,F,23,F23,77,48,M11,J2,extension_frozen,pair,O8,G18,100,100,200,0.0,284
12,G,2,G2,5,7,A11,B16,extension_frozen,pair,K13,O7,100,100,200,0.0,250
12,G,3,G3,55,28,I15,F10,extension_frozen,pair,L17,A11,100,100,200,0.0,192
12,G,4,G4,19,89,C15,P12,extension_frozen,pair,D3,J3,100,100,200,0.0,197
12,G,5,G5,5,95,A11,P24,extension_frozen,pair,J20,I19,100,100,200,0.0,249
12,G,6,G6,71,4,K23,B10,extension_frozen,pair,B15,H5,100,100,200,0.0,294
12,G,7,G7,23,36,C23,H2,extension_frozen,pair,B16,G7,100,100,200,0.0,190
12,G,8,G8,44,61,G17,L4,extension_frozen,pair,O7,H21,100,100,200,0.0,240
12,G,9,G9,23,19,C23,D16,extension_frozen,pair,M17,P21,100,100,200,0.0,121
12,G,10,G10,79,66,M15,L14,extension_frozen,pair,O19,B2,100,100,200,0.0,35
12,G,11,G11,50,36,I5,H2,extension_frozen,pair,A5,F13,100,100,200,0.0,236
12,G,12,G12,87,72,O7,N2,extension_frozen,pair,G1,L9,100,100,200,0.0,46
12,G,13,G13,94,48,O21,J2,extension_frozen,pair,F20,N3,100,100,200,0.0,256
12,G,14,G14,91,37,O15,H4,extension_frozen,pair,F18,F17,100,100,200,0.0,307
12,G,15,G15,90,39,O13,H8,extension_frozen,pair,P14,P19,100,100,200,0.0,190
12,G,16,G16,49,27,I3,F8,extension_frozen,pair,G14,C18,100,100,200,0.0,19
12,G,17,G17,61,57,K3,J20,extension_frozen,pair,B10,L7,100,100,200,0.0,253
12,G,18,G18,77,64,M11,L10,extension_frozen,pair,P18,P14,100,100,200,0.0,217
12,G,19,G19,13,32,C3,F18,extension_frozen,pair,M10,H14,100,100,200,0.0,302
12,G,20,G20,7,73,A15,N4,extension_frozen,pair,O17,O12,100,100,200,0.0,211
12,G,21,G21,41,8,G11,B18,extension_frozen,pair,K2,B12,100,100,200,0.0,156
12,G,22,G22,49,57,I3,J20,extension_frozen,pair,B20,J24,100,100,200,0.0,348
12,G,23,G23,72,77,M1,N12,extension_frozen,pair,P1,N8,100,100,200,0.0,232
12,H,2,H2,35,54,E23,J14,extension_frozen,pair,C11,B7,100,100,200,0.0,164
12,H,3,H3,62,19,K5,D16,extension_frozen,pair,B7,A11,100,100,200,0.0,214
12,H,4,H4,40,24,G9,F2,extension_frozen,pair,P5,I18,100,100,200,0.0,232
12,H,5,H5,90,23,O13,D24,extension_frozen,pair,H15,I15,100,100,200,0.0,129
12,H,6,H6,15,69,C7,L20,extension_frozen,pair,P23,E15,100,100,200,0.0,300
12,H,7,H7,73,32,M3,F18,extension_frozen,pair,G6,N23,100,100,200,0.0,210
12,H,8,H8,24,11,E1,B24,extension_frozen,pair,A21,I16,100,100,200,0.0,236
12,H,9,H9,38,32,G5,F18,extension_frozen,pair,L7,D3,100,100,200,0.0,188
12,H,10,H10,72,24,M1,F2,extension_frozen,pair,C8,N3,100,100,200,0.0,209
12,H,11,H11,59,84,I23,P2,extension_frozen,pair,I7,N14,100,100,200,0.0,305
12,H,12,H12,36,51,G1,J8,extension_frozen,pair,M1,G2,100,100,200,0.0,248
12,H,13,H13,21,53,C19,J12,extension_frozen,pair,D10,P2,100,100,200,0.0,232
12,H,14,H14,26,25,E5,F4,extension_frozen,pair,E17,O1,100,100,200,0.0,95
12,H,15,H15,91,81,O15,N20,extension_frozen,pair,M15,B22,100,100,200,0.0,201
12,H,16,H16,29,38,E11,H6,extension_frozen,pair,E4,D11,100,100,200,0.0,15
12,H,17,H17,37,38,G3,H6,extension_frozen,pair,E20,P24,100,100,200,0.0,16
12,H,18,H18,79,31,M15,F16,extension_frozen,pair,J13,B9,100,100,200,0.0,180
12,H,19,H19,2,7,A5,B16,extension_frozen,pair,M16,L22,100,100,200,0.0,215
12,H,20,H20,27,15,E7,D8,extension_frozen,pair,P7,N12,100,100,200,0.0,337
12,H,21,H21,69,85,K19,P4,extension_frozen,pair,N17,L10,100,100,200,0.0,250
12,H,22,H22,32,14,E17,D6,extension_frozen,pair,N12,B24,100,100,200,0.0,323
12,H,23,H23,9,87,A19,P8,extension_frozen,pair,G2,P24,100,100,200,0.0,305
12,I,2,I2,90,7,O13,B16,extension_frozen,pair,O8,B2,100,100,200,0.0,303
12,I,3,I3,91,16,O15,D10,extension_frozen,pair,J23,E5,100,100,200,0.0,59
12,I,4,I4,42,55,G13,J16,extension_frozen,pair,J18,P4,100,100,200,0.0,38
12,I,5,I5,56,6,I17,B14,extension_frozen,pair,O20,D21,100,100,200,0.0,243
12,I,6,I6,90,19,O13,D16,extension_frozen,pair,J17,F5,100,100,200,0.0,20
12,I,7,I7,37,42,G3,H14,extension_frozen,pair,D21,A3,100,100,200,0.0,198
12,I,8,I8,94,47,O21,H24,extension_frozen,pair,P15,L4,100,100,200,0.0,179
12,I,9,I9,53,36,I11,H2,extension_frozen,pair,B5,H2,100,100,200,0.0,210
12,I,10,I10,8,89,A17,P12,extension_frozen,pair,F19,B21,100,100,200,0.0,198
12,I,11,I11,72,36,M1,H2,extension_frozen,pair,D2,E1,100,100,200,0.0,259
12,I,12,I12,82,35,M21,F24,extension_frozen,pair,E2,H8,100,100,200,0.0,28
12,I,13,I13,10,16,A21,D10,extension_frozen,pair,D17,J21,100,100,200,0.0,90
12,I,14,I14,36,74,G1,N6,extension_frozen,pair,M15,J16,100,100,200,0.0,121
12,I,15,I15,50,87,I5,P8,extension_frozen,pair,N8,G10,100,100,200,0.0,49
12,I,16,I16,84,57,O1,J20,extension_frozen,pair,J15,N11,100,100,200,0.0,27
12,I,17,I17,1,71,A3,L24,extension_frozen,pair,H5,I9,100,100,200,0.0,308
12,I,18,I18,46,79,G21,N16,extension_frozen,pair,H20,E1,100,100,200,0.0,258
12,I,19,I19,44,66,G17,L14,extension_frozen,pair,O6,F16,100,100,200,0.0,253
12,I,20,I20,0,12,A1,D2,extension_frozen,pair,M24,H16,100,100,200,0.0,264
12,I,21,I21,32,21,E17,D20,extension_frozen,pair,L9,N19,100,100,200,0.0,42
12,I,22,I22,6,40,A13,H10,extension_frozen,pair,E20,N7,100,100,200,0.0,16
12,I,23,I23,26,92,E5,P18,extension_frozen,pair,P10,G10,100,100,200,0.0,332
12,J,2,J2,8,27,A17,F8,extension_frozen,pair,E14,I17,100,100,200,0.0,238
12,J,3,J3,23,0,C23,B2,extension_frozen,pair,F23,C22,100,100,200,0.0,242
12,J,4,J4,83,6,M23,B14,extension_frozen,pair,M19,O12,100,100,200,0.0,185
12,J,5,J5,77,80,M11,N18,extension_frozen,pair,O6,A3,100,100,200,0.0,193
12,J,6,J6,61,1,K3,B4,extension_frozen,pair,F4,O8,100,100,200,0.0,277
12,J,7,J7,48,23,I1,D24,extension_frozen,pair,N3,G18,100,100,200,0.0,131
12,J,8,J8,90,53,O13,J12,extension_frozen,pair,G21,C16,100,100,200,0.0,197
12,J,9,J9,54,19,I13,D16,extension_frozen,pair,O15,D16,100,100,200,0.0,309
12,J,10,J10,89,4,O11,B10,extension_frozen,pair,N23,A23,100,100,200,0.0,200
12,J,11,J11,85,0,O3,B2,extension_frozen,pair,P12,O19,100,100,200,0.0,344
12,J,12,J12,2,49,A5,J4,extension_frozen,pair,M18,L5,100,100,200,0.0,315
12,J,13,J13,6,76,A13,N10,extension_frozen,pair,G18,J10,100,100,200,0.0,252
12,J,14,J14,60,72,K1,N2,extension_frozen,pair,O24,F2,100,100,200,0.0,266
12,J,15,J15,8,85,A17,P4,extension_frozen,pair,K24,I6,100,100,200,0.0,581
12,J,16,J16,4,66,A9,L14,extension_frozen,pair,G13,C24,100,100,200,0.0,36
12,J,17,J17,33,39,E19,H8,extension_frozen,pair,M24,N24,100,100,200,0.0,364
12,J,18,J18,83,45,M23,H20,extension_frozen,pair,F16,G1,100,100,200,0.0,214
12,J,19,J19,65,37,K11,H4,extension_frozen,pair,H17,I24,100,100,200,0.0,172
12,J,20,J20,46,94,G21,P22,extension_frozen,pair,G3,F23,100,100,200,0.0,214
12,J,21,J21,11,65,A23,L12,extension_frozen,pair,L2,G24,100,100,200,0.0,18
12,J,22,J22,60,58,K1,J22,extension_frozen,pair,M5,P13,100,100,200,0.0,296
12,J,23,J23,8,17,A17,D12,extension_frozen,pair,P11,P12,100,100,200,0.0,351
12,K,2,K2,35,58,E23,J22,extension_frozen,pair,P17,A3,100,100,200,0.0,221
12,K,3,K3,28,88,E9,P10,extension_frozen,pair,B15,N20,100,100,200,0.0,44
12,K,4,K4,5,84,A11,P2,extension_frozen,pair,E8,N6,100,100,200,0.0,48
12,K,5,K5,30,40,E13,H10,extension_frozen,pair,K9,B1,100,100,200,0.0,308
12,K,6,K6,57,50,I19,J6,extension_frozen,pair,O21,H13,100,100,200,0.0,39
12,K,7,K7,27,72,E7,N2,extension_frozen,pair,O17,I21,100,100,200,0.0,273
12,K,8,K8,84,42,O1,H14,extension_frozen,pair,N3,K12,100,100,200,0.0,317
12,K,9,K9,47,0,G23,B2,extension_frozen,pair,C24,L8,100,100,200,0.0,194
12,K,10,K10,26,62,E5,L6,extension_frozen,pair,C4,H5,100,100,200,0.0,279
12,K,11,K11,53,32,I11,F18,extension_frozen,pair,J16,E10,100,100,200,0.0,24
12,K,12,K12,82,78,M21,N14,extension_frozen,pair,J9,J2,100,100,200,0.0,237
12,K,13,K13,71,56,K23,J18,extension_frozen,pair,J18,L12,100,100,200,0.0,299
12,K,14,K14,79,9,M15,B20,extension_frozen,pair,O20,J11,100,100,200,0.0,133
12,K,15,K15,40,34,G9,F22,extension_frozen,pair,M9,J20,100,100,200,0.0,184
12,K,16,K16,71,94,K23,P22,extension_frozen,pair,C5,F9,100,100,200,0.0,18
12,K,17,K17,57,8,I19,B18,extension_frozen,pair,C9,L17,100,100,200,0.0,47
12,K,18,K18,58,40,I21,H10,extension_frozen,pair,G21,K11,100,100,200,0.0,43
12,K,19,K19,92,43,O17,H16,extension_frozen,pair,P21,O2,100,100,200,0.0,275
12,K,20,K20,69,49,K19,J4,extension_frozen,pair,I5,L12,100,100,200,0.0,299
12,K,21,K21,19,28,C15,F10,extension_frozen,pair,J13,M5,100,100,200,0.0,266
12,K,22,K22,48,25,I1,F4,extension_frozen,pair,E17,P5,100,100,200,0.0,208
12,K,23,K23,20,29,C17,F12,extension_frozen,pair,H17,J5,100,100,200,0.0,191
12,L,2,L2,79,30,M15,F14,extension_frozen,pair,J11,D10,100,100,200,0.0,221
12,L,3,L3,9,53,A19,J12,extension_frozen,pair,E13,L23,100,100,200,0.0,127
12,L,4,L4,70,61,K21,L4,extension_frozen,pair,A22,L1,100,100,200,0.0,149
12,L,5,L5,56,14,I17,D6,extension_frozen,pair,O19,L16,100,100,200,0.0,251
12,L,6,L6,95,71,O23,L24,extension_frozen,pair,K7,K8,100,100,200,0.0,232
12,L,7,L7,55,87,I15,P8,extension_frozen,pair,G22,P4,100,100,200,0.0,170
12,L,8,L8,49,34,I3,F22,extension_frozen,pair,C3,D22,100,100,200,0.0,259
12,L,9,L9,51,40,I7,H10,extension_frozen,pair,G6,A17,100,100,200,0.0,303
12,L,10,L10,75,53,M7,J12,extension_frozen,pair,A23,B6,100,100,200,0.0,251
12,L,11,L11,67,57,K15,J20,extension_frozen,pair,J7,D10,100,100,200,0.0,215
12,L,12,L12,57,59,I19,J24,extension_frozen,pair,C7,I6,100,100,200,0.0,93
12,L,13,L13,44,1,G17,B4,extension_frozen,pair,G11,H22,100,100,200,0.0,292
12,L,14,L14,29,6,E11,B14,extension_frozen,pair,K15,I2,100,100,200,0.0,15
12,L,15,L15,44,60,G17,L2,extension_frozen,pair,N19,G15,100,100,200,0.0,19
12,L,16,L16,1,37,A3,H4,extension_frozen,pair,M4,P18,100,100,200,0.0,345
12,L,17,L17,47,72,G23,N2,extension_frozen,pair,E11,N7,100,100,200,0.0,201
12,L,18,L18,24,61,E1,L4,extension_frozen,pair,C10,N11,100,100,200,0.0,187
12,L,19,L19,67,60,K15,L2,extension_frozen,pair,F4,L15,100,100,200,0.0,256
12,L,20,L20,53,78,I11,N14,extension_frozen,pair,J21,D4,100,100,200,0.0,192
12,L,21,L21,15,27,C7,F8,extension_frozen,pair,D15,F19,100,100,200,0.0,121
12,L,22,L22,15,36,C7,H2,extension_frozen,pair,F1,M2,100,100,200,0.0,33
12,L,23,L23,25,0,E3,B2,extension_frozen,pair,C6,J23,100,100,200,0.0,70
12,M,2,M2,12,1,C1,B4,extension_frozen,pair,C20,C16,100,100,200,0.0,263
12,M,3,M3,59,37,I23,H4,extension_frozen,pair,M10,N18,100,100,200,0.0,55
12,M,4,M4,26,6,E5,B14,extension_frozen,pair,I22,O17,100,100,200,0.0,243
12,M,5,M5,2,91,A5,P16,extension_frozen,pair,L17,L24,100,100,200,0.0,183
12,M,6,M6,72,54,M1,J14,extension_frozen,pair,C11,L21,100,100,200,0.0,166
12,M,7,M7,26,8,E5,B18,extension_frozen,pair,G9,P14,100,100,200,0.0,308
12,M,8,M8,51,16,I7,D10,extension_frozen,pair,G13,K8,100,100,200,0.0,90
12,M,9,M9,3,10,A7,B22,extension_frozen,pair,H2,G16,100,100,200,0.0,258
12,M,10,M10,75,74,M7,N6,extension_frozen,pair,N1,G5,100,100,200,0.0,41
12,M,11,M11,35,60,E23,L2,extension_frozen,pair,H9,G12,100,100,200,0.0,303
12,M,12,M12,45,21,G19,D20,extension_frozen,pair,O6,A11,100,100,200,0.0,279
12,M,13,M13,35,76,E23,N10,extension_frozen,pair,N8,E9,100,100,200,0.0,261
12,M,14,M14,94,57,O21,J20,extension_frozen,pair,K15,J6,100,100,200,0.0,300
12,M,15,M15,23,57,C23,J20,extension_frozen,pair,P10,P2,100,100,200,0.0,247
12,M,16,M16,66,49,K13,J4,extension_frozen,pair,I9,K11,100,100,200,0.0,252
12,M,17,M17,9,47,A19,H24,extension_frozen,pair,M4,C24,100,100,200,0.0,292
12,M,18,M18,48,21,I1,D20,extension_frozen,pair,E21,E7,100,100,200,0.0,232
12,M,19,M19,18,91,C13,P16,extension_frozen,pair,P20,E18,100,100,200,0.0,49
12,M,20,M20,49,60,I3,L2,extension_frozen,pair,J12,G22,100,100,200,0.0,147
12,M,21,M21,59,82,I23,N22,extension_frozen,pair,C9,L3,100,100,200,0.0,263
12,M,22,M22,79,76,M15,N10,extension_frozen,pair,L2,P16,100,100,200,0.0,260
12,M,23,M23,60,76,K1,N10,extension_frozen,pair,I5,M5,100,100,200,0.0,300
12,N,2,N2,67,78,K15,N14,extension_frozen,pair,C23,M3,100,100,200,0.0,142
12,N,3,N3,10,17,A21,D12,extension_frozen,pair,C24,J2,100,100,200,0.0,233
12,N,4,N4,2,42,A5,H14,extension_frozen,pair,A5,B24,100,100,200,0.0,203
12,N,5,N5,30,34,E13,F22,extension_frozen,pair,A7,L24,100,100,200,0.0,235
12,N,6,N6,78,14,M13,D6,extension_frozen,pair,E18,M3,100,100,200,0.0,143
12,N,7,N7,36,73,G1,N4,extension_frozen,pair,J19,K8,100,100,200,0.0,234
12,N,8,N8,68,21,K17,D20,extension_frozen,pair,I23,P20,100,100,200,0.0,257
12,N,9,N9,2,0,A5,B2,extension_frozen,pair,F10,D11,100,100,200,0.0,276
12,N,10,N10,72,91,M1,P16,extension_frozen,pair,E10,K6,100,100,200,0.0,262
12,N,11,N11,38,52,G5,J10,extension_frozen,pair,O10,E15,100,100,200,0.0,267
12,N,12,N12,60,32,K1,F18,extension_frozen,pair,C5,L5,100,100,200,0.0,264
12,N,13,N13,89,28,O11,F10,extension_frozen,pair,D5,E4,100,100,200,0.0,189
12,N,14,N14,49,48,I3,J2,extension_frozen,pair,D2,I4,100,100,200,0.0,229
12,N,15,N15,45,62,G19,L6,extension_frozen,pair,D5,N7,100,100,200,0.0,118
12,N,16,N16,49,81,I3,N20,extension_frozen,pair,F17,A18,100,100,200,0.0,301
12,N,17,N17,49,61,I3,L4,extension_frozen,pair,K8,F18,100,100,200,0.0,284
12,N,18,N18,42,2,G13,B6,extension_frozen,pair,K15,H22,100,100,200,0.0,250
12,N,19,N19,13,54,C3,J14,extension_frozen,pair,A17,P8,100,100,200,0.0,354
12,N,20,N20,57,2,I19,B6,extension_frozen,pair,H14,B13,100,100,200,0.0,65
12,N,21,N21,61,40,K3,H10,extension_frozen,pair,O10,M6,100,100,200,0.0,22
12,N,22,N22,95,70,O23,L22,extension_frozen,pair,O6,P13,100,100,200,0.0,20
12,N,23,N23,24,10,E1,B22,extension_frozen,pair,K16,I11,100,100,200,0.0,18
12,O,2,O2,59,3,I23,B8,extension_frozen,pair,D3,F22,100,100,200,0.0,302
12,O,3,O3,0,66,A1,L14,extension_frozen,pair,H1,L9,100,100,200,0.0,302
12,O,4,O4,34,10,E21,B22,extension_frozen,pair,G17,A16,100,100,200,0.0,239
12,O,5,O5,94,21,O21,D20,extension_frozen,pair,K9,J4,100,100,200,0.0,308
12,O,6,O6,12,37,C1,H4,extension_frozen,pair,D11,A2,100,100,200,0.0,59
12,O,7,O7,50,73,I5,N4,extension_frozen,pair,K16,O13,100,100,200,0.0,48
12,O,8,O8,72,8,M1,B18,extension_frozen,pair,I10,M7,100,100,200,0.0,93
12,O,9,O9,87,65,O7,L12,extension_frozen,pair,D9,N17,100,100,200,0.0,226
12,O,10,O10,11,18,A23,D14,extension_frozen,pair,B18,C20,100,100,200,0.0,184
12,O,11,O11,93,85,O19,P4,extension_frozen,pair,L2,H20,100,100,200,0.0,231
12,O,12,O12,42,30,G13,F14,extension_frozen,pair,D6,C8,100,100,200,0.0,181
12,O,13,O13,65,32,K11,F18,extension_frozen,pair,F3,C6,100,100,200,0.0,207
12,O,14,O14,16,55,C9,J16,extension_frozen,pair,F10,N1,100,100,200,0.0,360
12,O,15,O15,12,51,C1,J8,extension_frozen,pair,P7,A24,100,100,200,0.0,210
12,O,16,O16,88,35,O9,F24,extension_frozen,pair,N22,N24,100,100,200,0.0,366
12,O,17,O17,27,57,E7,J20,extension_frozen,pair,F21,O21,100,100,200,0.0,115
12,O,18,O18,47,59,G23,J24,extension_frozen,pair,L19,M13,100,100,200,0.0,238
12,O,19,O19,43,32,G15,F18,extension_frozen,pair,O3,C9,100,100,200,0.0,188
12,O,20,O20,93,59,O19,J24,extension_frozen,pair,A6,N23,100,100,200,0.0,194
12,O,21,O21,14,10,C5,B22,extension_frozen,pair,M2,O15,100,100,200,0.0,41
12,O,22,O22,35,45,E23,H20,extension_frozen,pair,J12,C22,100,100,200,0.0,45
12,O,23,O23,45,81,G19,N20,extension_frozen,pair,A23,D14,100,100,200,0.0,245
13,B,2,B2,19,24,C15,F2,extension_frozen,pair,M17,P5,100,100,200,0.0,41
13,B,3,B3,34,56,E21,J18,extension_frozen,pair,F15,J11,100,100,200,0.0,188
13,B,4,B4,88,87,O9,P8,extension_frozen,pair,C3,N20,100,100,200,0.0,179
13,B,5,B5,18,77,C13,N12,extension_frozen,pair,N10,E8,100,100,200,0.0,355
13,B,6,B6,84,29,O1,F12,extension_frozen,pair,J9,L7,100,100,200,0.0,172
13,B,7,B7,2,30,A5,F14,extension_frozen,pair,F18,A23,100,100,200,0.0,114
13,B,8,B8,3,69,A7,L20,extension_frozen,pair,A13,H11,100,100,200,0.0,194
13,B,9,B9,13,91,C3,P16,extension_frozen,pair,K3,C19,100,100,200,0.0,239
13,B,10,B10,45,47,G19,H24,extension_frozen,pair,H4,D1,100,100,200,0.0,69
13,B,11,B11,57,90,I19,P14,extension_frozen,pair,L10,I4,100,100,200,0.0,192
13,B,12,B12,80,79,M17,N16,extension_frozen,pair,F21,H10,100,100,200,0.0,216
13,B,13,B13,5,89,A11,P12,extension_frozen,pair,N4,O24,100,100,200,0.0,253
13,B,14,B14,86,39,O5,H8,extension_frozen,pair,O12,N14,100,100,200,0.0,303
13,B,15,B15,16,0,C9,B2,extension_frozen,pair,F15,F20,100,100,200,0.0,271
13,B,16,B16,90,44,O13,H18,extension_frozen,pair,I19,K12,100,100,200,0.0,284
13,B,17,B17,59,60,I23,L2,extension_frozen,pair,I4,H7,100,100,200,0.0,280
13,B,18,B18,72,19,M1,D16,extension_frozen,pair,N15,G20,100,100,200,0.0,142
13,B,19,B19,7,65,A15,L12,extension_frozen,pair,C2,L24,100,100,200,0.0,205
13,B,20,B20,10,57,A21,J20,extension_frozen,pair,C18,M5,100,100,200,0.0,166
13,B,21,B21,91,55,O15,J16,extension_frozen,pair,L12,D6,100,100,200,0.0,253
13,B,22,B22,51,65,I7,L12,extension_frozen,pair,A22,H3,100,100,200,0.0,196
13,B,23,B23,69,83,K19,N24,extension_frozen,pair,P22,B22,100,100,200,0.0,153
13,C,2,C2,47,41,G23,H12,extension_frozen,pair,M5,N10,100,100,200,0.0,349
13,C,3,C3,35,52,E23,J10,extension_frozen,pair,J23,P16,100,100,200,0.0,72
13,C,4,C4,92,22,O17,D22,extension_frozen,pair,D20,H16,100,100,200,0.0,324
13,C,5,C5,55,85,I15,P4,extension_frozen,pair,M24,H6,100,100,200,0.0,223
13,C,6,C6,22,2,C21,B6,extension_frozen,pair,O12,J10,100,100,200,0.0,258
13,C,7,C7,3,60,A7,L2,extension_frozen,pair,L9,B18,100,100,200,0.0,185
13,C,8,C8,84,10,O1,B22,extension_frozen,pair,P19,G7,100,100,200,0.0,195
13,C,9,C9,13,53,C3,J12,extension_frozen,pair,H19,L19,100,100,200,0.0,31
13,C,10,C10,51,56,I7,J18,extension_frozen,pair,N21,B6,100,100,200,0.0,144
13,C,11,C11,28,95,E9,P24,extension_frozen,pair,L24,G14,100,100,200,0.0,109
13,C,12,C12,42,21,G13,D20,extension_frozen,pair,J8,C1,100,100,200,0.0,264
13,C,13,C13,58,26,I21,F6,extension_frozen,pair,A2,O19,100,100,200,0.0,55
13,C,14,C14,5,45,A11,H20,extension_frozen,pair,I6,L23,100,100,200,0.0,250
13,C,15,C15,61,45,K3,H20,extension_frozen,pair,B4,O19,100,100,200,0.0,21
13,C,16,C16,86,16,O5,D10,extension_frozen,pair,E1,I14,100,100,200,0.0,256
13,C,17,C17,60,5,K1,B12,extension_frozen,pair,P17,L3,100,100,200,0.0,235
13,C,18,C18,24,25,E1,F4,extension_frozen,pair,D16,L8,100,100,200,0.0,295
13,C,19,C19,4,73,A9,N4,extension_frozen,pair,A5,I20,100,100,200,0.0,195
13,C,20,C20,63,25,K7,F4,extension_frozen,pair,O11,K8,100,100,200,0.0,239
13,C,21,C21,27,23,E7,D24,extension_frozen,pair,J24,K19,100,100,200,0.0,339
13,C,22,C22,13,34,C3,F22,extension_frozen,pair,D21,J12,100,100,200,0.0,39
13,C,23,C23,87,64,O7,L10,extension_frozen,pair,B21,C7,100,100,200,0.0,171
13,D,2,D2,55,52,I15,J10,extension_frozen,pair,F5,O13,100,100,200,0.0,34
13,D,3,D3,68,35,K17,F24,extension_frozen,pair,L10,A9,100,100,200,0.0,45
13,D,4,D4,23,67,C23,L16,extension_frozen,pair,E5,C13,100,100,200,0.0,197
13,D,5,D5,8,70,A17,L22,extension_frozen,pair,G5,J16,100,100,200,0.0,23
13,D,6,D6,55,59,I15,J24,extension_frozen,pair,J2,B12,100,100,200,0.0,145
13,D,7,D7,56,36,I17,H2,extension_frozen,pair,D12,M9,100,100,200,0.0,97
13,D,8,D8,17,5,C11,B12,extension_frozen,pair,M19,H24,100,100,200,0.0,197
13,D,9,D9,62,28,K5,F10,extension_frozen,pair,E6,G12,100,100,200,0.0,311
13,D,10,D10,78,6,M13,B14,extension_frozen,pair,H15,O18,100,100,200,0.0,135
13,D,11,D11,61,15,K3,D8,extension_frozen,pair,M11,N9,100,100,200,0.0,179
13,D,12,D12,86,83,O5,N24,extension_frozen,pair,E15,P4,100,100,200,0.0,255
13,D,13,D13,83,36,M23,H2,extension_frozen,pair,D15,E4,100,100,200,0.0,34
13,D,14,D14,85,6,O3,B14,extension_frozen,pair,E23,L9,100,100,200,0.0,42
13,D,15,D15,46,84,G21,P2,extension_frozen,pair,L20,I16,100,100,200,0.0,100
13,D,16,D16,44,6,G17,B14,extension_frozen,pair,C14,O4,100,100,200,0.0,238
13,D,17,D17,25,53,E3,J12,extension_frozen,pair,N22,B4,100,100,200,0.0,191
13,D,18,D18,86,41,O5,H12,extension_frozen,pair,P1,C15,100,100,200,0.0,108
13,D,19,D19,21,90,C19,P14,extension_frozen,pair,E15,I18,100,100,200,0.0,264
13,D,20,D20,52,74,I9,N6,extension_frozen,pair,P4,P7,100,100,200,0.0,290
13,D,21,D21,68,80,K17,N18,extension_frozen,pair,M12,B8,100,100,200,0.0,48
13,D,22,D22,45,9,G19,B20,extension_frozen,pair,L4,N1,100,100,200,0.0,301
13,D,23,D23,61,21,K3,D20,extension_frozen,pair,M11,F10,100,100,200,0.0,332
13,E,2,E2,11,76,A23,N10,extension_frozen,pair,D19,G8,100,100,200,0.0,67
13,E,3,E3,32,60,E17,L2,extension_frozen,pair,O18,P5,100,100,200,0.0,135
13,E,4,E4,12,17,C1,D12,extension_frozen,pair,K13,K2,100,100,200,0.0,297
13,E,5,E5,87,59,O7,J24,extension_frozen,pair,K17,E23,100,100,200,0.0,41
13,E,6,E6,40,79,G9,N16,extension_frozen,pair,A5,G13,100,100,200,0.0,99
13,E,7,E7,61,55,K3,J16,extension_frozen,pair,J1,I17,100,100,200,0.0,109
13,E,8,E8,39,2,G7,B6,extension_frozen,pair,B3,N9,100,100,200,0.0,304
13,E,9,E9,46,54,G21,J14,extension_frozen,pair,A13,F20,100,100,200,0.0,259
13,E,10,E10,24,1,E1,B4,extension_frozen,pair,B10,J9,100,100,200,0.0,262
13,E,11,E11,0,20,A1,D18,extension_frozen,pair,D5,D7,100,100,200,0.0,335
13,E,12,E12,0,4,A1,B10,extension_frozen,pair,P6,N20,100,100,200,0.0,193
13,E,13,E13,20,14,C17,D6,extension_frozen,pair,D12,M19,100,100,200,0.0,42
13,E,14,E14,9,90,A19,P14,extension_frozen,pair,K15,E21,100,100,200,0.0,304
13,E,15,E15,33,92,E19,P18,extension_frozen,pair,D3,N24,100,100,200,0.0,248
13,E,16,E16,76,66,M9,L14,extension_frozen,pair,P18,C12,100,100,200,0.0,191
13,E,17,E17,28,77,E9,N12,extension_frozen,pair,M23,D7,100,100,200,0.0,316
13,E,18,E18,50,10,I5,B22,extension_frozen,pair,P16,E7,100,100,200,0.0,200
13,E,19,E19,46,12,G21,D2,extension_frozen,pair,I7,C23,100,100,200,0.0,304
13,E,20,E20,6,62,A13,L6,extension_frozen,pair,B19,L7,100,100,200,0.0,258
13,E,21,E21,2,20,A5,D18,extension_frozen,pair,N11,J17,100,100,200,0.0,23
13,E,22,E22,37,2,G3,B6,extension_frozen,pair,G21,M16,100,100,200,0.0,234
13,E,23,E23,52,26,I9,F6,extension_frozen,pair,F2,H6,100,100,200,0.0,263
13,F,2,F2,62,61,K5,L4,extension_frozen,pair,D21,L11,100,100,200,0.0,42
13,F,3,F3,29,1,E11,B4,extension_frozen,pair,A13,J17,100,100,200,0.0,15
13,F,4,F4,43,22,G15,D22,extension_frozen,pair,H9,H20,100,100,200,0.0,198
13,F,5,F5,16,58,C9,J22,extension_frozen,pair,K1,N13,100,100,200,0.0,28
13,F,6,F6,1,16,A3,D10,extension_frozen,pair,A21,I23,100,100,200,0.0,190
13,F,7,F7,29,64,E11,L10,extension_frozen,pair,D22,M21,100,100,200,0.0,259
13,F,8,F8,47,57,G23,J20,extension_frozen,pair,P11,N15,100,100,200,0.0,147
13,F,9,F9,63,41,K7,H12,extension_frozen,pair,J18,M19,100,100,200,0.0,141
13,F,10,F10,24,18,E1,D14,extension_frozen,pair,A20,G24,100,100,200,0.0,127
13,F,11,F11,39,40,G7,H10,extension_frozen,pair,J16,J20,100,100,200,0.0,25
13,F,12,F12,4,9,A9,B20,extension_frozen,pair,K5,F22,100,100,200,0.0,279
13,F,13,F13,7,16,A15,D10,extension_frozen,pair,A20,H18,100,100,200,0.0,15
13,F,14,F14,30,37,E13,H4,extension_frozen,pair,C10,H2,100,100,200,0.0,196
13,F,15,F15,30,86,E13,P6,extension_frozen,pair,K22,A12,100,100,200,0.0,20
13,F,16,F16,23,29,C23,F12,extension_frozen,pair,J16,K23,100,100,200,0.0,208
13,F,17,F17,2,48,A5,J2,extension_frozen,pair,J6,G1,100,100,200,0.0,258
13,F,18,F18,45,74,G19,N6,extension_frozen,pair,M6,H14,100,100,200,0.0,305
13,F,19,F19,73,47,M3,H24,extension_frozen,pair,P3,E13,100,100,200,0.0,115
13,F,20,F20,95,25,O23,F4,extension_frozen,pair,O14,K23,100,100,200,0.0,291
13,F,21,F21,16,2,C9,B6,extension_frozen,pair,F9,N15,100,100,200,0.0,180
13,F,22,F22,58,85,I21,P4,extension_frozen,pair,O12,C20,100,100,200,0.0,202
13,F,23,F23,85,16,O3,D10,extension_frozen,pair,O2,K6,100,100,200,0.0,272
13,G,2,G2,85,36,O3,H2,extension_frozen,pair,F8,N21,100,100,200,0.0,26
13,G,3,G3,16,81,C9,N20,extension_frozen,pair,A24,J9,100,100,200,0.0,138
13,G,4,G4,41,50,G11,J6,extension_frozen,pair,N12,B17,100,100,200,0.0,351
13,G,5,G5,45,10,G19,B22,extension_frozen,pair,K8,L23,100,100,200,0.0,188
13,G,6,G6,67,3,K15,B8,extension_frozen,pair,P24,C3,100,100,200,0.0,189
13,G,7,G7,16,69,C9,L20,extension_frozen,pair,L8,D24,100,100,200,0.0,234
13,G,8,G8,5,53,A11,J12,extension_frozen,pair,J19,K1,100,100,200,0.0,192
13,G,9,G9,75,14,M7,D6,extension_frozen,pair,E5,A15,100,100,200,0.0,196
13,G,10,G10,42,68,G13,L18,extension_frozen,pair,J20,P16,100,100,200,0.0,261
13,G,11,G11,80,15,M17,D8,extension_frozen,pair,N11,A22,100,100,200,0.0,142
13,G,12,G12,24,56,E1,J18,extension_frozen,pair,I13,P8,100,100,200,0.0,345
13,G,13,G13,3,80,A7,N18,extension_frozen,pair,O3,H24,100,100,200,0.0,295
13,G,14,G14,65,40,K11,H10,extension_frozen,pair,I18,A10,100,100,200,0.0,319
13,G,15,G15,62,38,K5,H6,extension_frozen,pair,J24,B17,100,100,200,0.0,330
13,G,16,G16,5,33,A11,F20,extension_frozen,pair,B3,F13,100,100,200,0.0,45
13,G,17,G17,5,10,A11,B22,extension_frozen,pair,H17,C11,100,100,200,0.0,172
13,G,18,G18,0,37,A1,H4,extension_frozen,pair,J19,H6,100,100,200,0.0,222
13,G,19,G19,68,0,K17,B2,extension_frozen,pair,I7,O2,100,100,200,0.0,273
13,G,20,G20,30,41,E13,H12,extension_frozen,pair,F19,C17,100,100,200,0.0,191
13,G,21,G21,44,28,G17,F10,extension_frozen,pair,J21,F23,100,100,200,0.0,172
13,G,22,G22,52,95,I9,P24,extension_frozen,pair,G2,L11,100,100,200,0.0,302
13,G,23,G23,27,25,E7,F4,extension_frozen,pair,D3,O19,100,100,200,0.0,133
13,H,2,H2,68,42,K17,H14,extension_frozen,pair,M20,D11,100,100,200,0.0,191
13,H,3,H3,19,34,C15,F22,extension_frozen,pair,O17,E5,100,100,200,0.0,208
13,H,4,H4,42,40,G13,H10,extension_frozen,pair,E7,K1,100,100,200,0.0,95
13,H,5,H5,87,71,O7,L24,extension_frozen,pair,P2,G15,100,100,200,0.0,190
13,H,6,H6,20,41,C17,H12,extension_frozen,pair,C1,L13,100,100,200,0.0,297
13,H,7,H7,52,57,I9,J20,extension_frozen,pair,P4,A20,100,100,200,0.0,52
13,H,8,H8,87,36,O7,H2,extension_frozen,pair,B9,E21,100,100,200,0.0,285
13,H,9,H9,56,20,I17,D18,extension_frozen,pair,I15,N21,100,100,200,0.0,145
13,H,10,H10,85,68,O3,L18,extension_frozen,pair,J19,B6,100,100,200,0.0,190
13,H,11,H11,73,94,M3,P22,extension_frozen,pair,C9,D5,100,100,200,0.0,143
13,H,12,H12,78,12,M13,D2,extension_frozen,pair,G19,C23,100,100,200,0.0,228
13,H,13,H13,92,81,O17,N20,extension_frozen,pair,K14,A5,100,100,200,0.0,264
13,H,14,H14,16,18,C9,D14,extension_frozen,pair,N13,M9,100,100,200,0.0,172
13,H,15,H15,86,90,O5,P14,extension_frozen,pair,F14,G12,100,100,200,0.0,264
13,H,16,H16,27,45,E7,H20,extension_frozen,pair,N9,B17,100,100,200,0.0,57
13,H,17,H17,72,75,M1,N8,extension_frozen,pair,F3,D10,100,100,200,0.0,257
13,H,18,H18,72,74,M1,N6,extension_frozen,pair,N11,N19,100,100,200,0.0,37
13,H,19,H19,23,76,C23,N10,extension_frozen,pair,J4,D9,100,100,200,0.0,306
13,H,20,H20,82,40,M21,H10,extension_frozen,pair,E6,K4,100,100,200,0.0,267
13,H,21,H21,92,5,O17,B12,extension_frozen,pair,O20,A9,100,100,200,0.0,300
13,H,22,H22,64,41,K9,H12,extension_frozen,pair,J11,D3,100,100,200,0.0,133
13,H,23,H23,54,79,I13,N16,extension_frozen,pair,A6,I11,100,100,200,0.0,244
13,I,2,I2,39,28,G7,F10,extension_frozen,pair,I7,H16,100,100,200,0.0,259
13,I,3,I3,55,78,I15,N14,extension_frozen,pair,A19,C6,100,100,200,0.0,62
13,I,4,I4,12,59,C1,J24,extension_frozen,pair,D2,G17,100,100,200,0.0,215
13,I,5,I5,25,39,E3,H8,extension_frozen,pair,E9,N15,100,100,200,0.0,126
13,I,6,I6,32,37,E17,H4,extension_frozen,pair,H15,B22,100,100,200,0.0,190
13,I,7,I7,35,30,E23,F14,extension_frozen,pair,A16,E11,100,100,200,0.0,254
13,I,8,I8,67,40,K15,H10,extension_frozen,pair,M17,A23,100,100,200,0.0,159
13,I,9,I9,15,46,C7,H22,extension_frozen,pair,F18,M2,100,100,200,0.0,118
13,I,10,I10,11,52,A23,J10,extension_frozen,pair,N20,H14,100,100,200,0.0,302
13,I,11,I11,36,48,G1,J2,extension_frozen,pair,D13,E19,100,100,200,0.0,220
13,I,12,I12,67,55,K15,J16,extension_frozen,pair,A15,E12,100,100,200,0.0,276
13,I,13,I13,72,73,M1,N4,extension_frozen,pair,A6,E17,100,100,200,0.0,261
13,I,14,I14,15,38,C7,H6,extension_frozen,pair,O5,K11,100,100,200,0.0,232
13,I,15,I15,8,82,A17,N22,extension_frozen,pair,P16,H22,100,100,200,0.0,82
13,I,16,I16,53,21,I11,D20,extension_frozen,pair,C3,E19,100,100,200,0.0,197
13,I,17,I17,84,46,O1,H22,extension_frozen,pair,I5,B16,100,100,200,0.0,187
13,I,18,I18,86,23,O5,D24,extension_frozen,pair,D6,M24,100,100,200,0.0,181
13,I,19,I19,17,54,C11,J14,extension_frozen,pair,H14,D14,100,100,200,0.0,262
13,I,20,I20,61,63,K3,L8,extension_frozen,pair,F20,J9,100,100,200,0.0,255
13,I,21,I21,10,87,A21,P8,extension_frozen,pair,L5,O1,100,100,200,0.0,233
13,I,22,I22,19,16,C15,D10,extension_frozen,pair,G13,E18,100,100,200,0.0,36
13,I,23,I23,33,70,E19,L22,extension_frozen,pair,M17,I13,100,100,200,0.0,46
13,J,2,J2,82,84,M21,P2,extension_frozen,pair,C8,I22,100,100,200,0.0,234
13,J,3,J3,5,35,A11,F24,extension_frozen,pair,E3,O1,100,100,200,0.0,127
13,J,4,J4,95,11,O23,B24,extension_frozen,pair,E22,A6,100,100,200,0.0,51
13,J,5,J5,20,95,C17,P24,extension_frozen,pair,A19,M14,100,100,200,0.0,178
13,J,6,J6,89,41,O11,H12,extension_frozen,pair,C21,H1,100,100,200,0.0,118
13,J,7,J7,45,2,G19,B6,extension_frozen,pair,E5,C24,100,100,200,0.0,195
13,J,8,J8,0,64,A1,L10,extension_frozen,pair,J19,N17,100,100,200,0.0,224
13,J,9,J9,54,53,I13,J12,extension_frozen,pair,O22,I23,100,100,200,0.0,229
13,J,10,J10,13,80,C3,N18,extension_frozen,pair,O7,P15,100,100,200,0.0,15
13,J,11,J11,87,24,O7,F2,extension_frozen,pair,D12,K17,100,100,200,0.0,157
13,J,12,J12,46,34,G21,F22,extension_frozen,pair,I8,C14,100,100,200,0.0,190
13,J,13,J13,82,73,M21,N4,extension_frozen,pair,O4,K24,100,100,200,0.0,599
13,J,14,J14,90,52,O13,J10,extension_frozen,pair,J22,D2,100,100,200,0.0,234
13,J,15,J15,82,58,M21,J22,extension_frozen,pair,I5,C20,100,100,200,0.0,36
13,J,16,J16,38,22,G5,D22,extension_frozen,pair,O17,K16,100,100,200,0.0,126
13,J,17,J17,63,38,K7,H6,extension_frozen,pair,I1,F2,100,100,200,0.0,127
13,J,18,J18,68,70,K17,L22,extension_frozen,pair,A20,O10,100,100,200,0.0,15
13,J,19,J19,69,32,K19,F18,extension_frozen,pair,I14,C9,100,100,200,0.0,122
13,J,20,J20,92,38,O17,H6,extension_frozen,pair,E11,E5,100,100,200,0.0,244
13,J,21,J21,84,72,O1,N2,extension_frozen,pair,E19,F15,100,100,200,0.0,234
13,J,22,J22,51,86,I7,P6,extension_frozen,pair,I10,P14,100,100,200,0.0,308
13,J,23,J23,90,51,O13,J8,extension_frozen,pair,D11,B3,100,100,200,0.0,38
13,K,2,K2,88,1,O9,B4,extension_frozen,pair,L13,K21,100,100,200,0.0,154
13,K,3,K3,30,49,E13,J4,extension_frozen,pair,O20,G7,100,100,200,0.0,21
13,K,4,K4,89,57,O11,J20,extension_frozen,pair,M17,F12,100,100,200,0.0,102
13,K,5,K5,15,7,C7,B16,extension_frozen,pair,A2,M23,100,100,200,0.0,116
13,K,6,K6,34,11,E21,B24,extension_frozen,pair,A22,I18,100,100,200,0.0,291
13,K,7,K7,78,93,M13,P20,extension_frozen,pair,F12,J17,100,100,200,0.0,149
13,K,8,K8,54,67,I13,L16,extension_frozen,pair,I9,A20,100,100,200,0.0,19
13,K,9,K9,44,51,G17,J8,extension_frozen,pair,O20,F19,100,100,200,0.0,143
13,K,10,K10,61,17,K3,D12,extension_frozen,pair,D20,O6,100,100,200,0.0,362
13,K,11,K11,16,54,C9,J14,extension_frozen,pair,K23,I3,100,100,200,0.0,262
13,K,12,K12,92,48,O17,J2,extension_frozen,pair,E8,M3,100,100,200,0.0,187
13,K,13,K13,68,26,K17,F6,extension_frozen,pair,G6,I4,100,100,200,0.0,192
13,K,14,K14,14,92,C5,P18,extension_frozen,pair,H20,D6,100,100,200,0.0,220
13,K,15,K15,58,39,I21,H8,extension_frozen,pair,E2,N7,100,100,200,0.0,17
13,K,16,K16,49,43,I3,H16,extension_frozen,pair,E16,F13,100,100,200,0.0,293
13,K,17,K17,89,68,O11,L18,extension_frozen,pair,P16,A16,100,100,200,0.0,16
13,K,18,K18,63,12,K7,D2,extension_frozen,pair,F8,F2,100,100,200,0.0,230
13,K,19,K19,60,79,K1,N16,extension_frozen,pair,G4,P23,100,100,200,0.0,63
13,K,20,K20,92,21,O17,D20,extension_frozen,pair,G18,G1,100,100,200,0.0,205
13,K,21,K21,55,84,I15,P2,extension_frozen,pair,C8,J20,100,100,200,0.0,15
13,K,22,K22,51,90,I7,P14,extension_frozen,pair,M1,J9,100,100,200,0.0,260
13,K,23,K23,13,77,C3,N12,extension_frozen,pair,N15,K24,100,100,200,0.0,578
13,L,2,L2,25,18,E3,D14,extension_frozen,pair,G20,E24,100,100,200,0.0,32
13,L,3,L3,74,75,M5,N8,extension_frozen,pair,C4,C16,100,100,200,0.0,271
13,L,4,L4,61,87,K3,P8,extension_frozen,pair,H8,K6,100,100,200,0.0,73
13,L,5,L5,23,1,C23,B4,extension_frozen,pair,M6,L16,100,100,200,0.0,285
13,L,6,L6,84,92,O1,P18,extension_frozen,pair,A3,P21,100,100,200,0.0,48
13,L,7,L7,59,62,I23,L6,extension_frozen,pair,D14,P1,100,100,200,0.0,79
13,L,8,L8,10,49,A21,J4,extension_frozen,pair,D5,K4,100,100,200,0.0,232
13,L,9,L9,29,63,E11,L8,extension_frozen,pair,C5,K12,100,100,200,0.0,309
13,L,10,L10,81,80,M19,N18,extension_frozen,pair,P1,L18,100,100,200,0.0,60
13,L,11,L11,21,27,C19,F8,extension_frozen,pair,K10,D16,100,100,200,0.0,323
13,L,12,L12,52,51,I9,J8,extension_frozen,pair,G23,A11,100,100,200,0.0,257
13,L,13,L13,92,15,O17,D8,extension_frozen,pair,O21,G11,100,100,200,0.0,297
13,L,14,L14,86,10,O5,B22,extension_frozen,pair,D24,L15,100,100,200,0.0,235
13,L,15,L15,68,65,K17,L12,extension_frozen,pair,B14,B12,100,100,200,0.0,143
13,L,16,L16,44,3,G17,B8,extension_frozen,pair,C24,A15,100,100,200,0.0,202
13,L,17,L17,17,62,C11,L6,extension_frozen,pair,P19,H3,100,100,200,0.0,271
13,L,18,L18,20,74,C17,N6,extension_frozen,pair,I15,G13,100,100,200,0.0,132
13,L,19,L19,86,95,O5,P24,extension_frozen,pair,K1,D19,100,100,200,0.0,58
13,L,20,L20,32,45,E17,H20,extension_frozen,pair,A6,L2,100,100,200,0.0,70
13,L,21,L21,75,62,M7,L6,extension_frozen,pair,G17,E17,100,100,200,0.0,175
13,L,22,L22,44,48,G17,J2,extension_frozen,pair,N19,H24,100,100,200,0.0,309
13,L,23,L23,20,1,C17,B4,extension_frozen,pair,J7,A9,100,100,200,0.0,233
13,M,2,M2,87,26,O7,F6,extension_frozen,pair,J16,B8,100,100,200,0.0,593
13,M,3,M3,35,56,E23,J18,extension_frozen,pair,F21,B17,100,100,200,0.0,61
13,M,4,M4,21,64,C19,L10,extension_frozen,pair,J8,O13,100,100,200,0.0,126
13,M,5,M5,88,94,O9,P22,extension_frozen,pair,M21,J11,100,100,200,0.0,48
13,M,6,M6,16,33,C9,F20,extension_frozen,pair,M8,K19,100,100,200,0.0,136
13,M,7,M7,31,44,E15,H18,extension_frozen,pair,N9,C15,100,100,200,0.0,215
13,M,8,M8,26,83,E5,N24,extension_frozen,pair,B23,L19,100,100,200,0.0,53
13,M,9,M9,46,13,G21,D4,extension_frozen,pair,A1,M13,100,100,200,0.0,17
13,M,10,M10,47,24,G23,F2,extension_frozen,pair,L20,M6,100,100,200,0.0,305
13,M,11,M11,18,15,C13,D8,extension_frozen,pair,F14,L21,100,100,200,0.0,278
13,M,12,M12,27,49,E7,J4,extension_frozen,pair,F23,P8,100,100,200,0.0,351
13,M,13,M13,10,62,A21,L6,extension_frozen,pair,B22,E16,100,100,200,0.0,258
13,M,14,M14,25,44,E3,H18,extension_frozen,pair,N20,D20,100,100,200,0.0,361
13,M,15,M15,15,20,C7,D18,extension_frozen,pair,F21,J16,100,100,200,0.0,27
13,M,16,M16,29,8,E11,B18,extension_frozen,pair,I23,O13,100,100,200,0.0,80
13,M,17,M17,62,40,K5,H10,extension_frozen,pair,H20,N13,100,100,200,0.0,215
13,M,18,M18,54,60,I13,L2,extension_frozen,pair,K18,E22,100,100,200,0.0,15
13,M,19,M19,7,89,A15,P12,extension_frozen,pair,B2,N6,100,100,200,0.0,305
13,M,20,M20,88,28,O9,F10,extension_frozen,pair,G20,D19,100,100,200,0.0,20
13,M,21,M21,34,62,E21,L6,extension_frozen,pair,E1,L6,100,100,200,0.0,306
13,M,22,M22,65,50,K11,J6,extension_frozen,pair,I13,O1,100,100,200,0.0,98
13,M,23,M23,82,23,M21,D24,extension_frozen,pair,I8,M22,100,100,200,0.0,190
13,N,2,N2,12,86,C1,P6,extension_frozen,pair,A15,E7,100,100,200,0.0,202
13,N,3,N3,85,1,O3,B4,extension_frozen,pair,F16,O2,100,100,200,0.0,203
13,N,4,N4,41,74,G11,N6,extension_frozen,pair,E15,B11,100,100,200,0.0,258
13,N,5,N5,52,16,I9,D10,extension_frozen,pair,G3,J22,100,100,200,0.0,124
13,N,6,N6,49,29,I3,F12,extension_frozen,pair,L9,E16,100,100,200,0.0,302
13,N,7,N7,91,19,O15,D16,extension_frozen,pair,O5,F12,100,100,200,0.0,212
13,N,8,N8,63,88,K7,P10,extension_frozen,pair,H8,I24,100,100,200,0.0,171
13,N,9,N9,91,21,O15,D20,extension_frozen,pair,C5,I24,100,100,200,0.0,176
13,N,10,N10,72,11,M1,B24,extension_frozen,pair,C13,K18,100,100,200,0.0,305
13,N,11,N11,82,44,M21,H18,extension_frozen,pair,A17,G8,100,100,200,0.0,42
13,N,12,N12,33,85,E19,P4,extension_frozen,pair,J13,H9,100,100,200,0.0,191
13,N,13,N13,8,73,A17,N4,extension_frozen,pair,C20,M17,100,100,200,0.0,38
13,N,14,N14,18,81,C13,N20,extension_frozen,pair,F7,M9,100,100,200,0.0,187
13,N,15,N15,67,91,K15,P16,extension_frozen,pair,G13,F21,100,100,200,0.0,19
13,N,16,N16,49,52,I3,J10,extension_frozen,pair,N15,C17,100,100,200,0.0,180
13,N,17,N17,13,11,C3,B24,extension_frozen,pair,H10,N24,100,100,200,0.0,16
13,N,18,N18,19,11,C15,B24,extension_frozen,pair,B11,K20,100,100,200,0.0,304
13,N,19,N19,85,87,O3,P8,extension_frozen,pair,C12,C23,100,100,200,0.0,36
13,N,20,N20,51,77,I7,N12,extension_frozen,pair,F20,A19,100,100,200,0.0,260
13,N,21,N21,89,16,O11,D10,extension_frozen,pair,F11,H3,100,100,200,0.0,201
13,N,22,N22,58,46,I21,H22,extension_frozen,pair,F4,B6,100,100,200,0.0,262
13,N,23,N23,11,57,A23,J20,extension_frozen,pair,G10,L18,100,100,200,0.0,331
13,O,2,O2,73,34,M3,F22,extension_frozen,pair,D10,F9,100,100,200,0.0,259
13,O,3,O3,25,87,E3,P8,extension_frozen,pair,A18,B15,100,100,200,0.0,126
13,O,4,O4,61,79,K3,N16,extension_frozen,pair,L22,N12,100,100,200,0.0,242
13,O,5,O5,11,91,A23,P16,extension_frozen,pair,M4,B23,100,100,200,0.0,366
13,O,6,O6,68,74,K17,N6,extension_frozen,pair,J1,E3,100,100,200,0.0,231
13,O,7,O7,46,57,G21,J20,extension_frozen,pair,K20,J20,100,100,200,0.0,25
13,O,8,O8,31,13,E15,D4,extension_frozen,pair,K12,M23,100,100,200,0.0,297
13,O,9,O9,40,38,G9,H6,extension_frozen,pair,P12,F5,100,100,200,0.0,352
13,O,10,O10,11,30,A23,F14,extension_frozen,pair,B4,I10,100,100,200,0.0,267
13,O,11,O11,31,19,E15,D16,extension_frozen,pair,C24,D9,100,100,200,0.0,20
13,O,12,O12,20,21,C17,D20,extension_frozen,pair,M8,M21,100,100,200,0.0,108
13,O,13,O13,73,14,M3,D6,extension_frozen,pair,A10,L24,100,100,200,0.0,255
13,O,14,O14,53,93,I11,P20,extension_frozen,pair,P11,K21,100,100,200,0.0,190
13,O,15,O15,39,82,G7,N22,extension_frozen,pair,H1,G6,100,100,200,0.0,139
13,O,16,O16,68,72,K17,N2,extension_frozen,pair,L22,M2,100,100,200,0.0,260
13,O,17,O17,66,90,K13,P14,extension_frozen,pair,E3,D4,100,100,200,0.0,189
13,O,18,O18,1,67,A3,L16,extension_frozen,pair,I21,D5,100,100,200,0.0,254
13,O,19,O19,67,77,K15,N12,extension_frozen,pair,A14,H17,100,100,200,0.0,39
13,O,20,O20,62,92,K5,P18,extension_frozen,pair,P23,N17,100,100,200,0.0,235
13,O,21,O21,61,83,K3,N24,extension_frozen,pair,D4,F2,100,100,200,0.0,255
13,O,22,O22,89,92,O11,P18,extension_frozen,pair,G22,E24,100,100,200,0.0,150
13,O,23,O23,34,50,E21,J6,extension_frozen,pair,P13,O18,100,100,200,0.0,125
14,B,2,B2,71,0,K23,B2,extension_frozen,pair,L8,N21,100,100,200,0.0,181
14,B,3,B3,3,0,A7,B2,extension_frozen,pair,B22,P17,100,100,200,0.0,129
14,B,4,B4,29,14,E11,D6,extension_frozen,pair,J24,O11,100,100,200,0.0,330
14,B,5,B5,66,13,K13,D4,extension_frozen,pair,H6,B2,100,100,200,0.0,284
14,B,6,B6,19,21,C15,D20,extension_frozen,pair,E21,D19,100,100,200,0.0,51
14,B,7,B7,71,68,K23,L18,extension_frozen,pair,M24,F15,100,100,200,0.0,18
14,B,8,B8,93,95,O19,P24,extension_frozen,pair,A12,H22,100,100,200,0.0,194
14,B,9,B9,74,55,M5,J16,extension_frozen,pair,I9,J9,100,100,200,0.0,25
14,B,10,B10,91,0,O15,B2,extension_frozen,pair,N19,B6,100,100,200,0.0,190
14,B,11,B11,70,94,K21,P22,extension_frozen,pair,M7,A3,100,100,200,0.0,93
14,B,12,B12,10,40,A21,H10,extension_frozen,pair,F14,H6,100,100,200,0.0,271
14,B,13,B13,86,54,O5,J14,extension_frozen,pair,I12,C8,100,100,200,0.0,215
14,B,14,B14,3,17,A7,D12,extension_frozen,pair,K15,J2,100,100,200,0.0,232
14,B,15,B15,31,61,E15,L4,extension_frozen,pair,L7,B14,100,100,200,0.0,261
14,B,16,B16,84,38,O1,H6,extension_frozen,pair,F2,I11,100,100,200,0.0,275
14,B,17,B17,23,87,C23,P8,extension_frozen,pair,K4,E1,100,100,200,0.0,259
14,B,18,B18,58,5,I21,B12,extension_frozen,pair,I3,B8,100,100,200,0.0,310
14,B,19,B19,16,92,C9,P18,extension_frozen,pair,D24,F5,100,100,200,0.0,238
14,B,20,B20,2,60,A5,L2,extension_frozen,pair,E2,L20,100,100,200,0.0,219
14,B,21,B21,85,93,O3,P20,extension_frozen,pair,P12,G8,100,100,200,0.0,249
14,B,22,B22,61,41,K3,H12,extension_frozen,pair,E7,G9,100,100,200,0.0,305
14,B,23,B23,45,31,G19,F16,extension_frozen,pair,F15,C15,100,100,200,0.0,219
14,C,2,C2,59,57,I23,J20,extension_frozen,pair,N8,C21,100,100,200,0.0,238
14,C,3,C3,10,93,A21,P20,extension_frozen,pair,G10,M12,100,100,200,0.0,234
14,C,4,C4,25,5,E3,B12,extension_frozen,pair,F1,O22,100,100,200,0.0,188
14,C,5,C5,5,31,A11,F16,extension_frozen,pair,J2,M16,100,100,200,0.0,142
14,C,6,C6,55,60,I15,L2,extension_frozen,pair,E8,J23,100,100,200,0.0,297
14,C,7,C7,75,71,M7,L24,extension_frozen,pair,I21,L7,100,100,200,0.0,258
14,C,8,C8,84,19,O1,D16,extension_frozen,pair,O7,A19,100,100,200,0.0,170
14,C,9,C9,51,64,I7,L10,extension_frozen,pair,K16,M19,100,100,200,0.0,132
14,C,10,C10,1,66,A3,L14,extension_frozen,pair,C9,C21,100,100,200,0.0,22
14,C,11,C11,55,83,I15,N24,extension_frozen,pair,I9,K19,100,100,200,0.0,228
14,C,12,C12,93,30,O19,F14,extension_frozen,pair,K6,D1,100,100,200,0.0,243
14,C,13,C13,85,83,O3,N24,extension_frozen,pair,A21,O11,100,100,200,0.0,36
14,C,14,C14,44,71,G17,L24,extension_frozen,pair,M1,F7,100,100,200,0.0,297
14,C,15,C15,87,56,O7,J18,extension_frozen,pair,L16,C2,100,100,200,0.0,232
14,C,16,C16,60,83,K1,N24,extension_frozen,pair,J9,G2,100,100,200,0.0,147
14,C,17,C17,86,88,O5,P10,extension_frozen,pair,D23,K10,100,100,200,0.0,296
14,C,18,C18,30,24,E13,F2,extension_frozen,pair,F18,G5,100,100,200,0.0,309
14,C,19,C19,11,39,A23,H8,extension_frozen,pair,O8,P20,100,100,200,0.0,46
14,C,20,C20,25,19,E3,D16,extension_frozen,pair,B4,E9,100,100,200,0.0,120
14,C,21,C21,30,75,E13,N8,extension_frozen,pair,H7,K23,100,100,200,0.0,285
14,C,22,C22,13,86,C3,P6,extension_frozen,pair,J15,I21,100,100,200,0.0,185
14,C,23,C23,40,23,G9,D24,extension_frozen,pair,A13,B2,100,100,200,0.0,291
14,D,2,D2,32,68,E17,L18,extension_frozen,pair,M22,J19,100,100,200,0.0,190
14,D,3,D3,71,9,K23,B20,extension_frozen,pair,G18,A22,100,100,200,0.0,205
14,D,4,D4,72,64,M1,L10,extension_frozen,pair,K23,I19,100,100,200,0.0,220
14,D,5,D5,85,66,O3,L14,extension_frozen,pair,H16,O13,100,100,200,0.0,80
14,D,6,D6,3,48,A7,J2,extension_frozen,pair,C1,O23,100,100,200,0.0,260
14,D,7,D7,73,62,M3,L6,extension_frozen,pair,A19,C20,100,100,200,0.0,40
14,D,8,D8,16,72,C9,N2,extension_frozen,pair,P21,M8,100,100,200,0.0,170
14,D,9,D9,48,89,I1,P12,extension_frozen,pair,N7,B2,100,100,200,0.0,234
14,D,10,D10,88,62,O9,L6,extension_frozen,pair,K15,P4,100,100,200,0.0,43
14,D,11,D11,26,49,E5,J4,extension_frozen,pair,B16,O15,100,100,200,0.0,197
14,D,12,D12,88,22,O9,D22,extension_frozen,pair,L6,L3,100,100,200,0.0,306
14,D,13,D13,76,9,M9,B20,extension_frozen,pair,P7,D13,100,100,200,0.0,70
14,D,14,D14,27,48,E7,J2,extension_frozen,pair,I15,M17,100,100,200,0.0,169
14,D,15,D15,30,59,E13,J24,extension_frozen,pair,L6,B13,100,100,200,0.0,185
14,D,16,D16,81,32,M19,F18,extension_frozen,pair,B21,G24,100,100,200,0.0,164
14,D,17,D17,82,18,M21,D14,extension_frozen,pair,M10,O9,100,100,200,0.0,52
14,D,18,D18,80,33,M17,F20,extension_frozen,pair,B1,J22,100,100,200,0.0,295
14,D,19,D19,14,44,C5,H18,extension_frozen,pair,P14,J15,100,100,200,0.0,150
14,D,20,D20,63,2,K7,B6,extension_frozen,pair,B18,D2,100,100,200,0.0,230
14,D,21,D21,12,89,C1,P12,extension_frozen,pair,B24,M18,100,100,200,0.0,261
14,D,22,D22,8,32,A17,F18,extension_frozen,pair,A6,L4,100,100,200,0.0,70
14,D,23,D23,38,94,G5,P22,extension_frozen,pair,J3,H4,100,100,200,0.0,254
14,E,2,E2,28,4,E9,B10,extension_frozen,pair,D11,H21,100,100,200,0.0,272
14,E,3,E3,57,26,I19,F6,extension_frozen,pair,C21,P6,100,100,200,0.0,52
14,E,4,E4,19,57,C15,J20,extension_frozen,pair,L13,G18,100,100,200,0.0,271
14,E,5,E5,34,51,E21,J8,extension_frozen,pair,F24,E23,100,100,200,0.0,136
14,E,6,E6,42,22,G13,D22,extension_frozen,pair,F17,I9,100,100,200,0.0,29
14,E,7,E7,37,40,G3,H10,extension_frozen,pair,G18,L11,100,100,200,0.0,283
14,E,8,E8,19,86,C15,P6,extension_frozen,pair,J6,F23,100,100,200,0.0,255
14,E,9,E9,49,65,I3,L12,extension_frozen,pair,J13,O14,100,100,200,0.0,171
14,E,10,E10,55,70,I15,L22,extension_frozen,pair,F12,M10,100,100,200,0.0,246
14,E,11,E11,34,67,E21,L16,extension_frozen,pair,I20,I2,100,100,200,0.0,569
14,E,12,E12,68,62,K17,L6,extension_frozen,pair,G14,B16,100,100,200,0.0,189
14,E,13,E13,47,58,G23,J22,extension_frozen,pair,A22,B21,100,100,200,0.0,235
14,E,14,E14,25,79,E3,N16,extension_frozen,pair,O4,F5,100,100,200,0.0,303
14,E,15,E15,51,68,I7,L18,extension_frozen,pair,N3,F19,100,100,200,0.0,163
14,E,16,E16,0,87,A1,P8,extension_frozen,pair,I3,A12,100,100,200,0.0,167
14,E,17,E17,35,65,E23,L12,extension_frozen,pair,D17,F16,100,100,200,0.0,109
14,E,18,E18,21,88,C19,P10,extension_frozen,pair,M11,J13,100,100,200,0.0,182
14,E,19,E19,30,33,E13,F20,extension_frozen,pair,I8,E22,100,100,200,0.0,19
14,E,20,E20,63,86,K7,P6,extension_frozen,pair,F21,D23,100,100,200,0.0,238
14,E,21,E21,11,8,A23,B18,extension_frozen,pair,A21,J6,100,100,200,0.0,235
14,E,22,E22,33,19,E19,D16,extension_frozen,pair,C2,H2,100,100,200,0.0,21
14,E,23,E23,16,67,C9,L16,extension_frozen,pair,C17,D19,100,100,200,0.0,147
14,F,2,F2,12,45,C1,H20,extension_frozen,pair,M8,B6,100,100,200,0.0,91
14,F,3,F3,1,93,A3,P20,extension_frozen,pair,F23,O10,100,100,200,0.0,309
14,F,4,F4,94,28,O21,F10,extension_frozen,pair,H2,N19,100,100,200,0.0,264
14,F,5,F5,78,16,M13,D10,extension_frozen,pair,E16,H24,100,100,200,0.0,265
14,F,6,F6,40,68,G9,L18,extension_frozen,pair,M8,O5,100,100,200,0.0,88
14,F,7,F7,2,34,A5,F22,extension_frozen,pair,G7,G9,100,100,200,0.0,305
14,F,8,F8,32,19,E17,D16,extension_frozen,pair,K2,P3,100,100,200,0.0,191
14,F,9,F9,94,82,O21,N22,extension_frozen,pair,O3,G4,100,100,200,0.0,85
14,F,10,F10,47,2,G23,B6,extension_frozen,pair,M12,G24,100,100,200,0.0,107
14,F,11,F11,46,95,G21,P24,extension_frozen,pair,D16,D14,100,100,200,0.0,294
14,F,12,F12,69,6,K19,B14,extension_frozen,pair,J15,J24,100,100,200,0.0,278
14,F,13,F13,77,0,M11,B2,extension_frozen,pair,N14,D13,100,100,200,0.0,16
14,F,14,F14,71,90,K23,P14,extension_frozen,pair,N4,O6,100,100,200,0.0,282
14,F,15,F15,17,50,C11,J6,extension_frozen,pair,I6,E5,100,100,200,0.0,17
14,F,16,F16,68,23,K17,D24,extension_frozen,pair,O11,L11,100,100,200,0.0,290
14,F,17,F17,72,93,M1,P20,extension_frozen,pair,I19,P12,100,100,200,0.0,339
14,F,18,F18,50,35,I5,F24,extension_frozen,pair,K21,I2,100,100,200,0.0,175
14,F,19,F19,77,22,M11,D22,extension_frozen,pair,L3,B22,100,100,200,0.0,262
14,F,20,F20,39,87,G7,P8,extension_frozen,pair,K13,B24,100,100,200,0.0,265
14,F,21,F21,29,32,E11,F18,extension_frozen,pair,F7,C12,100,100,200,0.0,46
14,F,22,F22,78,76,M13,N10,extension_frozen,pair,J24,E4,100,100,200,0.0,314
14,F,23,F23,78,59,M13,J24,extension_frozen,pair,A7,P17,100,100,200,0.0,19
14,G,2,G2,82,87,M21,P8,extension_frozen,pair,D5,H19,100,100,200,0.0,189
14,G,3,G3,64,84,K9,P2,extension_frozen,pair,C17,H22,100,100,200,0.0,260
14,G,4,G4,67,18,K15,D14,extension_frozen,pair,J22,A14,100,100,200,0.0,181
14,G,5,G5,2,65,A5,L12,extension_frozen,pair,D4,F10,100,100,200,0.0,320
14,G,6,G6,16,91,C9,P16,extension_frozen,pair,H6,I16,100,100,200,0.0,290
14,G,7,G7,86,19,O5,D16,extension_frozen,pair,E1,P3,100,100,200,0.0,308
14,G,8,G8,22,3,C21,B8,extension_frozen,pair,A14,B1,100,100,200,0.0,303
14,G,9,G9,14,90,C5,P14,extension_frozen,pair,H8,P10,100,100,200,0.0,268
14,G,10,G10,95,46,O23,H22,extension_frozen,pair,H14,L13,100,100,200,0.0,260
14,G,11,G11,1,50,A3,J6,extension_frozen,pair,C21,B23,100,100,200,0.0,22
14,G,12,G12,41,64,G11,L10,extension_frozen,pair,G19,H21,100,100,200,0.0,138
14,G,13,G13,19,1,C15,B4,extension_frozen,pair,N22,J16,100,100,200,0.0,27
14,G,14,G14,69,3,K19,B8,extension_frozen,pair,J8,C15,100,100,200,0.0,167
14,G,15,G15,0,89,A1,P12,extension_frozen,pair,P13,A7,100,100,200,0.0,20
14,G,16,G16,22,88,C21,P10,extension_frozen,pair,C18,G5,100,100,200,0.0,21
14,G,17,G17,51,11,I7,B24,extension_frozen,pair,L20,B20,100,100,200,0.0,304
14,G,18,G18,73,28,M3,F10,extension_frozen,pair,C24,C14,100,100,200,0.0,148
14,G,19,G19,88,4,O9,B10,extension_frozen,pair,J11,J3,100,100,200,0.0,196
14,G,20,G20,55,25,I15,F4,extension_frozen,pair,M3,D13,100,100,200,0.0,138
14,G,21,G21,5,20,A11,D18,extension_frozen,pair,O4,F19,100,100,200,0.0,252
14,G,22,G22,33,53,E19,J12,extension_frozen,pair,M2,K21,100,100,200,0.0,73
14,G,23,G23,22,93,C21,P20,extension_frozen,pair,B21,H6,100,100,200,0.0,236
14,H,2,H2,55,58,I15,J22,extension_frozen,pair,H5,D5,100,100,200,0.0,265
14,H,3,H3,81,45,M19,H20,extension_frozen,pair,F6,C19,100,100,200,0.0,227
14,H,4,H4,23,63,C23,L8,extension_frozen,pair,A13,A11,100,100,200,0.0,184
14,H,5,H5,41,3,G11,B8,extension_frozen,pair,A13,I4,100,100,200,0.0,42
14,H,6,H6,56,86,I17,P6,extension_frozen,pair,D7,C7,100,100,200,0.0,333
14,H,7,H7,54,72,I13,N2,extension_frozen,pair,J2,M7,100,100,200,0.0,319
14,H,8,H8,30,84,E13,P2,extension_frozen,pair,I3,F6,100,100,200,0.0,185
14,H,9,H9,16,51,C9,J8,extension_frozen,pair,I11,D23,100,100,200,0.0,43
14,H,10,H10,22,41,C21,H12,extension_frozen,pair,F8,K20,100,100,200,0.0,227
14,H,11,H11,11,21,A23,D20,extension_frozen,pair,N18,M18,100,100,200,0.0,34
14,H,12,H12,29,45,E11,H20,extension_frozen,pair,O5,K4,100,100,200,0.0,232
14,H,13,H13,88,70,O9,L22,extension_frozen,pair,B23,L8,100,100,200,0.0,188
14,H,14,H14,77,73,M11,N4,extension_frozen,pair,F15,P6,100,100,200,0.0,266
14,H,15,H15,66,95,K13,P24,extension_frozen,pair,L7,G2,100,100,200,0.0,202
14,H,16,H16,88,60,O9,L2,extension_frozen,pair,J23,E14,100,100,200,0.0,51
14,H,17,H17,6,33,A13,F20,extension_frozen,pair,B7,J24,100,100,200,0.0,350
14,H,18,H18,34,79,E21,N16,extension_frozen,pair,N12,A21,100,100,200,0.0,297
14,H,19,H19,31,41,E15,H12,extension_frozen,pair,H20,O10,100,100,200,0.0,267
14,H,20,H20,76,15,M9,D8,extension_frozen,pair,I16,I15,100,100,200,0.0,297
14,H,21,H21,93,45,O19,H20,extension_frozen,pair,M20,G12,100,100,200,0.0,301
14,H,22,H22,9,13,A19,D4,extension_frozen,pair,C12,B19,100,100,200,0.0,303
14,H,23,H23,82,22,M21,D22,extension_frozen,pair,L19,G2,100,100,200,0.0,275
14,I,2,I2,20,82,C17,N22,extension_frozen,pair,G22,C24,100,100,200,0.0,137
14,I,3,I3,22,60,C21,L2,extension_frozen,pair,I13,M6,100,100,200,0.0,190
14,I,4,I4,47,3,G23,B8,extension_frozen,pair,C10,P6,100,100,200,0.0,199
14,I,5,I5,92,0,O17,B2,extension_frozen,pair,H17,K1,100,100,200,0.0,93
14,I,6,I6,3,1,A7,B4,extension_frozen,pair,H15,O2,100,100,200,0.0,269
14,I,7,I7,23,5,C23,B12,extension_frozen,pair,J5,H2,100,100,200,0.0,239
14,I,8,I8,93,77,O19,N12,extension_frozen,pair,A22,E8,100,100,200,0.0,45
14,I,9,I9,13,52,C3,J10,extension_frozen,pair,F11,K2,100,100,200,0.0,189
14,I,10,I10,71,34,K23,F22,extension_frozen,pair,L22,J19,100,100,200,0.0,251
14,I,11,I11,9,37,A19,H4,extension_frozen,pair,B11,P3,100,100,200,0.0,229
14,I,12,I12,28,51,E9,J8,extension_frozen,pair,F8,G15,100,100,200,0.0,44
14,I,13,I13,63,74,K7,N6,extension_frozen,pair,A5,N6,100,100,200,0.0,216
14,I,14,I14,34,32,E21,F18,extension_frozen,pair,E6,P2,100,100,200,0.0,195
14,I,15,I15,4,56,A9,J18,extension_frozen,pair,F14,K23,100,100,200,0.0,255
14,I,16,I16,52,60,I9,L2,extension_frozen,pair,J1,J8,100,100,200,0.0,185
14,I,17,I17,46,44,G21,H18,extension_frozen,pair,P19,L23,100,100,200,0.0,48
14,I,18,I18,12,91,C1,P16,extension_frozen,pair,E17,P18,100,100,200,0.0,174
14,I,19,I19,44,95,G17,P24,extension_frozen,pair,G7,N15,100,100,200,0.0,187
14,I,20,I20,81,60,M19,L2,extension_frozen,pair,E22,A21,100,100,200,0.0,26
14,I,21,I21,57,80,I19,N18,extension_frozen,pair,H11,G7,100,100,200,0.0,305
14,I,22,I22,38,20,G5,D18,extension_frozen,pair,N22,I21,100,100,200,0.0,305
14,I,23,I23,82,12,M21,D2,extension_frozen,pair,I17,G17,100,100,200,0.0,29
14,J,2,J2,61,69,K3,L20,extension_frozen,pair,M16,D14,100,100,200,0.0,19
14,J,3,J3,53,9,I11,B20,extension_frozen,pair,F13,M19,100,100,200,0.0,134
14,J,4,J4,23,66,C23,L14,extension_frozen,pair,A17,P24,100,100,200,0.0,48
14,J,5,J5,50,38,I5,H6,extension_frozen,pair,J11,C1,100,100,200,0.0,212
14,J,6,J6,21,80,C19,N18,extension_frozen,pair,J6,A24,100,100,200,0.0,213
14,J,7,J7,31,55,E15,J16,extension_frozen,pair,I9,D23,100,100,200,0.0,19
14,J,8,J8,54,37,I13,H4,extension_frozen,pair,G3,D10,100,100,200,0.0,258
14,J,9,J9,26,20,E5,D18,extension_frozen,pair,I13,L12,100,100,200,0.0,269
14,J,10,J10,75,44,M7,H18,extension_frozen,pair,I16,M8,100,100,200,0.0,206
14,J,11,J11,81,85,M19,P4,extension_frozen,pair,A5,L5,100,100,200,0.0,115
14,J,12,J12,92,8,O17,B18,extension_frozen,pair,D18,H22,100,100,200,0.0,291
14,J,13,J13,1,77,A3,N12,extension_frozen,pair,C18,A11,100,100,200,0.0,46
14,J,14,J14,74,81,M5,N20,extension_frozen,pair,N13,F24,100,100,200,0.0,194
14,J,15,J15,5,86,A11,P6,extension_frozen,pair,M14,M19,100,100,200,0.0,115
14,J,16,J16,20,59,C17,J24,extension_frozen,pair,G24,C14,100,100,200,0.0,111
14,J,17,J17,18,54,C13,J14,extension_frozen,pair,B11,M22,100,100,200,0.0,262
14,J,18,J18,73,30,M3,F14,extension_frozen,pair,C10,L13,100,100,200,0.0,22
14,J,19,J19,69,81,K19,N20,extension_frozen,pair,H1,K13,100,100,200,0.0,146
14,J,20,J20,92,47,O17,H24,extension_frozen,pair,N13,E1,100,100,200,0.0,284
14,J,21,J21,59,66,I23,L14,extension_frozen,pair,F11,D18,100,100,200,0.0,280
14,J,22,J22,3,83,A7,N24,extension_frozen,pair,N8,C14,100,100,200,0.0,320
14,J,23,J23,59,46,I23,H22,extension_frozen,pair,M12,J18,100,100,200,0.0,17
14,K,2,K2,63,29,K7,F12,extension_frozen,pair,L19,N10,100,100,200,0.0,349
14,K,3,K3,38,82,G5,N22,extension_frozen,pair,H7,I18,100,100,200,0.0,205
14,K,4,K4,62,1,K5,B4,extension_frozen,pair,G11,C12,100,100,200,0.0,226
14,K,5,K5,42,13,G13,D4,extension_frozen,pair,N21,P20,100,100,200,0.0,36
14,K,6,K6,51,84,I7,P2,extension_frozen,pair,K23,O6,100,100,200,0.0,311
14,K,7,K7,89,37,O11,H4,extension_frozen,pair,N23,E18,100,100,200,0.0,190
14,K,8,K8,8,49,A17,J4,extension_frozen,pair,A24,O6,100,100,200,0.0,72
14,K,9,K9,38,28,G5,F10,extension_frozen,pair,D1,K24,100,100,200,0.0,577
14,K,10,K10,94,66,O21,L14,extension_frozen,pair,M7,G19,100,100,200,0.0,165
14,K,11,K11,37,7,G3,B16,extension_frozen,pair,N19,I7,100,100,200,0.0,304
14,K,12,K12,49,41,I3,H12,extension_frozen,pair,M23,G19,100,100,200,0.0,213
14,K,13,K13,93,49,O19,J4,extension_frozen,pair,O3,H9,100,100,200,0.0,191
14,K,14,K14,11,47,A23,H24,extension_frozen,pair,J13,E6,100,100,200,0.0,202
14,K,15,K15,79,78,M15,N14,extension_frozen,pair,G11,H4,100,100,200,0.0,297
14,K,16,K16,3,33,A7,F20,extension_frozen,pair,P5,K2,100,100,200,0.0,185
14,K,17,K17,9,4,A19,B10,extension_frozen,pair,I1,O23,100,100,200,0.0,166
14,K,18,K18,86,11,O5,B24,extension_frozen,pair,B23,F21,100,100,200,0.0,113
14,K,19,K19,12,92,C1,P18,extension_frozen,pair,G9,P22,100,100,200,0.0,304
14,K,20,K20,60,68,K1,L18,extension_frozen,pair,O17,K24,100,100,200,0.0,579
14,K,21,K21,34,75,E21,N8,extension_frozen,pair,H20,N12,100,100,200,0.0,321
14,K,22,K22,89,56,O11,J18,extension_frozen,pair,K10,J7,100,100,200,0.0,331
14,K,23,K23,53,68,I11,L18,extension_frozen,pair,M11,L12,100,100,200,0.0,69
14,L,2,L2,22,68,C21,L18,extension_frozen,pair,F8,E19,100,100,200,0.0,203
14,L,3,L3,90,45,O13,H20,extension_frozen,pair,B9,H7,100,100,200,0.0,291
14,L,4,L4,54,47,I13,H24,extension_frozen,pair,D19,E12,100,100,200,0.0,153
14,L,5,L5,24,65,E1,L12,extension_frozen,pair,F13,B9,100,100,200,0.0,43
14,L,6,L6,56,24,I17,F2,extension_frozen,pair,I8,H16,100,100,200,0.0,263
14,L,7,L7,47,51,G23,J8,extension_frozen,pair,M20,C15,100,100,200,0.0,179
14,L,8,L8,65,85,K11,P4,extension_frozen,pair,D21,L15,100,100,200,0.0,17
14,L,9,L9,17,61,C11,L4,extension_frozen,pair,D23,J4,100,100,200,0.0,302
14,L,10,L10,2,53,A5,J12,extension_frozen,pair,N20,H10,100,100,200,0.0,361
14,L,11,L11,48,46,I1,H22,extension_frozen,pair,A12,K5,100,100,200,0.0,254
14,L,12,L12,13,48,C3,J2,extension_frozen,pair,K21,M23,100,100,200,0.0,185
14,L,13,L13,56,17,I17,D12,extension_frozen,pair,G14,N19,100,100,200,0.0,22
14,L,14,L14,87,51,O7,J8,extension_frozen,pair,L12,A18,100,100,200,0.0,68
14,L,15,L15,5,39,A11,H8,extension_frozen,pair,L18,L17,100,100,200,0.0,270
14,L,16,L16,41,94,G11,P22,extension_frozen,pair,H18,G10,100,100,200,0.0,165
14,L,17,L17,70,12,K21,D2,extension_frozen,pair,L20,D13,100,100,200,0.0,185
14,L,18,L18,15,52,C7,J10,extension_frozen,pair,A21,P3,100,100,200,0.0,37
14,L,19,L19,38,51,G5,J8,extension_frozen,pair,M7,O20,100,100,200,0.0,93
14,L,20,L20,78,11,M13,B24,extension_frozen,pair,N24,D13,100,100,200,0.0,247
14,L,21,L21,82,51,M21,J8,extension_frozen,pair,B2,O23,100,100,200,0.0,128
14,L,22,L22,40,66,G9,L14,extension_frozen,pair,P3,G12,100,100,200,0.0,303
14,L,23,L23,69,71,K19,L24,extension_frozen,pair,H16,A14,100,100,200,0.0,253
14,M,2,M2,29,5,E11,B12,extension_frozen,pair,J10,L13,100,100,200,0.0,158
14,M,3,M3,94,3,O21,B8,extension_frozen,pair,B22,A3,100,100,200,0.0,250
14,M,4,M4,16,90,C9,P14,extension_frozen,pair,N15,D24,100,100,200,0.0,214
14,M,5,M5,88,16,O9,D10,extension_frozen,pair,K3,B4,100,100,200,0.0,230
14,M,6,M6,36,94,G1,P22,extension_frozen,pair,H4,A24,100,100,200,0.0,23
14,M,7,M7,10,77,A21,N12,extension_frozen,pair,H18,F6,100,100,200,0.0,63
14,M,8,M8,46,18,G21,D14,extension_frozen,pair,K22,A16,100,100,200,0.0,262
14,M,9,M9,26,38,E5,H6,extension_frozen,pair,L12,C17,100,100,200,0.0,71
14,M,10,M10,39,92,G7,P18,extension_frozen,pair,A9,N17,100,100,200,0.0,235
14,M,11,M11,58,15,I21,D8,extension_frozen,pair,I22,D15,100,100,200,0.0,242
14,M,12,M12,47,88,G23,P10,extension_frozen,pair,P7,A15,100,100,200,0.0,230
14,M,13,M13,46,93,G21,P20,extension_frozen,pair,J7,I22,100,100,200,0.0,69
14,M,14,M14,81,59,M19,J24,extension_frozen,pair,L1,H2,100,100,200,0.0,284
14,M,15,M15,82,7,M21,B16,extension_frozen,pair,I24,P7,100,100,200,0.0,170
14,M,16,M16,51,19,I7,D16,extension_frozen,pair,K15,C6,100,100,200,0.0,298
14,M,17,M17,8,14,A17,D6,extension_frozen,pair,C17,E1,100,100,200,0.0,21
14,M,18,M18,42,43,G13,H16,extension_frozen,pair,H11,G11,100,100,200,0.0,28
14,M,19,M19,24,0,E1,B2,extension_frozen,pair,L15,G17,100,100,200,0.0,183
14,M,20,M20,57,55,I19,J16,extension_frozen,pair,H11,K4,100,100,200,0.0,290
14,M,21,M21,10,66,A21,L14,extension_frozen,pair,C17,M3,100,100,200,0.0,226
14,M,22,M22,85,37,O3,H4,extension_frozen,pair,H18,B13,100,100,200,0.0,222
14,M,23,M23,11,67,A23,L16,extension_frozen,pair,A18,L23,100,100,200,0.0,290
14,N,2,N2,53,40,I11,H10,extension_frozen,pair,I17,F1,100,100,200,0.0,190
14,N,3,N3,56,79,I17,N16,extension_frozen,pair,F4,G22,100,100,200,0.0,207
14,N,4,N4,94,73,O21,N4,extension_frozen,pair,D22,C15,100,100,200,0.0,259
14,N,5,N5,61,4,K3,B10,extension_frozen,pair,H8,A15,100,100,200,0.0,196
14,N,6,N6,7,38,A15,H6,extension_frozen,pair,D6,C12,100,100,200,0.0,174
14,N,7,N7,92,85,O17,P4,extension_frozen,pair,D16,M1,100,100,200,0.0,126
14,N,8,N8,36,81,G1,N20,extension_frozen,pair,E1,H5,100,100,200,0.0,271
14,N,9,N9,79,59,M15,J24,extension_frozen,pair,H13,M13,100,100,200,0.0,111
14,N,10,N10,25,88,E3,P10,extension_frozen,pair,I16,B1,100,100,200,0.0,264
14,N,11,N11,27,6,E7,B14,extension_frozen,pair,B20,E19,100,100,200,0.0,240
14,N,12,N12,59,76,I23,N10,extension_frozen,pair,D2,H1,100,100,200,0.0,219
14,N,13,N13,1,22,A3,D22,extension_frozen,pair,K14,M24,100,100,200,0.0,55
14,N,14,N14,8,47,A17,H24,extension_frozen,pair,E5,C14,100,100,200,0.0,218
14,N,15,N15,20,49,C17,J4,extension_frozen,pair,H18,E14,100,100,200,0.0,267
14,N,16,N16,5,32,A11,F18,extension_frozen,pair,L7,I10,100,100,200,0.0,258
14,N,17,N17,23,27,C23,F8,extension_frozen,pair,D5,N19,100,100,200,0.0,187
14,N,18,N18,53,45,I11,H20,extension_frozen,pair,N3,M15,100,100,200,0.0,283
14,N,19,N19,90,1,O13,B4,extension_frozen,pair,B13,I15,100,100,200,0.0,253
14,N,20,N20,37,69,G3,L20,extension_frozen,pair,J1,M21,100,100,200,0.0,116
14,N,21,N21,90,30,O13,F14,extension_frozen,pair,D4,A13,100,100,200,0.0,182
14,N,22,N22,19,77,C15,N12,extension_frozen,pair,A7,I23,100,100,200,0.0,192
14,N,23,N23,16,59,C9,J24,extension_frozen,pair,F11,I20,100,100,200,0.0,240
14,O,2,O2,92,36,O17,H2,extension_frozen,pair,G8,G4,100,100,200,0.0,28
14,O,3,O3,88,52,O9,J10,extension_frozen,pair,N10,B19,100,100,200,0.0,349
14,O,4,O4,30,61,E13,L4,extension_frozen,pair,D7,K23,100,100,200,0.0,332
14,O,5,O5,11,73,A23,N4,extension_frozen,pair,D21,L18,100,100,200,0.0,231
14,O,6,O6,54,68,I13,L18,extension_frozen,pair,F22,F4,100,100,200,0.0,288
14,O,7,O7,43,50,G15,J6,extension_frozen,pair,D13,P12,100,100,200,0.0,239
14,O,8,O8,43,60,G15,L2,extension_frozen,pair,F24,E20,100,100,200,0.0,58
14,O,9,O9,37,1,G3,B4,extension_frozen,pair,J9,I14,100,100,200,0.0,140
14,O,10,O10,56,84,I17,P2,extension_frozen,pair,I17,P17,100,100,200,0.0,184
14,O,11,O11,0,7,A1,B16,extension_frozen,pair,F24,L3,100,100,200,0.0,190
14,O,12,O12,30,45,E13,H20,extension_frozen,pair,I7,F5,100,100,200,0.0,303
14,O,13,O13,52,45,I9,H20,extension_frozen,pair,J7,B8,100,100,200,0.0,295
14,O,14,O14,61,95,K3,P24,extension_frozen,pair,F9,E1,100,100,200,0.0,304
14,O,15,O15,12,85,C1,P4,extension_frozen,pair,D20,E4,100,100,200,0.0,321
14,O,16,O16,56,50,I17,J6,extension_frozen,pair,G12,N6,100,100,200,0.0,227
14,O,17,O17,14,53,C5,J12,extension_frozen,pair,L3,E8,100,100,200,0.0,300
14,O,18,O18,59,17,I23,D12,extension_frozen,pair,N3,K15,100,100,200,0.0,276
14,O,19,O19,44,9,G17,B20,extension_frozen,pair,M6,M13,100,100,200,0.0,39
14,O,20,O20,87,16,O7,D10,extension_frozen,pair,D6,J7,100,100,200,0.0,254
14,O,21,O21,78,1,M13,B4,extension_frozen,pair,O18,B14,100,100,200,0.0,142
14,O,22,O22,33,8,E19,B18,extension_frozen,pair,G17,K22,100,100,200,0.0,190
14,O,23,O23,7,77,A15,N12,extension_frozen,pair,G9,N10,100,100,200,0.0,58
15,B,2,B2,90,46,O13,H22,extension_frozen,pair,J13,G4,100,100,200,0.0,86
15,B,3,B3,64,31,K9,F16,extension_frozen,pair,L15,A14,100,100,200,0.0,15
15,B,4,B4,67,21,K15,D20,extension_frozen,pair,N22,C13,100,100,200,0.0,305
15,B,5,B5,91,74,O15,N6,extension_frozen,pair,F3,A3,100,100,200,0.0,65
15,B,6,B6,83,29,M23,F12,extension_frozen,pair,C20,C14,100,100,200,0.0,148
15,B,7,B7,94,78,O21,N14,extension_frozen,pair,E23,K24,100,100,200,0.0,590
15,B,8,B8,29,56,E11,J18,extension_frozen,pair,C8,B16,100,100,200,0.0,171
15,B,9,B9,22,47,C21,H24,extension_frozen,pair,L24,J17,100,100,200,0.0,143
15,B,10,B10,37,86,G3,P6,extension_frozen,pair,H10,I16,100,100,200,0.0,39
15,B,11,B11,44,29,G17,F12,extension_frozen,pair,C4,G15,100,100,200,0.0,19
15,B,12,B12,30,25,E13,F4,extension_frozen,pair,E3,H23,100,100,200,0.0,190
15,B,13,B13,73,91,M3,P16,extension_frozen,pair,J1,C11,100,100,200,0.0,169
15,B,14,B14,40,42,G9,H14,extension_frozen,pair,P1,D13,100,100,200,0.0,32
15,B,15,B15,16,26,C9,F6,extension_frozen,pair,N6,P23,100,100,200,0.0,284
15,B,16,B16,91,44,O15,H18,extension_frozen,pair,I14,J1,100,100,200,0.0,124
15,B,17,B17,23,54,C23,J14,extension_frozen,pair,A11,E9,100,100,200,0.0,195
15,B,18,B18,37,31,G3,F16,extension_frozen,pair,H20,M23,100,100,200,0.0,216
15,B,19,B19,38,76,G5,N10,extension_frozen,pair,F7,K16,100,100,200,0.0,27
15,B,20,B20,64,92,K9,P18,extension_frozen,pair,C3,E23,100,100,200,0.0,184
15,B,21,B21,21,7,C19,B16,extension_frozen,pair,L5,G22,100,100,200,0.0,229
15,B,22,B22,34,40,E21,H10,extension_frozen,pair,G10,K5,100,100,200,0.0,221
15,B,23,B23,17,51,C11,J8,extension_frozen,pair,I11,M9,100,100,200,0.0,188
15,C,2,C2,83,5,M23,B12,extension_frozen,pair,F24,H6,100,100,200,0.0,193
15,C,3,C3,84,1,O1,B4,extension_frozen,pair,L19,C1,100,100,200,0.0,131
15,C,4,C4,32,75,E17,N8,extension_frozen,pair,A11,H11,100,100,200,0.0,208
15,C,5,C5,44,88,G17,P10,extension_frozen,pair,B19,B21,100,100,200,0.0,270
15,C,6,C6,73,83,M3,N24,extension_frozen,pair,O11,L23,100,100,200,0.0,39
15,C,7,C7,92,32,O17,F18,extension_frozen,pair,G1,H14,100,100,200,0.0,246
15,C,8,C8,58,57,I21,J20,extension_frozen,pair,P2,N18,100,100,200,0.0,178
15,C,9,C9,27,87,E7,P8,extension_frozen,pair,P3,J10,100,100,200,0.0,186
15,C,10,C10,45,55,G19,J16,extension_frozen,pair,P20,N14,100,100,200,0.0,45
15,C,11,C11,86,5,O5,B12,extension_frozen,pair,N20,H17,100,100,200,0.0,16
15,C,12,C12,57,53,I19,J12,extension_frozen,pair,O13,D2,100,100,200,0.0,256
15,C,13,C13,41,63,G11,L8,extension_frozen,pair,D1,C18,100,100,200,0.0,218
15,C,14,C14,56,18,I17,D14,extension_frozen,pair,N1,H4,100,100,200,0.0,184
15,C,15,C15,19,73,C15,N4,extension_frozen,pair,M18,F2,100,100,200,0.0,271
15,C,16,C16,83,13,M23,D4,extension_frozen,pair,O24,D9,100,100,200,0.0,228
15,C,17,C17,35,40,E23,H10,extension_frozen,pair,N18,N11,100,100,200,0.0,175
15,C,18,C18,54,89,I13,P12,extension_frozen,pair,G14,M9,100,100,200,0.0,189
15,C,19,C19,82,91,M21,P16,extension_frozen,pair,M21,D6,100,100,200,0.0,162
15,C,20,C20,8,94,A17,P22,extension_frozen,pair,B19,N20,100,100,200,0.0,302
15,C,21,C21,34,21,E21,D20,extension_frozen,pair,B6,A17,100,100,200,0.0,185
15,C,22,C22,2,92,A5,P18,extension_frozen,pair,M23,F21,100,100,200,0.0,102
15,C,23,C23,69,74,K19,N6,extension_frozen,pair,B2,E15,100,100,200,0.0,258
15,D,2,D2,89,91,O11,P16,extension_frozen,pair,G19,O10,100,100,200,0.0,303
15,D,3,D3,93,6,O19,B14,extension_frozen,pair,O2,B8,100,100,200,0.0,258
15,D,4,D4,57,72,I19,N2,extension_frozen,pair,P12,J10,100,100,200,0.0,344
15,D,5,D5,86,14,O5,D6,extension_frozen,pair,J8,E7,100,100,200,0.0,187
15,D,6,D6,44,42,G17,H14,extension_frozen,pair,F2,D23,100,100,200,0.0,268
15,D,7,D7,79,95,M15,P24,extension_frozen,pair,L2,A7,100,100,200,0.0,196
15,D,8,D8,86,75,O5,N8,extension_frozen,pair,L3,E13,100,100,200,0.0,281
15,D,9,D9,55,23,I15,D24,extension_frozen,pair,D15,G16,100,100,200,0.0,301
15,D,10,D10,41,11,G11,B24,extension_frozen,pair,H17,G6,100,100,200,0.0,187
15,D,11,D11,74,39,M5,H8,extension_frozen,pair,P16,O8,100,100,200,0.0,268
15,D,12,D12,56,83,I17,N24,extension_frozen,pair,L19,K4,100,100,200,0.0,255
15,D,13,D13,66,26,K13,F6,extension_frozen,pair,E11,N23,100,100,200,0.0,176
15,D,14,D14,80,88,M17,P10,extension_frozen,pair,A21,K4,100,100,200,0.0,255
15,D,15,D15,37,4,G3,B10,extension_frozen,pair,E11,F17,100,100,200,0.0,234
15,D,16,D16,8,55,A17,J16,extension_frozen,pair,B9,E16,100,100,200,0.0,285
15,D,17,D17,73,9,M3,B20,extension_frozen,pair,I7,O3,100,100,200,0.0,272
15,D,18,D18,42,39,G13,H8,extension_frozen,pair,O4,M22,100,100,200,0.0,262
15,D,19,D19,68,38,K17,H6,extension_frozen,pair,C6,P4,100,100,200,0.0,292
15,D,20,D20,48,57,I1,J20,extension_frozen,pair,L4,F5,100,100,200,0.0,203
15,D,21,D21,83,11,M23,B24,extension_frozen,pair,D18,G20,100,100,200,0.0,273
15,D,22,D22,72,26,M1,F6,extension_frozen,pair,E6,B24,100,100,200,0.0,267
15,D,23,D23,20,17,C17,D12,extension_frozen,pair,P5,O17,100,100,200,0.0,16
15,E,2,E2,32,41,E17,H12,extension_frozen,pair,J6,E4,100,100,200,0.0,246
15,E,3,E3,71,78,K23,N14,extension_frozen,pair,L20,B17,100,100,200,0.0,21
15,E,4,E4,93,52,O19,J10,extension_frozen,pair,L8,A3,100,100,200,0.0,281
15,E,5,E5,74,66,M5,L14,extension_frozen,pair,C19,M9,100,100,200,0.0,186
15,E,6,E6,45,87,G19,P8,extension_frozen,pair,C23,J20,100,100,200,0.0,23
15,E,7,E7,30,21,E13,D20,extension_frozen,pair,H16,B10,100,100,200,0.0,321
15,E,8,E8,18,5,C13,B12,extension_frozen,pair,B3,C5,100,100,200,0.0,42
15,E,9,E9,0,6,A1,B14,extension_frozen,pair,J10,O17,100,100,200,0.0,21
15,E,10,E10,68,49,K17,J4,extension_frozen,pair,P22,E12,100,100,200,0.0,260
15,E,11,E11,28,63,E9,L8,extension_frozen,pair,E20,G7,100,100,200,0.0,16
15,E,12,E12,35,62,E23,L6,extension_frozen,pair,J24,B24,100,100,200,0.0,323
15,E,13,E13,75,26,M7,F6,extension_frozen,pair,I16,M10,100,100,200,0.0,202
15,E,14,E14,6,58,A13,J22,extension_frozen,pair,F9,H13,100,100,200,0.0,16
15,E,15,E15,59,1,I23,B4,extension_frozen,pair,I5,I1,100,100,200,0.0,300
15,E,16,E16,71,42,K23,H14,extension_frozen,pair,H5,L7,100,100,200,0.0,271
15,E,17,E17,73,78,M3,N14,extension_frozen,pair,B14,I13,100,100,200,0.0,196
15,E,18,E18,51,93,I7,P20,extension_frozen,pair,B20,P17,100,100,200,0.0,36
15,E,19,E19,63,9,K7,B20,extension_frozen,pair,M18,E14,100,100,200,0.0,260
15,E,20,E20,67,56,K15,J18,extension_frozen,pair,A11,C8,100,100,200,0.0,181
15,E,21,E21,72,25,M1,F4,extension_frozen,pair,M6,A21,100,100,200,0.0,48
15,E,22,E22,82,30,M21,F14,extension_frozen,pair,A6,P21,100,100,200,0.0,59
15,E,23,E23,29,26,E11,F6,extension_frozen,pair,O19,C23,100,100,200,0.0,30
15,F,2,F2,35,57,E23,J20,extension_frozen,pair,N21,L9,100,100,200,0.0,36
15,F,3,F3,86,58,O5,J22,extension_frozen,pair,O15,C4,100,100,200,0.0,28
15,F,4,F4,21,84,C19,P2,extension_frozen,pair,N10,K1,100,100,200,0.0,251
15,F,5,F5,86,38,O5,H6,extension_frozen,pair,D14,F9,100,100,200,0.0,181
15,F,6,F6,49,87,I3,P8,extension_frozen,pair,P11,K19,100,100,200,0.0,233
15,F,7,F7,88,71,O9,L24,extension_frozen,pair,A18,P22,100,100,200,0.0,299
15,F,8,F8,10,85,A21,P4,extension_frozen,pair,J19,N4,100,100,200,0.0,366
15,F,9,F9,78,54,M13,J14,extension_frozen,pair,I6,A20,100,100,200,0.0,265
15,F,10,F10,6,1,A13,B4,extension_frozen,pair,M23,O4,100,100,200,0.0,288
15,F,11,F11,91,63,O15,L8,extension_frozen,pair,M14,G8,100,100,200,0.0,189
15,F,12,F12,33,10,E19,B22,extension_frozen,pair,I9,G11,100,100,200,0.0,298
15,F,13,F13,31,70,E15,L22,extension_frozen,pair,C18,F19,100,100,200,0.0,197
15,F,14,F14,12,19,C1,D16,extension_frozen,pair,I10,I13,100,100,200,0.0,269
15,F,15,F15,51,39,I7,H8,extension_frozen,pair,G12,G19,100,100,200,0.0,249
15,F,16,F16,85,17,O3,D12,extension_frozen,pair,H10,J19,100,100,200,0.0,207
15,F,17,F17,79,58,M15,J22,extension_frozen,pair,P6,H1,100,100,200,0.0,165
15,F,18,F18,32,17,E17,D12,extension_frozen,pair,B18,L18,100,100,200,0.0,262
15,F,19,F19,34,33,E21,F20,extension_frozen,pair,E3,H7,100,100,200,0.0,310
15,F,20,F20,18,76,C13,N10,extension_frozen,pair,C1,P18,100,100,200,0.0,219
15,F,21,F21,38,78,G5,N14,extension_frozen,pair,B7,E23,100,100,200,0.0,32
15,F,22,F22,73,90,M3,P14,extension_frozen,pair,G8,D4,100,100,200,0.0,181
15,F,23,F23,19,64,C15,L10,extension_frozen,pair,I13,F14,100,100,200,0.0,253
15,G,2,G2,36,87,G1,P8,extension_frozen,pair,O21,K10,100,100,200,0.0,346
15,G,3,G3,3,31,A7,F16,extension_frozen,pair,M8,P23,100,100,200,0.0,220
15,G,4,G4,91,20,O15,D18,extension_frozen,pair,I10,O2,100,100,200,0.0,273
15,G,5,G5,78,46,M13,H22,extension_frozen,pair,D15,F5,100,100,200,0.0,31
15,G,6,G6,77,2,M11,B6,extension_frozen,pair,O1,C22,100,100,200,0.0,121
15,G,7,G7,14,86,C5,P6,extension_frozen,pair,B13,B12,100,100,200,0.0,134
15,G,8,G8,21,62,C19,L6,extension_frozen,pair,B10,B19,100,100,200,0.0,335
15,G,9,G9,61,30,K3,F14,extension_frozen,pair,G7,M10,100,100,200,0.0,53
15,G,10,G10,12,73,C1,N4,extension_frozen,pair,C21,M15,100,100,200,0.0,123
15,G,11,G11,4,7,A9,B16,extension_frozen,pair,M15,J10,100,100,200,0.0,197
15,G,12,G12,15,57,C7,J20,extension_frozen,pair,D20,L22,100,100,200,0.0,338
15,G,13,G13,44,26,G17,F6,extension_frozen,pair,N21,P18,100,100,200,0.0,145
15,G,14,G14,91,28,O15,F10,extension_frozen,pair,N14,P13,100,100,200,0.0,24
15,G,15,G15,77,85,M11,P4,extension_frozen,pair,M6,K6,100,100,200,0.0,305
15,G,16,G16,67,65,K15,L12,extension_frozen,pair,N23,B17,100,100,200,0.0,229
15,G,17,G17,5,61,A11,L4,extension_frozen,pair,O10,D18,100,100,200,0.0,303
15,G,18,G18,42,31,G13,F16,extension_frozen,pair,N22,A19,100,100,200,0.0,49
15,G,19,G19,45,82,G19,N22,extension_frozen,pair,F10,B13,100,100,200,0.0,272
15,G,20,G20,33,76,E19,N10,extension_frozen,pair,H12,B6,100,100,200,0.0,301
15,G,21,G21,21,72,C19,N2,extension_frozen,pair,A7,I20,100,100,200,0.0,186
15,G,22,G22,72,60,M1,L2,extension_frozen,pair,K19,H1,100,100,200,0.0,205
15,G,23,G23,73,17,M3,D12,extension_frozen,pair,K1,L18,100,100,200,0.0,180
15,H,2,H2,12,58,C1,J22,extension_frozen,pair,E11,O24,100,100,200,0.0,218
15,H,3,H3,91,4,O15,B10,extension_frozen,pair,E2,B1,100,100,200,0.0,305
15,H,4,H4,4,49,A9,J4,extension_frozen,pair,N4,F7,100,100,200,0.0,277
15,H,5,H5,7,55,A15,J16,extension_frozen,pair,H12,A22,100,100,200,0.0,238
15,H,6,H6,59,65,I23,L12,extension_frozen,pair,E10,P13,100,100,200,0.0,18
15,H,7,H7,37,14,G3,D6,extension_frozen,pair,O5,D20,100,100,200,0.0,323
15,H,8,H8,8,60,A17,L2,extension_frozen,pair,L22,P21,100,100,200,0.0,65
15,H,9,H9,81,90,M19,P14,extension_frozen,pair,E23,E10,100,100,200,0.0,20
15,H,10,H10,22,90,C21,P14,extension_frozen,pair,F22,I2,100,100,200,0.0,232
15,H,11,H11,70,50,K21,J6,extension_frozen,pair,P19,B16,100,100,200,0.0,150
15,H,12,H12,52,31,I9,F16,extension_frozen,pair,C19,I12,100,100,200,0.0,251
15,H,13,H13,58,14,I21,D6,extension_frozen,pair,C22,I12,100,100,200,0.0,262
15,H,14,H14,79,50,M15,J6,extension_frozen,pair,N1,O7,100,100,200,0.0,185
15,H,15,H15,68,73,K17,N4,extension_frozen,pair,C4,K18,100,100,200,0.0,16
15,H,16,H16,43,95,G15,P24,extension_frozen,pair,J1,G23,100,100,200,0.0,190
15,H,17,H17,20,19,C17,D16,extension_frozen,pair,E18,I20,100,100,200,0.0,253
15,H,18,H18,52,66,I9,L14,extension_frozen,pair,M15,H5,100,100,200,0.0,143
15,H,19,H19,46,41,G21,H12,extension_frozen,pair,M18,J2,100,100,200,0.0,229
15,H,20,H20,27,39,E7,H8,extension_frozen,pair,P7,B6,100,100,200,0.0,266
15,H,21,H21,49,16,I3,D10,extension_frozen,pair,H15,O24,100,100,200,0.0,148
15,H,22,H22,34,41,E21,H12,extension_frozen,pair,I22,G20,100,100,200,0.0,231
15,H,23,H23,76,43,M9,H16,extension_frozen,pair,P18,O13,100,100,200,0.0,131
15,I,2,I2,35,39,E23,H8,extension_frozen,pair,M16,C10,100,100,200,0.0,24
15,I,3,I3,2,51,A5,J8,extension_frozen,pair,I11,L20,100,100,200,0.0,290
15,I,4,I4,84,24,O1,F2,extension_frozen,pair,E19,D3,100,100,200,0.0,221
15,I,5,I5,34,61,E21,L4,extension_frozen,pair,N7,G13,100,100,200,0.0,44
15,I,6,I6,5,24,A11,F2,extension_frozen,pair,I2,N21,100,100,200,0.0,31
15,I,7,I7,36,42,G1,H14,extension_frozen,pair,H12,I15,100,100,200,0.0,294
15,I,8,I8,25,76,E3,N10,extension_frozen,pair,J7,J17,100,100,200,0.0,45
15,I,9,I9,38,68,G5,L18,extension_frozen,pair,M17,N23,100,100,200,0.0,47
15,I,10,I10,76,19,M9,D16,extension_frozen,pair,I9,M6,100,100,200,0.0,15
15,I,11,I11,8,78,A17,N14,extension_frozen,pair,D21,P4,100,100,200,0.0,55
15,I,12,I12,1,14,A3,D6,extension_frozen,pair,B11,B12,100,100,200,0.0,281
15,I,13,I13,61,2,K3,B6,extension_frozen,pair,L5,H19,100,100,200,0.0,320
15,I,14,I14,73,68,M3,L18,extension_frozen,pair,L3,G10,100,100,200,0.0,338
15,I,15,I15,2,72,A5,N2,extension_frozen,pair,I23,A24,100,100,200,0.0,175
15,I,16,I16,89,0,O11,B2,extension_frozen,pair,C10,J12,100,100,200,0.0,42
15,I,17,I17,79,46,M15,H22,extension_frozen,pair,C13,E2,100,100,200,0.0,127
15,I,18,I18,13,76,C3,N10,extension_frozen,pair,O3,C11,100,100,200,0.0,36
15,I,19,I19,90,75,O13,N8,extension_frozen,pair,I10,I15,100,100,200,0.0,262
15,I,20,I20,59,15,I23,D8,extension_frozen,pair,O11,G14,100,100,200,0.0,290
15,I,21,I21,95,33,O23,F20,extension_frozen,pair,E1,O17,100,100,200,0.0,273
15,I,22,I22,85,34,O3,F22,extension_frozen,pair,I24,K20,100,100,200,0.0,64
15,I,23,I23,31,94,E15,P22,extension_frozen,pair,N14,O3,100,100,200,0.0,189
15,J,2,J2,70,79,K21,N16,extension_frozen,pair,G22,C16,100,100,200,0.0,240
15,J,3,J3,80,87,M17,P8,extension_frozen,pair,F14,B10,100,100,200,0.0,263
15,J,4,J4,13,35,C3,F24,extension_frozen,pair,O12,C15,100,100,200,0.0,263
15,J,5,J5,27,54,E7,J14,extension_frozen,pair,J12,C9,100,100,200,0.0,27
15,J,6,J6,45,36,G19,H2,extension_frozen,pair,H17,B13,100,100,200,0.0,42
15,J,7,J7,22,1,C21,B4,extension_frozen,pair,A2,I18,100,100,200,0.0,153
15,J,8,J8,41,81,G11,N20,extension_frozen,pair,M12,J4,100,100,200,0.0,299
15,J,9,J9,64,6,K9,B14,extension_frozen,pair,H15,A1,100,100,200,0.0,41
15,J,10,J10,49,6,I3,B14,extension_frozen,pair,O10,F4,100,100,200,0.0,277
15,J,11,J11,78,37,M13,H4,extension_frozen,pair,D2,G21,100,100,200,0.0,194
15,J,12,J12,56,74,I17,N6,extension_frozen,pair,P12,M20,100,100,200,0.0,314
15,J,13,J13,44,57,G17,J20,extension_frozen,pair,M18,P16,100,100,200,0.0,257
15,J,14,J14,64,48,K9,J2,extension_frozen,pair,B13,K2,100,100,200,0.0,177
15,J,15,J15,67,87,K15,P8,extension_frozen,pair,M4,O2,100,100,200,0.0,339
15,J,16,J16,6,59,A13,J24,extension_frozen,pair,L7,K4,100,100,200,0.0,17
15,J,17,J17,10,63,A21,L8,extension_frozen,pair,G12,D11,100,100,200,0.0,303
15,J,18,J18,58,28,I21,F10,extension_frozen,pair,E21,A20,100,100,200,0.0,198
15,J,19,J19,42,19,G13,D16,extension_frozen,pair,N20,K10,100,100,200,0.0,370
15,J,20,J20,7,47,A15,H24,extension_frozen,pair,I21,I3,100,100,200,0.0,185
15,J,21,J21,71,18,K23,D14,extension_frozen,pair,C2,E21,100,100,200,0.0,266
15,J,22,J22,66,45,K13,H20,extension_frozen,pair,G13,E21,100,100,200,0.0,123
15,J,23,J23,37,77,G3,N12,extension_frozen,pair,J3,M13,100,100,200,0.0,211
15,K,2,K2,33,31,E19,F16,extension_frozen,pair,K1,C19,100,100,200,0.0,96
15,K,3,K3,17,6,C11,B14,extension_frozen,pair,A15,J3,100,100,200,0.0,214
15,K,4,K4,52,93,I9,P20,extension_frozen,pair,I11,E24,100,100,200,0.0,31
15,K,5,K5,3,91,A7,P16,extension_frozen,pair,P12,F14,100,100,200,0.0,338
15,K,6,K6,71,7,K23,B16,extension_frozen,pair,N24,J5,100,100,200,0.0,337
15,K,7,K7,12,39,C1,H8,extension_frozen,pair,K22,C17,100,100,200,0.0,303
15,K,8,K8,10,69,A21,L20,extension_frozen,pair,D18,P16,100,100,200,0.0,299
15,K,9,K9,36,6,G1,B14,extension_frozen,pair,E2,F2,100,100,200,0.0,270
15,K,10,K10,93,19,O19,D16,extension_frozen,pair,P13,M19,100,100,200,0.0,141
15,K,11,K11,94,13,O21,D4,extension_frozen,pair,I1,D15,100,100,200,0.0,174
15,K,12,K12,39,31,G7,F16,extension_frozen,pair,F7,J20,100,100,200,0.0,25
15,K,13,K13,26,48,E5,J2,extension_frozen,pair,F9,H2,100,100,200,0.0,264
15,K,14,K14,0,95,A1,P24,extension_frozen,pair,A23,K14,100,100,200,0.0,248
15,K,15,K15,85,81,O3,N20,extension_frozen,pair,D23,D11,100,100,200,0.0,42
15,K,16,K16,14,46,C5,H22,extension_frozen,pair,J7,D4,100,100,200,0.0,29
15,K,17,K17,92,42,O17,H14,extension_frozen,pair,O15,O23,100,100,200,0.0,82
15,K,18,K18,58,88,I21,P10,extension_frozen,pair,G3,I4,100,100,200,0.0,121
15,K,19,K19,19,46,C15,H22,extension_frozen,pair,O14,C24,100,100,200,0.0,46
15,K,20,K20,56,87,I17,P8,extension_frozen,pair,H16,P15,100,100,200,0.0,139
15,K,21,K21,79,91,M15,P16,extension_frozen,pair,H5,A18,100,100,200,0.0,205
15,K,22,K22,66,46,K13,H22,extension_frozen,pair,I16,F17,100,100,200,0.0,297
15,K,23,K23,17,89,C11,P12,extension_frozen,pair,P5,N12,100,100,200,0.0,269
15,L,2,L2,24,34,E1,F22,extension_frozen,pair,O17,N10,100,100,200,0.0,308
15,L,3,L3,47,1,G23,B4,extension_frozen,pair,D3,N4,100,100,200,0.0,243
15,L,4,L4,39,94,G7,P22,extension_frozen,pair,E13,C2,100,100,200,0.0,88
15,L,5,L5,59,33,I23,F20,extension_frozen,pair,K22,L11,100,100,200,0.0,28
15,L,6,L6,67,38,K15,H6,extension_frozen,pair,L8,P10,100,100,200,0.0,246
15,L,7,L7,29,69,E11,L20,extension_frozen,pair,D1,H18,100,100,200,0.0,251
15,L,8,L8,14,3,C5,B8,extension_frozen,pair,P1,N21,100,100,200,0.0,23
15,L,9,L9,35,84,E23,P2,extension_frozen,pair,N7,F19,100,100,200,0.0,127
15,L,10,L10,78,79,M13,N16,extension_frozen,pair,L20,A22,100,100,200,0.0,279
15,L,11,L11,72,52,M1,J10,extension_frozen,pair,N15,A3,100,100,200,0.0,170
15,L,12,L12,60,47,K1,H24,extension_frozen,pair,F22,I21,100,100,200,0.0,253
15,L,13,L13,30,71,E13,L24,extension_frozen,pair,G8,P8,100,100,200,0.0,357
15,L,14,L14,27,52,E7,J10,extension_frozen,pair,L19,E13,100,100,200,0.0,176
15,L,15,L15,15,32,C7,F18,extension_frozen,pair,A5,J23,100,100,200,0.0,21
15,L,16,L16,78,21,M13,D20,extension_frozen,pair,H16,E14,100,100,200,0.0,49
15,L,17,L17,52,78,I9,N14,extension_frozen,pair,D24,A10,100,100,200,0.0,262
15,L,18,L18,60,82,K1,N22,extension_frozen,pair,D1,N4,100,100,200,0.0,27
15,L,19,L19,88,78,O9,N14,extension_frozen,pair,G15,A12,100,100,200,0.0,43
15,L,20,L20,3,13,A7,D4,extension_frozen,pair,P8,D23,100,100,200,0.0,355
15,L,21,L21,50,91,I5,P16,extension_frozen,pair,M13,G11,100,100,200,0.0,76
15,L,22,L22,71,32,K23,F18,extension_frozen,pair,B14,H24,100,100,200,0.0,305
15,L,23,L23,7,66,A15,L14,extension_frozen,pair,B23,D18,100,100,200,0.0,249
15,M,2,M2,31,36,E15,H2,extension_frozen,pair,P19,M15,100,100,200,0.0,237
15,M,3,M3,39,26,G7,F6,extension_frozen,pair,O11,E14,100,100,200,0.0,265
15,M,4,M4,42,20,G13,D18,extension_frozen,pair,E4,B3,100,100,200,0.0,36
15,M,5,M5,85,57,O3,J20,extension_frozen,pair,P20,N7,100,100,200,0.0,54
15,M,6,M6,25,57,E3,J20,extension_frozen,pair,K19,E20,100,100,200,0.0,67
15,M,7,M7,69,73,K19,N4,extension_frozen,pair,H18,J20,100,100,200,0.0,15
15,M,8,M8,68,46,K17,H22,extension_frozen,pair,J17,C15,100,100,200,0.0,106
15,M,9,M9,60,16,K1,D10,extension_frozen,pair,B14,M10,100,100,200,0.0,233
15,M,10,M10,61,51,K3,J8,extension_frozen,pair,L15,A20,100,100,200,0.0,37
15,M,11,M11,64,83,K9,N24,extension_frozen,pair,F21,K8,100,100,200,0.0,128
15,M,12,M12,74,80,M5,N18,extension_frozen,pair,O23,K15,100,100,200,0.0,81
15,M,13,M13,56,37,I17,H4,extension_frozen,pair,E22,G18,100,100,200,0.0,185
15,M,14,M14,64,68,K9,L18,extension_frozen,pair,H11,B15,100,100,200,0.0,290
15,M,15,M15,66,4,K13,B10,extension_frozen,pair,B7,P7,100,100,200,0.0,283
15,M,16,M16,37,21,G3,D20,extension_frozen,pair,F11,L22,100,100,200,0.0,303
15,M,17,M17,95,43,O23,H16,extension_frozen,pair,L21,D17,100,100,200,0.0,23
15,M,18,M18,86,25,O5,F4,extension_frozen,pair,L20,O14,100,100,200,0.0,284
15,M,19,M19,24,70,E1,L22,extension_frozen,pair,F11,E16,100,100,200,0.0,273
15,M,20,M20,76,50,M9,J6,extension_frozen,pair,C23,J3,100,100,200,0.0,253
15,M,21,M21,80,25,M17,F4,extension_frozen,pair,M19,C9,100,100,200,0.0,141
15,M,22,M22,49,8,I3,B18,extension_frozen,pair,J17,K19,100,100,200,0.0,129
15,M,23,M23,31,45,E15,H20,extension_frozen,pair,M9,F12,100,100,200,0.0,214
15,N,2,N2,30,93,E13,P20,extension_frozen,pair,N1,I3,100,100,200,0.0,203
15,N,3,N3,31,22,E15,D22,extension_frozen,pair,N1,K2,100,100,200,0.0,191
15,N,4,N4,10,43,A21,H16,extension_frozen,pair,L19,B20,100,100,200,0.0,45
15,N,5,N5,39,77,G7,N12,extension_frozen,pair,F24,B16,100,100,200,0.0,159
15,N,6,N6,14,22,C5,D22,extension_frozen,pair,K14,L12,100,100,200,0.0,266
15,N,7,N7,2,5,A5,B12,extension_frozen,pair,G12,K9,100,100,200,0.0,300
15,N,8,N8,13,10,C3,B22,extension_frozen,pair,B14,G15,100,100,200,0.0,235
15,N,9,N9,28,72,E9,N2,extension_frozen,pair,L6,I14,100,100,200,0.0,122
15,N,10,N10,33,59,E19,J24,extension_frozen,pair,A7,O24,100,100,200,0.0,209
15,N,11,N11,66,51,K13,J8,extension_frozen,pair,J17,J14,100,100,200,0.0,39
15,N,12,N12,84,20,O1,D18,extension_frozen,pair,G10,K23,100,100,200,0.0,337
15,N,13,N13,57,3,I19,B8,extension_frozen,pair,J19,P11,100,100,200,0.0,24
15,N,14,N14,29,86,E11,P6,extension_frozen,pair,N9,B11,100,100,200,0.0,267
15,N,15,N15,72,56,M1,J18,extension_frozen,pair,B11,B17,100,100,200,0.0,21
15,N,16,N16,66,23,K13,D24,extension_frozen,pair,M12,O21,100,100,200,0.0,42
15,N,17,N17,71,44,K23,H18,extension_frozen,pair,H8,J5,100,100,200,0.0,152
15,N,18,N18,40,20,G9,D18,extension_frozen,pair,A14,C23,100,100,200,0.0,41
15,N,19,N19,24,17,E1,D12,extension_frozen,pair,D2,K22,100,100,200,0.0,263
15,N,20,N20,44,10,G17,B22,extension_frozen,pair,J1,H6,100,100,200,0.0,227
15,N,21,N21,71,24,K23,F2,extension_frozen,pair,N14,F16,100,100,200,0.0,257
15,N,22,N22,0,65,A1,L12,extension_frozen,pair,O5,G9,100,100,200,0.0,258
15,N,23,N23,64,29,K9,F12,extension_frozen,pair,K17,E21,100,100,200,0.0,190
15,O,2,O2,20,18,C17,D14,extension_frozen,pair,C8,F3,100,100,200,0.0,20
15,O,3,O3,1,15,A3,D8,extension_frozen,pair,O24,H8,100,100,200,0.0,224
15,O,4,O4,4,79,A9,N16,extension_frozen,pair,G24,N18,100,100,200,0.0,182
15,O,5,O5,17,37,C11,H4,extension_frozen,pair,G14,K6,100,100,200,0.0,293
15,O,6,O6,84,9,O1,B20,extension_frozen,pair,H11,M14,100,100,200,0.0,295
15,O,7,O7,10,53,A21,J12,extension_frozen,pair,K24,P13,100,100,200,0.0,592
15,O,8,O8,9,77,A19,N12,extension_frozen,pair,D21,K10,100,100,200,0.0,256
15,O,9,O9,59,92,I23,P18,extension_frozen,pair,K7,E7,100,100,200,0.0,128
15,O,10,O10,5,11,A11,B24,extension_frozen,pair,D22,L9,100,100,200,0.0,232
15,O,11,O11,64,42,K9,H14,extension_frozen,pair,I8,C20,100,100,200,0.0,19
15,O,12,O12,50,40,I5,H10,extension_frozen,pair,I3,K9,100,100,200,0.0,184
15,O,13,O13,52,59,I9,J24,extension_frozen,pair,K22,I14,100,100,200,0.0,126
15,O,14,O14,81,63,M19,L8,extension_frozen,pair,C7,G24,100,100,200,0.0,197
15,O,15,O15,69,95,K19,P24,extension_frozen,pair,L20,N21,100,100,200,0.0,246
15,O,16,O16,9,88,A19,P10,extension_frozen,pair,H23,G2,100,100,200,0.0,245
15,O,17,O17,63,49,K7,J4,extension_frozen,pair,D12,J15,100,100,200,0.0,19
15,O,18,O18,78,20,M13,D18,extension_frozen,pair,C7,M14,100,100,200,0.0,192
15,O,19,O19,40,9,G9,B20,extension_frozen,pair,I3,F21,100,100,200,0.0,62
15,O,20,O20,4,36,A9,H2,extension_frozen,pair,M9,E10,100,100,200,0.0,183
15,O,21,O21,54,88,I13,P10,extension_frozen,pair,P11,B3,100,100,200,0.0,38
15,O,22,O22,14,30,C5,F14,extension_frozen,pair,B9,C4,100,100,200,0.0,38
15,O,23,O23,21,94,C19,P22,extension_frozen,pair,K18,M20,100,100,200,0.0,195
16,B,2,B2,29,44,E11,H18,extension_frozen,pair,H7,J8,100,100,200,0.0,285
16,B,3,B3,79,21,M15,D20,extension_frozen,pair,M2,D24,100,100,200,0.0,115
16,B,4,B4,45,53,G19,J12,extension_frozen,pair,O4,L17,100,100,200,0.0,191
16,B,5,B5,33,54,E19,J14,extension_frozen,pair,L16,K24,100,100,200,0.0,602
16,B,6,B6,22,55,C21,J16,extension_frozen,pair,M13,F15,100,100,200,0.0,220
16,B,7,B7,74,2,M5,B6,extension_frozen,pair,O21,J19,100,100,200,0.0,44
16,B,8,B8,79,60,M15,L2,extension_frozen,pair,K1,F8,100,100,200,0.0,72
16,B,9,B9,14,37,C5,H4,extension_frozen,pair,M12,J15,100,100,200,0.0,38
16,B,10,B10,21,42,C19,H14,extension_frozen,pair,F10,P16,100,100,200,0.0,326
16,B,11,B11,45,91,G19,P16,extension_frozen,pair,A6,M9,100,100,200,0.0,76
16,B,12,B12,42,49,G13,J4,extension_frozen,pair,E15,G7,100,100,200,0.0,32
16,B,13,B13,10,71,A21,L24,extension_frozen,pair,L10,O1,100,100,200,0.0,238
16,B,14,B14,3,44,A7,H18,extension_frozen,pair,I15,I5,100,100,200,0.0,139
16,B,15,B15,27,34,E7,F22,extension_frozen,pair,E14,K3,100,100,200,0.0,53
16,B,16,B16,64,26,K9,F6,extension_frozen,pair,H3,D17,100,100,200,0.0,120
16,B,17,B17,28,23,E9,D24,extension_frozen,pair,M18,P14,100,100,200,0.0,234
16,B,18,B18,11,5,A23,B12,extension_frozen,pair,F20,D5,100,100,200,0.0,236
16,B,19,B19,59,72,I23,N2,extension_frozen,pair,J7,G5,100,100,200,0.0,230
16,B,20,B20,9,79,A19,N16,extension_frozen,pair,H22,H2,100,100,200,0.0,33
16,B,21,B21,60,23,K1,D24,extension_frozen,pair,J8,I21,100,100,200,0.0,263
16,B,22,B22,58,17,I21,D12,extension_frozen,pair,F20,J17,100,100,200,0.0,252
16,B,23,B23,83,87,M23,P8,extension_frozen,pair,F20,J23,100,100,200,0.0,258
16,C,2,C2,76,84,M9,P2,extension_frozen,pair,L12,K17,100,100,200,0.0,269
16,C,3,C3,91,70,O15,L22,extension_frozen,pair,K20,P14,100,100,200,0.0,237
16,C,4,C4,58,90,I21,P14,extension_frozen,pair,M16,O6,100,100,200,0.0,18
16,C,5,C5,48,75,I1,N8,extension_frozen,pair,H19,F24,100,100,200,0.0,133
16,C,6,C6,39,30,G7,F14,extension_frozen,pair,F17,A9,100,100,200,0.0,42
16,C,7,C7,39,36,G7,H2,extension_frozen,pair,E23,J14,100,100,200,0.0,29
16,C,8,C8,69,30,K19,F14,extension_frozen,pair,J2,G8,100,100,200,0.0,234
16,C,9,C9,91,34,O15,F22,extension_frozen,pair,B16,F15,100,100,200,0.0,189
16,C,10,C10,53,83,I11,N24,extension_frozen,pair,L21,J3,100,100,200,0.0,194
16,C,11,C11,24,62,E1,L6,extension_frozen,pair,E20,D1,100,100,200,0.0,75
16,C,12,C12,78,42,M13,H14,extension_frozen,pair,E10,F13,100,100,200,0.0,18
16,C,13,C13,47,65,G23,L12,extension_frozen,pair,A1,L4,100,100,200,0.0,206
16,C,14,C14,37,18,G3,D14,extension_frozen,pair,P2,G2,100,100,200,0.0,263
16,C,15,C15,26,35,E5,F24,extension_frozen,pair,O14,A14,100,100,200,0.0,57
16,C,16,C16,9,7,A19,B16,extension_frozen,pair,F3,A2,100,100,200,0.0,58
16,C,17,C17,63,62,K7,L6,extension_frozen,pair,E8,F17,100,100,200,0.0,42
16,C,18,C18,30,58,E13,J22,extension_frozen,pair,H4,D12,100,100,200,0.0,92
16,C,19,C19,11,27,A23,F8,extension_frozen,pair,K3,L4,100,100,200,0.0,237
16,C,20,C20,34,64,E21,L10,extension_frozen,pair,N14,K2,100,100,200,0.0,195
16,C,21,C21,25,80,E3,N18,extension_frozen,pair,J9,E2,100,100,200,0.0,27
16,C,22,C22,89,22,O11,D22,extension_frozen,pair,C19,P8,100,100,200,0.0,354
16,C,23,C23,92,94,O17,P22,extension_frozen,pair,B15,G8,100,100,200,0.0,38
16,D,2,D2,42,24,G13,F2,extension_frozen,pair,L9,O17,100,100,200,0.0,160
16,D,3,D3,79,51,M15,J8,extension_frozen,pair,K16,P7,100,100,200,0.0,297
16,D,4,D4,3,75,A7,N8,extension_frozen,pair,H17,K10,100,100,200,0.0,258
16,D,5,D5,87,49,O7,J4,extension_frozen,pair,J18,B5,100,100,200,0.0,50
16,D,6,D6,90,86,O13,P6,extension_frozen,pair,I17,O14,100,100,200,0.0,171
16,D,7,D7,78,2,M13,B6,extension_frozen,pair,O15,J23,100,100,200,0.0,193
16,D,8,D8,80,1,M17,B4,extension_frozen,pair,L1,B19,100,100,200,0.0,202
16,D,9,D9,53,24,I11,F2,extension_frozen,pair,H8,L16,100,100,200,0.0,109
16,D,10,D10,52,72,I9,N2,extension_frozen,pair,H11,M17,100,100,200,0.0,152
16,D,11,D11,74,11,M5,B24,extension_frozen,pair,G18,E21,100,100,200,0.0,185
16,D,12,D12,89,83,O11,N24,extension_frozen,pair,M16,M5,100,100,200,0.0,268
16,D,13,D13,11,22,A23,D22,extension_frozen,pair,B4,I1,100,100,200,0.0,160
16,D,14,D14,66,47,K13,H24,extension_frozen,pair,L11,C14,100,100,200,0.0,197
16,D,15,D15,67,61,K15,L4,extension_frozen,pair,N7,P1,100,100,200,0.0,44
16,D,16,D16,30,31,E13,F16,extension_frozen,pair,B2,D9,100,100,200,0.0,223
16,D,17,D17,69,34,K19,F22,extension_frozen,pair,M19,A10,100,100,200,0.0,196
16,D,18,D18,53,25,I11,F4,extension_frozen,pair,O9,J2,100,100,200,0.0,191
16,D,19,D19,74,88,M5,P10,extension_frozen,pair,L1,J18,100,100,200,0.0,196
16,D,20,D20,55,81,I15,N20,extension_frozen,pair,M22,H16,100,100,200,0.0,230
16,D,21,D21,6,17,A13,D12,extension_frozen,pair,D7,I4,100,100,200,0.0,332
16,D,22,D22,22,64,C21,L10,extension_frozen,pair,N7,K20,100,100,200,0.0,152
16,D,23,D23,11,83,A23,N24,extension_frozen,pair,G19,B5,100,100,200,0.0,247
16,E,2,E2,12,32,C1,F18,extension_frozen,pair,E7,E8,100,100,200,0.0,36
16,E,3,E3,64,81,K9,N20,extension_frozen,pair,G3,H21,100,100,200,0.0,265
16,E,4,E4,89,49,O11,J4,extension_frozen,pair,J1,E10,100,100,200,0.0,20
16,E,5,E5,57,68,I19,L18,extension_frozen,pair,E8,L11,100,100,200,0.0,23
16,E,6,E6,41,19,G11,D16,extension_frozen,pair,E1,E22,100,100,200,0.0,305
16,E,7,E7,41,38,G11,H6,extension_frozen,pair,P1,O15,100,100,200,0.0,35
16,E,8,E8,60,52,K1,J10,extension_frozen,pair,H9,B13,100,100,200,0.0,201
16,E,9,E9,89,1,O11,B4,extension_frozen,pair,O8,B18,100,100,200,0.0,186
16,E,10,E10,81,52,M19,J10,extension_frozen,pair,G9,J22,100,100,200,0.0,295
16,E,11,E11,93,43,O19,H16,extension_frozen,pair,E2,A17,100,100,200,0.0,36
16,E,12,E12,18,52,C13,J10,extension_frozen,pair,K21,A23,100,100,200,0.0,246
16,E,13,E13,25,68,E3,L18,extension_frozen,pair,L6,B5,100,100,200,0.0,44
16,E,14,E14,0,84,A1,P2,extension_frozen,pair,H20,J1,100,100,200,0.0,260
16,E,15,E15,67,20,K15,D18,extension_frozen,pair,J24,I2,100,100,200,0.0,276
16,E,16,E16,53,55,I11,J16,extension_frozen,pair,F10,B3,100,100,200,0.0,359
16,E,17,E17,95,64,O23,L10,extension_frozen,pair,E11,G20,100,100,200,0.0,187
16,E,18,E18,80,78,M17,N14,extension_frozen,pair,K5,E10,100,100,200,0.0,223
16,E,19,E19,9,27,A19,F8,extension_frozen,pair,N6,M4,100,100,200,0.0,299
16,E,20,E20,85,29,O3,F12,extension_frozen,pair,H14,D1,100,100,200,0.0,245
16,E,21,E21,94,24,O21,F2,extension_frozen,pair,A12,C3,100,100,200,0.0,143
16,E,22,E22,93,76,O19,N10,extension_frozen,pair,A16,M7,100,100,200,0.0,93
16,E,23,E23,74,3,M5,B8,extension_frozen,pair,D22,H19,100,100,200,0.0,193
16,F,2,F2,43,35,G15,F24,extension_frozen,pair,M18,H12,100,100,200,0.0,299
16,F,3,F3,91,38,O15,H6,extension_frozen,pair,H3,C13,100,100,200,0.0,271
16,F,4,F4,66,71,K13,L24,extension_frozen,pair,P7,B12,100,100,200,0.0,330
16,F,5,F5,4,93,A9,P20,extension_frozen,pair,I6,F3,100,100,200,0.0,260
16,F,6,F6,89,95,O11,P24,extension_frozen,pair,O19,F12,100,100,200,0.0,217
16,F,7,F7,58,35,I21,F24,extension_frozen,pair,M24,B17,100,100,200,0.0,300
16,F,8,F8,38,47,G5,H24,extension_frozen,pair,P6,P10,100,100,200,0.0,95
16,F,9,F9,21,4,C19,B10,extension_frozen,pair,P13,E9,100,100,200,0.0,28
16,F,10,F10,2,19,A5,D16,extension_frozen,pair,G12,J2,100,100,200,0.0,311
16,F,11,F11,72,33,M1,F20,extension_frozen,pair,A12,J8,100,100,200,0.0,187
16,F,12,F12,8,71,A17,L24,extension_frozen,pair,G1,I18,100,100,200,0.0,205
16,F,13,F13,69,17,K19,D12,extension_frozen,pair,L21,E10,100,100,200,0.0,53
16,F,14,F14,46,92,G21,P18,extension_frozen,pair,B10,M5,100,100,200,0.0,289
16,F,15,F15,32,70,E17,L22,extension_frozen,pair,P22,L18,100,100,200,0.0,265
16,F,16,F16,88,32,O9,F18,extension_frozen,pair,P12,F13,100,100,200,0.0,242
16,F,17,F17,82,25,M21,F4,extension_frozen,pair,C19,O7,100,100,200,0.0,181
16,F,18,F18,80,29,M17,F12,extension_frozen,pair,H6,K19,100,100,200,0.0,205
16,F,19,F19,16,38,C9,H6,extension_frozen,pair,B9,C21,100,100,200,0.0,38
16,F,20,F20,77,84,M11,P2,extension_frozen,pair,D22,J6,100,100,200,0.0,70
16,F,21,F21,24,60,E1,L2,extension_frozen,pair,P22,H5,100,100,200,0.0,271
16,F,22,F22,53,63,I11,L8,extension_frozen,pair,I3,H7,100,100,200,0.0,204
16,F,23,F23,64,93,K9,P20,extension_frozen,pair,J21,K16,100,100,200,0.0,202
16,G,2,G2,55,27,I15,F8,extension_frozen,pair,F1,H9,100,100,200,0.0,17
16,G,3,G3,78,0,M13,B2,extension_frozen,pair,G20,C4,100,100,200,0.0,27
16,G,4,G4,61,34,K3,F22,extension_frozen,pair,E3,L24,100,100,200,0.0,263
16,G,5,G5,62,90,K5,P14,extension_frozen,pair,N18,B18,100,100,200,0.0,171
16,G,6,G6,89,51,O11,J8,extension_frozen,pair,I22,K20,100,100,200,0.0,304
16,G,7,G7,26,40,E5,H10,extension_frozen,pair,A18,L13,100,100,200,0.0,297
16,G,8,G8,14,78,C5,N14,extension_frozen,pair,J12,H24,100,100,200,0.0,299
16,G,9,G9,65,34,K11,F22,extension_frozen,pair,L23,D6,100,100,200,0.0,175
16,G,10,G10,13,60,C3,L2,extension_frozen,pair,K7,C23,100,100,200,0.0,125
16,G,11,G11,63,50,K7,J6,extension_frozen,pair,K16,A16,100,100,200,0.0,279
16,G,12,G12,55,64,I15,L10,extension_frozen,pair,K2,B22,100,100,200,0.0,157
16,G,13,G13,67,33,K15,F20,extension_frozen,pair,A21,I11,100,100,200,0.0,33
16,G,14,G14,13,94,C3,P22,extension_frozen,pair,A9,I12,100,100,200,0.0,62
16,G,15,G15,3,72,A7,N2,extension_frozen,pair,F1,E10,100,100,200,0.0,22
16,G,16,G16,31,91,E15,P16,extension_frozen,pair,G10,D17,100,100,200,0.0,186
16,G,17,G17,79,87,M15,P8,extension_frozen,pair,G13,H8,100,100,200,0.0,44
16,G,18,G18,0,41,A1,H12,extension_frozen,pair,L21,F9,100,100,200,0.0,39
16,G,19,G19,94,33,O21,F20,extension_frozen,pair,C7,K9,100,100,200,0.0,27
16,G,20,G20,51,74,I7,N6,extension_frozen,pair,O18,O4,100,100,200,0.0,330
16,G,21,G21,24,32,E1,F18,extension_frozen,pair,E20,C20,100,100,200,0.0,16
16,G,22,G22,29,41,E11,H12,extension_frozen,pair,A23,L3,100,100,200,0.0,277
16,G,23,G23,64,95,K9,P24,extension_frozen,pair,P16,I23,100,100,200,0.0,83
16,H,2,H2,7,35,A15,F24,extension_frozen,pair,L18,F3,100,100,200,0.0,65
16,H,3,H3,35,51,E23,J8,extension_frozen,pair,L2,F4,100,100,200,0.0,248
16,H,4,H4,4,34,A9,F22,extension_frozen,pair,L17,G13,100,100,200,0.0,23
16,H,5,H5,21,40,C19,H10,extension_frozen,pair,F2,H10,100,100,200,0.0,313
16,H,6,H6,66,59,K13,J24,extension_frozen,pair,P19,H15,100,100,200,0.0,228
16,H,7,H7,44,64,G17,L10,extension_frozen,pair,B18,L17,100,100,200,0.0,184
16,H,8,H8,87,44,O7,H18,extension_frozen,pair,H17,L24,100,100,200,0.0,177
16,H,9,H9,94,4,O21,B10,extension_frozen,pair,A6,G19,100,100,200,0.0,110
16,H,10,H10,17,82,C11,N22,extension_frozen,pair,G8,K23,100,100,200,0.0,309
16,H,11,H11,47,60,G23,L2,extension_frozen,pair,B10,O10,100,100,200,0.0,376
16,H,12,H12,6,84,A13,P2,extension_frozen,pair,O20,M2,100,100,200,0.0,18
16,H,13,H13,40,14,G9,D6,extension_frozen,pair,J20,E11,100,100,200,0.0,233
16,H,14,H14,72,15,M1,D8,extension_frozen,pair,B8,P14,100,100,200,0.0,230
16,H,15,H15,90,42,O13,H14,extension_frozen,pair,B7,O9,100,100,200,0.0,39
16,H,16,H16,85,56,O3,J18,extension_frozen,pair,O23,O18,100,100,200,0.0,121
16,H,17,H17,13,2,C3,B6,extension_frozen,pair,F3,M1,100,100,200,0.0,256
16,H,18,H18,54,95,I13,P24,extension_frozen,pair,A1,B18,100,100,200,0.0,116
16,H,19,H19,60,6,K1,B14,extension_frozen,pair,F1,N14,100,100,200,0.0,15
16,H,20,H20,45,49,G19,J4,extension_frozen,pair,N19,A19,100,100,200,0.0,49
16,H,21,H21,88,82,O9,N22,extension_frozen,pair,J20,F20,100,100,200,0.0,260
16,H,22,H22,0,25,A1,F4,extension_frozen,pair,N11,K21,100,100,200,0.0,150
16,H,23,H23,40,27,G9,F8,extension_frozen,pair,O14,M2,100,100,200,0.0,48
16,I,2,I2,89,79,O11,N16,extension_frozen,pair,H24,P15,100,100,200,0.0,188
16,I,3,I3,44,8,G17,B18,extension_frozen,pair,N14,B11,100,100,200,0.0,305
16,I,4,I4,52,28,I9,F10,extension_frozen,pair,F19,L10,100,100,200,0.0,195
16,I,5,I5,78,51,M13,J8,extension_frozen,pair,O1,K21,100,100,200,0.0,108
16,I,6,I6,14,49,C5,J4,extension_frozen,pair,A9,D5,100,100,200,0.0,178
16,I,7,I7,7,18,A15,D14,extension_frozen,pair,H10,D2,100,100,200,0.0,251
16,I,8,I8,30,0,E13,B2,extension_frozen,pair,B8,I6,100,100,200,0.0,252
16,I,9,I9,48,95,I1,P24,extension_frozen,pair,C11,O22,100,100,200,0.0,28
16,I,10,I10,45,54,G19,J14,extension_frozen,pair,G4,B23,100,100,200,0.0,33
16,I,11,I11,54,39,I13,H8,extension_frozen,pair,C3,E8,100,100,200,0.0,182
16,I,12,I12,23,47,C23,H24,extension_frozen,pair,O9,K24,100,100,200,0.0,591
16,I,13,I13,21,28,C19,F10,extension_frozen,pair,I21,A5,100,100,200,0.0,21
16,I,14,I14,75,82,M7,N22,extension_frozen,pair,C2,N10,100,100,200,0.0,330
16,I,15,I15,74,69,M5,L20,extension_frozen,pair,M10,C7,100,100,200,0.0,44
16,I,16,I16,50,54,I5,J14,extension_frozen,pair,N17,F18,100,100,200,0.0,77
16,I,17,I17,22,37,C21,H4,extension_frozen,pair,A24,F22,100,100,200,0.0,214
16,I,18,I18,75,70,M7,L22,extension_frozen,pair,B4,E15,100,100,200,0.0,244
16,I,19,I19,22,91,C21,P16,extension_frozen,pair,D15,C3,100,100,200,0.0,135
16,I,20,I20,43,93,G15,P20,extension_frozen,pair,G18,L20,100,100,200,0.0,185
16,I,21,I21,66,88,K13,P10,extension_frozen,pair,P4,E5,100,100,200,0.0,255
16,I,22,I22,1,83,A3,N24,extension_frozen,pair,N17,E3,100,100,200,0.0,155
16,I,23,I23,0,68,A1,L18,extension_frozen,pair,N20,M14,100,100,200,0.0,180
16,J,2,J2,51,12,I7,D2,extension_frozen,pair,C5,I7,100,100,200,0.0,306
16,J,3,J3,82,60,M21,L2,extension_frozen,pair,C22,I13,100,100,200,0.0,137
16,J,4,J4,31,12,E15,D2,extension_frozen,pair,E13,N8,100,100,200,0.0,258
16,J,5,J5,53,84,I11,P2,extension_frozen,pair,F24,K9,100,100,200,0.0,137
16,J,6,J6,12,3,C1,B8,extension_frozen,pair,A9,C5,100,100,200,0.0,45
16,J,7,J7,87,6,O7,B14,extension_frozen,pair,B9,I18,100,100,200,0.0,301
16,J,8,J8,94,75,O21,N8,extension_frozen,pair,N12,M7,100,100,200,0.0,337
16,J,9,J9,1,44,A3,H18,extension_frozen,pair,M3,A15,100,100,200,0.0,226
16,J,10,J10,40,50,G9,J6,extension_frozen,pair,P7,F13,100,100,200,0.0,292
16,J,11,J11,45,3,G19,B8,extension_frozen,pair,M1,K13,100,100,200,0.0,253
16,J,12,J12,3,93,A7,P20,extension_frozen,pair,M14,M20,100,100,200,0.0,159
16,J,13,J13,74,83,M5,N24,extension_frozen,pair,I13,L21,100,100,200,0.0,128
16,J,14,J14,11,82,A23,N22,extension_frozen,pair,F24,I20,100,100,200,0.0,224
16,J,15,J15,25,60,E3,L2,extension_frozen,pair,J8,G14,100,100,200,0.0,187
16,J,16,J16,49,47,I3,H24,extension_frozen,pair,J4,K18,100,100,200,0.0,305
16,J,17,J17,92,63,O17,L8,extension_frozen,pair,E3,C14,100,100,200,0.0,196
16,J,18,J18,43,5,G15,B12,extension_frozen,pair,B22,O15,100,100,200,0.0,194
16,J,19,J19,1,7,A3,B16,extension_frozen,pair,D9,A24,100,100,200,0.0,186
16,J,20,J20,90,67,O13,L16,extension_frozen,pair,G5,F7,100,100,200,0.0,24
16,J,21,J21,59,73,I23,N4,extension_frozen,pair,D18,C6,100,100,200,0.0,234
16,J,22,J22,84,58,O1,J22,extension_frozen,pair,K17,C19,100,100,200,0.0,26
16,J,23,J23,37,64,G3,L10,extension_frozen,pair,I13,G8,100,100,200,0.0,124
16,K,2,K2,71,92,K23,P18,extension_frozen,pair,G15,J22,100,100,200,0.0,191
16,K,3,K3,81,23,M19,D24,extension_frozen,pair,B4,A16,100,100,200,0.0,244
16,K,4,K4,40,57,G9,J20,extension_frozen,pair,P5,I5,100,100,200,0.0,38
16,K,5,K5,64,9,K9,B20,extension_frozen,pair,P21,M3,100,100,200,0.0,180
16,K,6,K6,56,63,I17,L8,extension_frozen,pair,A3,K10,100,100,200,0.0,223
16,K,7,K7,27,11,E7,B24,extension_frozen,pair,E18,M18,100,100,200,0.0,25
16,K,8,K8,32,47,E17,H24,extension_frozen,pair,I17,D3,100,100,200,0.0,133
16,K,9,K9,27,89,E7,P12,extension_frozen,pair,G14,A12,100,100,200,0.0,31
16,K,10,K10,68,17,K17,D12,extension_frozen,pair,J1,G4,100,100,200,0.0,36
16,K,11,K11,78,84,M13,P2,extension_frozen,pair,G24,G2,100,100,200,0.0,195
16,K,12,K12,53,7,I11,B16,extension_frozen,pair,O20,H13,100,100,200,0.0,117
16,K,13,K13,46,27,G21,F8,extension_frozen,pair,I13,K18,100,100,200,0.0,190
16,K,14,K14,4,84,A9,P2,extension_frozen,pair,N9,O4,100,100,200,0.0,233
16,K,15,K15,12,79,C1,N16,extension_frozen,pair,B17,H20,100,100,200,0.0,251
16,K,16,K16,9,1,A19,B4,extension_frozen,pair,I14,K5,100,100,200,0.0,178
16,K,17,K17,15,39,C7,H8,extension_frozen,pair,H14,G17,100,100,200,0.0,254
16,K,18,K18,50,76,I5,N10,extension_frozen,pair,F8,C3,100,100,200,0.0,166
16,K,19,K19,38,77,G5,N12,extension_frozen,pair,N24,C10,100,100,200,0.0,283
16,K,20,K20,77,81,M11,N20,extension_frozen,pair,K2,P23,100,100,200,0.0,301
16,K,21,K21,6,82,A13,N22,extension_frozen,pair,M8,E12,100,100,200,0.0,203
16,K,22,K22,1,13,A3,D4,extension_frozen,pair,O12,P14,100,100,200,0.0,269
16,K,23,K23,41,49,G11,J4,extension_frozen,pair,E19,D22,100,100,200,0.0,303
16,L,2,L2,41,47,G11,H24,extension_frozen,pair,N22,J4,100,100,200,0.0,305
16,L,3,L3,9,44,A19,H18,extension_frozen,pair,I18,A14,100,100,200,0.0,288
16,L,4,L4,39,7,G7,B16,extension_frozen,pair,L19,D16,100,100,200,0.0,110
16,L,5,L5,90,27,O13,F8,extension_frozen,pair,P6,C12,100,100,200,0.0,183
16,L,6,L6,6,75,A13,N8,extension_frozen,pair,F4,I24,100,100,200,0.0,96
16,L,7,L7,30,52,E13,J10,extension_frozen,pair,C19,I2,100,100,200,0.0,22
16,L,8,L8,77,38,M11,H6,extension_frozen,pair,A6,H8,100,100,200,0.0,70
16,L,9,L9,54,92,I13,P18,extension_frozen,pair,E11,O11,100,100,200,0.0,222
16,L,10,L10,11,10,A23,B22,extension_frozen,pair,E20,M15,100,100,200,0.0,69
16,L,11,L11,74,18,M5,D14,extension_frozen,pair,C11,D7,100,100,200,0.0,335
16,L,12,L12,50,42,I5,H14,extension_frozen,pair,J21,J14,100,100,200,0.0,228
16,L,13,L13,44,58,G17,J22,extension_frozen,pair,H15,O10,100,100,200,0.0,15
16,L,14,L14,29,3,E11,B8,extension_frozen,pair,N13,M12,100,100,200,0.0,134
16,L,15,L15,9,59,A19,J24,extension_frozen,pair,I15,P19,100,100,200,0.0,135
16,L,16,L16,27,92,E7,P18,extension_frozen,pair,C7,P8,100,100,200,0.0,342
16,L,17,L17,73,35,M3,F24,extension_frozen,pair,K10,C14,100,100,200,0.0,309
16,L,18,L18,14,21,C5,D20,extension_frozen,pair,K8,M19,100,100,200,0.0,43
16,L,19,L19,2,58,A5,J22,extension_frozen,pair,B23,D22,100,100,200,0.0,306
16,L,20,L20,40,58,G9,J22,extension_frozen,pair,I6,B23,100,100,200,0.0,262
16,L,21,L21,18,38,C13,H6,extension_frozen,pair,M10,N11,100,100,200,0.0,190
16,L,22,L22,16,4,C9,B10,extension_frozen,pair,N9,O7,100,100,200,0.0,296
16,L,23,L23,60,0,K1,B2,extension_frozen,pair,I12,E16,100,100,200,0.0,79
16,M,2,M2,44,52,G17,J10,extension_frozen,pair,H15,J4,100,100,200,0.0,308
16,M,3,M3,7,95,A15,P24,extension_frozen,pair,A7,I19,100,100,200,0.0,108
16,M,4,M4,91,88,O15,P10,extension_frozen,pair,K21,J18,100,100,200,0.0,182
16,M,5,M5,25,54,E3,J14,extension_frozen,pair,C3,P22,100,100,200,0.0,155
16,M,6,M6,81,37,M19,H4,extension_frozen,pair,O7,N23,100,100,200,0.0,27
16,M,7,M7,57,95,I19,P24,extension_frozen,pair,P15,K16,100,100,200,0.0,22
16,M,8,M8,80,5,M17,B12,extension_frozen,pair,E15,G17,100,100,200,0.0,237
16,M,9,M9,44,76,G17,N10,extension_frozen,pair,K2,E12,100,100,200,0.0,305
16,M,10,M10,4,47,A9,H24,extension_frozen,pair,E17,L10,100,100,200,0.0,236
16,M,11,M11,59,21,I23,D20,extension_frozen,pair,L16,D20,100,100,200,0.0,326
16,M,12,M12,4,12,A9,D2,extension_frozen,pair,L1,P11,100,100,200,0.0,197
16,M,13,M13,0,62,A1,L6,extension_frozen,pair,G16,F3,100,100,200,0.0,303
16,M,14,M14,20,0,C17,B2,extension_frozen,pair,B23,H12,100,100,200,0.0,257
16,M,15,M15,49,5,I3,B12,extension_frozen,pair,O12,P24,100,100,200,0.0,303
16,M,16,M16,28,37,E9,H4,extension_frozen,pair,F10,A3,100,100,200,0.0,316
16,M,17,M17,92,86,O17,P6,extension_frozen,pair,C24,G17,100,100,200,0.0,137
16,M,18,M18,25,52,E3,J10,extension_frozen,pair,P5,J5,100,100,200,0.0,191
16,M,19,M19,33,63,E19,L8,extension_frozen,pair,C16,D24,100,100,200,0.0,265
16,M,20,M20,90,80,O13,N18,extension_frozen,pair,G5,A18,100,100,200,0.0,299
16,M,21,M21,18,93,C13,P20,extension_frozen,pair,J6,D13,100,100,200,0.0,45
16,M,22,M22,62,74,K5,N6,extension_frozen,pair,D8,M11,100,100,200,0.0,256
16,M,23,M23,49,75,I3,N8,extension_frozen,pair,B6,O5,100,100,200,0.0,19
16,N,2,N2,4,82,A9,N22,extension_frozen,pair,C11,H10,100,100,200,0.0,243
16,N,3,N3,18,74,C13,N6,extension_frozen,pair,E11,D7,100,100,200,0.0,349
16,N,4,N4,41,14,G11,D6,extension_frozen,pair,A18,D19,100,100,200,0.0,18
16,N,5,N5,41,29,G11,F12,extension_frozen,pair,J15,H23,100,100,200,0.0,19
16,N,6,N6,1,6,A3,B14,extension_frozen,pair,N17,G2,100,100,200,0.0,208
16,N,7,N7,77,86,M11,P6,extension_frozen,pair,D21,F4,100,100,200,0.0,201
16,N,8,N8,62,76,K5,N10,extension_frozen,pair,F5,J6,100,100,200,0.0,297
16,N,9,N9,48,44,I1,H18,extension_frozen,pair,L5,I21,100,100,200,0.0,185
16,N,10,N10,20,64,C17,L10,extension_frozen,pair,N19,N14,100,100,200,0.0,16
16,N,11,N11,28,16,E9,D10,extension_frozen,pair,H1,K9,100,100,200,0.0,84
16,N,12,N12,94,80,O21,N18,extension_frozen,pair,J4,L11,100,100,200,0.0,302
16,N,13,N13,49,22,I3,D22,extension_frozen,pair,H3,D24,100,100,200,0.0,111
16,N,14,N14,82,47,M21,H24,extension_frozen,pair,E13,O3,100,100,200,0.0,85
16,N,15,N15,46,10,G21,B22,extension_frozen,pair,F14,C18,100,100,200,0.0,43
16,N,16,N16,49,74,I3,N6,extension_frozen,pair,E18,B14,100,100,200,0.0,238
16,N,17,N17,15,48,C7,J2,extension_frozen,pair,B23,J5,100,100,200,0.0,189
16,N,18,N18,1,32,A3,F18,extension_frozen,pair,K22,F5,100,100,200,0.0,17
16,N,19,N19,22,65,C21,L12,extension_frozen,pair,A17,E4,100,100,200,0.0,36
16,N,20,N20,60,12,K1,D2,extension_frozen,pair,K7,N9,100,100,200,0.0,131
16,N,21,N21,25,36,E3,H2,extension_frozen,pair,K18,I10,100,100,200,0.0,305
16,N,22,N22,29,40,E11,H10,extension_frozen,pair,M5,E24,100,100,200,0.0,298
16,N,23,N23,40,78,G9,N14,extension_frozen,pair,L9,I19,100,100,200,0.0,301
16,O,2,O2,3,24,A7,F2,extension_frozen,pair,B15,N24,100,100,200,0.0,267
16,O,3,O3,13,78,C3,N14,extension_frozen,pair,G21,J18,100,100,200,0.0,221
16,O,4,O4,94,52,O21,J10,extension_frozen,pair,E20,K20,100,100,200,0.0,79
16,O,5,O5,71,23,K23,D24,extension_frozen,pair,I3,L13,100,100,200,0.0,167
16,O,6,O6,82,90,M21,P14,extension_frozen,pair,D11,J21,100,100,200,0.0,205
16,O,7,O7,90,10,O13,B22,extension_frozen,pair,B10,L6,100,100,200,0.0,359
16,O,8,O8,8,95,A17,P24,extension_frozen,pair,E14,O24,100,100,200,0.0,242
16,O,9,O9,7,27,A15,F8,extension_frozen,pair,H15,L16,100,100,200,0.0,90
16,O,10,O10,16,13,C9,D4,extension_frozen,pair,M14,I19,100,100,200,0.0,275
16,O,11,O11,58,94,I21,P22,extension_frozen,pair,G9,E24,100,100,200,0.0,298
16,O,12,O12,87,41,O7,H12,extension_frozen,pair,I17,G24,100,100,200,0.0,31
16,O,13,O13,0,73,A1,N4,extension_frozen,pair,H23,M4,100,100,200,0.0,349
16,O,14,O14,24,88,E1,P10,extension_frozen,pair,N13,L18,100,100,200,0.0,242
16,O,15,O15,57,7,I19,B16,extension_frozen,pair,J13,H7,100,100,200,0.0,265
16,O,16,O16,74,27,M5,F8,extension_frozen,pair,M17,E23,100,100,200,0.0,37
16,O,17,O17,76,80,M9,N18,extension_frozen,pair,M8,D15,100,100,200,0.0,20
16,O,18,O18,71,46,K23,H22,extension_frozen,pair,A16,A19,100,100,200,0.0,247
16,O,19,O19,55,44,I15,H18,extension_frozen,pair,J7,M7,100,100,200,0.0,89
16,O,20,O20,80,49,M17,J4,extension_frozen,pair,E21,N4,100,100,200,0.0,349
16,O,21,O21,29,80,E11,N18,extension_frozen,pair,I16,K10,100,100,200,0.0,332
16,O,22,O22,93,25,O19,F4,extension_frozen,pair,N23,L9,100,100,200,0.0,190
16,O,23,O23,63,34,K7,F22,extension_frozen,pair,J22,E23,100,100,200,0.0,189
