Source Well,Destination Plate Name,Destination Well,Transfer Volume
C20,1,B2,100
G9,1,B2,100
O13,1,B3,100
O9,1,B3,100
E16,1,B4,100
E7,1,B4,100
C14,1,B5,100
E12,1,B5,100
G3,1,B6,100
E20,1,B6,100
O7,1,B7,100
M19,1,B7,100
F23,1,B8,100
A11,1,B8,100
F23,1,B9,100
H19,1,B9,100
P19,1,B10,100
H23,1,B10,100
G3,1,B11,100
C20,1,B11,100
H19,1,B12,100
E2,1,B12,100
G6,1,B13,100
O11,1,B13,100
G12,1,B14,100
H17,1,B14,100
G13,1,B15,100
J5,1,B15,100
G21,1,B16,100
G9,1,B16,100
P15,1,B17,100
I11,1,B17,100
O13,1,B18,100
E9,1,B18,100
E13,1,B19,100
E24,1,B19,100
E21,1,B20,100
E24,1,B20,100
G3,1,B21,100
I9,1,B21,100
F13,1,B22,100
E4,1,B22,100
D23,1,B23,100
E2,1,B23,100
J1,1,C2,100
I11,1,C2,100
M9,1,C3,100
A8,1,C3,100
D23,1,C4,100
F5,1,C4,100
O9,1,C5,100
F7,1,C5,100
F15,1,C6,100
J13,1,C6,100
O3,1,C7,100
E4,1,C7,100
G4,1,C8,100
M9,1,C8,100
A12,1,C9,100
A2,1,C9,100
E10,1,C10,100
M21,1,C10,100
O9,1,C11,100
H19,1,C11,100
A2,1,C12,100
G21,1,C12,100
F13,1,C13,100
F17,1,C13,100
F17,1,C14,100
A11,1,C14,100
O17,1,C15,100
M21,1,C15,100
G22,1,C16,100
P21,1,C16,100
E18,1,C17,100
E24,1,C17,100
M19,1,C18,100
G9,1,C18,100
H15,1,C19,100
M21,1,C19,100
P19,1,C20,100
E13,1,C20,100
J5,1,C21,100
G19,1,C21,100
H15,1,C22,100
E10,1,C22,100
G12,1,C23,100
C14,1,C23,100
P17,1,D2,100
A11,1,D2,100
P15,1,D3,100
C14,1,D3,100
F13,1,D4,100
A8,1,D4,100
M9,1,D5,100
G1,1,D5,100
G17,1,D6,100
G22,1,D6,100
G18,1,D7,100
J5,1,D7,100
J1,1,D8,100
F5,1,D8,100
H11,1,D9,100
F17,1,D9,100
F15,1,D10,100
E24,1,D10,100
E4,1,D11,100
E2,1,D11,100
A21,1,D12,100
O21,1,D12,100
E13,1,D13,100
O21,1,D13,100
A6,1,D14,100
J9,1,D14,100
F13,1,D15,100
G10,1,D15,100
G20,1,D16,100
E20,1,D16,100
M21,1,D17,100
M13,1,D17,100
F19,1,D18,100
O9,1,D18,100
D23,1,D19,100
J5,1,D19,100
A6,1,D20,100
C20,1,D20,100
G6,1,D21,100
E2,1,D21,100
H11,1,D22,100
A8,1,D22,100
G4,1,D23,100
M19,1,D23,100
G5,1,E2,100
A12,1,E2,100
G21,1,E3,100
M21,1,E3,100
O17,1,E4,100
I11,1,E4,100
A8,1,E5,100
M13,1,E5,100
J13,1,E6,100
I11,1,E6,100
E15,1,E7,100
G21,1,E7,100
G6,1,E8,100
E8,1,E8,100
G20,1,E9,100
F19,1,E9,100
F23,1,E10,100
E9,1,E10,100
G15,1,E11,100
G12,1,E11,100
G3,1,E12,100
C20,1,E12,100
E15,1,E13,100
G21,1,E13,100
O15,1,E14,100
E2,1,E14,100
F19,1,E15,100
E8,1,E15,100
G15,1,E16,100
G12,1,E16,100
A8,1,E17,100
G8,1,E17,100
G17,1,E18,100
E6,1,E18,100
P19,1,E19,100
P17,1,E19,100
E22,1,E20,100
G19,1,E20,100
O11,1,E21,100
E20,1,E21,100
C14,1,E22,100
H23,1,E22,100
A12,1,E23,100
O19,1,E23,100
G18,1,F2,100
F7,1,F2,100
A6,1,F3,100
E12,1,F3,100
J13,1,F4,100
E8,1,F4,100
A8,1,F5,100
E8,1,F5,100
C20,1,F6,100
E4,1,F6,100
G17,1,F7,100
H17,1,F7,100
E22,1,F8,100
E6,1,F8,100
E22,1,F9,100
G9,1,F9,100
G15,1,F10,100
P15,1,F10,100
G13,1,F11,100
I3,1,F11,100
G4,1,F12,100
G8,1,F12,100
G5,1,F13,100
F7,1,F13,100
G6,1,F14,100
O19,1,F14,100
E13,1,F15,100
G12,1,F15,100
H11,1,F16,100
H17,1,F16,100
E4,1,F17,100
P21,1,F17,100
G13,1,F18,100
O13,1,F18,100
F17,1,F19,100
E2,1,F19,100
O15,1,F20,100
G19,1,F20,100
A15,1,F21,100
O21,1,F21,100
O17,1,F22,100
E24,1,F22,100
M9,1,F23,100
G11,1,F23,100
E9,1,G2,100
C14,1,G2,100
G13,1,G3,100
E20,1,G3,100
G6,1,G4,100
P15,1,G4,100
O11,1,G5,100
G11,1,G5,100
H17,1,G6,100
E8,1,G6,100
E12,1,G7,100
J11,1,G7,100
D23,1,G8,100
E8,1,G8,100
G7,1,G9,100
P15,1,G9,100
C14,1,G10,100
O19,1,G10,100
O3,1,G11,100
E5,1,G11,100
G12,1,G12,100
I3,1,G12,100
G3,1,G13,100
E14,1,G13,100
F15,1,G14,100
H17,1,G14,100
O11,1,G15,100
O17,1,G15,100
G18,1,G16,100
H17,1,G16,100
J13,1,G17,100
G8,1,G17,100
C22,1,G18,100
J1,1,G18,100
H19,1,G19,100
G8,1,G19,100
G4,1,G20,100
E13,1,G20,100
C22,1,G21,100
F13,1,G21,100
E20,1,G22,100
P15,1,G22,100
F7,1,G23,100
E12,1,G23,100
F15,1,H2,100
F7,1,H2,100
P21,1,H3,100
G11,1,H3,100
E13,1,H4,100
F17,1,H4,100
A6,1,H5,100
O15,1,H5,100
J5,1,H6,100
P17,1,H6,100
G13,1,H7,100
G19,1,H7,100
G15,1,H8,100
M9,1,H8,100
A15,1,H9,100
A11,1,H9,100
O13,1,H10,100
J13,1,H10,100
E13,1,H11,100
G1,1,H11,100
G6,1,H12,100
G1,1,H12,100
G7,1,H13,100
J13,1,H13,100
J5,1,H14,100
F13,1,H14,100
A21,1,H15,100
I9,1,H15,100
G12,1,H16,100
E4,1,H16,100
P17,1,H17,100
E8,1,H17,100
C22,1,H18,100
H23,1,H18,100
G15,1,H19,100
E20,1,H19,100
G4,1,H20,100
I3,1,H20,100
G4,1,H21,100
J9,1,H21,100
A6,1,H22,100
G2,1,H22,100
H17,1,H23,100
M21,1,H23,100
P15,1,I2,100
E14,1,I2,100
M19,1,I3,100
F7,1,I3,100
P21,1,I4,100
A11,1,I4,100
E10,1,I5,100
H17,1,I5,100
E16,1,I6,100
G11,1,I6,100
D23,1,I7,100
G7,1,I7,100
E10,1,I8,100
C24,1,I8,100
J9,1,I9,100
G7,1,I9,100
A12,1,I10,100
A6,1,I10,100
O15,1,I11,100
E12,1,I11,100
O9,1,I12,100
G2,1,I12,100
G11,1,I13,100
E14,1,I13,100
E7,1,I14,100
M21,1,I14,100
E13,1,I15,100
F7,1,I15,100
E21,1,I16,100
E13,1,I16,100
E15,1,I17,100
E4,1,I17,100
J9,1,I18,100
P15,1,I18,100
E4,1,I19,100
E2,1,I19,100
J5,1,I20,100
G22,1,I20,100
G2,1,I21,100
I11,1,I21,100
G12,1,I22,100
H19,1,I22,100
E7,1,I23,100
C14,1,I23,100
J5,1,J2,100
C14,1,J2,100
H17,1,J3,100
G11,1,J3,100
C20,1,J4,100
G19,1,J4,100
O3,1,J5,100
F23,1,J5,100
A12,1,J6,100
G3,1,J6,100
G15,1,J7,100
E8,1,J7,100
D23,1,J8,100
E13,1,J8,100
E22,1,J9,100
E7,1,J9,100
E15,1,J10,100
E20,1,J10,100
P11,1,J11,100
J5,1,J11,100
H11,1,J12,100
E5,1,J12,100
E6,1,J13,100
G11,1,J13,100
G15,1,J14,100
A15,1,J14,100
P19,1,J15,100
E21,1,J15,100
M19,1,J16,100
G2,1,J16,100
E18,1,J17,100
G3,1,J17,100
D23,1,J18,100
G8,1,J18,100
C22,1,J19,100
E2,1,J19,100
F13,1,J20,100
M11,1,J20,100
A1,1,J21,100
G21,1,J21,100
C22,1,J22,100
F23,1,J22,100
M11,1,J23,100
I3,1,J23,100
E18,1,K2,100
E2,1,K2,100
G4,1,K3,100
F23,1,K3,100
E13,1,K4,100
G21,1,K4,100
P15,1,K5,100
E2,1,K5,100
E13,1,K6,100
I9,1,K6,100
F17,1,K7,100
G8,1,K7,100
E4,1,K8,100
E20,1,K8,100
E24,1,K9,100
E5,1,K9,100
E13,1,K10,100
G11,1,K10,100
C14,1,K11,100
G1,1,K11,100
H15,1,K12,100
J9,1,K12,100
A12,1,K13,100
C24,1,K13,100
G12,1,K14,100
F7,1,K14,100
E10,1,K15,100
M9,1,K15,100
A21,1,K16,100
G15,1,K16,100
O13,1,K17,100
G7,1,K17,100
M17,1,K18,100
E20,1,K18,100
H15,1,K19,100
M19,1,K19,100
A6,1,K20,100
I11,1,K20,100
O9,1,K21,100
F7,1,K21,100
I3,1,K22,100
G7,1,K22,100
J5,1,K23,100
E8,1,K23,100
O3,1,L2,100
F17,1,L2,100
O15,1,L3,100
A15,1,L3,100
G5,1,L4,100
A8,1,L4,100
E22,1,L5,100
E4,1,L5,100
C22,1,L6,100
O15,1,L6,100
A2,1,L7,100
P15,1,L7,100
E18,1,L8,100
O11,1,L8,100
H11,1,L9,100
G4,1,L9,100
O11,1,L10,100
I9,1,L10,100
O11,1,L11,100
E12,1,L11,100
E22,1,L12,100
J13,1,L12,100
O11,1,L13,100
G23,1,L13,100
G11,1,L14,100
G1,1,L14,100
C22,1,L15,100
G20,1,L15,100
F19,1,L16,100
G21,1,L16,100
G17,1,L17,100
O17,1,L17,100
I3,1,L18,100
H17,1,L18,100
F5,1,L19,100
M19,1,L19,100
E18,1,L20,100
F13,1,L20,100
G13,1,L21,100
A12,1,L21,100
D23,1,L22,100
O11,1,L22,100
P17,1,L23,100
E20,1,L23,100
O11,1,M2,100
E24,1,M2,100
D23,1,M3,100
I3,1,M3,100
H11,1,M4,100
C20,1,M4,100
A21,1,M5,100
G12,1,M5,100
J13,1,M6,100
I11,1,M6,100
F17,1,M7,100
M13,1,M7,100
J1,1,M8,100
E2,1,M8,100
A15,1,M9,100
A11,1,M9,100
M11,1,M10,100
A8,1,M10,100
H15,1,M11,100
E2,1,M11,100
A1,1,M12,100
H17,1,M12,100
F13,1,M13,100
E9,1,M13,100
G3,1,M14,100
E24,1,M14,100
G4,1,M15,100
I9,1,M15,100
F17,1,M16,100
C14,1,M16,100
G12,1,M17,100
A15,1,M17,100
A15,1,M18,100
E14,1,M18,100
E6,1,M19,100
G8,1,M19,100
O13,1,M20,100
G21,1,M20,100
G7,1,M21,100
M21,1,M21,100
G13,1,M22,100
E21,1,M22,100
I3,1,M23,100
F15,1,M23,100
M17,1,N2,100
E21,1,N2,100
O21,1,N3,100
O19,1,N3,100
F15,1,N4,100
P17,1,N4,100
G17,1,N5,100
E8,1,N5,100
M19,1,N6,100
A15,1,N6,100
F13,1,N7,100
E12,1,N7,100
A2,1,N8,100
E2,1,N8,100
O11,1,N9,100
G7,1,N9,100
E6,1,N10,100
E24,1,N10,100
C22,1,N11,100
E10,1,N11,100
G3,1,N12,100
I11,1,N12,100
C22,1,N13,100
E21,1,N13,100
F17,1,N14,100
E2,1,N14,100
J9,1,N15,100
G8,1,N15,100
O17,1,N16,100
P21,1,N16,100
H15,1,N17,100
A6,1,N17,100
H17,1,N18,100
E12,1,N18,100
F23,1,N19,100
I11,1,N19,100
A8,1,N20,100
H23,1,N20,100
E16,1,N21,100
M19,1,N21,100
A1,1,N22,100
G9,1,N22,100
M17,1,N23,100
G19,1,N23,100
E2,1,O2,100
E12,1,O2,100
M11,1,O3,100
J9,1,O3,100
A12,1,O4,100
E22,1,O4,100
G7,1,O5,100
E5,1,O5,100
A12,1,O6,100
G18,1,O6,100
O7,1,O7,100
P21,1,O7,100
H15,1,O8,100
G17,1,O8,100
C24,1,O9,100
E12,1,O9,100
E18,1,O10,100
E5,1,O10,100
I3,1,O11,100
E14,1,O11,100
E22,1,O12,100
E2,1,O12,100
F13,1,O13,100
P17,1,O13,100
G17,1,O14,100
F13,1,O14,100
C22,1,O15,100
E16,1,O15,100
G17,1,O16,100
O21,1,O16,100
O3,1,O17,100
E12,1,O17,100
E13,1,O18,100
E10,1,O18,100
J9,1,O19,100
M13,1,O19,100
M17,1,O20,100
F19,1,O20,100
E5,1,O21,100
G19,1,O21,100
E13,1,O22,100
O9,1,O22,100
E21,1,O23,100
F17,1,O23,100
J1,2,B2,100
H17,2,B2,100
E22,2,B3,100
O9,2,B3,100
G18,2,B4,100
O9,2,B4,100
E7,2,B5,100
A8,2,B5,100
D23,2,B6,100
F13,2,B6,100
M17,2,B7,100
F7,2,B7,100
G17,2,B8,100
G1,2,B8,100
H11,2,B9,100
O11,2,B9,100
G18,2,B10,100
P17,2,B10,100
P11,2,B11,100
G18,2,B11,100
D23,2,B12,100
O9,2,B12,100
M9,2,B13,100
O21,2,B13,100
D23,2,B14,100
M9,2,B14,100
O11,2,B15,100
C24,2,B15,100
E10,2,B16,100
O17,2,B16,100
P19,2,B17,100
M9,2,B17,100
H17,2,B18,100
J13,2,B18,100
H19,2,B19,100
I11,2,B19,100
G3,2,B20,100
O17,2,B20,100
C22,2,B21,100
G19,2,B21,100
A14,2,B22,100
F19,2,B22,100
P17,2,B23,100
C14,2,B23,100
P21,2,C2,100
H23,2,C2,100
F15,2,C3,100
G8,2,C3,100
E24,2,C4,100
E2,2,C4,100
F5,2,C5,100
O17,2,C5,100
A12,2,C6,100
P15,2,C6,100
M17,2,C7,100
E2,2,C7,100
F5,2,C8,100
O7,2,C8,100
G9,2,C9,100
E12,2,C9,100
J9,2,C10,100
E20,2,C10,100
G13,2,C11,100
E2,2,C11,100
G22,2,C12,100
G19,2,C12,100
A1,2,C13,100
E18,2,C13,100
G7,2,C14,100
G11,2,C14,100
G17,2,C15,100
G7,2,C15,100
G6,2,C16,100
F23,2,C16,100
E6,2,C17,100
E4,2,C17,100
A1,2,C18,100
E16,2,C18,100
A2,2,C19,100
E22,2,C19,100
A2,2,C20,100
G7,2,C20,100
E21,2,C21,100
J9,2,C21,100
G13,2,C22,100
A14,2,C22,100
E15,2,C23,100
M19,2,C23,100
M19,2,D2,100
O13,2,D2,100
P17,2,D3,100
E6,2,D3,100
A1,2,D4,100
E18,2,D4,100
G17,2,D5,100
G8,2,D5,100
H15,2,D6,100
G17,2,D6,100
M21,2,D7,100
P15,2,D7,100
G12,2,D8,100
M9,2,D8,100
E16,2,D9,100
A15,2,D9,100
O19,2,D10,100
G11,2,D10,100
M19,2,D11,100
I11,2,D11,100
E16,2,D12,100
O21,2,D12,100
G13,2,D13,100
M13,2,D13,100
A21,2,D14,100
A11,2,D14,100
J1,2,D15,100
P17,2,D15,100
E10,2,D16,100
E24,2,D16,100
G13,2,D17,100
F13,2,D17,100
P17,2,D18,100
M21,2,D18,100
A2,2,D19,100
P15,2,D19,100
A14,2,D20,100
H23,2,D20,100
E8,2,D21,100
G19,2,D21,100
O17,2,D22,100
E9,2,D22,100
E18,2,D23,100
E24,2,D23,100
J5,2,E2,100
E10,2,E2,100
M21,2,E3,100
J11,2,E3,100
J13,2,E4,100
C14,2,E4,100
F23,2,E5,100
E6,2,E5,100
E22,2,E6,100
C20,2,E6,100
O17,2,E7,100
G1,2,E7,100
E13,2,E8,100
F5,2,E8,100
E7,2,E9,100
H19,2,E9,100
P15,2,E10,100
O21,2,E10,100
A6,2,E11,100
C20,2,E11,100
G17,2,E12,100
M13,2,E12,100
E13,2,E13,100
G21,2,E13,100
G5,2,E14,100
H17,2,E14,100
G3,2,E15,100
E7,2,E15,100
F17,2,E16,100
I11,2,E16,100
A12,2,E17,100
E15,2,E17,100
C24,2,E18,100
E20,2,E18,100
M11,2,E19,100
I11,2,E19,100
E21,2,E20,100
J1,2,E20,100
A8,2,E21,100
E14,2,E21,100
F13,2,E22,100
H23,2,E22,100
E15,2,E23,100
G7,2,E23,100
E16,2,F2,100
O9,2,F2,100
J5,2,F3,100
O21,2,F3,100
G5,2,F4,100
E9,2,F4,100
F23,2,F5,100
E24,2,F5,100
G13,2,F6,100
E2,2,F6,100
A2,2,F7,100
O9,2,F7,100
E16,2,F8,100
A2,2,F8,100
G18,2,F9,100
E12,2,F9,100
E21,2,F10,100
F7,2,F10,100
E13,2,F11,100
G20,2,F11,100
A21,2,F12,100
I11,2,F12,100
M9,2,F13,100
O19,2,F13,100
G18,2,F14,100
G21,2,F14,100
G19,2,F15,100
G1,2,F15,100
G4,2,F16,100
G11,2,F16,100
H11,2,F17,100
E8,2,F17,100
G12,2,F18,100
E22,2,F18,100
C22,2,F19,100
A15,2,F19,100
F5,2,F20,100
E14,2,F20,100
E16,2,F21,100
G8,2,F21,100
G6,2,F22,100
J5,2,F22,100
A6,2,F23,100
G12,2,F23,100
G9,2,G2,100
G1,2,G2,100
G2,2,G3,100
E24,2,G3,100
I9,2,G4,100
O9,2,G4,100
E13,2,G5,100
G17,2,G5,100
E4,2,G6,100
E24,2,G6,100
M9,2,G7,100
G11,2,G7,100
J1,2,G8,100
G11,2,G8,100
O19,2,G9,100
G1,2,G9,100
E13,2,G10,100
O7,2,G10,100
G3,2,G11,100
G22,2,G11,100
E16,2,G12,100
C14,2,G12,100
F23,2,G13,100
E10,2,G13,100
G13,2,G14,100
G19,2,G14,100
C22,2,G15,100
O21,2,G15,100
G17,2,G16,100
E15,2,G16,100
F15,2,G17,100
G11,2,G17,100
A1,2,G18,100
G7,2,G18,100
G12,2,G19,100
P15,2,G19,100
F23,2,G20,100
E9,2,G20,100
E8,2,G21,100
I11,2,G21,100
M17,2,G22,100
J9,2,G22,100
A12,2,G23,100
F15,2,G23,100
J9,2,H2,100
O15,2,H2,100
G5,2,H3,100
J1,2,H3,100
H11,2,H4,100
J13,2,H4,100
P15,2,H5,100
E12,2,H5,100
G5,2,H6,100
E8,2,H6,100
P11,2,H7,100
F7,2,H7,100
G12,2,H8,100
F13,2,H8,100
E18,2,H9,100
G21,2,H9,100
F19,2,H10,100
O11,2,H10,100
P19,2,H11,100
G5,2,H11,100
G6,2,H12,100
H23,2,H12,100
H11,2,H13,100
I9,2,H13,100
J9,2,H14,100
C14,2,H14,100
H15,2,H15,100
P15,2,H15,100
H15,2,H16,100
O19,2,H16,100
O3,2,H17,100
G9,2,H17,100
H11,2,H18,100
O19,2,H18,100
G22,2,H19,100
H23,2,H19,100
M11,2,H20,100
O9,2,H20,100
D23,2,H21,100
G17,2,H21,100
O13,2,H22,100
P17,2,H22,100
F17,2,H23,100
O11,2,H23,100
P19,2,I2,100
G7,2,I2,100
F19,2,I3,100
E12,2,I3,100
O7,2,I4,100
H17,2,I4,100
P19,2,I5,100
G11,2,I5,100
I9,2,I6,100
E5,2,I6,100
F19,2,I7,100
O21,2,I7,100
M11,2,I8,100
O15,2,I8,100
G15,2,I9,100
E7,2,I9,100
M17,2,I10,100
M19,2,I10,100
D23,2,I11,100
M11,2,I11,100
G9,2,I12,100
E14,2,I12,100
F7,2,I13,100
E2,2,I13,100
E4,2,I14,100
O19,2,I14,100
G7,2,I15,100
E20,2,I15,100
A6,2,I16,100
O7,2,I16,100
F15,2,I17,100
I9,2,I17,100
G11,2,I18,100
A11,2,I18,100
F17,2,I19,100
G9,2,I19,100
E10,2,I20,100
E8,2,I20,100
O11,2,I21,100
E5,2,I21,100
A14,2,I22,100
E7,2,I22,100
M11,2,I23,100
A2,2,I23,100
I3,2,J2,100
E4,2,J2,100
M9,2,J3,100
P15,2,J3,100
H11,2,J4,100
J9,2,J4,100
G5,2,J5,100
C14,2,J5,100
O15,2,J6,100
C24,2,J6,100
E18,2,J7,100
C14,2,J7,100
O17,2,J8,100
P17,2,J8,100
C22,2,J9,100
P21,2,J9,100
G12,2,J10,100
F19,2,J10,100
E18,2,J11,100
G21,2,J11,100
F5,2,J12,100
F13,2,J12,100
H11,2,J13,100
E21,2,J13,100
G13,2,J14,100
E15,2,J14,100
A2,2,J15,100
E7,2,J15,100
O7,2,J16,100
J9,2,J16,100
M19,2,J17,100
I9,2,J17,100
G17,2,J18,100
G18,2,J18,100
P11,2,J19,100
J13,2,J19,100
E16,2,J20,100
G21,2,J20,100
O21,2,J21,100
E14,2,J21,100
G4,2,J22,100
E12,2,J22,100
H11,2,J23,100
F19,2,J23,100
F15,2,K2,100
M9,2,K2,100
O9,2,K3,100
A15,2,K3,100
O3,2,K4,100
F7,2,K4,100
G21,2,K5,100
E8,2,K5,100
J13,2,K6,100
E9,2,K6,100
C20,2,K7,100
E12,2,K7,100
G13,2,K8,100
G5,2,K8,100
E13,2,K9,100
G2,2,K9,100
F5,2,K10,100
G7,2,K10,100
I9,2,K11,100
O15,2,K11,100
H17,2,K12,100
O15,2,K12,100
E18,2,K13,100
E8,2,K13,100
H15,2,K14,100
A11,2,K14,100
G18,2,K15,100
M13,2,K15,100
G3,2,K16,100
G21,2,K16,100
E15,2,K17,100
P15,2,K17,100
H11,2,K18,100
C22,2,K18,100
A8,2,K19,100
J11,2,K19,100
D23,2,K20,100
F15,2,K20,100
E20,2,K21,100
E12,2,K21,100
P19,2,K22,100
A12,2,K22,100
E21,2,K23,100
M13,2,K23,100
H11,2,L2,100
G11,2,L2,100
P11,2,L3,100
E14,2,L3,100
C24,2,L4,100
I11,2,L4,100
G17,2,L5,100
A2,2,L5,100
H15,2,L6,100
J1,2,L6,100
A12,2,L7,100
I9,2,L7,100
E21,2,L8,100
E8,2,L8,100
A2,2,L9,100
M13,2,L9,100
O3,2,L10,100
E24,2,L10,100
F13,2,L11,100
E5,2,L11,100
A2,2,L12,100
I3,2,L12,100
D23,2,L13,100
M9,2,L13,100
P19,2,L14,100
G17,2,L14,100
P17,2,L15,100
J13,2,L15,100
F17,2,L16,100
E6,2,L16,100
G6,2,L17,100
I3,2,L17,100
M13,2,L18,100
C24,2,L18,100
H11,2,L19,100
E14,2,L19,100
E13,2,L20,100
F17,2,L20,100
E21,2,L21,100
G22,2,L21,100
H11,2,L22,100
O21,2,L22,100
E16,2,L23,100
G3,2,L23,100
A21,2,M2,100
G18,2,M2,100
E13,2,M3,100
G3,2,M3,100
M11,2,M4,100
O9,2,M4,100
P11,2,M5,100
P15,2,M5,100
O9,2,M6,100
O21,2,M6,100
A11,2,M7,100
E2,2,M7,100
M11,2,M8,100
P21,2,M8,100
M11,2,M9,100
C24,2,M9,100
G5,2,M10,100
E4,2,M10,100
E4,2,M11,100
E9,2,M11,100
G17,2,M12,100
M11,2,M12,100
O11,2,M13,100
A8,2,M13,100
G20,2,M14,100
G8,2,M14,100
G13,2,M15,100
O13,2,M15,100
E9,2,M16,100
A11,2,M16,100
E13,2,M17,100
E20,2,M17,100
G15,2,M18,100
A11,2,M18,100
A1,2,M19,100
G11,2,M19,100
M19,2,M20,100
E9,2,M20,100
E13,2,M21,100
E8,2,M21,100
C22,2,M22,100
E4,2,M22,100
E22,2,M23,100
G7,2,M23,100
P17,2,N2,100
C24,2,N2,100
O7,2,N3,100
E6,2,N3,100
F5,2,N4,100
G21,2,N4,100
G17,2,N5,100
F7,2,N5,100
A15,2,N6,100
O19,2,N6,100
A21,2,N7,100
I3,2,N7,100
J5,2,N8,100
H19,2,N8,100
E18,2,N9,100
G15,2,N9,100
M11,2,N10,100
F15,2,N10,100
G5,2,N11,100
G22,2,N11,100
G15,2,N12,100
I9,2,N12,100
E13,2,N13,100
E5,2,N13,100
E16,2,N14,100
A10,2,N14,100
A12,2,N15,100
E5,2,N15,100
G17,2,N16,100
H17,2,N16,100
G6,2,N17,100
A15,2,N17,100
M17,2,N18,100
M13,2,N18,100
F13,2,N19,100
E10,2,N19,100
M17,2,N20,100
E12,2,N20,100
H11,2,N21,100
O9,2,N21,100
M19,2,N22,100
E20,2,N22,100
C20,2,N23,100
M9,2,N23,100
A14,2,O2,100
J1,2,O2,100
I3,2,O3,100
J9,2,O3,100
G22,2,O4,100
E2,2,O4,100
G4,2,O5,100
G2,2,O5,100
A6,2,O6,100
A14,2,O6,100
G20,2,O7,100
E9,2,O7,100
E24,2,O8,100
G23,2,O8,100
M11,2,O9,100
A11,2,O9,100
E7,2,O10,100
O9,2,O10,100
A15,2,O11,100
C24,2,O11,100
E13,2,O12,100
O15,2,O12,100
H15,2,O13,100
E2,2,O13,100
A12,2,O14,100
E14,2,O14,100
A8,2,O15,100
G19,2,O15,100
M19,2,O16,100
M13,2,O16,100
G17,2,O17,100
F15,2,O17,100
G17,2,O18,100
G6,2,O18,100
P21,2,O19,100
E24,2,O19,100
P21,2,O20,100
G11,2,O20,100
G13,2,O21,100
C20,2,O21,100
A2,2,O22,100
G2,2,O22,100
O7,2,O23,100
E10,2,O23,100
G5,3,B2,100
M13,3,B2,100
F5,3,B3,100
F23,3,B3,100
H19,3,B4,100
E24,3,B4,100
E15,3,B5,100
P21,3,B5,100
A14,3,B6,100
I11,3,B6,100
I9,3,B7,100
E12,3,B7,100
E16,3,B8,100
O19,3,B8,100
F17,3,B9,100
A15,3,B9,100
G17,3,B10,100
E24,3,B10,100
M13,3,B11,100
H23,3,B11,100
O17,3,B12,100
G22,3,B12,100
A1,3,B13,100
F23,3,B13,100
E15,3,B14,100
O11,3,B14,100
H17,3,B15,100
E9,3,B15,100
J5,3,B16,100
E12,3,B16,100
O3,3,B17,100
E18,3,B17,100
G4,3,B18,100
E4,3,B18,100
O21,3,B19,100
A11,3,B19,100
G3,3,B20,100
F23,3,B20,100
A21,3,B21,100
F5,3,B21,100
A6,3,B22,100
O9,3,B22,100
A6,3,B23,100
C24,3,B23,100
I11,3,C2,100
G1,3,C2,100
G13,3,C3,100
G4,3,C3,100
G7,3,C4,100
P15,3,C4,100
H17,3,C5,100
A11,3,C5,100
C22,3,C6,100
O7,3,C6,100
H11,3,C7,100
G13,3,C7,100
O13,3,C8,100
G11,3,C8,100
E22,3,C9,100
E2,3,C9,100
G17,3,C10,100
E20,3,C10,100
D23,3,C11,100
G19,3,C11,100
E16,3,C12,100
E24,3,C12,100
A1,3,C13,100
I3,3,C13,100
J5,3,C14,100
G12,3,C14,100
G17,3,C15,100
E14,3,C15,100
G5,3,C16,100
A2,3,C16,100
A12,3,C17,100
G20,3,C17,100
I3,3,C18,100
P17,3,C18,100
E22,3,C19,100
C20,3,C19,100
A6,3,C20,100
O15,3,C20,100
E7,3,C21,100
E8,3,C21,100
O3,3,C22,100
M17,3,C22,100
G6,3,C23,100
A2,3,C23,100
G13,3,D2,100
O19,3,D2,100
F5,3,D3,100
P15,3,D3,100
P19,3,D4,100
M13,3,D4,100
H11,3,D5,100
E18,3,D5,100
O3,3,D6,100
E24,3,D6,100
I3,3,D7,100
C24,3,D7,100
M19,3,D8,100
G9,3,D8,100
J9,3,D9,100
E2,3,D9,100
A1,3,D10,100
M13,3,D10,100
G2,3,D11,100
G8,3,D11,100
G15,3,D12,100
G4,3,D12,100
J13,3,D13,100
G1,3,D13,100
I11,3,D14,100
O19,3,D14,100
A12,3,D15,100
E8,3,D15,100
H11,3,D16,100
J5,3,D16,100
H11,3,D17,100
P21,3,D17,100
F17,3,D18,100
G9,3,D18,100
A12,3,D19,100
O9,3,D19,100
A1,3,D20,100
F7,3,D20,100
E22,3,D21,100
E12,3,D21,100
E15,3,D22,100
G7,3,D22,100
I3,3,D23,100
A11,3,D23,100
E16,3,E2,100
F5,3,E2,100
O19,3,E3,100
E12,3,E3,100
O13,3,E4,100
F7,3,E4,100
J13,3,E5,100
O19,3,E5,100
O13,3,E6,100
H19,3,E6,100
E15,3,E7,100
O21,3,E7,100
G17,3,E8,100
F19,3,E8,100
F13,3,E9,100
E9,3,E9,100
E18,3,E10,100
O7,3,E10,100
G15,3,E11,100
P15,3,E11,100
F23,3,E12,100
C14,3,E12,100
M9,3,E13,100
P21,3,E13,100
A21,3,E14,100
O19,3,E14,100
M17,3,E15,100
E8,3,E15,100
E15,3,E16,100
I3,3,E16,100
E16,3,E17,100
E15,3,E17,100
F5,3,E18,100
H17,3,E18,100
C22,3,E19,100
G3,3,E19,100
A12,3,E20,100
G21,3,E20,100
F17,3,E21,100
A11,3,E21,100
F5,3,E22,100
E8,3,E22,100
J1,3,E23,100
F15,3,E23,100
G5,3,F2,100
I3,3,F2,100
A12,3,F3,100
F23,3,F3,100
H19,3,F4,100
P21,3,F4,100
G20,3,F5,100
E10,3,F5,100
G17,3,F6,100
J9,3,F6,100
F15,3,F7,100
J9,3,F7,100
O11,3,F8,100
H19,3,F8,100
G15,3,F9,100
E24,3,F9,100
E6,3,F10,100
E2,3,F10,100
G17,3,F11,100
C20,3,F11,100
A6,3,F12,100
F13,3,F12,100
H11,3,F13,100
C14,3,F13,100
P11,3,F14,100
F17,3,F14,100
G20,3,F15,100
F17,3,F15,100
A6,3,F16,100
M19,3,F16,100
A12,3,F17,100
E7,3,F17,100
G22,3,F18,100
J13,3,F18,100
H11,3,F19,100
M19,3,F19,100
A1,3,F20,100
O9,3,F20,100
G20,3,F21,100
M11,3,F21,100
A12,3,F22,100
G7,3,F22,100
J5,3,F23,100
J13,3,F23,100
O13,3,G2,100
E5,3,G2,100
G5,3,G3,100
M9,3,G3,100
G21,3,G4,100
G19,3,G4,100
M9,3,G5,100
E20,3,G5,100
G15,3,G6,100
A10,3,G6,100
H19,3,G7,100
E5,3,G7,100
M19,3,G8,100
G21,3,G8,100
G2,3,G9,100
O19,3,G9,100
D23,3,G10,100
M21,3,G10,100
G18,3,G11,100
O21,3,G11,100
G4,3,G12,100
E2,3,G12,100
A21,3,G13,100
O19,3,G13,100
G17,3,G14,100
G23,3,G14,100
J13,3,G15,100
E12,3,G15,100
E13,3,G16,100
M11,3,G16,100
M21,3,G17,100
E12,3,G17,100
G2,3,G18,100
G1,3,G18,100
C22,3,G19,100
E21,3,G19,100
G4,3,G20,100
O19,3,G20,100
J1,3,G21,100
P23,3,G21,100
E14,3,G22,100
G1,3,G22,100
E22,3,G23,100
F19,3,G23,100
E18,3,H2,100
I9,3,H2,100
P19,3,H3,100
F5,3,H3,100
A12,3,H4,100
J1,3,H4,100
O15,3,H5,100
H19,3,H5,100
F15,3,H6,100
A11,3,H6,100
C22,3,H7,100
I11,3,H7,100
G13,3,H8,100
E16,3,H8,100
E18,3,H9,100
J1,3,H9,100
G9,3,H10,100
G11,3,H10,100
O13,3,H11,100
G7,3,H11,100
G12,3,H12,100
G2,3,H12,100
G20,3,H13,100
A15,3,H13,100
F5,3,H14,100
H19,3,H14,100
O17,3,H15,100
G1,3,H15,100
E9,3,H16,100
P21,3,H16,100
D23,3,H17,100
O21,3,H17,100
A8,3,H18,100
H23,3,H18,100
G3,3,H19,100
H23,3,H19,100
G9,3,H20,100
G19,3,H20,100
G3,3,H21,100
O17,3,H21,100
P19,3,H22,100
A6,3,H22,100
G3,3,H23,100
E4,3,H23,100
A8,3,I2,100
G2,3,I2,100
O3,3,I3,100
G19,3,I3,100
P17,3,I4,100
E2,3,I4,100
A21,3,I5,100
M19,3,I5,100
F13,3,I6,100
M13,3,I6,100
G20,3,I7,100
G6,3,I7,100
O15,3,I8,100
E8,3,I8,100
F15,3,I9,100
C24,3,I9,100
A21,3,I10,100
E15,3,I10,100
A1,3,I11,100
E2,3,I11,100
E10,3,I12,100
I11,3,I12,100
M17,3,I13,100
E21,3,I13,100
G5,3,I14,100
M11,3,I14,100
E16,3,I15,100
J1,3,I15,100
I3,3,I16,100
O19,3,I16,100
O9,3,I17,100
C24,3,I17,100
A12,3,I18,100
G2,3,I18,100
J5,3,I19,100
A15,3,I19,100
J13,3,I20,100
P21,3,I20,100
G5,3,I21,100
O9,3,I21,100
M9,3,I22,100
G2,3,I22,100
G18,3,I23,100
O17,3,I23,100
G18,3,J2,100
P15,3,J2,100
G20,3,J3,100
E4,3,J3,100
I3,3,J4,100
G7,3,J4,100
E10,3,J5,100
O9,3,J5,100
O3,3,J6,100
I11,3,J6,100
E21,3,J7,100
J9,3,J7,100
G5,3,J8,100
F13,3,J8,100
G5,3,J9,100
A6,3,J9,100
A21,3,J10,100
H17,3,J10,100
M21,3,J11,100
H19,3,J11,100
P17,3,J12,100
P15,3,J12,100
I3,3,J13,100
E6,3,J13,100
H11,3,J14,100
E16,3,J14,100
H15,3,J15,100
O9,3,J15,100
D23,3,J16,100
G1,3,J16,100
D23,3,J17,100
G17,3,J17,100
O3,3,J18,100
E15,3,J18,100
G20,3,J19,100
I9,3,J19,100
O11,3,J20,100
H19,3,J20,100
F23,3,J21,100
O15,3,J21,100
A1,3,J22,100
O21,3,J22,100
G3,3,J23,100
A11,3,J23,100
F13,3,K2,100
M13,3,K2,100
E7,3,K3,100
H17,3,K3,100
G4,3,K4,100
A15,3,K4,100
G7,3,K5,100
F7,3,K5,100
P17,3,K6,100
A8,3,K6,100
G4,3,K7,100
F23,3,K7,100
A21,3,K8,100
H11,3,K8,100
E9,3,K9,100
A11,3,K9,100
G20,3,K10,100
E5,3,K10,100
E2,3,K11,100
E12,3,K11,100
G15,3,K12,100
H17,3,K12,100
G4,3,K13,100
O13,3,K13,100
G4,3,K14,100
P17,3,K14,100
G5,3,K15,100
E15,3,K15,100
M17,3,K16,100
F13,3,K16,100
O17,3,K17,100
O21,3,K17,100
G17,3,K18,100
F5,3,K18,100
F17,3,K19,100
F19,3,K19,100
F5,3,K20,100
G8,3,K20,100
P11,3,K21,100
F19,3,K21,100
P11,3,K22,100
F23,3,K22,100
G13,3,K23,100
M19,3,K23,100
O7,3,L2,100
J13,3,L2,100
M19,3,L3,100
C24,3,L3,100
O7,3,L4,100
G8,3,L4,100
J1,3,L5,100
M9,3,L5,100
I3,3,L6,100
C20,3,L6,100
A21,3,L7,100
E9,3,L7,100
O17,3,L8,100
G7,3,L8,100
O17,3,L9,100
A15,3,L9,100
G5,3,L10,100
I3,3,L10,100
H15,3,L11,100
M13,3,L11,100
M9,3,L12,100
J13,3,L12,100
G3,3,L13,100
E6,3,L13,100
E22,3,L14,100
H17,3,L14,100
J1,3,L15,100
A2,3,L15,100
A1,3,L16,100
C20,3,L16,100
C14,3,L17,100
G19,3,L17,100
O11,3,L18,100
H23,3,L18,100
A8,3,L19,100
I11,3,L19,100
F5,3,L20,100
O19,3,L20,100
G17,3,L21,100
M9,3,L21,100
J1,3,L22,100
G21,3,L22,100
P19,3,L23,100
J9,3,L23,100
E15,3,M2,100
F19,3,M2,100
C14,3,M3,100
G8,3,M3,100
H15,3,M4,100
F15,3,M4,100
D23,3,M5,100
A14,3,M5,100
E7,3,M6,100
O13,3,M6,100
G18,3,M7,100
F17,3,M7,100
I3,3,M8,100
O21,3,M8,100
C24,3,M9,100
G1,3,M9,100
A8,3,M10,100
E9,3,M10,100
F23,3,M11,100
O9,3,M11,100
J1,3,M12,100
G22,3,M12,100
A1,3,M13,100
G17,3,M13,100
A8,3,M14,100
P21,3,M14,100
O7,3,M15,100
G3,3,M15,100
M21,3,M16,100
E4,3,M16,100
H11,3,M17,100
G9,3,M17,100
G15,3,M18,100
H23,3,M18,100
E10,3,M19,100
C14,3,M19,100
C22,3,M20,100
G12,3,M20,100
E16,3,M21,100
G18,3,M21,100
H17,3,M22,100
G21,3,M22,100
J1,3,M23,100
E5,3,M23,100
E6,3,N2,100
H19,3,N2,100
G7,3,N3,100
A15,3,N3,100
G6,3,N4,100
H17,3,N4,100
A21,3,N5,100
A12,3,N5,100
O17,3,N6,100
O9,3,N6,100
I11,3,N7,100
G11,3,N7,100
J9,3,N8,100
M21,3,N8,100
H11,3,N9,100
C14,3,N9,100
O13,3,N10,100
F7,3,N10,100
F15,3,N11,100
O11,3,N11,100
G18,3,N12,100
E20,3,N12,100
I3,3,N13,100
E5,3,N13,100
G6,3,N14,100
A11,3,N14,100
A2,3,N15,100
O13,3,N15,100
G21,3,N16,100
E14,3,N16,100
M19,3,N17,100
E4,3,N17,100
D23,3,N18,100
E20,3,N18,100
M13,3,N19,100
E4,3,N19,100
G18,3,N20,100
J13,3,N20,100
J5,3,N21,100
E22,3,N21,100
A1,3,N22,100
G12,3,N22,100
J5,3,N23,100
O13,3,N23,100
J5,3,O2,100
E7,3,O2,100
P17,3,O3,100
G23,3,O3,100
D23,3,O4,100
E7,3,O4,100
E18,3,O5,100
O19,3,O5,100
H11,3,O6,100
C24,3,O6,100
O3,3,O7,100
O21,3,O7,100
E18,3,O8,100
G17,3,O8,100
A1,3,O9,100
E8,3,O9,100
G15,3,O10,100
O11,3,O10,100
C24,3,O11,100
O19,3,O11,100
P11,3,O12,100
M19,3,O12,100
G6,3,O13,100
C24,3,O13,100
P19,3,O14,100
G13,3,O14,100
D23,3,O15,100
H19,3,O15,100
A21,3,O16,100
E8,3,O16,100
F5,3,O17,100
J13,3,O17,100
H15,3,O18,100
F7,3,O18,100
A2,3,O19,100
O9,3,O19,100
M19,3,O20,100
J9,3,O20,100
F15,3,O21,100
O11,3,O21,100
E13,3,O22,100
G22,3,O22,100
F17,3,O23,100
O13,3,O23,100
G4,4,B2,100
A12,4,B2,100
E18,4,B3,100
G22,4,B3,100
O17,4,B4,100
H17,4,B4,100
G5,4,B5,100
G18,4,B5,100
E10,4,B6,100
P21,4,B6,100
A6,4,B7,100
A2,4,B7,100
G20,4,B8,100
F17,4,B8,100
A14,4,B9,100
C20,4,B9,100
E13,4,B10,100
E6,4,B10,100
G17,4,B11,100
C24,4,B11,100
P11,4,B12,100
A6,4,B12,100
P19,4,B13,100
E15,4,B13,100
E10,4,B14,100
F7,4,B14,100
I9,4,B15,100
C24,4,B15,100
I9,4,B16,100
M21,4,B16,100
E24,4,B17,100
E14,4,B17,100
J9,4,B18,100
I9,4,B18,100
A1,4,B19,100
P17,4,B19,100
M19,4,B20,100
O11,4,B20,100
G13,4,B21,100
F23,4,B21,100
F19,4,B22,100
A11,4,B22,100
J5,4,B23,100
G22,4,B23,100
P11,4,C2,100
F23,4,C2,100
P11,4,C3,100
F17,4,C3,100
P11,4,C4,100
M9,4,C4,100
P19,4,C5,100
G18,4,C5,100
A14,4,C6,100
I11,4,C6,100
J5,4,C7,100
P15,4,C7,100
F23,4,C8,100
E10,4,C8,100
A6,4,C9,100
F15,4,C9,100
G19,4,C10,100
G11,4,C10,100
A14,4,C11,100
O15,4,C11,100
M17,4,C12,100
O17,4,C12,100
I3,4,C13,100
G22,4,C13,100
I3,4,C14,100
E12,4,C14,100
E18,4,C15,100
G3,4,C15,100
F19,4,C16,100
E6,4,C16,100
H11,4,C17,100
M19,4,C17,100
O3,4,C18,100
O19,4,C18,100
C22,4,C19,100
J5,4,C19,100
G17,4,C20,100
A15,4,C20,100
J5,4,C21,100
E4,4,C21,100
G7,4,C22,100
E9,4,C22,100
A14,4,C23,100
E12,4,C23,100
G6,4,D2,100
E6,4,D2,100
P15,4,D3,100
G1,4,D3,100
I9,4,D4,100
G8,4,D4,100
H15,4,D5,100
F13,4,D5,100
G13,4,D6,100
O7,4,D6,100
D23,4,D7,100
A11,4,D7,100
E13,4,D8,100
A12,4,D8,100
G15,4,D9,100
E9,4,D9,100
A14,4,D10,100
J9,4,D10,100
G21,4,D11,100
O19,4,D11,100
E10,4,D12,100
O13,4,D12,100
M11,4,D13,100
P15,4,D13,100
G15,4,D14,100
C14,4,D14,100
M21,4,D15,100
A11,4,D15,100
F5,4,D16,100
G3,4,D16,100
O11,4,D17,100
G2,4,D17,100
G17,4,D18,100
O7,4,D18,100
F23,4,D19,100
G21,4,D19,100
G20,4,D20,100
J13,4,D20,100
G4,4,D21,100
A11,4,D21,100
A12,4,D22,100
G1,4,D22,100
A11,4,D23,100
E12,4,D23,100
F19,4,E2,100
O9,4,E2,100
H15,4,E3,100
A12,4,E3,100
E13,4,E4,100
F15,4,E4,100
G15,4,E5,100
G1,4,E5,100
O3,4,E6,100
C14,4,E6,100
J13,4,E7,100
M21,4,E7,100
G22,4,E8,100
G21,4,E8,100
M13,4,E9,100
E5,4,E9,100
J5,4,E10,100
O17,4,E10,100
G3,4,E11,100
P17,4,E11,100
E6,4,E12,100
O15,4,E12,100
E16,4,E13,100
M19,4,E13,100
P19,4,E14,100
M17,4,E14,100
A21,4,E15,100
G9,4,E15,100
G5,4,E16,100
G21,4,E16,100
P19,4,E17,100
M21,4,E17,100
F5,4,E18,100
G7,4,E18,100
H11,4,E19,100
G4,4,E19,100
O17,4,E20,100
M21,4,E20,100
D23,4,E21,100
A2,4,E21,100
G4,4,E22,100
E24,4,E22,100
F13,4,E23,100
H19,4,E23,100
H15,4,F2,100
P11,4,F2,100
P15,4,F3,100
G19,4,F3,100
A12,4,F4,100
G9,4,F4,100
M11,4,F5,100
C20,4,F5,100
A1,4,F6,100
J1,4,F6,100
C22,4,F7,100
G17,4,F7,100
I3,4,F8,100
A15,4,F8,100
D23,4,F9,100
C14,4,F9,100
G6,4,F10,100
H19,4,F10,100
D23,4,F11,100
H15,4,F11,100
O17,4,F12,100
P17,4,F12,100
G13,4,F13,100
G8,4,F13,100
G4,4,F14,100
F19,4,F14,100
F23,4,F15,100
I9,4,F15,100
F17,4,F16,100
E5,4,F16,100
E24,4,F17,100
G19,4,F17,100
E8,4,F18,100
E12,4,F18,100
G9,4,F19,100
C14,4,F19,100
G20,4,F20,100
A8,4,F20,100
G8,4,F21,100
E12,4,F21,100
F5,4,F22,100
G11,4,F22,100
E15,4,F23,100
J9,4,F23,100
G12,4,G2,100
P17,4,G2,100
H11,4,G3,100
A1,4,G3,100
M17,4,G4,100
M21,4,G4,100
A21,4,G5,100
F13,4,G5,100
D23,4,G6,100
O3,4,G6,100
G15,4,G7,100
A8,4,G7,100
G17,4,G8,100
E22,4,G8,100
F15,4,G9,100
O9,4,G9,100
A21,4,G10,100
G18,4,G10,100
A8,4,G11,100
E14,4,G11,100
E24,4,G12,100
O21,4,G12,100
F23,4,G13,100
G2,4,G13,100
F15,4,G14,100
P17,4,G14,100
F7,4,G15,100
G11,4,G15,100
G22,4,G16,100
E5,4,G16,100
E10,4,G17,100
E5,4,G17,100
P15,4,G18,100
G11,4,G18,100
M19,4,G19,100
A11,4,G19,100
A6,4,G20,100
E8,4,G20,100
P11,4,G21,100
E13,4,G21,100
C20,4,G22,100
G11,4,G22,100
C24,4,G23,100
P15,4,G23,100
E6,4,H2,100
E2,4,H2,100
G4,4,H3,100
J13,4,H3,100
A21,4,H4,100
P21,4,H4,100
P17,4,H5,100
E24,4,H5,100
E8,4,H6,100
E14,4,H6,100
G7,4,H7,100
M13,4,H7,100
C22,4,H8,100
P17,4,H8,100
F13,4,H9,100
A2,4,H9,100
G5,4,H10,100
F19,4,H10,100
C14,4,H11,100
G11,4,H11,100
P19,4,H12,100
F7,4,H12,100
F15,4,H13,100
E14,4,H13,100
M11,4,H14,100
O11,4,H14,100
F5,4,H15,100
C20,4,H15,100
G15,4,H16,100
C14,4,H16,100
P11,4,H17,100
E4,4,H17,100
G13,4,H18,100
A8,4,H18,100
G4,4,H19,100
A15,4,H19,100
E9,4,H20,100
G11,4,H20,100
P11,4,H21,100
E15,4,H21,100
H15,4,H22,100
M19,4,H22,100
M11,4,H23,100
I3,4,H23,100
M11,4,I2,100
G11,4,I2,100
G15,4,I3,100
A6,4,I3,100
G12,4,I4,100
G8,4,I4,100
F23,4,I5,100
I3,4,I5,100
M17,4,I6,100
C22,4,I6,100
J9,4,I7,100
J13,4,I7,100
A15,4,I8,100
P21,4,I8,100
H11,4,I9,100
F23,4,I9,100
E21,4,I10,100
C14,4,I10,100
H17,4,I11,100
E4,4,I11,100
C22,4,I12,100
G8,4,I12,100
P21,4,I13,100
H23,4,I13,100
A21,4,I14,100
O9,4,I14,100
G21,4,I15,100
E2,4,I15,100
G4,4,I16,100
M21,4,I16,100
O7,4,I17,100
I3,4,I17,100
G12,4,I18,100
F19,4,I18,100
P19,4,I19,100
E14,4,I19,100
G5,4,I20,100
E16,4,I20,100
I11,4,I21,100
H23,4,I21,100
G15,4,I22,100
E8,4,I22,100
E18,4,I23,100
G4,4,I23,100
H15,4,J2,100
I3,4,J2,100
J9,4,J3,100
P21,4,J3,100
E22,4,J4,100
J13,4,J4,100
E4,4,J5,100
G19,4,J5,100
P19,4,J6,100
G21,4,J6,100
M19,4,J7,100
E4,4,J7,100
F5,4,J8,100
G12,4,J8,100
G4,4,J9,100
O17,4,J9,100
G6,4,J10,100
F17,4,J10,100
M17,4,J11,100
A8,4,J11,100
E13,4,J12,100
M9,4,J12,100
E21,4,J13,100
A6,4,J13,100
E13,4,J14,100
E12,4,J14,100
H11,4,J15,100
H23,4,J15,100
P19,4,J16,100
O19,4,J16,100
P11,4,J17,100
O9,4,J17,100
A8,4,J18,100
G11,4,J18,100
G3,4,J19,100
O15,4,J19,100
A6,4,J20,100
M19,4,J20,100
G4,4,J21,100
M11,4,J21,100
J1,4,J22,100
M19,4,J22,100
E18,4,J23,100
F7,4,J23,100
G18,4,K2,100
G1,4,K2,100
G7,4,K3,100
P17,4,K3,100
G4,4,K4,100
G1,4,K4,100
A6,4,K5,100
F7,4,K5,100
P11,4,K6,100
G22,4,K6,100
G4,4,K7,100
F19,4,K7,100
A15,4,K8,100
G9,4,K8,100
M19,4,K9,100
I3,4,K9,100
G7,4,K10,100
H23,4,K10,100
O3,4,K11,100
F15,4,K11,100
G13,4,K12,100
J13,4,K12,100
E9,4,K13,100
E14,4,K13,100
P17,4,K14,100
G19,4,K14,100
G6,4,K15,100
P21,4,K15,100
O3,4,K16,100
O13,4,K16,100
F5,4,K17,100
O19,4,K17,100
E16,4,K18,100
G7,4,K18,100
M19,4,K19,100
P21,4,K19,100
A6,4,K20,100
E24,4,K20,100
O11,4,K21,100
G7,4,K21,100
A12,4,K22,100
E4,4,K22,100
F23,4,K23,100
J13,4,K23,100
M13,4,L2,100
A11,4,L2,100
M17,4,L3,100
F23,4,L3,100
O15,4,L4,100
H23,4,L4,100
E9,4,L5,100
G1,4,L5,100
G6,4,L6,100
E7,4,L6,100
G4,4,L7,100
F7,4,L7,100
E13,4,L8,100
A12,4,L8,100
C22,4,L9,100
G5,4,L9,100
A8,4,L10,100
G1,4,L10,100
O15,4,L11,100
M21,4,L11,100
E21,4,L12,100
J5,4,L12,100
E18,4,L13,100
O19,4,L13,100
H15,4,L14,100
M11,4,L14,100
M17,4,L15,100
E4,4,L15,100
F19,4,L16,100
H19,4,L16,100
E12,4,L17,100
G1,4,L17,100
G5,4,L18,100
J13,4,L18,100
A2,4,L19,100
A11,4,L19,100
F5,4,L20,100
G2,4,L20,100
I9,4,L21,100
E6,4,L21,100
G4,4,L22,100
O13,4,L22,100
I9,4,L23,100
E8,4,L23,100
O13,4,M2,100
P17,4,M2,100
A6,4,M3,100
E7,4,M3,100
G22,4,M4,100
G8,4,M4,100
F5,4,M5,100
J5,4,M5,100
F5,4,M6,100
C24,4,M6,100
A12,4,M7,100
G9,4,M7,100
E8,4,M8,100
E24,4,M8,100
G18,4,M9,100
J9,4,M9,100
A6,4,M10,100
M21,4,M10,100
C20,4,M11,100
H23,4,M11,100
A14,4,M12,100
I9,4,M12,100
O13,4,M13,100
E4,4,M13,100
G18,4,M14,100
E4,4,M14,100
O7,4,M15,100
M13,4,M15,100
F5,4,M16,100
P15,4,M16,100
F17,4,M17,100
P15,4,M17,100
F13,4,M18,100
C20,4,M18,100
C20,4,M19,100
O9,4,M19,100
F15,4,M20,100
C14,4,M20,100
C22,4,M21,100
A12,4,M21,100
E8,4,M22,100
O19,4,M22,100
O3,4,M23,100
M21,4,M23,100
M17,4,N2,100
A2,4,N2,100
E15,4,N3,100
E7,4,N3,100
F19,4,N4,100
F7,4,N4,100
O3,4,N5,100
G18,4,N5,100
E7,4,N6,100
E5,4,N6,100
G18,4,N7,100
A11,4,N7,100
H11,4,N8,100
A11,4,N8,100
F5,4,N9,100
F17,4,N9,100
M17,4,N10,100
J13,4,N10,100
F17,4,N11,100
E8,4,N11,100
O15,4,N12,100
P15,4,N12,100
G4,4,N13,100
E14,4,N13,100
P19,4,N14,100
O17,4,N14,100
A1,4,N15,100
G20,4,N15,100
H15,4,N16,100
E13,4,N16,100
E22,4,N17,100
G9,4,N17,100
H17,4,N18,100
E20,4,N18,100
E24,4,N19,100
H23,4,N19,100
E18,4,N20,100
C14,4,N20,100
G20,4,N21,100
E7,4,N21,100
M17,4,N22,100
C24,4,N22,100
H11,4,N23,100
E24,4,N23,100
E18,4,O2,100
O11,4,O2,100
O11,4,O3,100
C20,4,O3,100
F19,4,O4,100
M9,4,O4,100
A6,4,O5,100
F17,4,O5,100
P17,4,O6,100
O21,4,O6,100
G4,4,O7,100
I11,4,O7,100
E20,4,O8,100
E14,4,O8,100
F23,4,O9,100
G9,4,O9,100
M17,4,O10,100
G6,4,O10,100
E9,4,O11,100
F7,4,O11,100
I3,4,O12,100
E9,4,O12,100
F13,4,O13,100
O11,4,O13,100
E18,4,O14,100
P17,4,O14,100
E21,4,O15,100
E5,4,O15,100
G3,4,O16,100
G19,4,O16,100
H11,4,O17,100
F7,4,O17,100
G20,4,O18,100
G22,4,O18,100
G12,4,O19,100
A11,4,O19,100
G20,4,O20,100
A14,4,O20,100
E15,4,O21,100
C20,4,O21,100
G12,4,O22,100
J9,4,O22,100
G5,4,O23,100
H19,4,O23,100
G18,5,B2,100
I9,5,B2,100
G13,5,B3,100
G9,5,B3,100
G13,5,B4,100
G15,5,B4,100
G15,5,B5,100
E12,5,B5,100
G13,5,B6,100
G15,5,B6,100
G12,5,B7,100
E20,5,B7,100
C20,5,B8,100
E14,5,B8,100
M13,5,B9,100
O19,5,B9,100
P21,5,B10,100
A11,5,B10,100
G4,5,B11,100
E7,5,B11,100
G12,5,B12,100
I3,5,B12,100
A21,5,B13,100
E16,5,B13,100
G21,5,B14,100
E12,5,B14,100
G9,5,B15,100
G11,5,B15,100
O17,5,B16,100
E12,5,B16,100
E15,5,B17,100
E10,5,B17,100
M9,5,B18,100
O21,5,B18,100
M19,5,B19,100
P17,5,B19,100
F5,5,B20,100
E22,5,B20,100
G18,5,B21,100
F17,5,B21,100
P11,5,B22,100
F5,5,B22,100
F23,5,B23,100
P15,5,B23,100
M21,5,C2,100
I11,5,C2,100
H15,5,C3,100
G12,5,C3,100
E10,5,C4,100
O19,5,C4,100
I3,5,C5,100
E2,5,C5,100
G4,5,C6,100
F13,5,C6,100
A21,5,C7,100
P19,5,C7,100
O9,5,C8,100
E24,5,C8,100
A8,5,C9,100
P15,5,C9,100
G5,5,C10,100
O9,5,C10,100
G18,5,C11,100
G3,5,C11,100
G20,5,C12,100
J5,5,C12,100
A12,5,C13,100
M19,5,C13,100
G3,5,C14,100
E10,5,C14,100
P21,5,C15,100
E2,5,C15,100
J5,5,C16,100
F23,5,C16,100
A1,5,C17,100
G5,5,C17,100
J1,5,C18,100
E24,5,C18,100
C22,5,C19,100
O13,5,C19,100
J9,5,C20,100
G22,5,C20,100
O3,5,C21,100
G15,5,C21,100
A14,5,C22,100
O9,5,C22,100
A1,5,C23,100
E5,5,C23,100
E18,5,D2,100
P17,5,D2,100
F5,5,D3,100
G2,5,D3,100
E21,5,D4,100
G17,5,D4,100
A12,5,D5,100
E20,5,D5,100
I11,5,D6,100
O19,5,D6,100
G22,5,D7,100
G11,5,D7,100
A1,5,D8,100
E9,5,D8,100
P11,5,D9,100
E8,5,D9,100
P11,5,D10,100
O11,5,D10,100
F15,5,D11,100
G7,5,D11,100
E13,5,D12,100
M13,5,D12,100
E15,5,D13,100
O19,5,D13,100
O15,5,D14,100
I11,5,D14,100
G17,5,D15,100
H23,5,D15,100
J1,5,D16,100
E24,5,D16,100
M11,5,D17,100
E7,5,D17,100
M21,5,D18,100
E24,5,D18,100
E7,5,D19,100
I11,5,D19,100
E15,5,D20,100
A8,5,D20,100
G6,5,D21,100
O15,5,D21,100
G17,5,D22,100
G22,5,D22,100
M17,5,D23,100
H19,5,D23,100
A14,5,E2,100
F5,5,E2,100
A14,5,E3,100
G11,5,E3,100
M11,5,E4,100
O13,5,E4,100
M13,5,E5,100
G19,5,E5,100
G12,5,E6,100
F13,5,E6,100
O7,5,E7,100
G2,5,E7,100
E18,5,E8,100
A8,5,E8,100
G22,5,E9,100
H19,5,E9,100
H17,5,E10,100
M9,5,E10,100
F13,5,E11,100
G1,5,E11,100
D23,5,E12,100
F23,5,E12,100
F15,5,E13,100
E8,5,E13,100
G18,5,E14,100
O7,5,E14,100
G21,5,E15,100
G19,5,E15,100
G20,5,E16,100
E12,5,E16,100
O13,5,E17,100
G1,5,E17,100
O15,5,E18,100
M13,5,E18,100
A12,5,E19,100
E6,5,E19,100
E6,5,E20,100
G21,5,E20,100
M17,5,E21,100
A11,5,E21,100
O7,5,E22,100
F7,5,E22,100
E18,5,E23,100
A12,5,E23,100
A1,5,F2,100
E22,5,F2,100
A14,5,F3,100
O17,5,F3,100
A21,5,F4,100
G22,5,F4,100
A6,5,F5,100
G7,5,F5,100
A8,5,F6,100
E9,5,F6,100
P17,5,F7,100
A15,5,F7,100
O11,5,F8,100
P17,5,F8,100
G13,5,F9,100
F7,5,F9,100
H11,5,F10,100
M11,5,F10,100
G15,5,F11,100
H17,5,F11,100
G20,5,F12,100
G21,5,F12,100
M13,5,F13,100
G11,5,F13,100
F5,5,F14,100
F7,5,F14,100
E7,5,F15,100
G8,5,F15,100
O13,5,F16,100
G19,5,F16,100
M9,5,F17,100
M13,5,F17,100
G15,5,F18,100
G8,5,F18,100
G4,5,F19,100
O11,5,F19,100
A12,5,F20,100
G8,5,F20,100
O3,5,F21,100
O15,5,F21,100
M11,5,F22,100
G3,5,F22,100
M9,5,F23,100
H23,5,F23,100
P11,5,G2,100
J13,5,G2,100
G12,5,G3,100
E15,5,G3,100
O7,5,G4,100
M9,5,G4,100
G22,5,G5,100
E2,5,G5,100
A21,5,G6,100
D23,5,G6,100
C14,5,G7,100
G11,5,G7,100
P17,5,G8,100
F7,5,G8,100
A14,5,G9,100
O7,5,G9,100
H11,5,G10,100
E4,5,G10,100
G19,5,G11,100
O21,5,G11,100
A1,5,G12,100
A6,5,G12,100
A21,5,G13,100
G13,5,G13,100
G6,5,G14,100
G7,5,G14,100
G18,5,G15,100
M11,5,G15,100
E16,5,G16,100
P17,5,G16,100
G4,5,G17,100
E22,5,G17,100
G20,5,G18,100
H19,5,G18,100
D23,5,G19,100
A15,5,G19,100
E22,5,G20,100
P21,5,G20,100
G6,5,G21,100
O13,5,G21,100
E21,5,G22,100
P15,5,G22,100
G7,5,G23,100
A11,5,G23,100
O11,5,H2,100
E9,5,H2,100
O9,5,H3,100
M21,5,H3,100
G4,5,H4,100
G9,5,H4,100
F13,5,H5,100
C20,5,H5,100
F7,5,H6,100
G8,5,H6,100
F19,5,H7,100
E4,5,H7,100
F5,5,H8,100
G19,5,H8,100
E22,5,H9,100
E20,5,H9,100
G18,5,H10,100
F13,5,H10,100
A2,5,H11,100
E8,5,H11,100
E21,5,H12,100
M19,5,H12,100
G11,5,H13,100
E12,5,H13,100
P11,5,H14,100
C14,5,H14,100
G7,5,H15,100
H23,5,H15,100
M17,5,H16,100
E7,5,H16,100
G12,5,H17,100
G1,5,H17,100
M9,5,H18,100
A8,5,H18,100
E22,5,H19,100
P15,5,H19,100
A21,5,H20,100
G17,5,H20,100
G4,5,H21,100
G6,5,H21,100
E20,5,H22,100
O19,5,H22,100
E22,5,H23,100
G8,5,H23,100
H17,5,I2,100
E6,5,I2,100
E5,5,I3,100
E2,5,I3,100
E22,5,I4,100
G22,5,I4,100
O3,5,I5,100
O17,5,I5,100
G18,5,I6,100
H23,5,I6,100
E18,5,I7,100
M11,5,I7,100
A1,5,I8,100
P15,5,I8,100
A12,5,I9,100
J13,5,I9,100
A6,5,I10,100
E20,5,I10,100
I3,5,I11,100
P15,5,I11,100
G19,5,I12,100
G11,5,I12,100
F13,5,I13,100
O7,5,I13,100
J1,5,I14,100
M11,5,I14,100
D23,5,I15,100
F7,5,I15,100
A1,5,I16,100
M9,5,I16,100
G2,5,I17,100
C14,5,I17,100
H15,5,I18,100
O7,5,I18,100
H15,5,I19,100
E6,5,I19,100
G6,5,I20,100
O9,5,I20,100
G21,5,I21,100
A15,5,I21,100
G7,5,I22,100
O21,5,I22,100
J1,5,I23,100
O9,5,I23,100
F17,5,J2,100
G1,5,J2,100
M21,5,J3,100
P15,5,J3,100
E18,5,J4,100
G5,5,J4,100
E9,5,J5,100
G8,5,J5,100
E20,5,J6,100
P15,5,J6,100
C22,5,J7,100
E6,5,J7,100
H11,5,J8,100
O7,5,J8,100
A6,5,J9,100
O13,5,J9,100
H15,5,J10,100
F23,5,J10,100
H17,5,J11,100
P15,5,J11,100
J1,5,J12,100
G1,5,J12,100
A21,5,J13,100
G1,5,J13,100
E10,5,J14,100
G22,5,J14,100
P19,5,J15,100
A6,5,J15,100
E6,5,J16,100
O21,5,J16,100
O15,5,J17,100
E20,5,J17,100
G13,5,J18,100
A11,5,J18,100
O9,5,J19,100
H19,5,J19,100
F19,5,J20,100
E14,5,J20,100
A2,5,J21,100
C14,5,J21,100
C22,5,J22,100
G22,5,J22,100
M11,5,J23,100
G8,5,J23,100
D23,5,K2,100
H17,5,K2,100
A6,5,K3,100
F19,5,K3,100
M13,5,K4,100
G9,5,K4,100
F17,5,K5,100
A8,5,K5,100
E18,5,K6,100
F23,5,K6,100
E18,5,K7,100
O21,5,K7,100
G22,5,K8,100
E12,5,K8,100
P19,5,K9,100
E10,5,K9,100
H17,5,K10,100
G7,5,K10,100
G12,5,K11,100
J13,5,K11,100
G6,5,K12,100
I11,5,K12,100
A6,5,K13,100
M11,5,K13,100
A1,5,K14,100
A11,5,K14,100
F23,5,K15,100
O17,5,K15,100
E5,5,K16,100
G1,5,K16,100
J1,5,K17,100
J13,5,K17,100
A6,5,K18,100
O11,5,K18,100
G12,5,K19,100
E7,5,K19,100
G9,5,K20,100
G2,5,K20,100
G3,5,K21,100
E22,5,K21,100
G18,5,K22,100
O21,5,K22,100
G15,5,K23,100
G3,5,K23,100
E7,5,L2,100
P17,5,L2,100
J1,5,L3,100
G2,5,L3,100
G17,5,L4,100
G21,5,L4,100
P19,5,L5,100
O9,5,L5,100
G4,5,L6,100
O15,5,L6,100
E21,5,L7,100
O13,5,L7,100
M17,5,L8,100
E12,5,L8,100
I9,5,L9,100
G2,5,L9,100
G3,5,L10,100
M21,5,L10,100
A12,5,L11,100
M19,5,L11,100
F19,5,L12,100
J13,5,L12,100
A2,5,L13,100
J9,5,L13,100
P19,5,L14,100
H17,5,L14,100
G15,5,L15,100
E22,5,L15,100
G4,5,L16,100
P21,5,L16,100
E16,5,L17,100
E14,5,L17,100
F17,5,L18,100
G22,5,L18,100
A12,5,L19,100
F19,5,L19,100
P11,5,L20,100
E20,5,L20,100
J1,5,L21,100
O11,5,L21,100
F7,5,L22,100
E24,5,L22,100
J1,5,L23,100
A11,5,L23,100
M9,5,M2,100
I11,5,M2,100
M13,5,M3,100
E9,5,M3,100
G15,5,M4,100
G7,5,M4,100
G17,5,M5,100
G20,5,M5,100
E18,5,M6,100
I3,5,M6,100
H11,5,M7,100
A2,5,M7,100
F23,5,M8,100
A15,5,M8,100
G17,5,M9,100
A6,5,M9,100
G15,5,M10,100
E4,5,M10,100
H11,5,M11,100
G12,5,M11,100
E13,5,M12,100
J5,5,M12,100
A1,5,M13,100
F15,5,M13,100
J5,5,M14,100
I3,5,M14,100
E15,5,M15,100
J9,5,M15,100
H11,5,M16,100
E24,5,M16,100
O7,5,M17,100
A11,5,M17,100
E18,5,M18,100
E22,5,M18,100
A1,5,M19,100
F17,5,M19,100
E6,5,M20,100
M13,5,M20,100
A12,5,M21,100
E16,5,M21,100
O11,5,M22,100
O15,5,M22,100
P11,5,M23,100
A12,5,M23,100
O17,5,N2,100
O19,5,N2,100
E12,5,N3,100
G1,5,N3,100
G22,5,N4,100
O9,5,N4,100
O11,5,N5,100
I11,5,N5,100
E21,5,N6,100
F23,5,N6,100
O15,5,N7,100
G8,5,N7,100
G9,5,N8,100
E4,5,N8,100
A15,5,N9,100
J3,5,N9,100
G5,5,N10,100
F5,5,N10,100
P11,5,N11,100
A8,5,N11,100
E10,5,N12,100
O15,5,N12,100
E22,5,N13,100
I11,5,N13,100
F5,5,N14,100
I11,5,N14,100
E22,5,N15,100
E8,5,N15,100
J5,5,N16,100
G19,5,N16,100
P15,5,N17,100
E8,5,N17,100
G12,5,N18,100
F23,5,N18,100
D23,5,N19,100
A10,5,N19,100
O13,5,N20,100
I11,5,N20,100
C22,5,N21,100
P11,5,N21,100
A2,5,N22,100
E12,5,N22,100
G18,5,N23,100
G1,5,N23,100
G6,5,O2,100
A2,5,O2,100
G12,5,O3,100
P17,5,O3,100
G6,5,O4,100
G8,5,O4,100
F13,5,O5,100
E4,5,O5,100
P19,5,O6,100
O11,5,O6,100
E13,5,O7,100
E12,5,O7,100
E7,5,O8,100
G9,5,O8,100
A21,5,O9,100
E22,5,O9,100
P19,5,O10,100
A8,5,O10,100
J5,5,O11,100
P21,5,O11,100
O15,5,O12,100
E14,5,O12,100
A21,5,O13,100
G2,5,O13,100
G18,5,O14,100
E20,5,O14,100
G2,5,O15,100
H19,5,O15,100
O15,5,O16,100
G11,5,O16,100
M11,5,O17,100
P17,5,O17,100
F17,5,O18,100
O21,5,O18,100
H11,5,O19,100
G15,5,O19,100
D23,5,O20,100
M13,5,O20,100
G11,5,O21,100
A11,5,O21,100
I3,5,O22,100
M13,5,O22,100
G21,5,O23,100
P21,5,O23,100
O3,6,B2,100
J13,6,B2,100
E13,6,B3,100
J5,6,B3,100
M19,6,B4,100
E7,6,B4,100
P19,6,B5,100
M9,6,B5,100
E24,6,B6,100
E2,6,B6,100
G5,6,B7,100
G21,6,B7,100
H17,6,B8,100
M13,6,B8,100
G13,6,B9,100
E12,6,B9,100
J9,6,B10,100
E14,6,B10,100
J13,6,B11,100
G19,6,B11,100
A21,6,B12,100
G21,6,B12,100
D23,6,B13,100
P21,6,B13,100
D23,6,B14,100
G13,6,B14,100
P11,6,B15,100
G2,6,B15,100
M11,6,B16,100
O21,6,B16,100
F13,6,B17,100
O19,6,B17,100
G5,6,B18,100
E20,6,B18,100
J9,6,B19,100
M9,6,B19,100
A8,6,B20,100
A11,6,B20,100
M17,6,B21,100
E9,6,B21,100
G21,6,B22,100
M13,6,B22,100
A8,6,B23,100
E4,6,B23,100
P19,6,C2,100
O3,6,C2,100
O15,6,C3,100
A11,6,C3,100
F23,6,C4,100
G8,6,C4,100
G20,6,C5,100
G8,6,C5,100
E15,6,C6,100
E5,6,C6,100
P19,6,C7,100
G8,6,C7,100
A14,6,C8,100
J9,6,C8,100
H17,6,C9,100
F7,6,C9,100
E13,6,C10,100
E22,6,C10,100
M11,6,C11,100
E6,6,C11,100
E18,6,C12,100
F17,6,C12,100
F17,6,C13,100
E22,6,C13,100
O15,6,C14,100
O21,6,C14,100
O7,6,C15,100
E20,6,C15,100
O3,6,C16,100
G21,6,C16,100
O17,6,C17,100
O19,6,C17,100
G4,6,C18,100
F7,6,C18,100
C22,6,C19,100
C20,6,C19,100
O7,6,C20,100
G7,6,C20,100
G22,6,C21,100
G2,6,C21,100
J13,6,C22,100
A11,6,C22,100
G22,6,C23,100
E14,6,C23,100
M9,6,D2,100
J13,6,D2,100
A14,6,D3,100
E4,6,D3,100
F17,6,D4,100
O11,6,D4,100
A6,6,D5,100
E12,6,D5,100
E18,6,D6,100
E8,6,D6,100
A12,6,D7,100
E6,6,D7,100
M19,6,D8,100
O19,6,D8,100
A21,6,D9,100
O17,6,D9,100
E22,6,D10,100
C14,6,D10,100
P11,6,D11,100
O7,6,D11,100
E22,6,D12,100
H23,6,D12,100
J9,6,D13,100
G19,6,D13,100
J5,6,D14,100
G9,6,D14,100
M11,6,D15,100
M13,6,D15,100
F7,6,D16,100
H19,6,D16,100
C24,6,D17,100
H23,6,D17,100
G4,6,D18,100
E6,6,D18,100
I9,6,D19,100
E24,6,D19,100
F19,6,D20,100
G9,6,D20,100
O17,6,D21,100
E9,6,D21,100
O15,6,D22,100
E9,6,D22,100
E21,6,D23,100
F19,6,D23,100
M21,6,E2,100
G11,6,E2,100
A12,6,E3,100
E16,6,E3,100
F7,6,E4,100
E12,6,E4,100
A12,6,E5,100
M11,6,E5,100
J1,6,E6,100
I3,6,E6,100
O17,6,E7,100
E24,6,E7,100
P19,6,E8,100
H23,6,E8,100
I9,6,E9,100
H23,6,E9,100
F7,6,E10,100
E8,6,E10,100
E16,6,E11,100
C14,6,E11,100
M11,6,E12,100
M13,6,E12,100
M13,6,E13,100
E8,6,E13,100
G4,6,E14,100
G12,6,E14,100
M19,6,E15,100
C14,6,E15,100
H17,6,E16,100
G8,6,E16,100
G20,6,E17,100
E12,6,E17,100
F13,6,E18,100
I3,6,E18,100
E7,6,E19,100
O9,6,E19,100
G4,6,E20,100
P15,6,E20,100
G18,6,E21,100
E7,6,E21,100
A6,6,E22,100
E22,6,E22,100
J9,6,E23,100
E6,6,E23,100
E21,6,F2,100
P11,6,F2,100
M11,6,F3,100
E5,6,F3,100
I9,6,F4,100
M21,6,F4,100
H15,6,F5,100
I11,6,F5,100
J13,6,F6,100
H23,6,F6,100
A2,6,F7,100
J13,6,F7,100
O19,6,F8,100
E14,6,F8,100
M9,6,F9,100
E8,6,F9,100
A21,6,F10,100
J1,6,F10,100
E9,6,F11,100
E5,6,F11,100
F23,6,F12,100
M21,6,F12,100
C14,6,F13,100
E12,6,F13,100
M9,6,F14,100
E5,6,F14,100
E18,6,F15,100
G20,6,F15,100
G22,6,F16,100
G11,6,F16,100
I9,6,F17,100
M9,6,F17,100
E15,6,F18,100
C14,6,F18,100
G12,6,F19,100
M19,6,F19,100
O3,6,F20,100
E7,6,F20,100
G20,6,F21,100
I9,6,F21,100
C22,6,F22,100
F7,6,F22,100
P19,6,F23,100
J5,6,F23,100
G12,6,G2,100
O13,6,G2,100
F15,6,G3,100
E12,6,G3,100
G3,6,G4,100
M21,6,G4,100
D23,6,G5,100
A14,6,G5,100
M11,6,G6,100
A8,6,G6,100
G18,6,G7,100
F5,6,G7,100
F7,6,G8,100
C14,6,G8,100
F5,6,G9,100
G9,6,G9,100
D23,6,G10,100
E9,6,G10,100
P19,6,G11,100
A12,6,G11,100
G3,6,G12,100
A15,6,G12,100
E22,6,G13,100
P15,6,G13,100
M19,6,G14,100
J13,6,G14,100
P17,6,G15,100
E4,6,G15,100
E5,6,G16,100
O21,6,G16,100
C20,6,G17,100
M21,6,G17,100
C22,6,G18,100
E15,6,G18,100
H11,6,G19,100
M9,6,G19,100
A21,6,G20,100
F15,6,G20,100
G15,6,G21,100
O13,6,G21,100
H11,6,G22,100
M11,6,G22,100
E15,6,G23,100
J13,6,G23,100
H15,6,H2,100
E21,6,H2,100
G13,6,H3,100
M21,6,H3,100
G15,6,H4,100
F13,6,H4,100
M19,6,H5,100
J11,6,H5,100
P11,6,H6,100
M11,6,H6,100
G5,6,H7,100
A6,6,H7,100
A15,6,H8,100
E8,6,H8,100
G20,6,H9,100
C20,6,H9,100
F17,6,H10,100
O13,6,H10,100
J1,6,H11,100
F17,6,H11,100
O11,6,H12,100
A8,6,H12,100
G12,6,H13,100
A8,6,H13,100
F13,6,H14,100
E2,6,H14,100
E21,6,H15,100
O13,6,H15,100
F7,6,H16,100
H7,6,H16,100
G15,6,H17,100
J13,6,H17,100
F15,6,H18,100
H23,6,H18,100
O7,6,H19,100
F23,6,H19,100
A1,6,H20,100
C22,6,H20,100
J9,6,H21,100
H19,6,H21,100
F17,6,H22,100
G11,6,H22,100
F13,6,H23,100
F15,6,H23,100
E13,6,I2,100
P21,6,I2,100
E16,6,I3,100
O21,6,I3,100
A14,6,I4,100
M11,6,I4,100
C22,6,I5,100
O9,6,I5,100
A12,6,I6,100
G6,6,I6,100
M19,6,I7,100
O11,6,I7,100
A12,6,I8,100
E10,6,I8,100
J9,6,I9,100
F7,6,I9,100
A12,6,I10,100
G22,6,I10,100
I11,6,I11,100
E5,6,I11,100
G6,6,I12,100
E15,6,I12,100
J9,6,I13,100
H19,6,I13,100
O3,6,I14,100
M9,6,I14,100
F23,6,I15,100
E20,6,I15,100
D23,6,I16,100
C24,6,I16,100
E10,6,I17,100
P15,6,I17,100
G5,6,I18,100
O15,6,I18,100
O9,6,I19,100
J13,6,I19,100
H15,6,I20,100
E5,6,I20,100
C20,6,I21,100
O17,6,I21,100
G12,6,I22,100
E5,6,I22,100
E21,6,I23,100
E13,6,I23,100
O7,6,J2,100
F19,6,J2,100
J5,6,J3,100
E20,6,J3,100
G3,6,J4,100
P21,6,J4,100
F15,6,J5,100
M9,6,J5,100
A2,6,J6,100
C20,6,J6,100
D23,6,J7,100
E12,6,J7,100
F15,6,J8,100
M13,6,J8,100
G13,6,J9,100
H19,6,J9,100
E13,6,J10,100
E8,6,J10,100
C22,6,J11,100
P11,6,J11,100
G3,6,J12,100
I3,6,J12,100
I11,6,J13,100
C14,6,J13,100
I3,6,J14,100
G9,6,J14,100
A8,6,J15,100
E12,6,J15,100
P17,6,J16,100
F7,6,J16,100
E10,6,J17,100
E7,6,J17,100
A14,6,J18,100
M19,6,J18,100
E22,6,J19,100
F15,6,J19,100
H11,6,J20,100
M21,6,J20,100
G18,6,J21,100
E22,6,J21,100
E9,6,J22,100
G11,6,J22,100
D23,6,J23,100
G22,6,J23,100
G20,6,K2,100
F13,6,K2,100
M11,6,K3,100
G19,6,K3,100
E18,6,K4,100
O17,6,K4,100
E10,6,K5,100
E14,6,K5,100
G13,6,K6,100
E13,6,K6,100
E5,6,K7,100
G8,6,K7,100
E16,6,K8,100
G3,6,K8,100
E6,6,K9,100
I11,6,K9,100
E8,6,K10,100
O21,6,K10,100
G13,6,K11,100
C20,6,K11,100
A12,6,K12,100
E2,6,K12,100
P19,6,K13,100
E2,6,K13,100
G20,6,K14,100
O7,6,K14,100
D23,6,K15,100
G20,6,K15,100
G18,6,K16,100
E5,6,K16,100
G18,6,K17,100
M21,6,K17,100
A6,6,K18,100
G1,6,K18,100
E5,6,K19,100
O21,6,K19,100
G7,6,K20,100
E6,6,K20,100
F13,6,K21,100
F19,6,K21,100
G8,6,K22,100
G1,6,K22,100
A12,6,K23,100
M9,6,K23,100
O11,6,L2,100
O21,6,L2,100
M17,6,L3,100
A12,6,L3,100
A12,6,L4,100
M13,6,L4,100
P15,6,L5,100
E5,6,L5,100
A21,6,L6,100
H19,6,L6,100
E21,6,L7,100
G1,6,L7,100
D23,6,L8,100
M13,6,L8,100
G17,6,L9,100
F5,6,L9,100
E21,6,L10,100
E4,6,L10,100
O15,6,L11,100
E20,6,L11,100
E16,6,L12,100
F15,6,L12,100
E22,6,L13,100
G21,6,L13,100
O19,6,L14,100
G8,6,L14,100
P15,6,L15,100
C14,6,L15,100
G12,6,L16,100
C14,6,L16,100
F15,6,L17,100
E9,6,L17,100
G5,6,L18,100
I9,6,L18,100
A21,6,L19,100
G11,6,L19,100
G13,6,L20,100
E7,6,L20,100
M13,6,L21,100
O19,6,L21,100
G6,6,L22,100
A8,6,L22,100
F7,6,L23,100
G11,6,L23,100
A15,6,M2,100
E2,6,M2,100
O3,6,M3,100
E14,6,M3,100
F5,6,M4,100
F19,6,M4,100
C24,6,M5,100
H19,6,M5,100
M19,6,M6,100
E6,6,M6,100
E10,6,M7,100
J13,6,M7,100
F5,6,M8,100
C14,6,M8,100
F15,6,M9,100
A15,6,M9,100
H15,6,M10,100
G2,6,M10,100
E4,6,M11,100
P15,6,M11,100
F5,6,M12,100
G3,6,M12,100
G7,6,M13,100
P17,6,M13,100
F13,6,M14,100
G8,6,M14,100
M21,6,M15,100
H23,6,M15,100
G5,6,M16,100
H17,6,M16,100
E15,6,M17,100
G8,6,M17,100
E13,6,M18,100
E16,6,M18,100
E7,6,M19,100
O21,6,M19,100
I3,6,M20,100
I11,6,M20,100
A1,6,M21,100
J9,6,M21,100
H11,6,M22,100
C24,6,M22,100
C22,6,M23,100
E5,6,M23,100
M17,6,N2,100
I9,6,N2,100
A15,6,N3,100
E5,6,N3,100
M17,6,N4,100
M13,6,N4,100
E21,6,N5,100
E12,6,N5,100
A2,6,N6,100
P21,6,N6,100
G6,6,N7,100
I11,6,N7,100
P17,6,N8,100
G11,6,N8,100
C22,6,N9,100
M9,6,N9,100
J5,6,N10,100
F19,6,N10,100
F23,6,N11,100
E8,6,N11,100
E18,6,N12,100
M13,6,N12,100
A21,6,N13,100
E2,6,N13,100
P19,6,N14,100
J1,6,N14,100
G4,6,N15,100
G7,6,N15,100
E7,6,N16,100
O17,6,N16,100
O15,6,N17,100
G2,6,N17,100
A14,6,N18,100
O11,6,N18,100
J9,6,N19,100
C24,6,N19,100
E21,6,N20,100
G12,6,N20,100
F19,6,N21,100
P17,6,N21,100
M21,6,N22,100
G19,6,N22,100
G6,6,N23,100
G2,6,N23,100
H15,6,O2,100
G15,6,O2,100
H15,6,O3,100
F13,6,O3,100
G13,6,O4,100
F23,6,O4,100
E6,6,O5,100
C24,6,O5,100
G5,6,O6,100
G3,6,O6,100
F23,6,O7,100
E12,6,O7,100
P19,6,O8,100
H11,6,O8,100
O7,6,O9,100
G9,6,O9,100
E22,6,O10,100
O15,6,O10,100
P21,6,O11,100
E12,6,O11,100
H17,6,O12,100
I11,6,O12,100
G6,6,O13,100
E24,6,O13,100
O7,6,O14,100
O19,6,O14,100
G3,6,O15,100
O21,6,O15,100
E16,6,O16,100
H17,6,O16,100
G21,6,O17,100
A11,6,O17,100
A12,6,O18,100
F7,6,O18,100
G4,6,O19,100
C24,6,O19,100
O15,6,O20,100
J13,6,O20,100
G20,6,O21,100
O11,6,O21,100
E15,6,O22,100
F7,6,O22,100
J5,6,O23,100
M19,6,O23,100
M9,7,B2,100
A15,7,B2,100
E24,7,B3,100
G1,7,B3,100
G17,7,B4,100
F17,7,B4,100
E18,7,B5,100
C24,7,B5,100
O19,7,B6,100
A11,7,B6,100
M19,7,B7,100
G11,7,B7,100
O11,7,B8,100
G19,7,B8,100
E9,7,B9,100
P15,7,B9,100
C22,7,B10,100
G6,7,B10,100
G3,7,B11,100
E5,7,B11,100
E22,7,B12,100
M21,7,B12,100
H11,7,B13,100
A15,7,B13,100
G5,7,B14,100
E14,7,B14,100
J9,7,B15,100
J13,7,B15,100
G20,7,B16,100
I11,7,B16,100
O9,7,B17,100
A15,7,B17,100
E10,7,B18,100
E14,7,B18,100
H15,7,B19,100
E12,7,B19,100
P11,7,B20,100
E6,7,B20,100
A14,7,B21,100
A2,7,B21,100
E18,7,B22,100
O9,7,B22,100
E6,7,B23,100
G19,7,B23,100
E21,7,C2,100
E4,7,C2,100
M11,7,C3,100
G11,7,C3,100
D23,7,C4,100
G13,7,C4,100
E6,7,C5,100
E20,7,C5,100
J1,7,C6,100
O17,7,C6,100
I3,7,C7,100
I11,7,C7,100
G20,7,C8,100
F15,7,C8,100
E5,7,C9,100
E2,7,C9,100
P19,7,C10,100
E22,7,C10,100
E21,7,C11,100
O11,7,C11,100
D23,7,C12,100
P17,7,C12,100
G17,7,C13,100
G3,7,C13,100
A21,7,C14,100
E15,7,C14,100
P11,7,C15,100
E5,7,C15,100
M21,7,C16,100
G9,7,C16,100
G6,7,C17,100
E12,7,C17,100
G9,7,C18,100
I11,7,C18,100
G20,7,C19,100
E6,7,C19,100
H11,7,C20,100
G2,7,C20,100
C24,7,C21,100
P15,7,C21,100
A8,7,C22,100
E2,7,C22,100
H15,7,C23,100
J13,7,C23,100
G4,7,D2,100
C24,7,D2,100
G5,7,D3,100
E24,7,D3,100
G12,7,D4,100
G3,7,D4,100
G13,7,D5,100
A15,7,D5,100
O13,7,D6,100
E4,7,D6,100
M9,7,D7,100
O9,7,D7,100
C14,7,D8,100
E14,7,D8,100
E8,7,D9,100
E5,7,D9,100
G20,7,D10,100
G9,7,D10,100
I3,7,D11,100
G21,7,D11,100
H15,7,D12,100
E16,7,D12,100
G20,7,D13,100
O21,7,D13,100
A6,7,D14,100
J13,7,D14,100
M17,7,D15,100
E16,7,D15,100
H15,7,D16,100
G3,7,D16,100
F13,7,D17,100
E20,7,D17,100
H11,7,D18,100
E15,7,D18,100
A14,7,D19,100
E20,7,D19,100
M9,7,D20,100
E20,7,D20,100
E18,7,D21,100
J9,7,D21,100
C22,7,D22,100
G17,7,D22,100
A21,7,D23,100
F5,7,D23,100
H19,7,E2,100
E12,7,E2,100
F5,7,E3,100
E10,7,E3,100
E13,7,E4,100
O7,7,E4,100
E16,7,E5,100
H23,7,E5,100
G2,7,E6,100
P21,7,E6,100
F5,7,E7,100
F13,7,E7,100
P17,7,E8,100
G1,7,E8,100
P21,7,E9,100
E5,7,E9,100
M9,7,E10,100
G8,7,E10,100
M17,7,E11,100
I9,7,E11,100
P19,7,E12,100
A14,7,E12,100
E22,7,E13,100
C24,7,E13,100
P15,7,E14,100
I11,7,E14,100
E6,7,E15,100
A11,7,E15,100
O7,7,E16,100
G9,7,E16,100
M17,7,E17,100
E13,7,E17,100
E20,7,E18,100
O21,7,E18,100
O3,7,E19,100
G3,7,E19,100
E21,7,E20,100
H19,7,E20,100
F15,7,E21,100
H19,7,E21,100
G5,7,E22,100
P11,7,E22,100
G4,7,E23,100
G5,7,E23,100
G18,7,F2,100
E2,7,F2,100
H19,7,F3,100
O19,7,F3,100
G4,7,F4,100
F5,7,F4,100
E18,7,F5,100
A8,7,F5,100
E18,7,F6,100
E14,7,F6,100
G21,7,F7,100
E24,7,F7,100
G12,7,F8,100
E24,7,F8,100
F5,7,F9,100
P21,7,F9,100
G13,7,F10,100
G2,7,F10,100
O3,7,F11,100
J9,7,F11,100
C20,7,F12,100
F7,7,F12,100
C22,7,F13,100
M21,7,F13,100
G13,7,F14,100
O15,7,F14,100
A14,7,F15,100
G21,7,F15,100
F23,7,F16,100
A8,7,F16,100
E16,7,F17,100
M13,7,F17,100
J1,7,F18,100
P21,7,F18,100
F17,7,F19,100
E12,7,F19,100
J1,7,F20,100
E7,7,F20,100
G17,7,F21,100
E2,7,F21,100
G18,7,F22,100
G19,7,F22,100
H11,7,F23,100
O19,7,F23,100
E9,7,G2,100
E2,7,G2,100
M17,7,G3,100
G4,7,G3,100
E22,7,G4,100
J3,7,G4,100
O17,7,G5,100
M9,7,G5,100
A12,7,G6,100
P21,7,G6,100
G17,7,G7,100
P15,7,G7,100
H15,7,G8,100
C20,7,G8,100
G3,7,G9,100
O11,7,G9,100
M19,7,G10,100
E12,7,G10,100
G5,7,G11,100
P17,7,G11,100
E6,7,G12,100
E5,7,G12,100
J1,7,G13,100
P17,7,G13,100
H11,7,G14,100
P15,7,G14,100
H15,7,G15,100
G9,7,G15,100
O15,7,G16,100
E2,7,G16,100
A2,7,G17,100
M9,7,G17,100
E21,7,G18,100
G2,7,G18,100
J9,7,G19,100
E5,7,G19,100
E10,7,G20,100
E20,7,G20,100
G12,7,G21,100
H19,7,G21,100
E18,7,G22,100
E4,7,G22,100
G6,7,G23,100
E14,7,G23,100
G15,7,H2,100
F23,7,H2,100
H23,7,H3,100
G11,7,H3,100
H15,7,H4,100
C24,7,H4,100
E21,7,H5,100
M19,7,H5,100
J5,7,H6,100
A8,7,H6,100
E15,7,H7,100
E4,7,H7,100
F15,7,H8,100
A8,7,H8,100
P11,7,H9,100
G19,7,H9,100
E7,7,H10,100
H19,7,H10,100
J1,7,H11,100
E15,7,H11,100
O13,7,H12,100
M9,7,H12,100
H11,7,H13,100
O15,7,H13,100
A12,7,H14,100
O11,7,H14,100
C22,7,H15,100
A14,7,H15,100
F5,7,H16,100
E24,7,H16,100
A12,7,H17,100
A11,7,H17,100
A21,7,H18,100
M21,7,H18,100
H11,7,H19,100
O13,7,H19,100
E22,7,H20,100
A11,7,H20,100
G12,7,H21,100
F21,7,H21,100
A2,7,H22,100
J9,7,H22,100
G13,7,H23,100
G7,7,H23,100
E16,7,I2,100
H19,7,I2,100
F23,7,I3,100
G19,7,I3,100
G5,7,I4,100
M21,7,I4,100
O17,7,I5,100
E8,7,I5,100
G15,7,I6,100
E15,7,I6,100
M11,7,I7,100
E7,7,I7,100
P11,7,I8,100
A2,7,I8,100
J1,7,I9,100
O21,7,I9,100
O7,7,I10,100
O11,7,I10,100
O11,7,I11,100
E2,7,I11,100
J5,7,I12,100
E24,7,I12,100
M9,7,I13,100
E24,7,I13,100
E6,7,I14,100
P23,7,I14,100
F17,7,I15,100
J13,7,I15,100
A14,7,I16,100
G7,7,I16,100
C20,7,I17,100
O19,7,I17,100
H11,7,I18,100
E13,7,I18,100
E8,7,I19,100
A11,7,I19,100
M17,7,I20,100
H7,7,I20,100
G17,7,I21,100
G12,7,I21,100
G19,7,I22,100
A11,7,I22,100
A2,7,I23,100
H23,7,I23,100
P19,7,J2,100
E20,7,J2,100
G13,7,J3,100
E14,7,J3,100
E10,7,J4,100
G7,7,J4,100
P19,7,J5,100
E13,7,J5,100
A6,7,J6,100
E2,7,J6,100
A14,7,J7,100
H19,7,J7,100
A2,7,J8,100
F15,7,J8,100
A15,7,J9,100
I11,7,J9,100
G5,7,J10,100
G3,7,J10,100
G4,7,J11,100
H19,7,J11,100
O7,7,J12,100
E22,7,J12,100
F23,7,J13,100
H17,7,J13,100
P11,7,J14,100
P21,7,J14,100
P17,7,J15,100
E20,7,J15,100
A6,7,J16,100
E4,7,J16,100
G21,7,J17,100
C14,7,J17,100
M11,7,J18,100
E14,7,J18,100
E18,7,J19,100
G9,7,J19,100
P11,7,J20,100
I11,7,J20,100
J13,7,J21,100
E24,7,J21,100
G5,7,J22,100
O7,7,J22,100
O3,7,J23,100
A2,7,J23,100
O17,7,K2,100
M13,7,K2,100
G5,7,K3,100
G11,7,K3,100
F15,7,K4,100
C20,7,K4,100
F15,7,K5,100
G9,7,K5,100
A21,7,K6,100
F19,7,K6,100
D23,7,K7,100
J9,7,K7,100
M11,7,K8,100
H7,7,K8,100
M9,7,K9,100
P15,7,K9,100
C20,7,K10,100
E6,7,K10,100
I3,7,K11,100
A8,7,K11,100
O3,7,K12,100
G9,7,K12,100
E13,7,K13,100
M9,7,K13,100
M9,7,K14,100
F7,7,K14,100
A21,7,K15,100
A8,7,K15,100
E7,7,K16,100
I9,7,K16,100
G3,7,K17,100
O9,7,K17,100
G7,7,K18,100
G1,7,K18,100
G13,7,K19,100
H19,7,K19,100
H11,7,K20,100
M17,7,K20,100
H17,7,K21,100
P21,7,K21,100
G4,7,K22,100
P21,7,K22,100
M21,7,K23,100
G8,7,K23,100
A14,7,L2,100
G2,7,L2,100
J5,7,L3,100
G21,7,L3,100
M17,7,L4,100
G18,7,L4,100
G12,7,L5,100
O21,7,L5,100
A6,7,L6,100
G6,7,L6,100
E21,7,L7,100
P21,7,L7,100
M9,7,L8,100
M13,7,L8,100
P17,7,L9,100
O19,7,L9,100
F13,7,L10,100
A8,7,L10,100
E7,7,L11,100
E12,7,L11,100
O3,7,L12,100
E10,7,L12,100
A1,7,L13,100
I11,7,L13,100
M13,7,L14,100
E12,7,L14,100
A15,7,L15,100
E20,7,L15,100
D23,7,L16,100
O9,7,L16,100
E18,7,L17,100
O21,7,L17,100
J13,7,L18,100
M13,7,L18,100
E18,7,L19,100
E13,7,L19,100
A2,7,L20,100
O15,7,L20,100
G12,7,L21,100
E15,7,L21,100
M9,7,L22,100
O9,7,L22,100
J5,7,L23,100
O19,7,L23,100
J5,7,M2,100
O13,7,M2,100
G5,7,M3,100
G7,7,M3,100
M9,7,M4,100
G21,7,M4,100
P19,7,M5,100
P11,7,M5,100
E10,7,M6,100
M13,7,M6,100
J5,7,M7,100
I9,7,M7,100
E18,7,M8,100
G4,7,M8,100
G5,7,M9,100
G19,7,M9,100
E8,7,M10,100
G11,7,M10,100
M17,7,M11,100
M21,7,M11,100
I3,7,M12,100
G19,7,M12,100
E10,7,M13,100
E8,7,M13,100
M17,7,M14,100
P15,7,M14,100
G13,7,M15,100
G5,7,M15,100
I9,7,M16,100
E8,7,M16,100
F7,7,M17,100
O21,7,M17,100
G15,7,M18,100
M13,7,M18,100
G4,7,M19,100
E2,7,M19,100
G15,7,M20,100
G6,7,M20,100
M11,7,M21,100
O19,7,M21,100
P11,7,M22,100
O13,7,M22,100
H11,7,M23,100
E2,7,M23,100
J1,7,N2,100
E2,7,N2,100
E21,7,N3,100
E5,7,N3,100
O9,7,N4,100
P17,7,N4,100
E18,7,N5,100
C20,7,N5,100
O3,7,N6,100
G19,7,N6,100
H17,7,N7,100
E5,7,N7,100
C24,7,N8,100
I11,7,N8,100
C20,7,N9,100
H17,7,N9,100
E4,7,N10,100
E9,7,N10,100
J13,7,N11,100
A11,7,N11,100
P11,7,N12,100
M21,7,N12,100
G13,7,N13,100
G20,7,N13,100
A2,7,N14,100
H19,7,N14,100
G18,7,N15,100
O15,7,N15,100
A12,7,N16,100
G19,7,N16,100
M9,7,N17,100
M21,7,N17,100
O17,7,N18,100
G21,7,N18,100
O15,7,N19,100
F7,7,N19,100
C14,7,N20,100
A11,7,N20,100
I3,7,N21,100
O11,7,N21,100
P19,7,N22,100
I11,7,N22,100
G5,7,N23,100
G2,7,N23,100
M19,7,O2,100
H17,7,O2,100
G3,7,O3,100
P21,7,O3,100
J5,7,O4,100
G8,7,O4,100
P17,7,O5,100
C14,7,O5,100
E7,7,O6,100
E20,7,O6,100
E24,7,O7,100
H23,7,O7,100
F13,7,O8,100
E6,7,O8,100
E15,7,O9,100
G11,7,O9,100
M17,7,O10,100
E6,7,O10,100
P11,7,O11,100
O19,7,O11,100
G17,7,O12,100
E14,7,O12,100
M11,7,O13,100
M21,7,O13,100
M17,7,O14,100
G9,7,O14,100
M11,7,O15,100
F7,7,O15,100
E2,7,O16,100
E14,7,O16,100
H19,7,O17,100
G1,7,O17,100
A12,7,O18,100
O7,7,O18,100
O17,7,O19,100
E6,7,O19,100
E10,7,O20,100
G2,7,O20,100
P17,7,O21,100
G2,7,O21,100
G17,7,O22,100
J13,7,O22,100
H15,7,O23,100
G11,7,O23,100
O7,8,B2,100
E2,8,B2,100
E15,8,B3,100
G22,8,B3,100
H15,8,B4,100
E15,8,B4,100
A1,8,B5,100
F5,8,B5,100
F23,8,B6,100
M9,8,B6,100
G15,8,B7,100
G3,8,B7,100
P19,8,B8,100
J13,8,B8,100
E9,8,B9,100
G1,8,B9,100
A2,8,B10,100
J13,8,B10,100
E22,8,B11,100
A15,8,B11,100
G15,8,B12,100
J9,8,B12,100
A2,8,B13,100
G9,8,B13,100
E13,8,B14,100
F5,8,B14,100
G9,8,B15,100
E9,8,B15,100
G18,8,B16,100
H23,8,B16,100
G2,8,B17,100
P21,8,B17,100
J13,8,B18,100
E20,8,B18,100
J9,8,B19,100
O9,8,B19,100
M9,8,B20,100
E2,8,B20,100
E4,8,B21,100
O21,8,B21,100
H15,8,B22,100
G3,8,B22,100
I3,8,B23,100
E12,8,B23,100
E10,8,C2,100
E9,8,C2,100
A1,8,C3,100
H19,8,C3,100
G9,8,C4,100
E14,8,C4,100
E13,8,C5,100
H23,8,C5,100
I3,8,C6,100
E22,8,C6,100
J5,8,C7,100
J13,8,C7,100
H15,8,C8,100
O7,8,C8,100
A21,8,C9,100
O3,8,C9,100
F5,8,C10,100
I9,8,C10,100
F17,8,C11,100
G7,8,C11,100
F17,8,C12,100
O15,8,C12,100
J1,8,C13,100
O9,8,C13,100
P19,8,C14,100
O3,8,C14,100
E7,8,C15,100
O19,8,C15,100
A21,8,C16,100
O7,8,C16,100
E4,8,C17,100
E5,8,C17,100
O3,8,C18,100
G20,8,C18,100
M17,8,C19,100
A2,8,C19,100
H15,8,C20,100
G5,8,C20,100
F5,8,C21,100
I3,8,C21,100
G17,8,C22,100
O13,8,C22,100
A1,8,C23,100
M13,8,C23,100
O17,8,D2,100
H19,8,D2,100
E13,8,D3,100
A15,8,D3,100
E13,8,D4,100
E6,8,D4,100
C22,8,D5,100
C14,8,D5,100
G4,8,D6,100
F15,8,D6,100
A21,8,D7,100
E12,8,D7,100
C22,8,D8,100
G22,8,D8,100
E18,8,D9,100
G8,8,D9,100
E15,8,D10,100
C24,8,D10,100
E16,8,D11,100
A2,8,D11,100
I3,8,D12,100
E10,8,D12,100
G19,8,D13,100
G14,8,D13,100
F19,8,D14,100
O19,8,D14,100
M13,8,D15,100
E2,8,D15,100
O9,8,D16,100
C14,8,D16,100
C22,8,D17,100
M9,8,D17,100
D23,8,D18,100
O17,8,D18,100
M13,8,D19,100
H19,8,D19,100
E16,8,D20,100
F23,8,D20,100
G4,8,D21,100
G6,8,D21,100
G22,8,D22,100
C24,8,D22,100
A2,8,D23,100
G22,8,D23,100
P17,8,E2,100
E12,8,E2,100
O13,8,E3,100
H23,8,E3,100
G3,8,E4,100
E8,8,E4,100
G22,8,E5,100
E8,8,E5,100
H17,8,E6,100
C14,8,E6,100
F5,8,E7,100
E2,8,E7,100
E15,8,E8,100
G3,8,E8,100
A2,8,E9,100
E5,8,E9,100
E18,8,E10,100
G1,8,E10,100
E20,8,E11,100
G1,8,E11,100
P21,8,E12,100
C14,8,E12,100
M13,8,E13,100
E14,8,E13,100
O3,8,E14,100
C24,8,E14,100
M19,8,E15,100
M21,8,E15,100
C22,8,E16,100
G4,8,E16,100
C22,8,E17,100
J1,8,E17,100
G15,8,E18,100
E9,8,E18,100
I3,8,E19,100
O9,8,E19,100
E21,8,E20,100
E15,8,E20,100
F15,8,E21,100
M13,8,E21,100
O15,8,E22,100
P21,8,E22,100
M13,8,E23,100
F7,8,E23,100
P11,8,F2,100
E7,8,F2,100
G9,8,F3,100
O19,8,F3,100
M21,8,F4,100
H23,8,F4,100
A12,8,F5,100
O7,8,F5,100
A1,8,F6,100
O11,8,F6,100
M11,8,F7,100
H23,8,F7,100
F19,8,F8,100
E4,8,F8,100
M9,8,F9,100
E4,8,F9,100
G13,8,F10,100
E16,8,F10,100
A21,8,F11,100
G21,8,F11,100
G21,8,F12,100
I11,8,F12,100
J13,8,F13,100
E12,8,F13,100
F15,8,F14,100
E24,8,F14,100
A12,8,F15,100
F5,8,F15,100
C24,8,F16,100
G8,8,F16,100
F17,8,F17,100
G7,8,F17,100
G9,8,F18,100
O21,8,F18,100
A1,8,F19,100
E10,8,F19,100
H11,8,F20,100
E9,8,F20,100
E2,8,F21,100
G1,8,F21,100
O7,8,F22,100
G11,8,F22,100
F23,8,F23,100
O11,8,F23,100
G17,8,G2,100
F23,8,G2,100
F13,8,G3,100
A11,8,G3,100
C20,8,G4,100
A8,8,G4,100
A14,8,G5,100
F17,8,G5,100
C20,8,G6,100
J13,8,G6,100
C24,8,G7,100
C14,8,G7,100
E22,8,G8,100
E9,8,G8,100
O11,8,G9,100
G21,8,G9,100
G20,8,G10,100
E5,8,G10,100
F23,8,G11,100
G22,8,G11,100
A14,8,G12,100
F23,8,G12,100
E22,8,G13,100
P17,8,G13,100
E13,8,G14,100
M13,8,G14,100
M11,8,G15,100
G3,8,G15,100
E22,8,G16,100
O9,8,G16,100
J13,8,G17,100
O21,8,G17,100
O17,8,G18,100
H23,8,G18,100
E16,8,G19,100
G2,8,G19,100
M19,8,G20,100
C14,8,G20,100
D23,8,G21,100
G21,8,G21,100
E21,8,G22,100
J5,8,G22,100
A6,8,G23,100
P21,8,G23,100
G17,8,H2,100
I11,8,H2,100
E21,8,H3,100
C24,8,H3,100
A12,8,H4,100
G3,8,H4,100
E16,8,H5,100
C20,8,H5,100
F23,8,H6,100
O13,8,H6,100
M17,8,H7,100
G2,8,H7,100
P19,8,H8,100
H11,8,H8,100
E16,8,H9,100
I11,8,H9,100
G13,8,H10,100
H23,8,H10,100
A11,8,H11,100
G1,8,H11,100
A1,8,H12,100
G13,8,H12,100
M21,8,H13,100
O21,8,H13,100
F15,8,H14,100
O17,8,H14,100
G2,8,H15,100
E5,8,H15,100
E16,8,H16,100
O17,8,H16,100
A14,8,H17,100
G18,8,H17,100
F13,8,H18,100
E8,8,H18,100
M17,8,H19,100
C20,8,H19,100
E18,8,H20,100
E22,8,H20,100
O7,8,H21,100
G1,8,H21,100
A6,8,H22,100
G1,8,H22,100
M9,8,H23,100
C14,8,H23,100
O3,8,I2,100
A8,8,I2,100
J5,8,I3,100
A11,8,I3,100
J9,8,I4,100
G2,8,I4,100
E18,8,I5,100
F5,8,I5,100
E7,8,I6,100
P15,8,I6,100
G3,8,I7,100
G8,8,I7,100
P19,8,I8,100
F17,8,I8,100
H15,8,I9,100
O15,8,I9,100
F5,8,I10,100
F19,8,I10,100
A1,8,I11,100
G22,8,I11,100
P11,8,I12,100
O17,8,I12,100
F17,8,I13,100
F19,8,I13,100
E7,8,I14,100
G21,8,I14,100
E4,8,I15,100
E24,8,I15,100
E13,8,I16,100
A14,8,I16,100
M9,8,I17,100
E9,8,I17,100
J13,8,I18,100
P15,8,I18,100
E6,8,I19,100
A8,8,I19,100
G20,8,I20,100
M9,8,I20,100
E10,8,I21,100
G11,8,I21,100
G5,8,I22,100
C24,8,I22,100
E9,8,I23,100
E12,8,I23,100
O3,8,J2,100
E6,8,J2,100
G17,8,J3,100
A2,8,J3,100
F19,8,J4,100
C14,8,J4,100
C24,8,J5,100
E14,8,J5,100
P11,8,J6,100
G3,8,J6,100
I3,8,J7,100
H19,8,J7,100
J9,8,J8,100
O9,8,J8,100
P11,8,J9,100
O11,8,J9,100
F19,8,J10,100
C20,8,J10,100
O13,8,J11,100
E20,8,J11,100
A6,8,J12,100
I11,8,J12,100
F5,8,J13,100
A2,8,J13,100
G15,8,J14,100
C22,8,J14,100
P11,8,J15,100
M13,8,J15,100
M17,8,J16,100
J13,8,J16,100
A21,8,J17,100
P15,8,J17,100
E15,8,J18,100
E6,8,J18,100
G21,8,J19,100
A8,8,J19,100
C20,8,J20,100
O13,8,J20,100
G18,8,J21,100
E24,8,J21,100
F15,8,J22,100
E14,8,J22,100
E21,8,J23,100
E24,8,J23,100
J1,8,K2,100
E20,8,K2,100
E16,8,K3,100
G19,8,K3,100
G13,8,K4,100
F13,8,K4,100
J1,8,K5,100
G9,8,K5,100
G13,8,K6,100
P17,8,K6,100
F13,8,K7,100
G11,8,K7,100
E4,8,K8,100
G2,8,K8,100
G22,8,K9,100
M9,8,K9,100
E15,8,K10,100
H17,8,K10,100
P11,8,K11,100
G17,8,K11,100
H11,8,K12,100
E7,8,K12,100
I3,8,K13,100
G1,8,K13,100
F13,8,K14,100
C24,8,K14,100
M19,8,K15,100
E2,8,K15,100
C24,8,K16,100
A11,8,K16,100
J5,8,K17,100
O21,8,K17,100
G20,8,K18,100
F7,8,K18,100
A21,8,K19,100
G9,8,K19,100
E21,8,K20,100
G7,8,K20,100
I9,8,K21,100
E9,8,K21,100
O9,8,K22,100
A11,8,K22,100
O7,8,K23,100
J9,8,K23,100
E20,8,L2,100
G8,8,L2,100
E13,8,L3,100
E2,8,L3,100
A14,8,L4,100
F7,8,L4,100
G22,8,L5,100
E8,8,L5,100
P19,8,L6,100
I9,8,L6,100
H15,8,L7,100
M21,8,L7,100
J13,8,L8,100
E14,8,L8,100
G20,8,L9,100
I3,8,L9,100
E7,8,L10,100
O13,8,L10,100
P11,8,L11,100
A15,8,L11,100
F23,8,L12,100
P15,8,L12,100
F5,8,L13,100
C20,8,L13,100
D23,8,L14,100
J1,8,L14,100
G9,8,L15,100
E20,8,L15,100
E7,8,L16,100
G19,8,L16,100
A6,8,L17,100
A15,8,L17,100
G21,8,L18,100
E20,8,L18,100
O3,8,L19,100
J5,8,L19,100
G4,8,L20,100
G8,8,L20,100
D23,8,L21,100
E5,8,L21,100
H15,8,L22,100
F21,8,L22,100
G12,8,L23,100
G7,8,L23,100
E21,8,M2,100
E22,8,M2,100
E15,8,M3,100
O13,8,M3,100
O15,8,M4,100
O21,8,M4,100
F19,8,M5,100
M13,8,M5,100
J5,8,M6,100
E5,8,M6,100
A21,8,M7,100
O9,8,M7,100
J1,8,M8,100
O13,8,M8,100
G15,8,M9,100
C20,8,M9,100
A6,8,M10,100
H17,8,M10,100
H15,8,M11,100
G7,8,M11,100
J1,8,M12,100
G6,8,M12,100
G3,8,M13,100
A15,8,M13,100
H15,8,M14,100
M13,8,M14,100
H15,8,M15,100
E20,8,M15,100
O3,8,M16,100
M11,8,M16,100
E8,8,M17,100
A10,8,M17,100
G9,8,M18,100
O21,8,M18,100
H23,8,M19,100
E14,8,M19,100
E13,8,M20,100
I9,8,M20,100
A14,8,M21,100
M21,8,M21,100
G12,8,M22,100
F15,8,M22,100
C20,8,M23,100
J9,8,M23,100
A6,8,N2,100
E15,8,N2,100
G12,8,N3,100
O7,8,N3,100
H11,8,N4,100
J1,8,N4,100
G3,8,N5,100
G8,8,N5,100
G13,8,N6,100
G1,8,N6,100
H11,8,N7,100
I3,8,N7,100
D23,8,N8,100
E4,8,N8,100
O13,8,N9,100
E2,8,N9,100
F23,8,N10,100
I9,8,N10,100
A14,8,N11,100
E24,8,N11,100
P19,8,N12,100
G5,8,N12,100
H17,8,N13,100
E9,8,N13,100
E21,8,N14,100
A12,8,N14,100
I3,8,N15,100
F17,8,N15,100
E15,8,N16,100
E14,8,N16,100
A12,8,N17,100
O9,8,N17,100
H17,8,N18,100
E2,8,N18,100
E18,8,N19,100
H19,8,N19,100
G2,8,N20,100
G11,8,N20,100
G13,8,N21,100
E4,8,N21,100
O17,8,N22,100
O21,8,N22,100
G5,8,N23,100
G12,8,N23,100
J5,8,O2,100
O15,8,O2,100
G6,8,O3,100
F23,8,O3,100
E7,8,O4,100
J13,8,O4,100
M13,8,O5,100
G9,8,O5,100
P19,8,O6,100
O19,8,O6,100
C22,8,O7,100
F13,8,O7,100
A1,8,O8,100
O7,8,O8,100
C22,8,O9,100
G18,8,O9,100
E7,8,O10,100
C24,8,O10,100
G17,8,O11,100
G2,8,O11,100
H15,8,O12,100
F19,8,O12,100
E13,8,O13,100
O11,8,O13,100
J1,8,O14,100
A8,8,O14,100
P15,8,O15,100
G8,8,O15,100
G18,8,O16,100
E6,8,O16,100
G3,8,O17,100
F19,8,O17,100
E24,8,O18,100
E5,8,O18,100
F15,8,O19,100
G1,8,O19,100
E18,8,O20,100
G12,8,O20,100
A1,8,O21,100
G4,8,O21,100
G13,8,O22,100
F15,8,O22,100
C22,8,O23,100
O19,8,O23,100
C22,9,B2,100
O11,9,B2,100
H11,9,B3,100
J5,9,B3,100
O15,9,B4,100
G21,9,B4,100
H15,9,B5,100
J13,9,B5,100
G5,9,B6,100
J5,9,B6,100
G20,9,B7,100
G2,9,B7,100
E18,9,B8,100
P11,9,B8,100
P11,9,B9,100
G21,9,B9,100
O9,9,B10,100
H23,9,B10,100
C20,9,B11,100
E24,9,B11,100
A21,9,B12,100
G15,9,B12,100
G5,9,B13,100
G8,9,B13,100
F7,9,B14,100
E24,9,B14,100
G12,9,B15,100
O19,9,B15,100
E21,9,B16,100
C20,9,B16,100
O3,9,B17,100
G2,9,B17,100
A14,9,B18,100
G1,9,B18,100
M11,9,B19,100
E10,9,B19,100
I3,9,B20,100
P21,9,B20,100
G12,9,B21,100
G9,9,B21,100
C20,9,B22,100
O15,9,B22,100
C22,9,B23,100
C24,9,B23,100
O3,9,C2,100
G13,9,C2,100
P11,9,C3,100
H17,9,C3,100
G17,9,C4,100
G19,9,C4,100
G15,9,C5,100
F17,9,C5,100
O3,9,C6,100
M19,9,C6,100
I3,9,C7,100
P15,9,C7,100
J13,9,C8,100
H23,9,C8,100
A21,9,C9,100
A11,9,C9,100
M11,9,C10,100
C20,9,C10,100
P11,9,C11,100
F15,9,C11,100
H11,9,C12,100
E22,9,C12,100
A1,9,C13,100
F15,9,C13,100
P11,9,C14,100
M9,9,C14,100
G2,9,C15,100
I11,9,C15,100
J1,9,C16,100
A11,9,C16,100
H15,9,C17,100
G1,9,C17,100
G15,9,C18,100
A12,9,C18,100
G18,9,C19,100
C14,9,C19,100
G21,9,C20,100
G9,9,C20,100
H15,9,C21,100
G12,9,C21,100
A1,9,C22,100
G18,9,C22,100
M11,9,C23,100
C14,9,C23,100
G3,9,D2,100
G1,9,D2,100
G17,9,D3,100
O21,9,D3,100
F19,9,D4,100
E6,9,D4,100
G4,9,D5,100
F5,9,D5,100
O7,9,D6,100
E6,9,D6,100
M21,9,D7,100
F7,9,D7,100
G17,9,D8,100
E9,9,D8,100
G20,9,D9,100
F13,9,D9,100
A6,9,D10,100
F7,9,D10,100
G13,9,D11,100
C22,9,D11,100
E16,9,D12,100
P17,9,D12,100
G13,9,D13,100
G4,9,D13,100
G22,9,D14,100
A8,9,D14,100
C14,9,D15,100
O21,9,D15,100
E22,9,D16,100
H17,9,D16,100
G13,9,D17,100
G7,9,D17,100
G13,9,D18,100
G22,9,D18,100
E21,9,D19,100
P15,9,D19,100
H11,9,D20,100
G15,9,D20,100
O11,9,D21,100
F7,9,D21,100
D23,9,D22,100
G5,9,D22,100
G18,9,D23,100
E10,9,D23,100
G22,9,E2,100
A11,9,E2,100
F23,9,E3,100
P21,9,E3,100
O7,9,E4,100
I11,9,E4,100
G20,9,E5,100
A2,9,E5,100
H11,9,E6,100
H19,9,E6,100
M9,9,E7,100
E12,9,E7,100
E21,9,E8,100
G6,9,E8,100
H15,9,E9,100
E9,9,E9,100
D23,9,E10,100
F17,9,E10,100
I9,9,E11,100
E9,9,E11,100
O7,9,E12,100
O17,9,E12,100
F17,9,E13,100
G19,9,E13,100
O9,9,E14,100
E12,9,E14,100
G22,9,E15,100
E5,9,E15,100
E4,9,E16,100
H19,9,E16,100
I3,9,E17,100
O11,9,E17,100
P19,9,E18,100
G4,9,E18,100
A6,9,E19,100
G11,9,E19,100
E18,9,E20,100
G6,9,E20,100
I9,9,E21,100
I11,9,E21,100
F7,9,E22,100
G1,9,E22,100
E21,9,E23,100
G22,9,E23,100
J5,9,F2,100
E9,9,F2,100
A1,9,F3,100
I9,9,F3,100
M17,9,F4,100
P11,9,F4,100
G21,9,F5,100
A8,9,F5,100
G8,9,F6,100
E14,9,F6,100
E8,9,F7,100
E5,9,F7,100
G13,9,F8,100
E6,9,F8,100
G9,9,F9,100
C24,9,F9,100
E8,9,F10,100
G19,9,F10,100
O11,9,F11,100
A11,9,F11,100
D23,9,F12,100
M19,9,F12,100
G4,9,F13,100
G3,9,F13,100
G6,9,F14,100
G11,9,F14,100
E10,9,F15,100
A8,9,F15,100
F15,9,F16,100
I11,9,F16,100
A14,9,F17,100
G7,9,F17,100
G6,9,F18,100
F19,9,F18,100
J1,9,F19,100
E14,9,F19,100
H19,9,F20,100
E8,9,F20,100
P19,9,F21,100
E16,9,F21,100
A1,9,F22,100
O19,9,F22,100
A6,9,F23,100
G12,9,F23,100
H11,9,G2,100
G7,9,G2,100
E16,9,G3,100
A6,9,G3,100
E20,9,G4,100
E8,9,G4,100
E22,9,G5,100
A15,9,G5,100
J1,9,G6,100
A8,9,G6,100
H15,9,G7,100
G20,9,G7,100
F13,9,G8,100
G19,9,G8,100
H15,9,G9,100
E7,9,G9,100
A21,9,G10,100
M17,9,G10,100
M17,9,G11,100
G22,9,G11,100
D23,9,G12,100
E14,9,G12,100
E8,9,G13,100
G8,9,G13,100
E18,9,G14,100
A14,9,G14,100
J13,9,G15,100
E24,9,G15,100
A6,9,G16,100
H23,9,G16,100
A15,9,G17,100
G19,9,G17,100
E7,9,G18,100
E20,9,G18,100
I3,9,G19,100
E20,9,G19,100
H11,9,G20,100
P17,9,G20,100
A15,9,G21,100
C14,9,G21,100
E10,9,G22,100
J9,9,G22,100
P11,9,G23,100
H19,9,G23,100
A21,9,H2,100
C14,9,H2,100
E15,9,H3,100
O7,9,H3,100
A6,9,H4,100
E6,9,H4,100
G15,9,H5,100
E14,9,H5,100
E13,9,H6,100
E14,9,H6,100
J5,9,H7,100
C20,9,H7,100
J13,9,H8,100
G8,9,H8,100
A21,9,H9,100
E13,9,H9,100
A12,9,H10,100
C14,9,H10,100
F19,9,H11,100
C20,9,H11,100
J1,9,H12,100
E10,9,H12,100
F13,9,H13,100
H23,9,H13,100
A14,9,H14,100
O13,9,H14,100
P11,9,H15,100
E22,9,H15,100
G17,9,H16,100
A11,9,H16,100
G4,9,H17,100
E22,9,H17,100
O17,9,H18,100
E12,9,H18,100
A14,9,H19,100
E20,9,H19,100
G20,9,H20,100
E24,9,H20,100
G4,9,H21,100
G7,9,H21,100
J5,9,H22,100
G2,9,H22,100
F15,9,H23,100
A15,9,H23,100
G4,9,I2,100
E21,9,I2,100
G7,9,I3,100
G2,9,I3,100
P17,9,I4,100
A11,9,I4,100
G6,9,I5,100
J9,9,I5,100
H15,9,I6,100
J1,9,I6,100
D23,9,I7,100
E24,9,I7,100
E4,9,I8,100
G19,9,I8,100
P15,9,I9,100
E24,9,I9,100
M11,9,I10,100
F23,9,I10,100
O13,9,I11,100
E14,9,I11,100
J1,9,I12,100
G1,9,I12,100
M19,9,I13,100
G7,9,I13,100
O3,9,I14,100
A2,9,I14,100
A14,9,I15,100
J5,9,I15,100
F17,9,I16,100
G19,9,I16,100
G22,9,I17,100
E20,9,I17,100
F19,9,I18,100
G1,9,I18,100
J13,9,I19,100
H19,9,I19,100
F13,9,I20,100
O21,9,I20,100
G3,9,I21,100
F7,9,I21,100
G5,9,I22,100
E6,9,I22,100
A14,9,I23,100
E14,9,I23,100
H15,9,J2,100
G2,9,J2,100
D23,9,J3,100
I11,9,J3,100
P17,9,J4,100
E4,9,J4,100
G4,9,J5,100
G21,9,J5,100
G22,9,J6,100
O9,9,J6,100
D23,9,J7,100
G11,9,J7,100
F13,9,J8,100
O17,9,J8,100
C22,9,J9,100
J3,9,J9,100
G18,9,J10,100
G2,9,J10,100
I9,9,J11,100
M13,9,J11,100
E21,9,J12,100
G20,9,J12,100
O3,9,J13,100
G5,9,J13,100
M9,9,J14,100
P17,9,J14,100
A21,9,J15,100
A6,9,J15,100
G18,9,J16,100
E2,9,J16,100
H15,9,J17,100
E22,9,J17,100
M9,9,J18,100
G21,9,J18,100
E13,9,J19,100
C24,9,J19,100
O13,9,J20,100
E12,9,J20,100
E10,9,J21,100
J9,9,J21,100
A21,9,J22,100
E4,9,J22,100
M11,9,J23,100
A15,9,J23,100
M19,9,K2,100
G8,9,K2,100
H23,9,K3,100
E2,9,K3,100
P19,9,K4,100
G3,9,K4,100
G7,9,K5,100
C24,9,K5,100
A6,9,K6,100
E9,9,K6,100
G5,9,K7,100
G2,9,K7,100
G4,9,K8,100
H17,9,K8,100
C22,9,K9,100
E14,9,K9,100
I9,9,K10,100
E20,9,K10,100
A2,9,K11,100
H17,9,K11,100
E10,9,K12,100
H23,9,K12,100
G20,9,K13,100
O9,9,K13,100
E15,9,K14,100
F17,9,K14,100
M19,9,K15,100
G22,9,K15,100
E5,9,K16,100
A11,9,K16,100
G6,9,K17,100
E10,9,K17,100
E13,9,K18,100
G7,9,K18,100
F5,9,K19,100
O17,9,K19,100
G13,9,K20,100
E12,9,K20,100
F15,9,K21,100
E2,9,K21,100
G15,9,K22,100
G9,9,K22,100
E10,9,K23,100
I9,9,K23,100
O3,9,L2,100
C14,9,L2,100
O17,9,L3,100
H19,9,L3,100
F19,9,L4,100
G8,9,L4,100
E21,9,L5,100
O7,9,L5,100
P19,9,L6,100
H19,9,L6,100
G3,9,L7,100
E12,9,L7,100
A12,9,L8,100
C14,9,L8,100
O7,9,L9,100
F23,9,L9,100
H11,9,L10,100
H19,9,L10,100
E4,9,L11,100
H23,9,L11,100
E21,9,L12,100
G3,9,L12,100
E7,9,L13,100
G7,9,L13,100
M21,9,L14,100
G2,9,L14,100
A8,9,L15,100
I11,9,L15,100
F23,9,L16,100
J13,9,L16,100
G9,9,L17,100
P15,9,L17,100
G15,9,L18,100
G1,9,L18,100
M19,9,L19,100
O17,9,L19,100
E21,9,L20,100
H23,9,L20,100
M11,9,L21,100
H19,9,L21,100
G18,9,L22,100
C20,9,L22,100
A21,9,L23,100
G5,9,L23,100
D23,9,M2,100
G2,9,M2,100
G21,9,M3,100
E9,9,M3,100
E6,9,M4,100
G2,9,M4,100
E13,9,M5,100
G19,9,M5,100
J9,9,M6,100
M21,9,M6,100
C22,9,M7,100
E24,9,M7,100
F5,9,M8,100
E5,9,M8,100
G13,9,M9,100
A11,9,M9,100
A2,9,M10,100
E6,9,M10,100
E16,9,M11,100
E10,9,M11,100
E8,9,M12,100
O21,9,M12,100
G20,9,M13,100
J13,9,M13,100
A14,9,M14,100
C20,9,M14,100
F7,9,M15,100
P21,9,M15,100
H11,9,M16,100
G11,9,M16,100
O19,9,M17,100
E2,9,M17,100
G13,9,M18,100
G8,9,M18,100
A8,9,M19,100
G1,9,M19,100
G13,9,M20,100
F7,9,M20,100
I3,9,M21,100
E7,9,M21,100
P17,9,M22,100
E8,9,M22,100
G2,9,M23,100
E12,9,M23,100
G18,9,N2,100
P21,9,N2,100
O3,9,N3,100
A15,9,N3,100
H15,9,N4,100
G18,9,N4,100
E18,9,N5,100
E16,9,N5,100
H17,9,N6,100
E6,9,N6,100
I11,9,N7,100
G19,9,N7,100
A6,9,N8,100
I9,9,N8,100
P17,9,N9,100
H23,9,N9,100
I3,9,N10,100
F21,9,N10,100
M17,9,N11,100
O19,9,N11,100
I11,9,N12,100
O21,9,N12,100
F17,9,N13,100
J13,9,N13,100
D23,9,N14,100
E6,9,N14,100
O11,9,N15,100
M21,9,N15,100
A1,9,N16,100
E22,9,N16,100
E10,9,N17,100
G19,9,N17,100
G20,9,N18,100
G12,9,N18,100
A12,9,N19,100
G7,9,N19,100
H15,9,N20,100
O11,9,N20,100
G13,9,N21,100
F17,9,N21,100
O3,9,N22,100
E22,9,N22,100
E10,9,N23,100
A15,9,N23,100
E9,9,O2,100
H23,9,O2,100
F19,9,O3,100
O19,9,O3,100
D23,9,O4,100
O15,9,O4,100
H11,9,O5,100
E10,9,O5,100
G5,9,O6,100
E10,9,O6,100
G2,9,O7,100
O21,9,O7,100
A1,9,O8,100
H19,9,O8,100
C22,9,O9,100
O15,9,O9,100
O7,9,O10,100
C20,9,O10,100
E15,9,O11,100
O21,9,O11,100
E18,9,O12,100
G11,9,O12,100
J1,9,O13,100
A15,9,O13,100
P11,9,O14,100
E9,9,O14,100
E10,9,O15,100
E2,9,O15,100
M11,9,O16,100
F15,9,O16,100
E21,9,O17,100
O9,9,O17,100
I3,9,O18,100
E9,9,O18,100
O13,9,O19,100
O9,9,O19,100
D23,9,O20,100
M11,9,O20,100
O15,9,O21,100
M21,9,O21,100
P11,9,O22,100
G1,9,O22,100
F5,9,O23,100
G22,9,O23,100
M11,10,B2,100
E9,10,B2,100
M19,10,B3,100
G19,10,B3,100
A21,10,B4,100
M19,10,B4,100
A1,10,B5,100
G19,10,B5,100
G17,10,B6,100
J9,10,B6,100
H11,10,B7,100
G1,10,B7,100
E24,10,B8,100
G11,10,B8,100
H11,10,B9,100
I11,10,B9,100
H15,10,B10,100
E20,10,B10,100
A12,10,B11,100
G8,10,B11,100
J5,10,B12,100
E7,10,B12,100
E16,10,B13,100
G12,10,B13,100
E13,10,B14,100
C14,10,B14,100
G18,10,B15,100
M9,10,B15,100
F13,10,B16,100
G9,10,B16,100
M17,10,B17,100
P21,10,B17,100
M19,10,B18,100
E22,10,B18,100
G6,10,B19,100
E20,10,B19,100
J1,10,B20,100
F15,10,B20,100
G9,10,B21,100
E2,10,B21,100
O11,10,B22,100
E2,10,B22,100
A12,10,B23,100
J9,10,B23,100
M11,10,C2,100
G2,10,C2,100
J1,10,C3,100
E22,10,C3,100
M11,10,C4,100
I9,10,C4,100
G6,10,C5,100
I3,10,C5,100
C22,10,C6,100
F5,10,C6,100
J5,10,C7,100
I11,10,C7,100
F5,10,C8,100
O9,10,C8,100
I11,10,C9,100
E14,10,C9,100
G4,10,C10,100
A8,10,C10,100
I3,10,C11,100
J9,10,C11,100
P19,10,C12,100
A1,10,C12,100
H15,10,C13,100
E21,10,C13,100
H17,10,C14,100
G1,10,C14,100
P17,10,C15,100
M13,10,C15,100
A1,10,C16,100
C24,10,C16,100
C20,10,C17,100
G7,10,C17,100
D23,10,C18,100
A1,10,C18,100
H11,10,C19,100
E20,10,C19,100
E15,10,C20,100
O9,10,C20,100
H17,10,C21,100
M9,10,C21,100
I9,10,C22,100
G8,10,C22,100
E7,10,C23,100
J13,10,C23,100
G6,10,D2,100
C14,10,D2,100
A21,10,D3,100
A8,10,D3,100
G6,10,D4,100
F17,10,D4,100
A1,10,D5,100
P11,10,D5,100
E18,10,D6,100
M17,10,D6,100
G7,10,D7,100
E14,10,D7,100
O15,10,D8,100
C14,10,D8,100
E8,10,D9,100
C14,10,D9,100
A21,10,D10,100
F23,10,D10,100
O11,10,D11,100
M13,10,D11,100
H17,10,D12,100
E24,10,D12,100
G22,10,D13,100
E24,10,D13,100
G2,10,D14,100
H23,10,D14,100
A1,10,D15,100
E12,10,D15,100
A1,10,D16,100
J5,10,D16,100
A14,10,D17,100
A15,10,D17,100
A15,10,D18,100
E24,10,D18,100
O13,10,D19,100
G19,10,D19,100
J9,10,D20,100
P17,10,D20,100
P11,10,D21,100
M19,10,D21,100
G6,10,D22,100
P17,10,D22,100
O13,10,D23,100
I11,10,D23,100
O9,10,E2,100
C24,10,E2,100
F15,10,E3,100
G8,10,E3,100
O7,10,E4,100
G2,10,E4,100
E20,10,E5,100
H23,10,E5,100
F13,10,E6,100
E24,10,E6,100
P19,10,E7,100
H15,10,E7,100
E21,10,E8,100
E14,10,E8,100
O3,10,E9,100
E8,10,E9,100
M17,10,E10,100
E20,10,E10,100
H19,10,E11,100
O21,10,E11,100
D23,10,E12,100
J1,10,E12,100
E20,10,E13,100
G11,10,E13,100
G15,10,E14,100
J1,10,E14,100
A12,10,E15,100
E9,10,E15,100
E22,10,E16,100
J9,10,E16,100
F19,10,E17,100
J9,10,E17,100
A14,10,E18,100
H17,10,E18,100
E7,10,E19,100
C24,10,E19,100
G7,10,E20,100
G9,10,E20,100
A21,10,E21,100
C24,10,E21,100
E21,10,E22,100
M11,10,E22,100
P11,10,E23,100
E15,10,E23,100
E9,10,F2,100
H23,10,F2,100
F19,10,F3,100
E9,10,F3,100
H19,10,F4,100
H23,10,F4,100
G4,10,F5,100
O21,10,F5,100
C20,10,F6,100
O21,10,F6,100
G18,10,F7,100
I11,10,F7,100
C14,10,F8,100
G8,10,F8,100
A1,10,F9,100
E9,10,F9,100
E6,10,F10,100
F7,10,F10,100
P19,10,F11,100
F15,10,F11,100
O17,10,F12,100
O13,10,F12,100
E15,10,F13,100
E12,10,F13,100
P11,10,F14,100
C20,10,F14,100
J5,10,F15,100
F15,10,F15,100
E9,10,F16,100
C24,10,F16,100
J13,10,F17,100
G19,10,F17,100
P19,10,F18,100
M13,10,F18,100
E6,10,F19,100
C14,10,F19,100
A2,10,F20,100
O17,10,F20,100
F23,10,F21,100
G11,10,F21,100
F15,10,F22,100
E6,10,F22,100
E7,10,F23,100
J9,10,F23,100
C20,10,G2,100
E8,10,G2,100
I9,10,G3,100
E4,10,G3,100
P11,10,G4,100
G8,10,G4,100
E16,10,G5,100
G11,10,G5,100
F5,10,G6,100
M13,10,G6,100
P19,10,G7,100
M17,10,G7,100
A2,10,G8,100
F7,10,G8,100
G17,10,G9,100
F7,10,G9,100
O13,10,G10,100
E24,10,G10,100
A6,10,G11,100
E15,10,G11,100
M21,10,G12,100
G2,10,G12,100
G15,10,G13,100
G18,10,G13,100
P17,10,G14,100
G9,10,G14,100
A1,10,G15,100
C20,10,G15,100
O7,10,G16,100
E2,10,G16,100
F19,10,G17,100
E12,10,G17,100
O13,10,G18,100
E12,10,G18,100
G2,10,G19,100
A11,10,G19,100
M17,10,G20,100
G7,10,G20,100
O9,10,G21,100
P23,10,G21,100
E16,10,G22,100
F13,10,G22,100
M11,10,G23,100
E24,10,G23,100
M17,10,H2,100
E14,10,H2,100
O3,10,H3,100
F13,10,H3,100
G6,10,H4,100
E20,10,H4,100
H11,10,H5,100
E5,10,H5,100
P11,10,H6,100
C20,10,H6,100
J13,10,H7,100
E4,10,H7,100
G15,10,H8,100
E6,10,H8,100
I3,10,H9,100
A11,10,H9,100
G4,10,H10,100
G20,10,H10,100
P19,10,H11,100
G6,10,H11,100
E18,10,H12,100
H19,10,H12,100
A6,10,H13,100
E10,10,H13,100
E13,10,H14,100
O13,10,H14,100
E4,10,H15,100
C14,10,H15,100
P15,10,H16,100
P21,10,H16,100
J9,10,H17,100
A15,10,H17,100
G17,10,H18,100
G20,10,H18,100
M11,10,H19,100
H17,10,H19,100
J9,10,H20,100
G23,10,H20,100
E9,10,H21,100
E20,10,H21,100
G12,10,H22,100
E9,10,H22,100
E15,10,H23,100
O17,10,H23,100
A6,10,I2,100
C14,10,I2,100
P19,10,I3,100
E12,10,I3,100
A14,10,I4,100
E12,10,I4,100
G21,10,I5,100
G8,10,I5,100
A2,10,I6,100
G11,10,I6,100
F13,10,I7,100
G7,10,I7,100
P11,10,I8,100
J9,10,I8,100
E16,10,I9,100
F15,10,I9,100
A21,10,I10,100
M13,10,I10,100
A1,10,I11,100
G8,10,I11,100
O11,10,I12,100
O19,10,I12,100
G17,10,I13,100
P21,10,I13,100
E24,10,I14,100
E14,10,I14,100
I3,10,I15,100
O21,10,I15,100
A6,10,I16,100
A8,10,I16,100
O13,10,I17,100
G9,10,I17,100
G17,10,I18,100
H19,10,I18,100
H15,10,I19,100
F23,10,I19,100
C20,10,I20,100
M13,10,I20,100
G12,10,I21,100
H23,10,I21,100
M19,10,I22,100
G1,10,I22,100
E18,10,I23,100
G7,10,I23,100
J1,10,J2,100
E4,10,J2,100
A15,10,J3,100
M13,10,J3,100
H11,10,J4,100
G19,10,J4,100
F7,10,J5,100
G1,10,J5,100
G6,10,J6,100
G1,10,J6,100
A14,10,J7,100
O11,10,J7,100
J1,10,J8,100
I9,10,J8,100
H19,10,J9,100
E14,10,J9,100
F17,10,J10,100
H17,10,J10,100
G12,10,J11,100
E12,10,J11,100
J13,10,J12,100
G9,10,J12,100
C22,10,J13,100
M19,10,J13,100
G4,10,J14,100
C14,10,J14,100
J1,10,J15,100
O21,10,J15,100
A2,10,J16,100
E20,10,J16,100
G13,10,J17,100
G11,10,J17,100
O9,10,J18,100
E5,10,J18,100
H17,10,J19,100
C24,10,J19,100
D23,10,J20,100
H23,10,J20,100
H15,10,J21,100
A15,10,J21,100
A12,10,J22,100
O17,10,J22,100
E21,10,J23,100
J13,10,J23,100
H15,10,K2,100
E12,10,K2,100
G15,10,K3,100
F7,10,K3,100
G7,10,K4,100
P21,10,K4,100
A14,10,K5,100
M9,10,K5,100
G5,10,K6,100
I11,10,K6,100
E10,10,K7,100
P15,10,K7,100
F13,10,K8,100
F15,10,K8,100
H15,10,K9,100
J9,10,K9,100
C22,10,K10,100
J9,10,K10,100
J9,10,K11,100
G2,10,K11,100
G22,10,K12,100
M21,10,K12,100
G12,10,K13,100
G22,10,K13,100
O11,10,K14,100
G8,10,K14,100
H19,10,K15,100
E2,10,K15,100
F17,10,K16,100
E4,10,K16,100
F15,10,K17,100
G7,10,K17,100
M11,10,K18,100
A15,10,K18,100
G2,10,K19,100
E9,10,K19,100
P11,10,K20,100
I3,10,K20,100
J5,10,K21,100
E5,10,K21,100
A1,10,K22,100
F5,10,K22,100
G18,10,K23,100
O17,10,K23,100
F13,10,L2,100
M9,10,L2,100
A6,10,L3,100
C24,10,L3,100
O13,10,L4,100
M21,10,L4,100
O3,10,L5,100
E13,10,L5,100
G13,10,L6,100
E9,10,L6,100
G21,10,L7,100
O21,10,L7,100
G20,10,L8,100
M19,10,L8,100
G9,10,L9,100
E20,10,L9,100
G3,10,L10,100
O21,10,L10,100
O11,10,L11,100
E7,10,L11,100
G18,10,L12,100
J1,10,L12,100
O15,10,L13,100
A11,10,L13,100
G3,10,L14,100
M19,10,L14,100
E24,10,L15,100
A11,10,L15,100
F5,10,L16,100
M13,10,L16,100
G2,10,L17,100
C14,10,L17,100
A11,10,L18,100
E2,10,L18,100
G18,10,L19,100
E6,10,L19,100
G18,10,L20,100
M9,10,L20,100
A6,10,L21,100
O13,10,L21,100
G18,10,L22,100
G9,10,L22,100
E16,10,L23,100
P15,10,L23,100
E16,10,M2,100
M9,10,M2,100
J1,10,M3,100
C14,10,M3,100
G4,10,M4,100
G18,10,M4,100
F17,10,M5,100
H23,10,M5,100
I9,10,M6,100
E14,10,M6,100
A21,10,M7,100
M21,10,M7,100
E16,10,M8,100
G22,10,M8,100
P11,10,M9,100
J1,10,M9,100
A6,10,M10,100
E9,10,M10,100
E16,10,M11,100
H19,10,M11,100
P19,10,M12,100
P21,10,M12,100
G3,10,M13,100
G11,10,M13,100
E22,10,M14,100
M13,10,M14,100
C20,10,M15,100
E7,10,M15,100
A21,10,M16,100
A2,10,M16,100
E7,10,M17,100
M9,10,M17,100
E22,10,M18,100
E5,10,M18,100
M17,10,M19,100
O9,10,M19,100
G3,10,M20,100
E9,10,M20,100
J1,10,M21,100
G6,10,M21,100
P19,10,M22,100
G9,10,M22,100
E6,10,M23,100
O19,10,M23,100
H11,10,N2,100
M13,10,N2,100
E13,10,N3,100
J1,10,N3,100
A21,10,N4,100
M17,10,N4,100
E16,10,N5,100
O13,10,N5,100
E16,10,N6,100
A8,10,N6,100
D23,10,N7,100
H15,10,N7,100
M17,10,N8,100
M11,10,N8,100
H17,10,N9,100
A15,10,N9,100
P17,10,N10,100
O19,10,N10,100
H11,10,N11,100
A8,10,N11,100
I9,10,N12,100
H17,10,N12,100
M17,10,N13,100
F7,10,N13,100
C22,10,N14,100
E8,10,N14,100
A6,10,N15,100
A11,10,N15,100
P11,10,N16,100
H19,10,N16,100
E4,10,N17,100
G8,10,N17,100
A8,10,N18,100
E20,10,N18,100
A21,10,N19,100
C14,10,N19,100
F5,10,N20,100
C24,10,N20,100
J5,10,N21,100
O11,10,N21,100
O13,10,N22,100
O21,10,N22,100
P19,10,N23,100
A15,10,N23,100
E7,10,O2,100
A11,10,O2,100
A2,10,O3,100
O19,10,O3,100
E20,10,O4,100
E5,10,O4,100
G17,10,O5,100
C14,10,O5,100
G3,10,O6,100
G9,10,O6,100
O3,10,O7,100
I11,10,O7,100
C20,10,O8,100
I9,10,O8,100
E21,10,O9,100
O9,10,O9,100
G6,10,O10,100
G19,10,O10,100
E16,10,O11,100
E2,10,O11,100
E24,10,O12,100
O19,10,O12,100
F17,10,O13,100
I9,10,O13,100
A15,10,O14,100
P15,10,O14,100
C22,10,O15,100
G1,10,O15,100
G5,10,O16,100
E7,10,O16,100
E10,10,O17,100
E12,10,O17,100
O7,10,O18,100
O13,10,O18,100
E13,10,O19,100
A6,10,O19,100
G5,10,O20,100
O21,10,O20,100
F15,10,O21,100
E10,10,O21,100
O15,10,O22,100
O19,10,O22,100
O3,10,O23,100
O15,10,O23,100
D23,11,B2,100
E6,11,B2,100
A1,11,B3,100
O3,11,B3,100
O13,11,B4,100
G11,11,B4,100
G3,11,B5,100
H17,11,B5,100
O13,11,B6,100
A11,11,B6,100
A1,11,B7,100
A2,11,B7,100
M17,11,B8,100
I11,11,B8,100
M11,11,B9,100
E8,11,B9,100
G12,11,B10,100
G21,11,B10,100
O15,11,B11,100
A8,11,B11,100
E16,11,B12,100
E8,11,B12,100
F13,11,B13,100
G3,11,B13,100
C24,11,B14,100
E24,11,B14,100
O7,11,B15,100
G11,11,B15,100
F23,11,B16,100
O17,11,B16,100
O11,11,B17,100
G1,11,B17,100
A14,11,B18,100
E2,11,B18,100
O19,11,B19,100
G8,11,B19,100
E10,11,B20,100
G21,11,B20,100
O13,11,B21,100
H17,11,B21,100
A1,11,B22,100
G18,11,B22,100
C24,11,B23,100
E8,11,B23,100
P11,11,C2,100
E16,11,C2,100
G15,11,C3,100
F19,11,C3,100
F23,11,C4,100
H19,11,C4,100
G6,11,C5,100
E7,11,C5,100
E5,11,C6,100
O19,11,C6,100
M17,11,C7,100
A15,11,C7,100
H15,11,C8,100
G9,11,C8,100
H15,11,C9,100
H19,11,C9,100
G18,11,C10,100
G8,11,C10,100
A6,11,C11,100
E6,11,C11,100
A21,11,C12,100
F15,11,C12,100
E15,11,C13,100
E7,11,C13,100
G6,11,C14,100
F19,11,C14,100
G17,11,C15,100
O9,11,C15,100
A14,11,C16,100
F13,11,C16,100
G20,11,C17,100
C20,11,C17,100
E21,11,C18,100
P21,11,C18,100
E7,11,C19,100
C14,11,C19,100
O7,11,C20,100
I3,11,C20,100
J9,11,C21,100
E8,11,C21,100
I11,11,C22,100
G8,11,C22,100
D23,11,C23,100
F15,11,C23,100
E15,11,D2,100
E8,11,D2,100
P11,11,D3,100
E24,11,D3,100
M17,11,D4,100
F5,11,D4,100
G17,11,D5,100
I9,11,D5,100
G17,11,D6,100
G19,11,D6,100
E15,11,D7,100
H23,11,D7,100
O9,11,D8,100
O21,11,D8,100
H15,11,D9,100
C14,11,D9,100
D23,11,D10,100
A6,11,D10,100
M17,11,D11,100
F15,11,D11,100
P19,11,D12,100
P15,11,D12,100
M19,11,D13,100
G11,11,D13,100
C20,11,D14,100
P15,11,D14,100
A12,11,D15,100
E14,11,D15,100
A14,11,D16,100
O15,11,D16,100
E21,11,D17,100
E6,11,D17,100
E18,11,D18,100
A15,11,D18,100
F7,11,D19,100
I11,11,D19,100
G6,11,D20,100
E10,11,D20,100
J1,11,D21,100
O15,11,D21,100
F17,11,D22,100
E5,11,D22,100
G20,11,D23,100
E2,11,D23,100
G4,11,E2,100
E12,11,E2,100
F13,11,E3,100
F7,11,E3,100
O3,11,E4,100
G8,11,E4,100
E8,11,E5,100
H23,11,E5,100
P19,11,E6,100
E12,11,E6,100
H15,11,E7,100
E14,11,E7,100
E21,11,E8,100
G21,11,E8,100
E18,11,E9,100
A6,11,E9,100
G17,11,E10,100
M21,11,E10,100
E15,11,E11,100
J13,11,E11,100
G20,11,E12,100
J3,11,E12,100
F23,11,E13,100
E8,11,E13,100
C24,11,E14,100
G19,11,E14,100
O7,11,E15,100
F19,11,E15,100
E18,11,E16,100
E21,11,E16,100
A12,11,E17,100
O13,11,E17,100
J5,11,E18,100
G2,11,E18,100
J1,11,E19,100
P21,11,E19,100
A21,11,E20,100
G13,11,E20,100
H15,11,E21,100
A8,11,E21,100
G3,11,E22,100
G19,11,E22,100
E20,11,E23,100
A11,11,E23,100
E16,11,F2,100
G20,11,F2,100
A12,11,F3,100
O11,11,F3,100
O3,11,F4,100
G12,11,F4,100
J9,11,F5,100
A8,11,F5,100
O9,11,F6,100
O15,11,F6,100
O9,11,F7,100
P15,11,F7,100
E13,11,F8,100
F7,11,F8,100
H11,11,F9,100
G8,11,F9,100
O3,11,F10,100
I3,11,F10,100
O3,11,F11,100
E6,11,F11,100
J5,11,F12,100
E6,11,F12,100
E13,11,F13,100
J1,11,F13,100
I3,11,F14,100
E24,11,F14,100
M17,11,F15,100
E15,11,F15,100
E10,11,F16,100
A11,11,F16,100
O7,11,F17,100
G19,11,F17,100
E7,11,F18,100
E14,11,F18,100
H15,11,F19,100
C24,11,F19,100
M11,11,F20,100
E22,11,F20,100
J5,11,F21,100
E14,11,F21,100
J13,11,F22,100
E5,11,F22,100
O13,11,F23,100
I9,11,F23,100
A1,11,G2,100
I11,11,G2,100
P19,11,G3,100
E24,11,G3,100
P11,11,G4,100
J5,11,G4,100
C22,11,G5,100
A15,11,G5,100
E7,11,G6,100
H17,11,G6,100
M21,11,G7,100
E9,11,G7,100
J9,11,G8,100
E24,11,G8,100
F5,11,G9,100
A15,11,G9,100
M17,11,G10,100
O15,11,G10,100
D23,11,G11,100
G9,11,G11,100
E18,11,G12,100
H17,11,G12,100
G3,11,G13,100
M9,11,G13,100
O15,11,G14,100
H19,11,G14,100
A12,11,G15,100
M21,11,G15,100
O7,11,G16,100
O21,11,G16,100
H11,11,G17,100
F15,11,G17,100
F5,11,G18,100
J9,11,G18,100
F5,11,G19,100
F23,11,G19,100
F15,11,G20,100
G22,11,G20,100
G15,11,G21,100
G20,11,G21,100
A14,11,G22,100
G19,11,G22,100
A14,11,G23,100
G22,11,G23,100
I3,11,H2,100
O19,11,H2,100
M9,11,H3,100
G19,11,H3,100
O21,11,H4,100
E2,11,H4,100
G15,11,H5,100
E20,11,H5,100
F15,11,H6,100
M21,11,H6,100
E24,11,H7,100
G19,11,H7,100
G13,11,H8,100
E20,11,H8,100
H11,11,H9,100
O3,11,H9,100
A1,11,H10,100
E21,11,H10,100
A1,11,H11,100
E14,11,H11,100
I3,11,H12,100
G9,11,H12,100
F15,11,H13,100
O13,11,H13,100
P19,11,H14,100
E6,11,H14,100
J1,11,H15,100
O13,11,H15,100
C20,11,H16,100
E20,11,H16,100
E6,11,H17,100
E9,11,H17,100
J13,11,H18,100
F7,11,H18,100
F19,11,H19,100
M13,11,H19,100
G12,11,H20,100
A2,11,H20,100
A1,11,H21,100
G1,11,H21,100
G17,11,H22,100
I11,11,H22,100
P11,11,H23,100
G11,11,H23,100
A12,11,I2,100
F15,11,I2,100
E15,11,I3,100
E24,11,I3,100
O13,11,I4,100
P21,11,I4,100
O7,11,I5,100
H23,11,I5,100
E16,11,I6,100
O11,11,I6,100
H19,11,I7,100
A11,11,I7,100
P11,11,I8,100
G12,11,I8,100
M19,11,I9,100
E8,11,I9,100
F5,11,I10,100
E12,11,I10,100
A21,11,I11,100
E24,11,I11,100
F15,11,I12,100
E4,11,I12,100
H15,11,I13,100
G4,11,I13,100
G13,11,I14,100
M9,11,I14,100
E10,11,I15,100
G1,11,I15,100
A2,11,I16,100
E2,11,I16,100
P17,11,I17,100
M21,11,I17,100
G21,11,I18,100
I11,11,I18,100
H15,11,I19,100
J5,11,I19,100
J13,11,I20,100
E9,11,I20,100
P11,11,I21,100
F13,11,I21,100
A12,11,I22,100
P17,11,I22,100
E15,11,I23,100
F23,11,I23,100
G6,11,J2,100
G12,11,J2,100
O11,11,J3,100
G22,11,J3,100
G9,11,J4,100
G2,11,J4,100
A12,11,J5,100
G17,11,J5,100
J9,11,J6,100
G11,11,J6,100
C20,11,J7,100
G1,11,J7,100
G19,11,J8,100
H23,11,J8,100
O7,11,J9,100
E14,11,J9,100
A1,11,J10,100
G15,11,J10,100
E18,11,J11,100
J5,11,J11,100
E4,11,J12,100
E8,11,J12,100
G22,11,J13,100
A15,11,J13,100
G9,11,J14,100
E5,11,J14,100
A12,11,J15,100
P15,11,J15,100
C20,11,J16,100
G9,11,J16,100
J13,11,J17,100
A15,11,J17,100
O11,11,J18,100
P15,11,J18,100
C22,11,J19,100
E12,11,J19,100
F7,11,J20,100
O19,11,J20,100
G20,11,J21,100
O17,11,J21,100
E6,11,J22,100
E4,11,J22,100
E10,11,J23,100
P21,11,J23,100
E6,11,K2,100
P21,11,K2,100
F23,11,K3,100
G7,11,K3,100
E10,11,K4,100
A8,11,K4,100
E6,11,K5,100
O19,11,K5,100
O21,11,K6,100
G8,11,K6,100
G18,11,K7,100
G6,11,K7,100
O13,11,K8,100
G22,11,K8,100
G2,11,K9,100
E8,11,K9,100
E18,11,K10,100
G6,11,K10,100
E21,11,K11,100
M21,11,K11,100
J9,11,K12,100
E2,11,K12,100
C22,11,K13,100
F7,11,K13,100
E18,11,K14,100
E10,11,K14,100
M21,11,K15,100
G1,11,K15,100
O3,11,K16,100
C22,11,K16,100
M11,11,K17,100
G8,11,K17,100
O3,11,K18,100
H19,11,K18,100
G5,11,K19,100
E22,11,K19,100
G15,11,K20,100
G2,11,K20,100
G11,11,K21,100
E2,11,K21,100
E4,11,K22,100
G8,11,K22,100
P19,11,K23,100
G22,11,K23,100
P19,11,L2,100
F5,11,L2,100
P19,11,L3,100
O13,11,L3,100
M9,11,L4,100
C24,11,L4,100
E18,11,L5,100
P15,11,L5,100
E16,11,L6,100
A14,11,L6,100
A1,11,L7,100
P21,11,L7,100
P11,11,L8,100
G18,11,L8,100
E22,11,L9,100
O13,11,L9,100
A14,11,L10,100
I9,11,L10,100
E22,11,L11,100
G2,11,L11,100
D23,11,L12,100
G11,11,L12,100
J5,11,L13,100
E12,11,L13,100
F17,11,L14,100
H19,11,L14,100
H11,11,L15,100
G22,11,L15,100
G15,11,L16,100
M11,11,L16,100
G3,11,L17,100
G21,11,L17,100
E21,11,L18,100
O17,11,L18,100
E16,11,L19,100
G9,11,L19,100
H11,11,L20,100
F23,11,L20,100
M21,11,L21,100
E2,11,L21,100
O17,11,L22,100
E2,11,L22,100
E10,11,L23,100
G2,11,L23,100
J5,11,M2,100
G3,11,M2,100
C22,11,M3,100
M11,11,M3,100
G13,11,M4,100
G2,11,M4,100
C20,11,M5,100
F7,11,M5,100
G12,11,M6,100
A2,11,M6,100
I9,11,M7,100
O19,11,M7,100
G22,11,M8,100
H19,11,M8,100
I3,11,M9,100
M21,11,M9,100
G20,11,M10,100
F5,11,M10,100
G13,11,M11,100
C24,11,M11,100
E5,11,M12,100
H23,11,M12,100
G21,11,M13,100
E8,11,M13,100
O3,11,M14,100
A12,11,M14,100
G4,11,M15,100
E10,11,M15,100
P15,11,M16,100
G8,11,M16,100
E13,11,M17,100
C24,11,M17,100
H19,11,M18,100
P15,11,M18,100
F23,11,M19,100
E14,11,M19,100
E21,11,M20,100
M13,11,M20,100
E22,11,M21,100
E5,11,M21,100
O9,11,M22,100
G19,11,M22,100
A12,11,M23,100
F19,11,M23,100
M11,11,N2,100
E14,11,N2,100
P11,11,N3,100
A15,11,N3,100
J5,11,N4,100
H23,11,N4,100
H15,11,N5,100
E4,11,N5,100
J9,11,N6,100
I11,11,N6,100
P19,11,N7,100
E7,11,N7,100
M11,11,N8,100
G7,11,N8,100
M19,11,N9,100
G2,11,N9,100
J9,11,N10,100
E4,11,N10,100
G3,11,N11,100
E7,11,N11,100
O19,11,N12,100
A11,11,N12,100
O15,11,N13,100
E14,11,N13,100
G15,11,N14,100
M21,11,N14,100
C20,11,N15,100
C24,11,N15,100
G6,11,N16,100
E22,11,N16,100
H11,11,N17,100
O11,11,N17,100
E15,11,N18,100
G8,11,N18,100
E7,11,N19,100
G2,11,N19,100
D23,11,N20,100
F19,11,N20,100
E10,11,N21,100
J13,11,N21,100
G17,11,N22,100
H23,11,N22,100
O7,11,N23,100
M11,11,N23,100
I9,11,O2,100
A11,11,O2,100
J1,11,O3,100
E9,11,O3,100
F5,11,O4,100
O15,11,O4,100
A21,11,O5,100
D23,11,O5,100
A6,11,O6,100
E22,11,O6,100
E15,11,O7,100
M21,11,O7,100
F5,11,O8,100
E12,11,O8,100
P19,11,O9,100
A2,11,O9,100
F23,11,O10,100
G1,11,O10,100
E5,11,O11,100
A10,11,O11,100
A15,11,O12,100
E24,11,O12,100
E16,11,O13,100
I11,11,O13,100
H11,11,O14,100
G17,11,O14,100
F17,11,O15,100
G1,11,O15,100
A12,11,O16,100
G21,11,O16,100
P15,11,O17,100
J3,11,O17,100
A12,11,O18,100
C20,11,O18,100
M19,11,O19,100
F19,11,O19,100
F13,11,O20,100
E6,11,O20,100
F23,11,O21,100
P17,11,O21,100
E7,11,O22,100
I9,11,O22,100
A1,11,O23,100
G3,11,O23,100
F5,12,B2,100
E20,12,B2,100
E15,12,B3,100
O11,12,B3,100
H11,12,B4,100
G17,12,B4,100
A12,12,B5,100
A14,12,B5,100
O7,12,B6,100
O11,12,B6,100
E22,12,B7,100
M21,12,B7,100
G4,12,B8,100
J9,12,B8,100
E22,12,B9,100
M9,12,B9,100
O15,12,B10,100
G19,12,B10,100
E18,12,B11,100
F15,12,B11,100
H11,12,B12,100
F5,12,B12,100
E15,12,B13,100
G19,12,B13,100
E6,12,B14,100
E14,12,B14,100
G6,12,B15,100
M9,12,B15,100
G18,12,B16,100
F15,12,B16,100
A21,12,B17,100
I9,12,B17,100
M13,12,B18,100
E9,12,B18,100
A1,12,B19,100
G6,12,B19,100
G17,12,B20,100
I9,12,B20,100
E21,12,B21,100
E2,12,B21,100
O15,12,B22,100
E5,12,B22,100
A15,12,B23,100
G2,12,B23,100
G18,12,C2,100
M13,12,C2,100
M19,12,C3,100
H19,12,C3,100
E5,12,C4,100
E12,12,C4,100
G12,12,C5,100
I9,12,C5,100
H15,12,C6,100
G19,12,C6,100
H15,12,C7,100
G6,12,C7,100
P17,12,C8,100
G8,12,C8,100
G22,12,C9,100
I9,12,C9,100
O13,12,C10,100
M9,12,C10,100
C22,12,C11,100
O17,12,C11,100
M9,12,C12,100
A11,12,C12,100
C20,12,C13,100
C24,12,C13,100
O13,12,C14,100
A15,12,C14,100
G5,12,C15,100
C24,12,C15,100
G6,12,C16,100
G3,12,C16,100
M13,12,C17,100
P21,12,C17,100
J5,12,C18,100
H19,12,C18,100
P19,12,C19,100
G17,12,C19,100
E10,12,C20,100
G21,12,C20,100
M17,12,C21,100
A12,12,C21,100
G5,12,C22,100
E4,12,C22,100
A21,12,C23,100
E7,12,C23,100
C20,12,D2,100
E2,12,D2,100
A15,12,D3,100
G1,12,D3,100
P19,12,D4,100
I11,12,D4,100
G4,12,D5,100
G17,12,D5,100
O7,12,D6,100
E12,12,D6,100
P19,12,D7,100
G12,12,D7,100
I9,12,D8,100
G11,12,D8,100
E15,12,D9,100
I11,12,D9,100
G4,12,D10,100
G21,12,D10,100
O17,12,D11,100
E4,12,D11,100
H11,12,D12,100
H23,12,D12,100
J5,12,D13,100
I9,12,D13,100
G22,12,D14,100
F7,12,D14,100
M9,12,D15,100
E4,12,D15,100
O13,12,D16,100
A8,12,D16,100
G6,12,D17,100
F13,12,D17,100
A6,12,D18,100
M9,12,D18,100
E16,12,D19,100
J5,12,D19,100
P19,12,D20,100
E15,12,D20,100
G15,12,D21,100
E21,12,D21,100
G18,12,D22,100
G12,12,D22,100
H17,12,D23,100
I11,12,D23,100
E16,12,E2,100
E12,12,E2,100
G6,12,E3,100
G11,12,E3,100
O15,12,E4,100
E5,12,E4,100
G18,12,E5,100
P17,12,E5,100
M21,12,E6,100
H19,12,E6,100
G13,12,E7,100
A12,12,E7,100
F19,12,E8,100
A15,12,E8,100
H15,12,E9,100
O13,12,E9,100
O11,12,E10,100
G2,12,E10,100
E15,12,E11,100
H17,12,E11,100
C20,12,E12,100
P17,12,E12,100
G22,12,E13,100
C14,12,E13,100
J1,12,E14,100
M13,12,E14,100
F15,12,E15,100
E7,12,E15,100
F17,12,E16,100
P21,12,E16,100
P19,12,E17,100
G8,12,E17,100
A14,12,E18,100
F15,12,E18,100
G12,12,E19,100
E8,12,E19,100
A1,12,E20,100
E24,12,E20,100
G6,12,E21,100
G3,12,E21,100
O17,12,E22,100
P15,12,E22,100
M17,12,E23,100
F19,12,E23,100
O7,12,F2,100
E4,12,F2,100
E18,12,F3,100
E12,12,F3,100
E20,12,F4,100
P21,12,F4,100
F19,12,F5,100
F15,12,F5,100
G5,12,F6,100
E10,12,F6,100
G20,12,F7,100
E4,12,F7,100
C22,12,F8,100
F19,12,F8,100
G15,12,F9,100
F5,12,F9,100
A21,12,F10,100
G7,12,F10,100
G13,12,F11,100
G17,12,F11,100
E13,12,F12,100
E7,12,F12,100
A2,12,F13,100
E4,12,F13,100
E15,12,F14,100
O13,12,F14,100
O7,12,F15,100
H19,12,F15,100
F5,12,F16,100
A15,12,F16,100
P19,12,F17,100
E9,12,F17,100
C22,12,F18,100
G2,12,F18,100
F23,12,F19,100
O21,12,F19,100
G21,12,F20,100
E4,12,F20,100
A6,12,F21,100
O19,12,F21,100
A1,12,F22,100
F7,12,F22,100
E20,12,F23,100
I11,12,F23,100
G15,12,G2,100
P17,12,G2,100
G12,12,G3,100
M11,12,G3,100
M19,12,G4,100
F15,12,G4,100
O9,12,G5,100
G11,12,G5,100
A8,12,G6,100
G2,12,G6,100
E22,12,G7,100
O13,12,G7,100
E22,12,G8,100
H19,12,G8,100
O13,12,G9,100
G21,12,G9,100
A15,12,G10,100
E5,12,G10,100
A15,12,G11,100
C24,12,G11,100
P19,12,G12,100
C22,12,G12,100
P17,12,G13,100
G8,12,G13,100
O9,12,G14,100
G9,12,G14,100
M17,12,G15,100
G13,12,G15,100
J5,12,G16,100
F17,12,G16,100
M11,12,G17,100
I9,12,G17,100
M19,12,G18,100
M9,12,G18,100
G5,12,G19,100
H23,12,G19,100
A21,12,G20,100
F23,12,G20,100
J9,12,G21,100
G1,12,G21,100
C22,12,G22,100
G1,12,G22,100
G13,12,G23,100
J9,12,G23,100
E18,12,H2,100
I9,12,H2,100
F5,12,H3,100
G11,12,H3,100
J1,12,H4,100
F19,12,H4,100
C20,12,H5,100
O17,12,H5,100
A15,12,H6,100
A8,12,H6,100
G5,12,H7,100
P15,12,H7,100
E16,12,H8,100
E5,12,H8,100
E9,12,H9,100
E24,12,H9,100
M19,12,H10,100
H23,12,H10,100
J1,12,H11,100
G7,12,H11,100
A1,12,H12,100
A6,12,H12,100
H15,12,H13,100
H23,12,H13,100
G2,12,H14,100
E14,12,H14,100
F5,12,H15,100
M9,12,H15,100
F13,12,H16,100
E14,12,H16,100
F13,12,H17,100
E7,12,H17,100
O17,12,H18,100
G22,12,H18,100
A14,12,H19,100
G12,12,H19,100
H11,12,H20,100
P17,12,H20,100
D23,12,H21,100
A11,12,H21,100
P19,12,H22,100
E6,12,H22,100
G3,12,H23,100
O15,12,H23,100
I3,12,I2,100
G19,12,I2,100
I9,12,I3,100
C14,12,I3,100
G7,12,I4,100
G19,12,I4,100
F19,12,I5,100
O17,12,I5,100
P11,12,I6,100
H23,12,I6,100
G4,12,I7,100
M19,12,I7,100
E18,12,I8,100
C22,12,I8,100
O11,12,I9,100
E8,12,I9,100
O15,12,I10,100
G9,12,I10,100
J5,12,I11,100
E4,12,I11,100
F19,12,I12,100
P17,12,I12,100
A6,12,I13,100
O17,12,I13,100
E16,12,I14,100
M13,12,I14,100
C24,12,I15,100
O21,12,I15,100
M17,12,I16,100
E13,12,I16,100
J5,12,I17,100
C24,12,I17,100
J1,12,I18,100
E5,12,I18,100
E20,12,I19,100
C14,12,I19,100
O11,12,I20,100
G9,12,I20,100
P11,12,I21,100
F13,12,I21,100
E13,12,I22,100
J9,12,I22,100
O17,12,I23,100
A8,12,I23,100
G2,12,J2,100
P15,12,J2,100
E18,12,J3,100
E9,12,J3,100
O11,12,J4,100
C14,12,J4,100
O3,12,J5,100
E4,12,J5,100
G18,12,J6,100
E14,12,J6,100
O21,12,J7,100
G11,12,J7,100
D23,12,J8,100
M21,12,J8,100
E20,12,J9,100
E2,12,J9,100
G18,12,J10,100
G9,12,J10,100
H15,12,J11,100
E16,12,J11,100
P19,12,J12,100
C24,12,J12,100
D23,12,J13,100
E12,12,J13,100
G6,12,J14,100
P17,12,J14,100
A2,12,J15,100
I9,12,J15,100
P19,12,J16,100
C22,12,J16,100
G6,12,J17,100
E14,12,J17,100
M9,12,J18,100
A15,12,J18,100
J13,12,J19,100
M21,12,J19,100
M11,12,J20,100
G21,12,J20,100
G17,12,J21,100
O19,12,J21,100
O13,12,J22,100
G2,12,J22,100
E22,12,J23,100
G11,12,J23,100
G5,12,K2,100
G20,12,K2,100
P11,12,K3,100
G7,12,K3,100
E18,12,K4,100
I11,12,K4,100
P19,12,K5,100
G3,12,K5,100
F15,12,K6,100
G2,12,K6,100
E15,12,K7,100
P17,12,K7,100
G22,12,K8,100
I11,12,K8,100
C22,12,K9,100
H23,12,K9,100
I3,12,K10,100
E6,12,K10,100
A21,12,K11,100
G3,12,K11,100
J9,12,K12,100
O19,12,K12,100
E21,12,K13,100
I11,12,K13,100
G3,12,K14,100
H19,12,K14,100
P11,12,K15,100
E12,12,K15,100
F23,12,K16,100
E20,12,K16,100
G7,12,K17,100
E24,12,K17,100
E7,12,K18,100
A11,12,K18,100
A21,12,K19,100
E20,12,K19,100
H11,12,K20,100
H15,12,K20,100
G2,12,K21,100
P15,12,K21,100
C22,12,K22,100
A6,12,K22,100
A12,12,K23,100
G2,12,K23,100
P21,12,L2,100
E14,12,L2,100
G3,12,L3,100
O19,12,L3,100
O9,12,L4,100
G2,12,L4,100
O17,12,L5,100
J13,12,L5,100
E13,12,L6,100
E15,12,L6,100
H15,12,L7,100
P21,12,L7,100
G3,12,L8,100
H19,12,L8,100
G5,12,L9,100
A15,12,L9,100
E6,12,L10,100
A15,12,L10,100
A2,12,L11,100
G19,12,L11,100
E5,12,L12,100
G11,12,L12,100
E7,12,L13,100
E2,12,L13,100
H11,12,L14,100
G18,12,L14,100
A14,12,L15,100
E9,12,L15,100
M19,12,L16,100
C20,12,L16,100
H15,12,L17,100
H17,12,L17,100
G22,12,L18,100
A15,12,L18,100
G18,12,L19,100
E8,12,L19,100
M11,12,L20,100
O15,12,L20,100
G15,12,L21,100
H19,12,L21,100
E16,12,L22,100
F19,12,L22,100
C24,12,L23,100
O21,12,L23,100
E21,12,M2,100
P17,12,M2,100
A1,12,M3,100
E7,12,M3,100
A8,12,M4,100
E5,12,M4,100
M19,12,M5,100
C24,12,M5,100
O3,12,M6,100
H17,12,M6,100
E21,12,M7,100
E22,12,M7,100
F17,12,M8,100
P17,12,M8,100
F15,12,M9,100
G9,12,M9,100
I3,12,M10,100
M21,12,M10,100
O17,12,M11,100
A11,12,M11,100
O3,12,M12,100
G22,12,M12,100
G12,12,M13,100
E24,12,M13,100
G20,12,M14,100
P21,12,M14,100
D23,12,M15,100
J13,12,M15,100
O3,12,M16,100
O9,12,M16,100
G11,12,M17,100
E14,12,M17,100
I11,12,M18,100
E5,12,M18,100
O11,12,M19,100
C24,12,M19,100
G6,12,M20,100
P15,12,M20,100
M17,12,M21,100
G7,12,M21,100
E10,12,M22,100
A11,12,M22,100
G18,12,M23,100
H19,12,M23,100
D23,12,N2,100
G12,12,N2,100
H11,12,N3,100
G12,12,N3,100
M11,12,N4,100
O21,12,N4,100
H11,12,N5,100
G9,12,N5,100
G17,12,N6,100
G12,12,N6,100
E7,12,N7,100
A15,12,N7,100
A14,12,N8,100
F13,12,N8,100
G21,12,N9,100
G11,12,N9,100
D23,12,N10,100
E24,12,N10,100
F13,12,N11,100
M19,12,N11,100
E18,12,N12,100
O15,12,N12,100
E7,12,N13,100
G11,12,N13,100
J1,12,N14,100
H23,12,N14,100
A21,12,N15,100
F17,12,N15,100
G13,12,N16,100
E8,12,N16,100
E15,12,N17,100
G9,12,N17,100
E15,12,N18,100
M11,12,N18,100
A2,12,N19,100
M21,12,N19,100
H19,12,N20,100
H23,12,N20,100
A2,12,N21,100
G2,12,N21,100
H11,12,N22,100
G3,12,N22,100
A14,12,N23,100
G6,12,N23,100
O3,12,O2,100
F7,12,O2,100
A14,12,O3,100
G3,12,O3,100
F13,12,O4,100
J13,12,O4,100
A6,12,O5,100
F19,12,O5,100
E13,12,O6,100
A11,12,O6,100
G18,12,O7,100
O13,12,O7,100
O11,12,O8,100
E6,12,O8,100
A8,12,O9,100
E5,12,O9,100
E13,12,O10,100
E4,12,O10,100
M17,12,O11,100
G21,12,O11,100
P17,12,O12,100
H23,12,O12,100
M13,12,O13,100
F7,12,O13,100
J13,12,O14,100
H19,12,O14,100
G5,12,O15,100
G1,12,O15,100
M13,12,O16,100
G1,12,O16,100
M13,12,O17,100
E20,12,O17,100
D23,12,O18,100
P21,12,O18,100
G15,12,O19,100
O21,12,O19,100
M21,12,O20,100
A8,12,O20,100
G2,12,O21,100
G19,12,O21,100
E9,12,O22,100
I11,12,O22,100
E15,12,O23,100
I11,12,O23,100
G5,13,B2,100
A14,13,B2,100
E9,13,B3,100
E8,13,B3,100
G22,13,B4,100
M13,13,B4,100
G13,13,B5,100
G20,13,B5,100
G22,13,B6,100
E9,13,B6,100
G12,13,B7,100
F17,13,B7,100
E2,13,B8,100
G14,13,B8,100
G22,13,B9,100
G7,13,B9,100
G4,13,B10,100
O11,13,B10,100
E21,13,B11,100
G5,13,B11,100
E10,13,B12,100
E9,13,B12,100
M11,13,B13,100
E2,13,B13,100
F15,13,B14,100
P15,13,B14,100
E10,13,B15,100
H19,13,B15,100
J5,13,B16,100
E2,13,B16,100
A2,13,B17,100
O11,13,B17,100
A14,13,B18,100
F15,13,B18,100
F23,13,B19,100
P21,13,B19,100
O17,13,B20,100
J3,13,B20,100
G15,13,B21,100
O17,13,B21,100
G12,13,B22,100
P15,13,B22,100
A12,13,B23,100
F17,13,B23,100
G12,13,C2,100
G19,13,C2,100
E13,13,C3,100
G20,13,C3,100
G7,13,C4,100
J13,13,C4,100
C20,13,C5,100
C14,13,C5,100
G5,13,C6,100
G8,13,C6,100
F15,13,C7,100
I9,13,C7,100
G15,13,C8,100
J5,13,C8,100
D23,13,C9,100
P17,13,C9,100
O3,13,C10,100
J9,13,C10,100
M17,13,C11,100
O11,13,C11,100
D23,13,C12,100
E8,13,C12,100
G6,13,C13,100
A8,13,C13,100
F19,13,C14,100
G19,13,C14,100
O13,13,C15,100
O15,13,C15,100
F7,13,C16,100
G19,13,C16,100
G15,13,C17,100
O21,13,C17,100
I9,13,C18,100
O21,13,C18,100
H17,13,C19,100
H23,13,C19,100
G17,13,C20,100
M21,13,C20,100
H15,13,C21,100
F5,13,C21,100
E20,13,C22,100
O21,13,C22,100
G5,13,C23,100
O17,13,C23,100
F15,13,D2,100
E9,13,D2,100
A15,13,D3,100
G8,13,D3,100
G7,13,D4,100
G2,13,D4,100
M21,13,D5,100
E20,13,D5,100
H15,13,D6,100
A14,13,D6,100
G17,13,D7,100
P17,13,D7,100
G5,13,D8,100
A8,13,D8,100
G7,13,D9,100
O15,13,D9,100
G21,13,D10,100
G2,13,D10,100
O3,13,D11,100
E20,13,D11,100
G5,13,D12,100
E24,13,D12,100
G17,13,D13,100
E2,13,D13,100
A12,13,D14,100
O21,13,D14,100
G20,13,D15,100
F23,13,D15,100
D23,13,D16,100
E10,13,D16,100
G21,13,D17,100
H23,13,D17,100
I9,13,D18,100
G2,13,D18,100
E22,13,D19,100
P17,13,D19,100
G13,13,D20,100
M19,13,D20,100
G22,13,D21,100
H23,13,D21,100
M9,13,D22,100
O15,13,D22,100
C20,13,D23,100
M9,13,D23,100
G4,13,E2,100
F15,13,E2,100
C20,13,E3,100
G8,13,E3,100
M11,13,E4,100
G22,13,E4,100
G19,13,E5,100
O21,13,E5,100
G18,13,E6,100
O11,13,E6,100
G12,13,E7,100
E14,13,E7,100
P11,13,E8,100
E24,13,E8,100
G12,13,E9,100
G7,13,E9,100
G13,13,E10,100
A6,13,E10,100
M9,13,E11,100
H19,13,E11,100
A14,13,E12,100
E22,13,E12,100
O17,13,E13,100
G21,13,E13,100
E21,13,E14,100
F17,13,E14,100
H17,13,E15,100
G2,13,E15,100
A1,13,E16,100
F13,13,E16,100
O3,13,E17,100
E14,13,E17,100
I3,13,E18,100
I9,13,E18,100
A14,13,E19,100
M13,13,E19,100
E15,13,E20,100
G2,13,E20,100
P19,13,E21,100
G4,13,E21,100
E21,13,E22,100
G19,13,E22,100
G15,13,E23,100
O7,13,E23,100
H15,13,F2,100
I9,13,F2,100
G19,13,F3,100
E14,13,F3,100
G8,13,F4,100
E14,13,F4,100
A21,13,F5,100
M11,13,F5,100
J5,13,F6,100
G11,13,F6,100
M11,13,F7,100
J13,13,F7,100
A2,13,F8,100
O21,13,F8,100
G12,13,F9,100
E9,13,F9,100
F13,13,F10,100
O9,13,F10,100
I9,13,F11,100
H17,13,F11,100
H15,13,F12,100
O21,13,F12,100
A6,13,F13,100
G21,13,F13,100
O9,13,F14,100
P21,13,F14,100
F13,13,F15,100
E14,13,F15,100
O7,13,F16,100
E9,13,F16,100
M21,13,F17,100
C24,13,F17,100
G18,13,F18,100
M21,13,F18,100
M19,13,F19,100
E10,13,F19,100
A21,13,F20,100
E10,13,F20,100
G2,13,F21,100
E2,13,F21,100
O7,13,F22,100
F17,13,F22,100
E16,13,F23,100
E4,13,F23,100
G3,13,G2,100
J13,13,G2,100
O15,13,G3,100
C14,13,G3,100
P11,13,G4,100
I9,13,G4,100
G20,13,G5,100
P15,13,G5,100
A6,13,G6,100
E5,13,G6,100
M9,13,G7,100
G19,13,G7,100
D23,13,G8,100
C14,13,G8,100
A14,13,G9,100
P21,13,G9,100
A1,13,G10,100
E15,13,G10,100
I9,13,G11,100
G11,13,G11,100
C24,13,G12,100
P21,13,G12,100
G9,13,G13,100
H19,13,G13,100
H15,13,G14,100
C22,13,G14,100
E18,13,G15,100
A2,13,G15,100
G8,13,G16,100
E2,13,G16,100
A2,13,G17,100
E9,13,G17,100
G22,13,G18,100
H17,13,G18,100
O15,13,G19,100
A8,13,G19,100
A1,13,G20,100
E13,13,G20,100
E15,13,G21,100
M21,13,G21,100
O17,13,G22,100
E14,13,G22,100
F13,13,G23,100
G3,13,G23,100
F19,13,H2,100
E9,13,H2,100
E13,13,H3,100
G6,13,H3,100
M17,13,H4,100
E7,13,H4,100
E21,13,H5,100
I11,13,H5,100
O9,13,H6,100
E2,13,H6,100
G5,13,H7,100
G9,13,H7,100
G13,13,H8,100
M9,13,H8,100
M9,13,H9,100
G2,13,H9,100
O11,13,H10,100
H23,13,H10,100
A1,13,H11,100
E20,13,H11,100
E16,13,H12,100
A8,13,H12,100
A6,13,H13,100
F15,13,H13,100
O3,13,H14,100
E16,13,H14,100
P19,13,H15,100
F13,13,H15,100
O17,13,H16,100
G2,13,H16,100
O3,13,H17,100
G21,13,H17,100
J5,13,H18,100
A2,13,H18,100
E10,13,H19,100
E12,13,H19,100
G12,13,H20,100
E6,13,H20,100
C20,13,H21,100
P21,13,H21,100
M17,13,H22,100
A14,13,H22,100
F5,13,H23,100
A11,13,H23,100
E15,13,I2,100
A11,13,I2,100
F23,13,I3,100
G1,13,I3,100
M11,13,I4,100
E4,13,I4,100
E15,13,I5,100
G11,13,I5,100
G8,13,I6,100
G1,13,I6,100
G3,13,I7,100
E2,13,I7,100
G17,13,I8,100
O7,13,I8,100
P21,13,I9,100
G8,13,I9,100
G15,13,I10,100
G8,13,I10,100
A6,13,I11,100
M11,13,I11,100
E13,13,I12,100
P17,13,I12,100
F17,13,I13,100
G21,13,I13,100
H15,13,I14,100
G1,13,I14,100
J5,13,I15,100
H7,13,I15,100
G7,13,I16,100
A8,13,I16,100
O13,13,I17,100
P15,13,I17,100
M21,13,I18,100
C24,13,I18,100
C24,13,I19,100
E5,13,I19,100
H15,13,I20,100
P11,13,I20,100
G13,13,I21,100
C14,13,I21,100
G5,13,I22,100
P21,13,I22,100
G21,13,I23,100
P15,13,I23,100
C20,13,J2,100
G21,13,J2,100
J9,13,J3,100
E9,13,J3,100
J1,13,J4,100
G12,13,J4,100
E7,13,J5,100
A15,13,J5,100
M17,13,J6,100
P17,13,J6,100
E7,13,J7,100
M13,13,J7,100
G7,13,J8,100
G11,13,J8,100
D23,13,J9,100
G3,13,J9,100
G15,13,J10,100
G4,13,J10,100
A21,13,J11,100
G20,13,J11,100
G17,13,J12,100
M9,13,J12,100
A12,13,J13,100
A14,13,J13,100
A6,13,J14,100
G21,13,J14,100
C22,13,J15,100
G21,13,J15,100
A21,13,J16,100
M9,13,J16,100
F17,13,J17,100
C20,13,J17,100
G18,13,J18,100
G3,13,J18,100
F17,13,J19,100
O19,13,J19,100
C20,13,J20,100
O21,13,J20,100
A21,13,J21,100
C20,13,J21,100
E10,13,J22,100
H17,13,J22,100
I3,13,J23,100
G2,13,J23,100
E13,13,K2,100
J13,13,K2,100
A2,13,K3,100
A8,13,K3,100
G13,13,K4,100
P15,13,K4,100
E21,13,K5,100
E7,13,K5,100
A1,13,K6,100
A12,13,K6,100
F17,13,K7,100
G8,13,K7,100
A2,13,K8,100
I11,13,K8,100
G6,13,K9,100
F5,13,K9,100
E18,13,K10,100
G13,13,K10,100
H15,13,K11,100
E10,13,K11,100
G15,13,K12,100
P21,13,K12,100
G5,13,K13,100
F13,13,K13,100
F5,13,K14,100
I11,13,K14,100
J1,13,K15,100
J13,13,K15,100
E13,13,K16,100
M21,13,K16,100
G3,13,K17,100
J13,13,K17,100
F17,13,K18,100
G11,13,K18,100
E18,13,K19,100
M9,13,K19,100
F23,13,K20,100
F7,13,K20,100
E22,13,K21,100
H19,13,K21,100
D23,13,K22,100
A8,13,K22,100
G13,13,K23,100
F15,13,K23,100
A12,13,L2,100
J13,13,L2,100
F17,13,L3,100
O17,13,L3,100
G4,13,L4,100
J13,13,L4,100
I3,13,L5,100
F7,13,L5,100
G13,13,L6,100
I11,13,L6,100
A21,13,L7,100
E21,13,L7,100
G18,13,L8,100
I3,13,L8,100
A21,13,L9,100
G22,13,L9,100
O17,13,L10,100
F7,13,L10,100
I9,13,L11,100
G21,13,L11,100
J5,13,L12,100
E10,13,L12,100
E15,13,L13,100
G22,13,L13,100
O15,13,L14,100
E24,13,L14,100
G20,13,L15,100
C24,13,L15,100
G3,13,L16,100
C24,13,L16,100
E7,13,L17,100
M21,13,L17,100
P19,13,L18,100
G18,13,L18,100
G4,13,L19,100
A14,13,L19,100
P11,13,L20,100
P15,13,L20,100
E13,13,L21,100
F21,13,L21,100
C20,13,L22,100
H19,13,L22,100
G5,13,L23,100
F15,13,L23,100
I3,13,M2,100
H23,13,M2,100
E8,13,M3,100
H23,13,M3,100
G17,13,M4,100
C24,13,M4,100
E21,13,M5,100
F13,13,M5,100
J1,13,M6,100
P15,13,M6,100
M21,13,M7,100
E5,13,M7,100
G17,13,M8,100
J1,13,M8,100
J9,13,M9,100
A15,13,M9,100
G22,13,M10,100
J11,13,M10,100
A1,13,M11,100
M19,13,M11,100
G6,13,M12,100
G23,13,M12,100
D23,13,M13,100
G6,13,M13,100
M11,13,M14,100
O17,13,M14,100
J1,13,M15,100
F23,13,M15,100
O19,13,M16,100
G11,13,M16,100
F15,13,M17,100
E8,13,M17,100
E13,13,M18,100
A8,13,M18,100
A2,13,M19,100
E24,13,M19,100
F17,13,M20,100
G10,13,M20,100
G17,13,M21,100
A8,13,M21,100
A14,13,M22,100
E8,13,M22,100
O13,13,M23,100
E6,13,M23,100
P19,13,N2,100
G20,13,N2,100
G12,13,N3,100
O11,13,N3,100
G7,13,N4,100
G8,13,N4,100
G4,13,N5,100
G5,13,N5,100
O7,13,N6,100
C14,13,N6,100
I9,13,N7,100
F7,13,N7,100
F19,13,N8,100
A11,13,N8,100
E21,13,N9,100
G2,13,N9,100
F23,13,N10,100
E2,13,N10,100
A2,13,N11,100
F19,13,N11,100
C20,13,N12,100
O9,13,N12,100
A21,13,N13,100
P19,13,N13,100
G22,13,N14,100
E9,13,N14,100
A12,13,N15,100
E8,13,N15,100
E16,13,N16,100
I3,13,N16,100
G13,13,N17,100
F17,13,N17,100
E22,13,N18,100
I9,13,N18,100
H15,13,N19,100
E24,13,N19,100
O21,13,N20,100
E2,13,N20,100
F17,13,N21,100
E12,13,N21,100
O9,13,N22,100
E4,13,N22,100
J1,13,N23,100
E9,13,N23,100
G6,13,O2,100
F7,13,O2,100
A21,13,O3,100
G1,13,O3,100
O7,13,O4,100
O19,13,O4,100
J1,13,O5,100
G8,13,O5,100
G9,13,O6,100
E8,13,O6,100
J1,13,O7,100
I11,13,O7,100
C22,13,O8,100
A8,13,O8,100
C14,13,O9,100
O21,13,O9,100
E18,13,O10,100
J5,13,O10,100
F19,13,O11,100
G1,13,O11,100
H19,13,O12,100
C14,13,O12,100
E10,13,O13,100
E4,13,O13,100
O7,13,O14,100
I11,13,O14,100
G7,13,O15,100
I11,13,O15,100
G6,13,O16,100
M11,13,O16,100
G3,13,O17,100
C14,13,O17,100
A21,13,O18,100
P11,13,O18,100
P19,13,O19,100
C20,13,O19,100
A2,13,O20,100
F7,13,O20,100
H15,13,O21,100
M9,13,O21,100
G15,13,O22,100
I11,13,O22,100
O11,13,O23,100
O21,13,O23,100
J9,14,B2,100
E4,14,B2,100
E22,14,B3,100
G2,14,B3,100
A2,14,B4,100
E24,14,B4,100
A1,14,B5,100
H17,14,B5,100
G18,14,B6,100
A8,14,B6,100
E22,14,B7,100
E4,14,B7,100
E7,14,B8,100
G1,14,B8,100
E13,14,B9,100
H23,14,B9,100
O9,14,B10,100
E4,14,B10,100
A21,14,B11,100
P11,14,B11,100
P19,14,B12,100
G22,14,B12,100
D23,14,B13,100
C24,14,B13,100
A1,14,B14,100
A8,14,B14,100
G7,14,B15,100
C24,14,B15,100
A14,14,B16,100
E7,14,B16,100
F19,14,B17,100
E7,14,B17,100
G4,14,B18,100
E4,14,B18,100
E22,14,B19,100
E10,14,B19,100
G12,14,B20,100
O17,14,B20,100
G4,14,B21,100
O7,14,B21,100
F23,14,B22,100
A2,14,B22,100
E10,14,B23,100
G9,14,B23,100
G2,14,C2,100
E2,14,C2,100
G6,14,C3,100
I9,14,C3,100
G12,14,C4,100
O21,14,C4,100
G20,14,C5,100
C14,14,C5,100
G13,14,C6,100
E9,14,C6,100
A6,14,C7,100
M13,14,C7,100
E22,14,C8,100
G21,14,C8,100
G13,14,C9,100
E13,14,C9,100
A6,14,C10,100
J13,14,C10,100
E9,14,C11,100
E8,14,C11,100
J1,14,C12,100
G7,14,C12,100
E16,14,C13,100
P21,14,C13,100
J1,14,C14,100
F17,14,C14,100
O3,14,C15,100
I9,14,C15,100
A6,14,C16,100
E2,14,C16,100
I3,14,C17,100
O15,14,C17,100
G3,14,C18,100
I3,14,C18,100
O9,14,C19,100
E14,14,C19,100
H23,14,C20,100
O19,14,C20,100
A6,14,C21,100
E24,14,C21,100
H11,14,C22,100
J9,14,C22,100
E18,14,C23,100
M11,14,C23,100
G6,14,D2,100
G2,14,D2,100
I11,14,D3,100
E24,14,D3,100
E13,14,D4,100
E7,14,D4,100
G5,14,D5,100
M19,14,D5,100
E21,14,D6,100
G19,14,D6,100
F15,14,D7,100
O19,14,D7,100
M17,14,D8,100
G3,14,D8,100
I11,14,D9,100
G19,14,D9,100
F5,14,D10,100
E8,14,D10,100
P17,14,D11,100
I11,14,D11,100
H17,14,D12,100
G2,14,D12,100
H11,14,D13,100
E2,14,D13,100
C20,14,D14,100
G1,14,D14,100
E18,14,D15,100
O13,14,D15,100
H11,14,D16,100
E6,14,D16,100
J5,14,D17,100
G7,14,D17,100
G22,14,D18,100
J13,14,D18,100
M13,14,D19,100
I11,14,D19,100
F7,14,D20,100
G19,14,D20,100
P19,14,D21,100
G1,14,D21,100
O13,14,D22,100
C24,14,D22,100
J13,14,D23,100
G2,14,D23,100
F7,14,E2,100
A11,14,E2,100
F19,14,E3,100
P15,14,E3,100
G20,14,E4,100
I11,14,E4,100
H15,14,E5,100
G21,14,E5,100
D23,14,E6,100
P11,14,E6,100
E16,14,E7,100
G17,14,E7,100
O9,14,E8,100
I11,14,E8,100
M11,14,E9,100
M21,14,E9,100
E18,14,E10,100
A6,14,E10,100
J5,14,E11,100
E15,14,E11,100
E18,14,E12,100
A11,14,E12,100
E10,14,E13,100
G22,14,E13,100
G20,14,E14,100
G18,14,E14,100
M19,14,E15,100
P15,14,E15,100
E18,14,E16,100
A12,14,E16,100
O13,14,E17,100
J9,14,E17,100
O3,14,E18,100
O21,14,E18,100
E15,14,E19,100
E24,14,E19,100
O3,14,E20,100
G7,14,E20,100
F7,14,E21,100
E14,14,E21,100
A14,14,E22,100
O9,14,E22,100
A21,14,E23,100
H15,14,E23,100
O9,14,F2,100
G7,14,F2,100
E16,14,F3,100
C24,14,F3,100
J9,14,F4,100
I9,14,F4,100
G13,14,F5,100
G12,14,F5,100
G4,14,F6,100
G19,14,F6,100
A6,14,F7,100
G8,14,F7,100
F23,14,F8,100
M19,14,F8,100
F5,14,F9,100
E7,14,F9,100
M17,14,F10,100
F17,14,F10,100
F17,14,F11,100
E20,14,F11,100
F23,14,F12,100
J9,14,F12,100
I9,14,F13,100
A15,14,F13,100
O3,14,F14,100
O11,14,F14,100
G15,14,F15,100
G19,14,F15,100
M21,14,F16,100
G1,14,F16,100
E13,14,F17,100
G6,14,F17,100
F15,14,F18,100
E5,14,F18,100
A21,14,F19,100
M13,14,F19,100
E7,14,F20,100
E24,14,F20,100
E7,14,F21,100
F7,14,F21,100
G3,14,F22,100
G23,14,F22,100
M13,14,F23,100
E4,14,F23,100
E8,14,G2,100
E2,14,G2,100
A8,14,G3,100
G9,14,G3,100
G4,14,G4,100
A11,14,G4,100
C24,14,G5,100
G19,14,G5,100
E4,14,G6,100
E14,14,G6,100
J5,14,G7,100
A11,14,G7,100
G15,14,G8,100
H19,14,G8,100
G6,14,G9,100
E5,14,G9,100
E10,14,G10,100
O17,14,G10,100
D23,14,G11,100
G12,14,G11,100
H17,14,G12,100
P17,14,G12,100
D23,14,G13,100
E2,14,G13,100
E12,14,G14,100
E14,14,G14,100
E21,14,G15,100
G9,14,G15,100
H11,14,G16,100
E9,14,G16,100
A15,14,G17,100
E8,14,G17,100
G20,14,G18,100
E8,14,G18,100
G6,14,G19,100
O21,14,G19,100
O3,14,G20,100
P15,14,G20,100
G2,14,G21,100
E20,14,G21,100
P11,14,G22,100
O9,14,G22,100
J5,14,G23,100
J9,14,G23,100
E18,14,H2,100
E10,14,H2,100
J1,14,H3,100
F7,14,H3,100
A2,14,H4,100
O13,14,H4,100
O7,14,H5,100
H19,14,H5,100
I9,14,H6,100
E2,14,H6,100
E20,14,H7,100
E8,14,H7,100
G19,14,H8,100
O19,14,H8,100
E22,14,H9,100
O19,14,H9,100
G18,14,H10,100
A15,14,H10,100
I3,14,H11,100
F19,14,H11,100
G6,14,H12,100
F15,14,H12,100
M17,14,H13,100
I3,14,H13,100
E10,14,H14,100
G19,14,H14,100
G18,14,H15,100
G2,14,H15,100
E15,14,H16,100
G19,14,H16,100
E7,14,H17,100
E4,14,H17,100
P15,14,H18,100
G19,14,H18,100
C22,14,H19,100
P15,14,H19,100
G5,14,H20,100
I9,14,H20,100
F17,14,H21,100
G2,14,H21,100
G15,14,H22,100
G22,14,H22,100
O21,14,H23,100
E14,14,H23,100
F19,14,I2,100
G2,14,I2,100
G6,14,I3,100
J5,14,I3,100
I11,14,I4,100
E2,14,I4,100
F15,14,I5,100
E20,14,I5,100
G17,14,I6,100
F15,14,I6,100
O13,14,I7,100
J9,14,I7,100
G7,14,I8,100
P21,14,I8,100
G4,14,I9,100
E20,14,I9,100
A6,14,I10,100
F23,14,I10,100
G20,14,I11,100
A11,14,I11,100
H15,14,I12,100
O17,14,I12,100
E7,14,I13,100
G9,14,I13,100
G5,14,I14,100
G17,14,I14,100
A14,14,I15,100
I3,14,I15,100
O3,14,I16,100
H15,14,I16,100
G21,14,I17,100
G8,14,I17,100
G20,14,I18,100
E8,14,I18,100
A21,14,I19,100
E21,14,I19,100
E13,14,I20,100
J13,14,I20,100
H23,14,I21,100
A11,14,I21,100
G3,14,I22,100
M13,14,I22,100
E18,14,I23,100
A10,14,I23,100
G21,14,J2,100
J13,14,J2,100
E6,14,J3,100
G2,14,J3,100
G19,14,J4,100
E12,14,J4,100
G13,14,J5,100
P11,14,J5,100
I9,14,J6,100
G1,14,J6,100
E20,14,J7,100
E24,14,J7,100
F17,14,J8,100
O19,14,J8,100
A6,14,J9,100
F5,14,J9,100
G20,14,J10,100
O21,14,J10,100
G18,14,J11,100
O19,14,J11,100
F15,14,J12,100
F7,14,J12,100
O17,14,J13,100
E5,14,J13,100
C24,14,J14,100
C14,14,J14,100
G20,14,J15,100
E14,14,J15,100
G13,14,J16,100
O11,14,J16,100
E15,14,J17,100
E22,14,J17,100
C22,14,J18,100
E20,14,J18,100
E21,14,J19,100
H23,14,J19,100
A14,14,J20,100
J3,14,J20,100
G21,14,J21,100
E24,14,J21,100
H15,14,J22,100
G13,14,J22,100
D23,14,J23,100
F13,14,J23,100
A8,14,K2,100
E12,14,K2,100
H11,14,K3,100
G20,14,K3,100
A1,14,K4,100
G10,14,K4,100
E21,14,K5,100
O11,14,K5,100
G4,14,K6,100
E16,14,K6,100
G13,14,K7,100
E6,14,K7,100
C20,14,K8,100
E4,14,K8,100
M17,14,K9,100
O11,14,K9,100
F15,14,K10,100
C20,14,K10,100
G15,14,K11,100
I3,14,K11,100
F7,14,K12,100
E8,14,K12,100
M19,14,K13,100
C20,14,K13,100
M17,14,K14,100
O13,14,K14,100
M9,14,K15,100
E5,14,K15,100
G20,14,K16,100
J1,14,K16,100
G15,14,K17,100
G21,14,K17,100
G2,14,K18,100
G19,14,K18,100
A1,14,K19,100
O9,14,K19,100
G6,14,K20,100
E6,14,K20,100
I9,14,K21,100
G19,14,K21,100
G6,14,K22,100
M13,14,K22,100
A21,14,K23,100
J5,14,K23,100
F5,14,L2,100
F15,14,L2,100
G13,14,L3,100
O17,14,L3,100
J5,14,L4,100
M21,14,L4,100
O17,14,L5,100
C24,14,L5,100
G6,14,L6,100
M11,14,L6,100
E4,14,L7,100
H7,14,L7,100
F19,14,L8,100
E24,14,L8,100
C14,14,L9,100
G1,14,L9,100
A21,14,L10,100
O7,14,L10,100
M13,14,L11,100
O21,14,L11,100
M13,14,L12,100
C14,14,L12,100
G6,14,L13,100
O7,14,L13,100
G9,14,L14,100
G19,14,L14,100
P21,14,L15,100
E14,14,L15,100
O7,14,L16,100
E8,14,L16,100
A1,14,L17,100
E5,14,L17,100
E21,14,L18,100
F5,14,L18,100
O13,14,L19,100
M13,14,L19,100
F7,14,L20,100
E5,14,L20,100
F23,14,L21,100
A11,14,L21,100
J1,14,L22,100
H23,14,L22,100
E15,14,L23,100
H7,14,L23,100
C20,14,M2,100
E9,14,M2,100
C22,14,M3,100
A11,14,M3,100
M17,14,M4,100
M9,14,M4,100
A15,14,M5,100
E12,14,M5,100
M11,14,M6,100
E24,14,M6,100
G7,14,M7,100
E2,14,M7,100
E5,14,M8,100
C14,14,M8,100
E4,14,M9,100
G11,14,M9,100
E9,14,M10,100
O19,14,M10,100
E22,14,M11,100
H23,14,M11,100
E7,14,M12,100
M13,14,M12,100
I3,14,M13,100
H17,14,M13,100
P19,14,M14,100
C14,14,M14,100
E13,14,M15,100
H19,14,M15,100
E7,14,M16,100
P21,14,M16,100
A8,14,M17,100
O19,14,M17,100
G13,14,M18,100
E8,14,M18,100
E15,14,M19,100
G2,14,M19,100
J1,14,M20,100
H19,14,M20,100
G20,14,M21,100
J5,14,M21,100
G13,14,M22,100
G3,14,M22,100
E21,14,M23,100
M9,14,M23,100
A1,14,N2,100
A15,14,N2,100
G13,14,N3,100
M11,14,N3,100
A6,14,N4,100
J1,14,N4,100
J9,14,N5,100
G9,14,N5,100
H17,14,N6,100
A10,14,N6,100
A15,14,N7,100
H23,14,N7,100
G5,14,N8,100
A11,14,N8,100
A12,14,N9,100
G20,14,N9,100
G12,14,N10,100
G11,14,N10,100
G13,14,N11,100
A2,14,N11,100
P19,14,N12,100
G15,14,N12,100
M19,14,N13,100
E5,14,N13,100
M17,14,N14,100
F23,14,N14,100
G15,14,N15,100
A14,14,N15,100
I9,14,N16,100
G9,14,N16,100
E13,14,N17,100
O21,14,N17,100
O7,14,N18,100
O15,14,N18,100
M17,14,N19,100
E2,14,N19,100
M19,14,N20,100
O9,14,N20,100
E20,14,N21,100
G19,14,N21,100
O7,14,N22,100
P17,14,N22,100
E13,14,N23,100
E10,14,N23,100
A12,14,O2,100
E9,14,O2,100
G13,14,O3,100
G22,14,O3,100
E16,14,O4,100
A15,14,O4,100
O17,14,O5,100
G11,14,O5,100
C22,14,O6,100
E13,14,O6,100
E4,14,O7,100
A11,14,O7,100
F17,14,O8,100
E7,14,O8,100
C24,14,O9,100
E5,14,O9,100
P11,14,O10,100
G17,14,O10,100
G4,14,O11,100
A8,14,O11,100
M17,14,O12,100
G8,14,O12,100
E18,14,O13,100
E14,14,O13,100
H11,14,O14,100
E8,14,O14,100
A14,14,O15,100
G11,14,O15,100
O7,14,O16,100
G1,14,O16,100
F19,14,O17,100
H17,14,O17,100
C22,14,O18,100
G19,14,O18,100
F23,14,O19,100
O19,14,O19,100
P11,14,O20,100
C24,14,O20,100
E7,14,O21,100
H23,14,O21,100
G21,14,O22,100
M13,14,O22,100
G20,14,O23,100
E20,14,O23,100
E13,15,B2,100
I11,15,B2,100
A6,15,B3,100
F13,15,B3,100
I3,15,B4,100
G8,15,B4,100
J5,15,B5,100
O7,15,B5,100
G12,15,B6,100
E8,15,B6,100
F5,15,B7,100
M21,15,B7,100
G4,15,B8,100
J1,15,B8,100
F13,15,B9,100
C14,15,B9,100
C22,15,B10,100
E9,15,B10,100
E10,15,B11,100
O21,15,B11,100
O19,15,B12,100
E2,15,B12,100
M21,15,B13,100
P21,15,B13,100
I3,15,B14,100
G1,15,B14,100
A2,15,B15,100
F17,15,B15,100
G22,15,B16,100
G1,15,B16,100
G12,15,B17,100
M13,15,B17,100
F19,15,B18,100
H19,15,B18,100
E15,15,B19,100
F13,15,B19,100
O3,15,B20,100
H17,15,B20,100
G13,15,B21,100
C24,15,B21,100
I3,15,B22,100
E10,15,B22,100
G3,15,B23,100
F19,15,B23,100
G17,15,C2,100
G18,15,C2,100
E10,15,C3,100
E6,15,C3,100
G13,15,C4,100
E14,15,C4,100
J1,15,C5,100
O19,15,C5,100
A8,15,C6,100
E24,15,C6,100
E10,15,C7,100
I9,15,C7,100
G20,15,C8,100
G1,15,C8,100
M13,15,C9,100
E12,15,C9,100
G20,15,C10,100
J9,15,C10,100
M11,15,C11,100
C24,15,C11,100
F13,15,C12,100
I3,15,C12,100
G15,15,C13,100
O11,15,C13,100
G21,15,C14,100
E20,15,C14,100
A1,15,C15,100
C14,15,C15,100
G18,15,C16,100
E15,15,C16,100
M21,15,C17,100
G11,15,C17,100
F15,15,C18,100
G22,15,C18,100
G4,15,C19,100
C14,15,C19,100
E18,15,C20,100
G19,15,C20,100
E18,15,C21,100
G18,15,C21,100
F17,15,C22,100
E4,15,C22,100
G5,15,C23,100
C14,15,C23,100
A12,15,D2,100
O19,15,D2,100
F15,15,D3,100
O21,15,D3,100
F15,15,D4,100
G19,15,D4,100
I9,15,D5,100
O9,15,D5,100
F17,15,D6,100
F15,15,D6,100
A11,15,D7,100
E14,15,D7,100
P11,15,D8,100
A11,15,D8,100
G17,15,D9,100
E6,15,D9,100
M19,15,D10,100
G7,15,D10,100
O7,15,D11,100
A2,15,D11,100
J9,15,D12,100
G11,15,D12,100
O21,15,D13,100
E12,15,D13,100
I9,15,D14,100
P21,15,D14,100
C24,15,D15,100
E12,15,D15,100
H15,15,D16,100
P17,15,D16,100
J1,15,D17,100
O7,15,D17,100
E15,15,D18,100
G1,15,D18,100
G20,15,D19,100
E9,15,D19,100
A12,15,D20,100
A15,15,D20,100
G6,15,D21,100
I9,15,D21,100
O13,15,D22,100
G2,15,D22,100
G3,15,D23,100
O11,15,D23,100
G17,15,E2,100
A14,15,E2,100
A14,15,E3,100
O21,15,E3,100
H19,15,E4,100
O19,15,E4,100
M17,15,E5,100
E10,15,E5,100
H17,15,E6,100
E5,15,E6,100
P19,15,E7,100
F13,15,E7,100
G15,15,E8,100
M19,15,E8,100
G15,15,E9,100
P21,15,E9,100
G17,15,E10,100
E8,15,E10,100
F19,15,E11,100
E20,15,E11,100
D23,15,E12,100
I9,15,E12,100
I9,15,E13,100
H19,15,E13,100
G5,15,E14,100
F7,15,E14,100
A21,15,E15,100
J9,15,E15,100
M19,15,E16,100
O15,15,E16,100
J5,15,E17,100
M11,15,E17,100
H11,15,E18,100
G5,15,E18,100
G13,15,E19,100
I11,15,E19,100
G17,15,E20,100
G6,15,E20,100
G18,15,E21,100
F5,15,E21,100
G7,15,E22,100
E14,15,E22,100
G20,15,E23,100
E15,15,E23,100
G6,15,F2,100
H23,15,F2,100
E22,15,F3,100
E20,15,F3,100
C22,15,F4,100
G18,15,F4,100
E7,15,F5,100
E24,15,F5,100
O11,15,F6,100
E4,15,F6,100
G7,15,F7,100
H19,15,F7,100
F23,15,F8,100
O9,15,F8,100
G18,15,F9,100
E15,15,F9,100
I3,15,F10,100
E14,15,F10,100
E18,15,F11,100
G1,15,F11,100
E24,15,F12,100
G8,15,F12,100
M21,15,F13,100
O19,15,F13,100
A21,15,F14,100
C24,15,F14,100
G18,15,F15,100
O9,15,F15,100
G7,15,F16,100
G14,15,F16,100
A21,15,F17,100
F19,15,F17,100
C22,15,F18,100
G8,15,F18,100
O9,15,F19,100
G21,15,F19,100
E9,15,F20,100
G8,15,F20,100
F23,15,F21,100
J9,15,F21,100
E15,15,F22,100
O15,15,F22,100
H11,15,F23,100
O17,15,F23,100
I11,15,G2,100
A11,15,G2,100
E10,15,G3,100
H19,15,G3,100
H11,15,G4,100
G6,15,G4,100
M17,15,G5,100
C14,15,G5,100
A21,15,G6,100
H23,15,G6,100
E21,15,G7,100
A2,15,G7,100
G17,15,G8,100
E15,15,G8,100
G7,15,G9,100
E8,15,G9,100
G5,15,G10,100
I11,15,G10,100
J5,15,G11,100
M9,15,G11,100
G4,15,G12,100
G12,15,G12,100
J9,15,G13,100
A11,15,G13,100
F13,15,G14,100
P15,15,G14,100
E10,15,G15,100
O9,15,G15,100
A14,15,G16,100
E5,15,G16,100
G18,15,G17,100
I9,15,G17,100
E18,15,G18,100
F17,15,G18,100
C20,15,G19,100
P17,15,G19,100
E16,15,G20,100
O15,15,G20,100
A6,15,G21,100
M9,15,G21,100
H15,15,G22,100
H17,15,G22,100
P19,15,G23,100
P17,15,G23,100
I3,15,H2,100
E8,15,H2,100
C22,15,H3,100
M13,15,H3,100
G15,15,H4,100
I11,15,H4,100
E16,15,H5,100
O7,15,H5,100
H15,15,H6,100
G13,15,H6,100
O3,15,H7,100
C20,15,H7,100
O7,15,H8,100
E9,15,H8,100
A6,15,H9,100
P21,15,H9,100
J1,15,H10,100
C14,15,H10,100
M19,15,H11,100
H19,15,H11,100
F23,15,H12,100
M13,15,H12,100
G3,15,H13,100
E5,15,H13,100
O7,15,H14,100
E5,15,H14,100
E16,15,H15,100
E20,15,H15,100
A21,15,H16,100
J13,15,H16,100
O3,15,H17,100
G11,15,H17,100
E18,15,H18,100
F19,15,H18,100
F17,15,H19,100
E10,15,H19,100
O3,15,H20,100
E7,15,H20,100
E15,15,H21,100
E2,15,H21,100
F23,15,H22,100
G9,15,H22,100
F17,15,H23,100
E8,15,H23,100
G18,15,I2,100
G7,15,I2,100
G5,15,I3,100
E12,15,I3,100
G6,15,I4,100
G22,15,I4,100
J1,15,I5,100
M19,15,I5,100
M17,15,I6,100
O13,15,I6,100
H15,15,I7,100
E24,15,I7,100
C20,15,I8,100
E12,15,I8,100
E5,15,I9,100
E14,15,I9,100
P19,15,I10,100
H19,15,I10,100
G12,15,I11,100
O7,15,I11,100
O7,15,I12,100
E5,15,I12,100
A14,15,I13,100
J1,15,I13,100
A6,15,I14,100
M13,15,I14,100
O3,15,I15,100
F17,15,I15,100
A21,15,I16,100
G6,15,I16,100
A1,15,I17,100
M11,15,I17,100
A1,15,I18,100
G12,15,I18,100
A12,15,I19,100
P21,15,I19,100
C22,15,I20,100
E22,15,I20,100
C20,15,I21,100
E5,15,I21,100
F23,15,I22,100
C24,15,I22,100
F5,15,I23,100
F7,15,I23,100
M13,15,J2,100
E8,15,J2,100
E13,15,J3,100
E2,15,J3,100
O13,15,J4,100
M21,15,J4,100
E16,15,J5,100
H23,15,J5,100
H15,15,J6,100
F5,15,J6,100
O13,15,J7,100
C14,15,J7,100
D23,15,J8,100
F5,15,J8,100
E6,15,J9,100
E20,15,J9,100
A14,15,J10,100
M11,15,J10,100
F15,15,J11,100
E4,15,J11,100
G21,15,J12,100
G1,15,J12,100
P19,15,J13,100
O7,15,J13,100
A2,15,J14,100
A15,15,J14,100
I9,15,J15,100
A10,15,J15,100
O13,15,J16,100
G8,15,J16,100
G15,15,J17,100
O19,15,J17,100
A21,15,J18,100
E10,15,J18,100
G12,15,J19,100
O11,15,J19,100
O3,15,J20,100
M19,15,J20,100
A12,15,J21,100
H5,15,J21,100
J9,15,J22,100
P17,15,J22,100
O3,15,J23,100
G4,15,J23,100
M17,15,K2,100
G9,15,K2,100
E22,15,K3,100
J9,15,K3,100
E4,15,K4,100
P21,15,K4,100
E16,15,K5,100
M11,15,K5,100
H15,15,K6,100
I9,15,K6,100
G5,15,K7,100
E8,15,K7,100
E18,15,K8,100
M21,15,K8,100
F13,15,K9,100
A15,15,K9,100
I11,15,K10,100
E2,15,K10,100
O7,15,K11,100
M21,15,K11,100
E24,15,K12,100
G11,15,K12,100
J1,15,K13,100
F13,15,K13,100
A12,15,K14,100
E24,15,K14,100
P19,15,K15,100
O21,15,K15,100
M21,15,K16,100
E12,15,K16,100
F7,15,K17,100
E20,15,K17,100
E21,15,K18,100
G6,15,K18,100
G20,15,K19,100
G7,15,K19,100
E21,15,K20,100
G18,15,K20,100
G5,15,K21,100
G6,15,K21,100
O7,15,K22,100
C24,15,K22,100
O11,15,K23,100
P21,15,K23,100
O3,15,L2,100
O7,15,L2,100
M21,15,L3,100
I11,15,L3,100
O11,15,L4,100
E14,15,L4,100
E22,15,L5,100
O21,15,L5,100
H17,15,L6,100
E14,15,L6,100
H11,15,L7,100
H15,15,L7,100
A6,15,L8,100
G18,15,L8,100
H15,15,L9,100
O15,15,L9,100
O9,15,L10,100
E2,15,L10,100
G4,15,L11,100
G17,15,L11,100
E9,15,L12,100
F7,15,L12,100
G18,15,L13,100
J1,15,L13,100
F5,15,L14,100
O21,15,L14,100
O15,15,L15,100
E12,15,L15,100
F17,15,L16,100
A15,15,L16,100
C22,15,L17,100
F17,15,L17,100
G4,15,L18,100
O21,15,L18,100
E10,15,L19,100
G1,15,L19,100
E4,15,L20,100
F7,15,L20,100
C22,15,L21,100
G7,15,L21,100
C24,15,L22,100
E2,15,L22,100
D23,15,L23,100
C20,15,L23,100
C22,15,M2,100
G9,15,M2,100
A14,15,M3,100
C14,15,M3,100
M19,15,M4,100
F17,15,M4,100
G21,15,M5,100
O19,15,M5,100
G3,15,M6,100
F17,15,M6,100
A6,15,M7,100
G6,15,M7,100
